0.002040816326530612,-0.000023276339217742985
30.671792055962676,-0.050194778571385656
61.341543295598825,-0.09195926602481688
92.01129453523498,-0.11989479552553156
122.68104577487112,-0.13273756021307173
153.35079701450726,-0.13248826248892204
184.02054825414342,-0.12271485944023061
214.69029949377955,-0.10708645242840484
245.3600507334157,-0.0886119467368743
276.02980197305186,-0.06941638132395359
306.699553212688,-0.05085808136059512
337.3693044523242,-0.03369592536170214
368.0390556919603,-0.018320287115109544
398.7088069315964,-0.004753763834418628
429.3785581712326,0.006932908098593196
460.04830941086874,0.016851704943994142
490.71806065050487,0.02524064427208664
521.387811890141,0.03220036339944121
552.0575631297772,0.03786947322921576
582.7273143694133,0.04241403438156409
613.3970656090495,0.04596744887818906
644.0668168486857,0.04864912243286956
674.7365680883217,0.0505648920996452
705.4063193279579,0.05180796848552092
736.0760705675941,0.05246018263700871
766.7458218072302,0.05259492153851605
797.4155730468664,0.05226654846237925
828.0853242865026,0.051548274425389735
858.7550755261386,0.050468829645338796
889.4248267657748,0.04908388730497236
920.094578005411,0.04743377286131298
950.7643292450471,0.04553031353424547
981.4340804846832,0.04344137617196476
1012.1038317243194,0.041145602696656465
1042.7735829639555,0.038718251926194845
1104.1130854432279,0.03345517177450617
1226.7920904017724,0.021899593773203208
1257.4618416414087,0.018887142997131325
1288.1315928810448,0.015847774627704578
1349.4710953603171,0.009740494973616964
1472.1501003188616,-0.0023146152794526905
1502.8198515584977,-0.005249818038978506
1533.489602798134,-0.00811930084631467
1594.8291052774061,-0.013686823978534879
1625.4988565170424,-0.016362444942330155
1656.1686077566785,-0.018953095491015242
1717.5081102359509,-0.023859355110300164
1748.177861475587,-0.026160929027319528
1778.847612715223,-0.028346602775564056
1809.5173639548593,-0.030417988115902156
1840.1871151944954,-0.032366402285737145
1870.8568664341315,-0.034170138354370355
1901.5266176737678,-0.035841376835335684
1932.1963689134038,-0.03737157841125638
1962.86612015304,-0.03872704127913719
1996.1156449716777,-0.0400230927859295
2029.3651697903158,-0.04111952622173658
2062.614694608954,-0.04199247534020377
2095.8642194275917,-0.04264882481138745
2129.1137442462295,-0.04306225491660557
2162.3632690648674,-0.04323511088091331
2195.612793883505,-0.043147535394340505
2228.862318702143,-0.042760044307565914
2262.111843520781,-0.04213070083745487
2295.3613683394187,-0.04117846150239081
2328.6108931580566,-0.039855743035837776
2361.8604179766944,-0.03830454608488794
2395.1099427953322,-0.03634432300014204
2428.35946761397,-0.03395626501496565
2461.608992432608,-0.031307974685013784
2494.858517251246,-0.028126946313094665
2528.1080420698845,-0.024615478765377372
2561.3575668885223,-0.020599654730833587
2594.60709170716,-0.016081504857306195
2627.856616525798,-0.011138359643189653
2661.106141344436,-0.005598615322705895
2694.3556661630737,0.0004009635788648066
2727.6051909817115,0.0070326649784657235
2760.8547158003494,0.014151246018580647
2794.104240618987,0.02190311817434794
2827.353765437625,0.030138429186240726
2893.8528150749007,0.048106125008545574
2927.1023398935386,0.05758840793705716
2960.3518647121764,0.06715909793077338
2993.6013895308142,0.07644594938700609
3026.8509143494525,0.08504617874958462
3060.100439168091,0.09210032017476984
3093.3499639867287,0.09666595273095967
3126.5994888053665,0.09733307221292695
3159.8490136240043,0.09229402647123264
3193.098538442642,0.07944924850578058
3226.34806326128,0.05675636195769007
3259.597588079918,0.023088824429792473
3292.8471128985557,-0.020506588910468485
3326.0966377171935,-0.06923966836611654
3359.3461625358314,-0.11468540656538068
3392.595687354469,-0.14676653489332717
3425.845212173107,-0.15810274422146076
3459.094736991745,-0.14755560981934224
3492.3442618103827,-0.12019857728635557
3525.5937866290205,-0.08410457880807728
3558.843311447659,-0.04651407260746136
3592.092836266297,-0.01238004643609539
3625.342361084935,0.015852532341427576
3658.591885903573,0.03764746992241059
3691.8414107222106,0.05344419630578905
3725.0909355408485,0.06411510228232464
3758.3404603594863,0.07061251648714575
3791.589985178124,0.07383774072259047
3824.839509996762,0.07455018391228921
3858.0890348154,0.07334761799436909
3891.3385596340377,0.07073257142238183
3924.5880844526755,0.06708656114671457
3957.8376092713133,0.0627045877615464
3991.087134089951,0.05781370279809264
4024.336658908589,0.052588364520216535
4090.835708545865,0.041639327215358166
4121.8818436781985,0.036488000609609106
4152.927978810532,0.03130504340487199
4215.020249075199,0.02128762839783757
4246.066384207532,0.016448237001098695
4277.112519339866,0.01178252730903033
4339.204789604533,0.002924961472563447
4370.250924736867,-0.0012797905990427662
4401.2970598692,-0.005215708621142309
4432.343195001533,-0.009027608665274918
4463.389330133867,-0.01258445561504152
4494.4354652662005,-0.015973034627986396
4525.481600398534,-0.019133309904514742
4587.573870663201,-0.02484716036523897
4618.620005795534,-0.027393952266893062
4649.666140927868,-0.029714100962938736
4680.7122760602015,-0.03185101920651402
4711.758411192535,-0.03375269212315046
4742.804546324869,-0.03546913597247475
4773.850681457202,-0.036963850135779734
4804.896816589535,-0.03825547606806152
4835.942951721869,-0.039340976717573695
4866.9890868542025,-0.0402178572361111
4898.035221986536,-0.04089470153285592
4929.08135711887,-0.041364951738429856
4960.127492251203,-0.041635484283389486
4991.173627383536,-0.04170408532569231
5022.21976251587,-0.04157369283867659
5053.2658976482035,-0.04124509941169059
5084.312032780537,-0.040719732915579177
5115.358167912871,-0.0400002048280138
5146.404303045205,-0.03908624662720808
5177.450438177539,-0.037980488075619614
5208.496573309872,-0.03668940202814808
5239.5427084422045,-0.03520489875752127
5270.588843574538,-0.033523580689586926
5301.634978706872,-0.031686336489833086
5332.681113839206,-0.02965709304197657
5363.72724897154,-0.027430417966743427
5394.773384103873,-0.02504045410167828
5456.865654368539,-0.019765520830126258
5487.911789500873,-0.01682516341477998
5518.957924633207,-0.013811562676989329
5581.050194897874,-0.007213602272363286
5612.096330030206,-0.003673341038176885
5643.14246516254,-0.00009467356899269582
5705.234735427208,0.007684119192375289
5829.419275956541,0.024275881644393555
5860.465411088875,0.02849299629142846
5891.511546221209,0.032876551964121994
5953.6038164858755,0.04145401110471796
5984.649951618208,0.04574445854660042
6015.696086750542,0.049771716362596155
6046.742221882876,0.05367615307992878
6077.78835701521,0.05729207409174417
6108.225490216341,0.06049293702515783
6138.662623417473,0.06324585573436386
6169.099756618603,0.06542142692249642
6199.536889819735,0.06681722059624577
6229.974023020866,0.06736130365998
6260.411156221997,0.06664298728170384
6290.848289423128,0.0645315963997731
6321.28542262426,0.06060723823194241
6351.72255582539,0.054380957130774656
6382.159689026522,0.045538918834534016
6412.596822227653,0.03348002633870682
6443.033955428784,0.01774682965868836
6473.471088629915,-0.0020862079039073167
6503.908221831047,-0.026082013232982003
6534.345355032177,-0.053838488342227875
6564.782488233309,-0.08387791655863433
6595.21962143444,-0.11342591083129026
6625.656754635571,-0.13816373846657154
6656.093887836702,-0.1524966413666452
6686.531021037834,-0.15124573278235262
6716.968154238964,-0.13177364293668195
6747.405287440096,-0.09585560797388915
6777.842420641227,-0.04979434255643147
6808.279553842358,-0.0018891140270392457
6838.716687043489,0.0405753234249967
6869.153820244621,0.07319818103089026
6899.590953445751,0.09469218399658466
6930.028086646883,0.10597363345200873
6960.465219848014,0.10912712605976704
6990.902353049145,0.10628772648558968
7021.339486250276,0.09940262239397006
7051.776619451408,0.09000420453342571
7082.2137526525385,0.07925758953053173
7112.65088585367,0.06791103795418663
7173.525152255932,0.04555287744694894
7203.962285457063,0.035048693653707844
7234.399418658195,0.025185867443042985
7264.8365518593255,0.01604820489421336
7295.273685060457,0.007658818706855447
7325.710818261588,0.000014661328743514196
7356.147951462719,-0.006903885675478654
7386.5850846638505,-0.013126150179900108
7417.022217864982,-0.018712429970690947
7447.4593510661125,-0.02356157374019506
7477.896484267244,-0.027990869542062494
7508.333617468375,-0.03172126397473048
7538.770750669506,-0.035057312340784075
7569.2078838706375,-0.037826990801727425
7599.645017071769,-0.04018810321793449
7630.0821502728995,-0.04210567694589536
7660.519283474031,-0.04362742051125987
7690.9564166751625,-0.044789536448563545
7721.393549876293,-0.04558681277406664
7751.8306830774245,-0.04607930972994493
7782.267816278556,-0.046247937787964086
7812.704949479687,-0.04614890371031765
7843.142082680818,-0.04577061985821705
7873.5792158819495,-0.04514639777629077
7904.01634908308,-0.04428608664551903
7934.4534822842115,-0.04320357510855242
7964.890615485343,-0.04191814960885067
7995.327748686474,-0.04043640259792576
8025.764881887605,-0.038778039906742466
8058.7817886677385,-0.03678673203755879
8091.798695447871,-0.03461705164255036
8157.832509008136,-0.029782732613626295
8190.84941578827,-0.027143460070867844
8223.866322568403,-0.024383677177621695
8289.900136128668,-0.018519049462777062
8322.9170429088,-0.015449519997990425
8355.933949688933,-0.012297665846433225
8421.9677632492,-0.005809507752395323
8454.984670029335,-0.0025000103840574703
8488.001576809467,0.0008466111394382922
8521.0184835896,0.004202397098155651
8554.035390369732,0.007563099983084489
9082.305898851859,0.049261397793612646
9115.322805631993,0.05003598947774436
9148.339712412126,0.050409424492991656
9181.356619192258,0.050348198193201056
9214.37352597239,0.04975398658526907
9247.390432752523,0.04866795676834361
9280.407339532656,0.04681706980136452
9313.424246312788,0.04448895346545699
9346.441153092921,0.04115503427475081
9379.458059873054,0.037153736045587055
9412.474966653186,0.03193071153003901
9445.491873433319,0.025928907760777005
9478.508780213453,0.018372249968204885
9511.525686993587,0.00984593618337476
9544.54259377372,-0.0004236564675373089
9577.559500553853,-0.012063134418562736
9610.576407333985,-0.02538340688077597
9643.593314114118,-0.04035512209020604
9676.61022089425,-0.05658739134354271
9709.627127674383,-0.0738778213054913
9742.644034454517,-0.0912604346272986
9775.660941234652,-0.10730156623345634
9808.677848014784,-0.11975299128763142
9841.694754794917,-0.12541377929372688
9874.71166157505,-0.12045730669682671
9907.728568355182,-0.10097558241233759
9940.745475135314,-0.06534834043935799
9973.762381915447,-0.01585308747947483
10006.779288695581,0.03982162531014519
10039.796195475716,0.09062227478028376
10072.813102255848,0.12659578593469828
10105.83000903598,0.14304011382331655
10138.846915816113,0.14115029269178994
10169.660432909943,0.12715365879524912
10200.47395000377,0.10623341569186838
10231.287467097598,0.0823081271712861
10262.100984191427,0.05831622015140264
10292.914501285257,0.03591400256886862
10323.728018379084,0.015958053633782887
10354.541535472912,-0.001221392687771057
10385.355052566742,-0.015624540991354942
10416.168569660571,-0.027429589076543606
10446.982086754399,-0.03689516767492358
10477.795603848226,-0.04430357451235596
10508.609120942056,-0.04993851015889974
10539.422638035885,-0.054034367935684426
10570.236155129713,-0.05682408180473249
10601.04967222354,-0.05850534838459514
10631.86318931737,-0.0592476866593092
10662.6767064112,-0.05919879897774741
10693.490223505027,-0.05848031084688269
10724.303740598854,-0.05718880574598832
10755.117257692684,-0.05541842058213325
10785.930774786513,-0.05323870871965229
10816.74429188034,-0.05072235839148344
10847.557808974168,-0.0479412123419183
10878.371326067998,-0.04490639527749559
10909.184843161827,-0.04169240038735256
10939.998360255655,-0.03834787424592055
11001.625394443312,-0.031277563702512494
11124.879462818626,-0.016559761546702967
11155.692979912455,-0.012878133889637645
11186.506497006283,-0.00921703935916924
11248.13353119394,-0.0020427036925731758
11278.94704828777,0.0014600229046189725
11309.760565381597,0.004865648607429965
11371.387599569254,0.011423525376208736
11402.201116663084,0.014558856914570768
11433.014633756911,0.01755879540201747
11494.641667944568,0.0232000268643668
11525.455185038398,0.025815237311946928
11556.268702132225,0.028283640397069338
11617.895736319882,0.03274581647448955
11648.709253413712,0.03472915644751437
11679.52277050754,0.036538321996679016
11710.336287601367,0.038163865433412325
11741.149804695197,0.03960120027508523
11771.963321789026,0.04084625958333811
11802.776838882854,0.041884849482830694
11833.590355976681,0.04271640767321686
11864.40387307051,0.043333812052956694
11895.21739016434,0.0437249389755281
11926.030907258168,0.04389032337360277
11956.844424351995,0.04381438610215601
11987.657941445825,0.04349519483321772
12018.471458539654,0.042931755114012884
12049.284975633484,0.04209268402966748
12080.098492727313,0.0409964017309476
12110.91200982114,0.039638000250430634
12144.305300493972,0.037804394634516694
12177.698591166802,0.035667426568385154
12211.091881839631,0.033175651507123545
12244.48517251246,0.03023390569689125
12277.87846318529,0.027051178997563534
12311.271753858122,0.023408006406967538
12344.665044530953,0.019263206655576813
12378.058335203783,0.014947237515141532
12411.451625876613,0.010026603056372544
12444.844916549444,0.00470382726776071
12478.238207222275,-0.0009596537557575655
12511.631497895105,-0.007246047823441293
12545.024788567935,-0.01368312005216838
12578.418079240764,-0.020866979050151082
12645.204660586425,-0.03592685801053777
12678.597951259257,-0.04380692215727813
12711.991241932086,-0.0521203405677268
12745.384532604916,-0.06017924478884173
12778.777823277745,-0.06826179735178611
12812.171113950575,-0.07569016296102088
12845.564404623407,-0.08221739139861714
12878.957695296238,-0.08720601466751297
12912.350985969068,-0.08976077633771387
12945.744276641897,-0.08878950894643355
12979.137567314729,-0.08292503891302758
13012.53085798756,-0.07048789973364097
13045.92414866039,-0.049805143207803895
13079.31743933322,-0.019662484719765245
13112.710730006049,0.019649050590370802
13146.104020678878,0.06506633887348155
13179.49731135171,0.10988042115053966
13212.890602024541,0.1448502893041525
13246.28389269737,0.16058076472326233
13279.6771833702,0.152821024165059
13313.07047404303,0.12448973078390885
13346.46376471586,0.08373514109971528
13379.857055388691,0.03999317536087766
13413.250346061523,0.00030429061603750446
13446.643636734352,-0.031884528739575986
13480.036927407182,-0.05551108356325886
13513.430218080013,-0.07127987890864193
13546.823508752845,-0.08047704030083952
13580.216799425674,-0.08454342015388559
13613.610090098504,-0.08479933043195628
13647.003380771333,-0.08227241804773293
13680.396671444163,-0.07781821807089137
13713.789962116995,-0.07204539527852591
13747.183252789826,-0.06543860162478211
13780.576543462656,-0.05831884139017912
13847.363124808315,-0.04362051622207876
13880.756415481144,-0.036313337048105174
13914.149706153976,-0.029229307613945318
13980.936287499637,-0.015689673668720504
14014.329578172466,-0.009424713695414777
14047.722868845298,-0.003517492079826561
14081.11615951813,0.0021161334757252947
14114.509450190959,0.0073456530575803525
14147.902740863788,0.012185306633701388
14181.296031536618,0.016694385892727318
14214.689322209448,0.020841405015419038
14248.08261288228,0.02460710811169462
14280.866901623907,0.027970534875251578
14313.651190365534,0.030998882614515135
14346.435479107162,0.03367937886331645
14379.21976784879,0.03605804947970748
14412.004056590418,0.03808824861940892
14444.788345332046,0.03983565037726154
14477.572634073675,0.041256987122877786
14510.356922815303,0.042384100995553634
14543.141211556931,0.043214223887668934
14575.92550029856,0.04375509244942278
14608.709789040187,0.04401609523148242
14641.494077781816,0.04399900074326074
14674.278366523444,0.04371419139842874
14707.062655265072,0.04316451219913335
14739.846944006698,0.042360197692773174
14772.631232748327,0.0413020710290878
14805.415521489955,0.04000146773431022
14838.199810231581,0.03846207842155154
14870.98409897321,0.036692259793284
14903.768387714837,0.03469419041769239
14936.552676456466,0.03248513994458401
14969.336965198094,0.030058454548278955
15034.90554268135,0.024610934663381455
15067.689831422978,0.02157690877700974
15100.474120164607,0.018420473255656294
15166.042697647863,0.011518319365802453
15297.179852614374,-0.003980876367787534
15329.964141356002,-0.008081971844159206
15362.748430097628,-0.01234400861685176
15428.317007580885,-0.020974732915694475
15461.101296322513,-0.025398344908842983
15493.885585064141,-0.029703932264849266
15559.454162547398,-0.03829887636028722
15592.238451289026,-0.04244533971967438
15625.022740030654,-0.04644594603946425
15657.807028772282,-0.05019798940887309
15690.59131751391,-0.05368170641284422
15723.375606255539,-0.05680504056412636
15756.159894997167,-0.059453233395096935
15788.944183738793,-0.061543792856963014
15821.728472480421,-0.06291338533424233
15854.51276122205,-0.06337766548370612
15887.297049963676,-0.06280863818399206
15920.081338705304,-0.06091519733342302
15952.865627446932,-0.057296560387555
15985.64991618856,-0.05190726161589241
16018.434204930189,-0.044118591325188417
16051.218493671817,-0.033328911166638796
16084.002782413445,-0.01967701827101328
16116.787071155073,-0.0021889218844488145
16149.571359896701,0.019210907626675103
16182.35564863833,0.04433271562017079
16215.139937379958,0.07236454351615572
16247.924226121586,0.1012111592576633
16280.708514863214,0.12729544435822343
16313.49280360484,0.1451307597313234
16346.277092346469,0.14834121180388338
16376.857991401794,0.13365287083043081
16407.438890457117,0.101210888952206
16438.01978951244,0.05509693604335825
16468.600688567763,0.0034474156763729565
16499.181587623087,-0.044693738242995405
16529.76248667841,-0.08257164366346804
16560.343385733733,-0.10719785201467959
16590.924284789056,-0.11906352560830386
16621.50518384438,-0.12052557283939613
16652.086082899703,-0.1144556600958773
16682.666981955026,-0.10355506676600254
16713.24788101035,-0.08993956937407235
16743.828780065673,-0.07516877184317561
16774.409679120996,-0.06026995051218945
16835.571477231646,-0.03243241623211991
16866.15237628697,-0.02007066653771755
16896.733275342296,-0.008848321630853903
16927.31417439762,0.0011971324109272584
16957.895073452943,0.010071897060196565
16988.475972508266,0.01783928343564126
17019.05687156359,0.02457306687378799
17049.637770618912,0.030351342036856906
17080.218669674236,0.035251303188320544
17110.79956872956,0.039310007537873864
17141.380467784882,0.04275531959423525
17171.961366840205,0.04539224668851369
17202.54226589553,0.047516962681718636
17233.12316495085,0.048999548047913837
17263.704064006175,0.050024393405196974
17294.2849630615,0.05053876346209462
17324.86586211682,0.050648473041782376
17355.446761172145,0.05035004569757583
17386.027660227468,0.04969798420138414
17416.60855928279,0.04871746136043437
17447.189458338114,0.047431648702358414
17477.770357393438,0.045880081393033276
17508.35125644876,0.04406848818465662
17538.932155504088,0.04204435198496965
17569.51305455941,0.03979398215747933
17600.093953614734,0.03738266327661374
17630.67485267006,0.03477864702009135
17691.836650780708,0.02916614649957201
17814.160247002,0.016640379810953603
17844.741146057324,0.013323180781458669
17875.322045112647,0.0099610332031789
17936.483843223294,0.0031534471017286214
18058.807439444587,-0.010452301917150198
18089.38833849991,-0.013769896168100714
18119.969237555233,-0.01704122310257295
18181.13103566588,-0.023356737105079548
18211.711934721203,-0.026375837823369795
18242.292833776526,-0.029302279696606325
18303.454631887176,-0.03472396420622151
18336.615304521503,-0.03743350473284408
18369.775977155827,-0.039940911378438214
18402.936649790154,-0.04219134397867419
18436.09732242448,-0.04422528341409232
18469.257995058804,-0.04599011655511809
18502.41866769313,-0.04742628655089871
18535.57934032746,-0.048562481202199005
18568.74001296178,-0.04932275891683512
18601.900685596105,-0.04970479586399682
18635.061358230432,-0.04967339864648131
18668.22203086476,-0.0491159028601692
18701.382703499083,-0.048117750835066274
18734.543376133406,-0.046545348329207
18767.704048767733,-0.044277750817566776
18800.86472140206,-0.04152093879167156
18834.025394036384,-0.03783729440220135
18867.186066670707,-0.033526172094276545
18900.346739305034,-0.02823168272301192
18933.50741193936,-0.02208014890586446
18966.668084573685,-0.01482936317019536
18999.828757208008,-0.006532491361611518
19032.989429842335,0.0029500464902953256
19066.150102476662,0.013686780506722795
19099.310775110986,0.025570297153252684
19132.47144774531,0.038801666152828436
19165.632120379636,0.052858721028039235
19198.792793013963,0.06783995715163507
19231.953465648287,0.0828925249471103
19265.11413828261,0.09709755622085493
19298.274810916937,0.10898636317129759
19331.435483551264,0.11635386495045985
19364.596156185587,0.11623400574118745
19397.75682881991,0.10524499085105717
19430.917501454238,0.08026240515177317
19464.078174088565,0.04033458033912055
19497.23884672289,-0.011461963734239605
19530.399519357212,-0.06684134158538359
19563.56019199154,-0.11446551490451227
19596.720864625866,-0.14426472812418847
19629.88153726019,-0.1521774351400939
19663.042209894513,-0.14061740441968223
19696.20288252884,-0.11607147931390169
19729.363555163167,-0.08542926703465986
19762.52422779749,-0.05401996988212421
19795.684900431814,-0.025169560044686002
19828.84557306614,-0.0004192077280128787
19862.006245700468,0.019737494421090653
19895.16691833479,0.03556402070548827
19928.327590969115,0.04738755095483441
19961.48826360344,0.055948323794846155
19994.64893623777,0.06170049006124194
20027.809608872092,0.06514602401239714
20060.970281506416,0.06671671388223212
20094.130954140743,0.0667786165380097
20127.29162677507,0.06561661581933613
20160.452299409393,0.06350763486746094
20193.612972043717,0.060643447975388495
20226.773644678044,0.057173333632918606
20259.93431731237,0.05325085037053172
20293.094989946694,0.048978612987771925
20326.25566258102,0.044452046997756636
20359.41633521535,0.03972459756256087
20425.737680484,0.02996302583372644
20456.69496343202,0.025412523312857375
20487.652246380043,0.02078326803423946
20549.566812276084,0.011760203306143425
20580.524095224104,0.007383501572909361
20611.481378172124,0.003070764844710588
20673.395944068165,-0.005151454204637633
20704.353227016185,-0.009055042703580374
20735.310509964205,-0.012799757413780918
20797.22507586025,-0.019787556511648874
20828.18235880827,-0.023019197073081366
20859.139641756294,-0.026053739620507308
20921.054207652334,-0.0315109468356275
20952.011490600355,-0.03392348343010271
20982.968773548375,-0.03611462561616591
21013.9260564964,-0.03808819728115062
21044.88333944442,-0.039826558008369525
21075.84062239244,-0.04132994341278171
21106.797905340463,-0.04259212256877746
21137.755188288484,-0.04360849859739809
21168.712471236504,-0.04437259666672873
21199.669754184524,-0.04488141139231562
21230.627037132545,-0.045129300213247785
21261.584320080565,-0.045111215691564524
21292.541603028585,-0.04482510839307305
21323.498885976605,-0.044257241032707575
21354.456168924626,-0.04342214537374932
21385.41345187265,-0.04229835424844624
21416.37073482067,-0.04085079778879067
21447.32801776869,-0.03918440452326946
21478.285300716714,-0.03720814095768721
21509.242583664734,-0.03489690383932454
21540.199866612755,-0.03222817458009328
21571.157149560775,-0.029362388818609194
21602.114432508795,-0.026190627406550558
21633.071715456816,-0.022632067529819996
21664.028998404836,-0.018667733198312504
21694.986281352856,-0.014656344913332533
21725.943564300876,-0.010213013769596175
21787.85813019692,-0.0002060219874776923
21818.81541314494,0.0050142267112830395
21849.772696092965,0.01073141018345318
21911.687261989005,0.022896689786166137
21942.644544937026,0.029296996516973164
21973.601827885046,0.036102954299801863
22035.51639378109,0.04939146602527447
22066.47367672911,0.05628384631610076
22097.430959677135,0.06259450200866645
22128.388242625155,0.0688284443604881
22159.345525573175,0.0742938719296726
22190.302808521195,0.0789525507268721
22221.260091469216,0.08218958851491673
22252.217374417236,0.08371000621235378
22283.174657365256,0.08250263827486917
22314.131940313277,0.07818136151724654
22345.089223261297,0.06944041654589131
22376.04650620932,0.055333963290780594
22407.00378915734,0.03481268625225462
22437.352070174158,0.007881085905403658
22467.70035119098,-0.02553876397760859
22498.048632207796,-0.06367107266051832
22528.396913224613,-0.10261253468276751
22558.745194241434,-0.13619893617579276
22589.09347525825,-0.15743438866416337
22619.441756275068,-0.16025763120180253
22649.79003729189,-0.143033344995337
22680.13831830871,-0.10921655988796977
22710.486599325526,-0.06625404559150477
22740.834880342343,-0.021887171382431243
22771.183161359164,0.017794582220024162
22801.531442375985,0.04925291535695403
22831.8797233928,0.07193489780942976
22862.22800440962,0.08626345879072525
22892.57628542644,0.09376625238640524
22922.92456644326,0.09591342822594716
22953.272847460077,0.09408710928423376
22983.621128476894,0.08944927658450397
23013.969409493715,0.0829178920560279
23044.317690510536,0.07518932515491868
23074.665971527353,0.06675705674923664
23135.36253356099,0.04920675373085115
23165.71081457781,0.04054424218274002
23196.059095594628,0.032146511603710154
23226.407376611445,0.024098021442030427
23256.755657628266,0.016449288140994917
23287.103938645083,0.009195979081514885
23317.4522196619,0.002434510771802581
23378.148781695538,-0.009632701895063822
23408.497062712355,-0.015004774420394267
23438.845343729176,-0.019888283212585605
23469.193624745993,-0.024296728402608752
23499.54190576281,-0.028318604978412217
23529.89018677963,-0.03187425301790783
23560.238467796447,-0.03502975343560574
23590.586748813264,-0.037785869531787905
23620.935029830085,-0.04013964628336277
23651.283310846906,-0.04214035389846626
23681.631591863723,-0.04375413494230422
23711.97987288054,-0.045044354939598547
23742.32815389736,-0.045978836981232646
23772.67643491418,-0.04659888669805971
23803.024715931,-0.04689921983281317
23833.372996947815,-0.046899470113943055
23863.721277964636,-0.04660663655309348
23894.069558981457,-0.04603434894079536
23924.417839998274,-0.045191264105285275
23954.76612101509,-0.0440897124020648
23985.11440203191,-0.042735990155079034
24015.462683048732,-0.04114985193385277
24045.81096406555,-0.03932391449292281
24076.159245082366,-0.03728513925395089
24106.507526099187,-0.03503429476403902
24136.855807116008,-0.03258507481916733
24167.204088132825,-0.029944390462131282
24227.900650166463,-0.024139392598851894
24258.24893118328,-0.020992691261890753
24288.597212200097,-0.017709826039577582
24349.293774233734,-0.010696339557586717
24382.221828829555,-0.0067425255908612125
24415.149883425373,-0.0026498086429469396
24481.005992617014,0.005851937929635859
24612.718211000298,0.023338900993476734
24645.64626559612,0.02771934572288783
24678.57432019194,0.032010321477958674
24711.502374787757,0.03617005252055531
24744.430429383578,0.04027086528418663
24777.3584839794,0.04409461054150602
24810.286538575216,0.0477440820102132
24843.214593171037,0.05107724551713516
24876.142647766857,0.05407219907478805
24909.07070236268,0.05662816309990015
24941.9987569585,0.05867326993201257
24974.92681155432,0.06007647914975214
25007.85486615014,0.06077365884435715
25040.78292074596,0.060551314055514255
25073.710975341783,0.059308011542370725
25106.6390299376,0.05683448012373907
25139.56708453342,0.052794847323777906
25172.49513912924,0.047230514136199914
25205.42319372506,0.03935510143869149
25238.35124832088,0.029443020095084812
25271.2793029167,0.016782383660839353
25304.20735751252,0.000976395545196955
25337.135412108342,-0.017745238721877547
25370.063466704163,-0.03964581719560908
25402.991521299984,-0.06416744223899426
25435.919575895805,-0.09001092949036701
25468.847630491626,-0.11468263792073617
25501.775685087447,-0.13432803193837495
25534.703739683267,-0.1435006603526063
25567.63179427909,-0.13639111189260725
25600.55984887491,-0.10947056521928272
25633.487903470726,-0.06359599564535962
25666.415958066547,-0.006770885189654029
25699.34401266237,0.04935233901691851
25732.272067258185,0.09405396374060004
25765.200121854006,0.12157776317385041
25798.128176449827,0.13167367829164495
25831.056231045648,0.12795099741523616
25863.98428564147,0.11496712171761632
25896.91234023729,0.09687453295143643
25929.84039483311,0.07671296697323718
25962.76844942893,0.05652866225676359
25995.696504024752,0.037555845744392365
26028.624558620573,0.02029798529415161
26061.552613216394,0.0050798472708815864
26094.480667812215,-0.008055494802234525
26127.408722408036,-0.019195170062305363
26160.336777003853,-0.028486962348344143
26193.264831599674,-0.03610305672290909
26226.192886195495,-0.0422988636062628
26259.120940791312,-0.04707858846345952
26292.048995387133,-0.05063690157545356
26324.977049982954,-0.05324355959396264
26357.905104578775,-0.05485436139126508
26390.833159174595,-0.055653142655273026
26423.761213770416,-0.05574691317099372
26456.689268366237,-0.055186145537625096
26487.413933275755,-0.05415865730172528
26518.13859818527,-0.05269895297836853
26548.863263094783,-0.0508561692946077
26579.5879280043,-0.04866394914225901
26610.31259291382,-0.04618612926626611
26641.037257823333,-0.043430503207796886
26702.486587642365,-0.037273667865015306
26733.211252551882,-0.03393011152645498
26763.935917461396,-0.030430969683382998
26825.38524728043,-0.023106904807773714
26948.283906918492,-0.007702893236942468
26979.00857182801,-0.0038172080043205204
27009.733236737524,0.00007539133235297474
27071.182566556556,0.007723812905431464
27101.907231466073,0.011457546787855842
27132.631896375588,0.01510753388201905
27194.08122619462,0.022119842206596237
27224.805891104137,0.02544722281978107
27255.53055601365,0.02862440705850244
27286.255220923165,0.03165016174005166
27316.979885832683,0.03451422919337162
27347.7045507422,0.03716727728223344
27378.429215651715,0.03963054864979031
27409.15388056123,0.04188354591393038
27439.878545470747,0.043869627943329936
27470.603210380264,0.04561942603637911
27501.32787528978,0.04709569396923516
27532.052540199293,0.04826431576823145
27562.77720510881,0.0491311855550456
27593.50187001833,0.04964904258634974
27624.226534927842,0.04982535251319832
27654.951199837356,0.04961176830075389
27685.675864746874,0.04896127169862228
27716.400529656392,0.04794095936911803
27747.125194565906,0.04640972106506103
27777.84985947542,0.04435963841979278
27808.574524384938,0.04186765784615128
27839.299189294456,0.03869092086351508
27870.02385420397,0.035072835587206634
27900.748519113484,0.03069125185344775
27931.473184023,0.025707980527070892
27962.19784893252,0.020016909531542275
27992.922513842033,0.013458116853983054
28023.647178751547,0.006290829482408368
28054.371843661065,-0.0018192779217825923
28085.096508570583,-0.010696924503768582
28115.821173480097,-0.020404310475593938
28177.27050329913,-0.042155964604218554
28207.995168208647,-0.054135876654461124
28238.71983311816,-0.06617818365268753
28269.444498027675,-0.07847987719212045
28300.169162937193,-0.08987120276864533
28330.89382784671,-0.0999337123529519
28361.618492756228,-0.10724073380704026
28392.343157665746,-0.11017804358005566
28423.06782257526,-0.10665735450599927
28456.372261063778,-0.09288286631358963
28489.676699552292,-0.06613547629717678
28522.98113804081,-0.02573119666079328
28556.285576529328,0.025728203710954238
28589.590015017846,0.0800966786648541
28622.894453506364,0.12632328327208997
28656.19889199488,0.15353223770460536
28689.5033304834,0.15689528718181994
28722.807768971918,0.13902919453307452
28756.112207460435,0.10738651658981492
28789.416645948953,0.07022795433505596
28822.72108443747,0.0339001558555172
28856.02552292599,0.002130275920521181
28889.329961414507,-0.02363913939020005
28922.634399903025,-0.04331509940955386
28955.938838391543,-0.057398515756116236
28989.24327688006,-0.06684939757558794
29022.54771536858,-0.07243081319622541
29055.852153857097,-0.07494348339094059
29089.156592345615,-0.07507049693703903
29122.461030834133,-0.07336158506531025
29155.76546932265,-0.07025962555640763
29189.06990781117,-0.06610932332072111
29222.374346299686,-0.06120534888827352
29255.678784788204,-0.05579041768075281
29288.983223276722,-0.04993461779651719
29355.592100253758,-0.03771551833071818
29488.80985420783,-0.013337765479256504
29522.114292696348,-0.007561754553932166
29555.418731184865,-0.002051552223130123
29622.0276081619,0.008346793913443399
29655.33204665042,0.013186439438979722
29688.636485138937,0.017686648376678618
29755.245362115973,0.025836181193857624
29788.54980060449,0.029440090296670406
29821.85423909301,0.032723698300285306
29855.158677581527,0.03567175892040218
29888.463116070045,0.03829606648516897
29921.767554558563,0.04057111424870789
29955.07199304708,0.04251472645575197
29988.376431535595,0.044105488994966476
30021.680870024113,0.0453456565079285
30054.98530851263,0.04623727679818476
30088.289747001145,0.046772718573943224
30121.594185489663,0.04695172297071476
30154.89862397818,0.046773615781769626
30188.2030624667,0.04623532804844707
30221.507500955217,0.0453356217519819
30254.811939443734,0.044080806516101745
30288.116377932252,0.0424544157817861
30321.42081642077,0.040476211892620476
30354.72525490929,0.03814232791993436
30388.029693397806,0.035418567036187294
30421.334131886324,0.03238296477238969
30454.638570374842,0.028975168291532044
30487.94300886336,0.02515295413272461
30554.551885840396,0.016650298415175496
30587.24732239771,0.011900841866728587
30619.942758955025,0.0069874646416629195
30685.333632069658,-0.003973025639186507
30816.11537829892,-0.028514299561541754
30848.810814856235,-0.03520910508788921
30881.50625141355,-0.04172923715961366
30914.201687970864,-0.0483038886424164
30946.89712452818,-0.054769010147526505
30979.592561085494,-0.06083828210091352
31012.28799764281,-0.06660627994957792
31044.983434200127,-0.07148449088776845
31077.67887075744,-0.07550594117079268
31110.374307314756,-0.07807824897664949
31143.069743872074,-0.07887608767761302
31175.76518042939,-0.07703566094799838
31208.460616986704,-0.0722854514593856
31241.15605354402,-0.04674415477621427
31273.851490101333,-0.04904926023009577
31306.546926658648,-0.02893822909288029
31339.242363215963,-0.002136756567083559
31371.937799773277,0.031132797435253268
31404.633236330592,0.06930269543087988
31437.32867288791,0.1080353839885996
31470.024109445225,0.1408927067838875
31502.71954600254,0.15902569783279055
31535.414982559858,0.15550523014285975
31568.110419117173,0.1285114269921921
31600.805855674487,0.08347152981653225
31633.501292231802,0.030919310724426115
31666.196728789117,-0.018825914625240428
31698.892165346435,-0.05860686847879942
31731.58760190375,-0.0857855313242438
31764.283038461064,-0.10108922090102032
31796.978475018383,-0.10662273709901232
31829.673911575697,-0.10497057094828435
31862.369348133012,-0.09842768216131309
31895.064784690327,-0.08882099661686217
31927.76022124764,-0.07749158444244558
31993.151094362274,-0.053143570599173115
32025.84653091959,-0.04118753973607204
32058.541967476907,-0.029782610119721605
32123.932840591537,-0.009226679783123203
32156.62827714885,-0.0001309429498937368
32189.323713706166,0.008109364327183628
32222.019150263484,0.015397200506874324
32254.7145868208,0.0220355409749447
32287.410023378114,0.027809211197812208
32320.105459935432,0.03280353498126552
32352.800896492747,0.037169894283483745
32385.49633305006,0.04079805217179891
32418.191769607376,0.04380344225843471
32450.88720616469,0.046215601555239016
32483.582642722005,0.048030116105752446
32516.27807927932,0.04932651397053282
32548.973515836635,0.05010601320185874
32581.66895239395,0.05039901912213168
32614.364388951268,0.05024497599942117
32647.059825508582,0.04965875361157042
32677.55187237959,0.04875206605711935
32708.043919250602,0.04751191487172588
32738.535966121613,0.0459636725063358
32769.028012992625,0.04411722141372353
32799.52005986364,0.04200104213041958
32830.01210673465,0.039619001680792854
32860.50415360566,0.03700310850631178
32890.99620047667,0.034153955583258205
32921.48824734768,0.031105012780606844
32951.980294218694,0.02785290269015491
33012.96438796072,0.020851306260824248
33134.93257544476,0.005244993765538839
33165.42462231577,0.0011128583070503014
33195.91666918677,-0.0030997612145335727
33256.900762928795,-0.011557988984752784
33287.39280979981,-0.01583822604507492
33317.88485667082,-0.020032672033180682
33378.86895041284,-0.02835448373365566
33409.36099728385,-0.032323912613756695
33439.853044154865,-0.036202043246195734
33470.345091025876,-0.039968621679461205
33500.83713789689,-0.04345612466300118
33531.3291847679,-0.046755852456490124
33561.82123163891,-0.04982054949831252
33592.31327850992,-0.052495816930606225
33622.805325380934,-0.05484646747526842
33653.297372251945,-0.05675545429462994
33683.78941912296,-0.058185409072836404
33714.28146599397,-0.05902831565254268
33744.77351286498,-0.0592620116225614
33775.26555973599,-0.0587360659807372
33805.757606607,-0.05734509271374937
33836.24965347801,-0.055037733655138435
33866.74170034902,-0.05159583208288706
33897.23374722003,-0.046926616690659145
33927.725794091035,-0.04085315551720365
33958.21784096205,-0.0331500906685384
33988.70988783306,-0.02375790930600083
34019.20193470407,-0.012270571693656614
34049.69398157508,0.0011340910663592768
34080.18602844609,0.016980495951878345
34110.678075317104,0.03473852664839029
34141.170122188116,0.05464431137195137
34171.66216905913,0.07572397324492183
34202.15421593014,0.09698416851826074
34232.64626280115,0.11646117557387296
34263.13830967216,0.13126369819344658
34293.63035654317,0.13760160870316546
34324.122403414185,0.13121737648345316
34354.6144502852,0.10889800717673911
34385.10649715621,0.07021099515118062
34415.59854402722,0.01888846439642445
34446.09059089823,-0.03640902742173595
34476.58263776924,-0.08563772453366711
34507.074684640254,-0.12094526372847555
34537.566731511266,-0.13883272128495483
34568.05877838227,-0.14053211158067547
34598.55082525328,-0.12990491122869427
34631.62264570329,-0.10967153648898462
34664.694466153305,-0.08525076014168825
34697.76628660332,-0.060123396030974316
34730.838107053336,-0.036398598520123476
34763.90992750335,-0.015203337306006858
34796.98174795336,0.003043168397611753
34830.05356840337,0.01830362024835309
34863.12538885338,0.03074652714937777
34896.1972093034,0.040633776761710316
34929.26902975341,0.04825667962432329
34962.34085020343,0.05391322357047119
34995.41267065344,0.05777697647528939
35028.484491103445,0.06030882030773091
35061.55631155346,0.06148503820326255
35094.628132003476,0.06160518974565517
35127.69995245349,0.060809275895215655
35160.77177290351,0.05922025255911005
35193.843593353515,0.05696145322563866
35226.91541380352,0.05415232404457927
35259.98723425354,0.05086362302827847
35293.05905470355,0.04717323169112105
35326.13087515357,0.043185860809758926
35392.27451605359,0.03441852580154966
35425.3463365036,0.029784423752929574
35458.418156953616,0.02500784318001658
35524.56179785365,0.01529415107981975
35656.84907965369,-0.003999209685553546
35689.92090010371,-0.008622288823667036
35722.99272055372,-0.013128896142552372
35789.13636145374,-0.021653134730196193
35822.208181903756,-0.025631419698415443
35855.28000235377,-0.029395873166101275
35888.35182280379,-0.03291732386754659
35921.423643253795,-0.036184989149905374
35954.4954637038,-0.03917054709563754
35987.56728415382,-0.04185410844121222
36020.63910460383,-0.04422695194500127
36053.71092505385,-0.0462447859773593
36086.782745503864,-0.04790618109723309
36119.85456595387,-0.04918736153349599
36152.92638640388,-0.050050937232792116
36185.998206853896,-0.05049559626241642
36219.07002730391,-0.05047101107073851
36252.14184775392,-0.0499854595008075
36285.21366820393,-0.04899869257382195
36318.28548865394,-0.04742636404596088
36351.35730910396,-0.045384720568898904
36384.42912955397,-0.0427228814146003
36417.50095000399,-0.039325361925150286
36450.572770454,-0.035499075328778176
36483.644590904005,-0.030834592456739897
36516.71641135402,-0.025563941534175127
36549.788231804036,-0.019493557971972227
36582.86005225405,-0.012661089248990554
36615.931872704066,-0.005083115807895993
36649.003693154074,0.0032895296227916726
36682.07551360408,0.012503890599785617
36715.1473340541,0.022366235539853382
36746.01576481781,0.032359793138899605
36776.884195581515,0.04269623766779303
36807.752626345224,0.05359255775634073
36838.62105710893,0.06448773690050943
36869.48948787264,0.0753935156056314
36900.35791863635,0.08545049193033773
36931.22634940006,0.09427828796878188
36962.09478016377,0.10080663218665575
36992.963210927475,0.10375910949469964
37023.831641691184,0.1015084194018055
37054.70007245489,0.09216888347942759
37085.5685032186,0.07370479733495365
37116.43693398231,0.044715124196248346
37147.30536474602,0.005253100872455917
37178.17379550973,-0.04195659339089999
37209.042226273436,-0.0907920526395549
37239.910657037144,-0.13244227482378704
37270.77908780085,-0.15770964102529236
37301.64751856456,-0.16144658643097276
37332.51594932827,-0.14441146528775972
37363.38438009198,-0.11247000042311137
37394.25281085569,-0.07329660265024528
37425.121241619396,-0.0339464788713871
37455.989672383104,0.0012746779896028442
37486.85810314681,0.030006573160004664
37517.72653391052,0.0518341628469101
37548.59496467423,0.06726229353620602
37579.46339543794,0.07712960026383894
37610.33182620165,0.08245518208118681
37641.200256965356,0.08427255704485694
37672.06868772906,0.08331350073595555
37702.937118492766,0.08032006028761146
37733.805549256474,0.075797123473273
37764.673980020176,0.07019171394151301
37795.542410783884,0.06383639333143734
37826.41084154759,0.05699600047748203
37857.2792723113,0.049873317373584455
37888.14770307501,0.042668878466644466
37949.88456460243,0.028187703430253667
37980.752995366136,0.02121065531647763
38011.621426129845,0.01435997915637707
38073.35828765726,0.0015942880355721
38104.22671842097,-0.004368251615910536
38135.09514918468,-0.00994440197344675
38196.832010712096,-0.02008930600268949
38227.700441475805,-0.024622450609751323
38258.56887223951,-0.028756998636547546
38289.43730300322,-0.03252755118894014
38320.30573376693,-0.03590642419170555
38351.17416453064,-0.03890748268510034
38382.04259529435,-0.04152267284961383
38412.91102605806,-0.04375488106794851
38443.779456821765,-0.045606295609862894
38474.647887585474,-0.04707551806637336
38505.51631834918,-0.04816878160372593
38536.38474911289,-0.04888474264025558
38567.2531798766,-0.049227273313712655
38598.12161064031,-0.04920300510081623
38628.99004140402,-0.04881158047041096
38659.858472167725,-0.04805841058069877
38690.726902931434,-0.046949296108226526
38724.175107274146,-0.04534880724625538
38757.62331161686,-0.04333973072103481
38791.07151595957,-0.04093567651808507
38824.519720302276,-0.03812015549590721
38857.96792464498,-0.03495498780222004
38891.416128987694,-0.03139081215962694
38924.864333330406,-0.027470638106760883
38958.31253767312,-0.023213393225127377
38991.76074201583,-0.018560066828118355
39025.208946358536,-0.013689715542313387
39092.105355043954,-0.002849310139256399
39225.898172414796,0.02134598438866361
39259.3463767575,0.027906438189106618
39292.794581100214,0.034308285053262826
39359.69098978564,0.047143675098220844
39393.13919412835,0.05333014014567836
39426.587398471056,0.05907311933400598
39460.03560281376,0.06436691269289946
39493.48380715647,0.0688793464026708
39526.932011499186,0.07243836060914698
39560.3802158419,0.07467736667817562
39593.82842018461,0.07514445649282925
39627.276624527316,0.07352329329636632
39660.72482887002,0.06899409706616609
39694.17303321273,0.06092234922654058
39727.621237555446,0.048656204809347695
39761.06944189816,0.03105713918086369
39794.51764624087,0.007765046313973831
39827.96585058358,-0.021512595834110325
39861.414054926296,-0.05600017687835785
39894.862259269,-0.09311694861562603
39928.310463611706,-0.12768696832383178
39961.75866795442,-0.1519117248341475
39995.20687229713,-0.15733722170824938
40028.65507663984,-0.13834222980342875
40062.103280982556,-0.09619160218125009
40095.55148532526,-0.040229329898678876
40128.999689667966,0.01689611166070671
40162.44789401068,0.06427982136192072
40195.89609835339,0.09644590802790771
40229.3443026961,0.1133305121752895
40262.792507038816,0.11745649203947583
40296.24071138152,0.11242978807852781
40329.688915724226,0.10153208424874022
40363.13712006694,0.08736236613749324
40396.58532440965,0.0716940319247126
40430.03352875236,0.0557977501809569
40463.481733095075,0.04038322616427072
40496.92993743778,0.02596312684713329
40530.378141780486,0.012777378603120455
40563.8263461232,0.0009201649795350583
40597.27455046591,-0.009687792100106719
40630.72275480862,-0.018994053594392376
40664.170959151335,-0.02701566935449206
40697.61916349404,-0.033829580347462154
40731.067367836746,-0.039484425910937856
40764.51557217946,-0.04418542640679937
40797.96377652217,-0.04790320150003298
40831.41198086488,-0.05070802394443549
40864.25118327639,-0.052657541856263895
40897.0903856879,-0.05389885969007734
40929.9295880994,-0.054450726579801614
40962.76879051091,-0.05436937193463033
40995.60799292242,-0.05372190628499959
41028.44719533392,-0.052539963813681125
41061.28639774543,-0.05086799611949288
41094.12560015694,-0.048759387955429896
41126.96480256845,-0.04622411185740604
41159.80400497996,-0.04333403377153832
41192.64320739147,-0.04008836706836933
41225.48240980298,-0.0365520957365714
41258.32161221449,-0.032731320285052636
41291.160814626,-0.02867595299751826
41356.83921944901,-0.019957477223746266
41389.67842186052,-0.015343253454731412
41422.51762427202,-0.010613603130179436
41488.19602909504,-0.0008955070704022159
41521.03523150655,0.00403862820282539
41553.874433918056,0.008976686804656379
41619.552838741074,0.01876198000631113
41652.39204115258,0.023507862584846426
41685.23124356409,0.028161341762743607
41718.070445975594,0.032657666500976755
41750.9096483871,0.036924322624023606
41783.74885079861,0.04100051014137134
41816.588053210115,0.044741443085549164
41849.427255621624,0.04817378183471625
41882.26645803313,0.0512552629363827
41915.10566044464,0.053837703161550836
41947.94486285615,0.05595640805081161
41980.78406526765,0.057485885321265626
42013.62326767916,0.058391587983793236
42046.46247009067,0.05852475082067657
42079.30167250217,0.05788873198485946
42112.14087491368,0.05625916253058953
42144.98007732519,0.053663767105053745
42177.8192797367,0.04978361141922784
42210.65848214821,0.04472009138126234
42243.49768455972,0.03802773741080881
42276.33688697123,0.029864564749601506
42309.17608938274,0.019631087963633182
42342.01529179425,0.007839174437360034
42374.85449420575,-0.006312745231969133
42407.69369661726,-0.022462059624212882
42440.53289902877,-0.040541919932441724
42473.37210144027,-0.060503269240410225
42506.21130385178,-0.08103990863329534
42539.05050626329,-0.10116589436755316
42571.8897086748,-0.11846554892962949
42604.728911086306,-0.12960176286562147
42637.568113497815,-0.13023769273583793
42670.407315909324,-0.11564527536984699
42703.24651832083,-0.08292546227045072
42736.08572073234,-0.03312045956291752
42768.924923143844,0.026590763558818543
42801.76412555535,0.0839792411736197
42834.60332796686,0.12677319902055162
42867.442530378365,0.1478441785860214
42900.281732789874,0.14733794003736322
42933.12093520138,0.1304746472475636
42963.756747926585,0.10600133001630271
42994.39256065179,0.07818667207360089
43025.02837337699,0.050404523468071005
43055.66418610219,0.024760443674442585
43086.299998827395,0.002318439067186255
43116.9358115526,-0.016555747770650053
43147.5716242778,-0.031910983182092484
43178.20743700301,-0.04401211267823271
43208.84324972822,-0.05321553903241682
43239.47906245342,-0.059946545563463155
43270.114875178624,-0.06448996379639935
43300.75068790383,-0.06716467639197161
43331.38650062903,-0.0682789680978358
43362.02231335423,-0.06810017260919679
43392.658126079434,-0.0668378031126898
43423.293938804636,-0.06466048880212473
43453.92975152984,-0.061736284690324335
43484.56556425504,-0.05821043684287495
43515.20137698024,-0.054153610755869074
43545.837189705446,-0.049721079461212396
43576.47300243065,-0.044982924491026144
43607.10881515585,-0.03996636556802123
43668.38044060626,-0.029530584035843126
43699.01625333147,-0.02413480030207396
43729.652066056675,-0.018796066311420695
43790.92369150708,-0.00808900801428286
43913.46694240789,0.012118648766551502
43944.10275513309,0.016772512006672062
43974.738567858294,0.02120325504475953
44005.3743805835,0.02541709293241951
44036.0101933087,0.029377098579627583
44066.6460060339,0.033077019072886744
44097.281818759104,0.036490910835373674
44127.917631484306,0.03960217980829393
44158.553444209516,0.04240392860360871
44189.189256934726,0.04486852642708211
44219.82506965993,0.04698915031644799
44250.46088238513,0.04874103291583805
44281.09669511033,0.05011660676263016
44311.732507835535,0.05109959883737067
44342.36832056074,0.05166781167203571
44373.00413328594,0.05181730690868578
44403.63994601114,0.05151440597298729
44434.275758736345,0.050773298513569536
44464.91157146155,0.049556787963427246
44495.54738418675,0.04781439018583124
44526.18319691196,0.04564637076162341
44556.81900963717,0.04291867633320916
44587.45482236237,0.03960280911148166
44618.090635087574,0.03587859469519044
44648.726447812776,0.031493373334679726
44679.36226053798,0.026488319198152283
44709.99807326318,0.02109436950722511
44740.63388598838,0.014925513770602236
44771.269698713586,0.008203071954424811
44801.90551143879,0.0009973470715546676
44832.54132416399,-0.007002637555627796
44893.8129496144,-0.024344367005081562
44927.02853591861,-0.034317728373221876
44960.24412222281,-0.04506409227348864
44993.459708527014,-0.055678915427651354
45026.67529483122,-0.06646065015593289
45059.89088113543,-0.0766527993892099
45093.10646743963,-0.08581930416608265
45126.32205374384,-0.09320999484729804
45159.537640048045,-0.09763755125352656
45192.75322635225,-0.09770398312342354
45225.96881265646,-0.09162584045053232
45259.18439896066,-0.07741289033602061
45292.39998526486,-0.053020044036969485
45325.61557156907,-0.017327579948293287
45358.83115787327,0.028451135547499177
45392.046744177474,0.07935322550621879
45425.26233048168,0.12614128872583014
45458.47791678589,0.15758074998921778
45491.69350309009,0.1644712189803182
45524.9090893943,0.1450715771635527
45558.124675698506,0.10614044569496273
45591.34026200271,0.05807281254615425
45624.55584830692,0.011243944911725097
45657.77143461112,-0.028301382245499503
45690.98702091532,-0.05791713569920116
45724.20260721953,-0.07771392447721198
45757.41819352373,-0.0890105027397345
45790.633779827935,-0.09355954986533463
45823.84936613214,-0.09305123465761382
45857.06495243635,-0.08893046312776393
45890.28053874055,-0.08232011556086391
45923.49612504476,-0.07408876343593775
45956.711711348966,-0.06483257884852778
45989.92729765317,-0.05507977734760571
46023.14288395738,-0.04517626210580292
46089.57405656579,-0.02581662328570954
46122.78964287,-0.016652711851571647
46156.0052291742,-0.007942388541627484
46222.43640178261,0.007869050511570965
46255.651988086815,0.01484881851760356
46288.86757439101,0.02126168005073291
46322.08316069522,0.027057453532066823
46355.298746999426,0.032213450657370093
46388.51433330363,0.03673456801779815
46421.72991960784,0.04070500867043574
46454.945505912045,0.04401579652552878
46488.16109221625,0.04677756564794193
46521.37667852046,0.048926954499720975
46554.59226482466,0.0505277720248532
46587.80785112887,0.051558501453243026
46621.023437433076,0.05205237950523211
46654.23902373728,0.05201317821369211
46687.45461004149,0.05145747205087184
46720.67019634569,0.050401479258731854
46753.88578264989,0.048856490373535545
46787.1013689541,0.04683925658203916
46820.3169552583,0.044370011681283836
46853.532541562505,0.04146112619212067
46886.74812786671,0.038121598965730426
46919.96371417092,0.03439818598234003
46953.17930047512,0.03027289630312721
47019.610473083536,0.020981644556381802
47050.622669701435,0.016169159190317858
47081.634866319335,0.011125511755027767
47143.65925955514,0.00036013455488068113
47267.708046026746,-0.02300568928381133
47298.720242644646,-0.028950029140232602
47329.732439262545,-0.03499499307649241
47360.744635880445,-0.04086282457488011
47391.756832498344,-0.04655101817926027
47422.76902911624,-0.052102981542163994
47453.78122573414,-0.05714022755848354
47484.79342235204,-0.06184882121227812
47515.80561896995,-0.06586593456279279
47546.817815587856,-0.06916690865516702
47577.830012205755,-0.07147152159502806
47608.842208823655,-0.07257306262162906
47639.854405441554,-0.07221363963567248
47670.866602059454,-0.06995673433381228
47701.87879867735,-0.06561206580606554
47732.89099529525,-0.05841479983264062
47763.90319191315,-0.04830738569139098
47794.91538853105,-0.03424623871990529
47825.92758514895,-0.016332748327980942
47856.93978176685,0.006163474819636788
47887.95197838476,0.032932869263793116
47918.964175002664,0.0631694473739208
47949.97637162056,0.09495992947012666
47980.98856823846,0.12458133671270752
48012.00076485636,0.1466825411307932
48043.01296147426,0.15479192906610983
48074.02515809216,0.14330166653006807
48105.03735471006,0.11047348061991806
48136.04955132797,0.06065055530939641
48167.061747945874,0.003391891936046571
48198.073944563774,-0.050144775901255004
48229.08614118167,-0.09140636102472578
48260.09833779957,-0.1168950253815805
48291.11053441747,-0.1273265771873316
48322.12273103537,-0.12569350872382323
48353.13492765327,-0.11565293842545243
48384.14712427117,-0.10050559867506266
48415.15932088907,-0.08280926544756391
48446.17151750697,-0.0643512311068441
48477.18371412487,-0.0462880735145019
48508.195910742776,-0.029314374554923563
48539.20810736068,-0.013808855808085928
48570.22030397858,0.00005577929555808554
48601.23250059648,0.01229073323916686
48632.24469721438,0.022824022247293956
48663.25689383228,0.03173587774042014
48694.26909045018,0.039198219176600095
48725.28128706808,0.04535700728941333
48756.29348368598,0.050216021535848906
48787.30568030388,0.05390584824680087
48818.31787692178,0.056561081814002115
48849.33007353968,0.05829564686036359
48880.342270157584,0.05911113424791451
48911.35446677549,0.059198523020077574
48942.36666339339,0.05854605119621906
48973.37886001129,0.057263073548224644
49004.39105662919,0.055408779577564994
49034.794251315885,0.053071468828386224
49065.19744600258,0.050310089471282675
49095.600640689285,0.047122332292697675
49126.00383537598,0.0436079765890823
49156.40703006268,0.03975186694552717
49186.81022474938,0.03564928016927375
49247.61661412277,0.026751863054252572
49278.01980880948,0.022013048376841208
49308.42300349617,0.017163881608603035
49369.22939286957,0.007190415103892915
49490.842171616365,-0.012975043452617538
49521.24536630306,-0.017882155025543273
49551.648560989765,-0.022669412174286935
49612.45495036316,-0.03179098205572503
49642.85814504986,-0.036043212975959006
49673.26133973656,-0.04007727772056768
49703.66453442325,-0.043785869788185265
49734.06772910996,-0.0471963297685361
49764.47092379665,-0.05026973200360051
49794.87411848335,-0.05289330701118224
49825.27731317005,-0.055104755343734324
49855.68050785675,-0.05681878624144392
49886.083702543445,-0.05797327724124077
49916.48689723015,-0.05855705568489955
49946.890091916845,-0.058430702195343194
49977.29328660354,-0.05762378619371486
50007.69648129024,-0.05607205347723471
50038.09967597693,-0.05353494778283221
50068.50287066364,-0.050058392523702616
50098.90606535033,-0.04578297969558689
50129.30926003703,-0.04014429576465793
50159.71245472373,-0.033022065450568086
50190.11564941043,-0.02538841034006329
50220.518844097125,-0.0159063228196382
50250.92203878383,-0.004472278967649211
50281.325233470525,0.007506535780992691
50311.72842815722,0.02128495448369334
50342.131622843925,0.03707399666212124
50372.53481753062,0.05333730680576749
50402.93801221732,0.07057644923395874
50433.34120690402,0.08784182872884039
50463.74440159072,0.1038642046588296
50494.14759627741,0.11695964324463813
50524.55079096412,0.12470191407199052
50554.95398565081,0.12402103335978362
50585.35718033751,0.11172367185335012
50615.76037502421,0.08488657515554517
50646.16356971091,0.0434491360212003
50676.566764397605,-0.009169341304360045
50706.96995908431,-0.06535545640637376
50737.373153771005,-0.11410055192471776
50767.7763484577,-0.14630113249593488
50798.179543144404,-0.157268979349091
50828.5827378311,-0.14854601760192826
50858.9859325178,-0.1255477045703784
50889.3891272045,-0.09458701199595791
50919.7923218912,-0.06159939862072647
50950.19551657789,-0.030069476991407336
50983.17848484359,-0.00017168552723684054
51016.16145310929,0.024276977076607142
51049.14442137499,0.043235531876781017
51082.12738964069,0.05711525523790134
51115.11035790639,0.06666424978611457
51148.09332617209,0.0724930286854035
51181.07629443779,0.0753197626205597
51214.05926270349,0.07576376878559081
51247.04223096919,0.07425114690360345
51280.02519923489,0.07120307188159397
51313.00816750059,0.06696389747985669
51345.99113576629,0.06182370407304734
51378.97410403199,0.05597816411009053
51411.95707229769,0.04963377016309036
51477.92300882909,0.036071428448556604
51510.90597709479,0.029060935243962915
51543.88894536049,0.022067949672757943
51609.85488189189,0.008242967096854232
51642.83785015759,0.0016174473890359503
51675.82081842329,-0.004841590082784995
51741.78675495469,-0.01684987276218564
51774.769723220394,-0.02233525039538265
51807.752691486094,-0.027499314101081175
51840.735659751794,-0.03222484546489024
51873.718628017494,-0.03656441969221322
51906.701596283194,-0.040439219054709506
51939.684564548894,-0.04385867679380402
51972.667532814594,-0.046792490443227024
52005.6505010803,-0.049222923334464375
52038.63346934601,-0.05113724182983164
52071.61643761171,-0.052519537936690106
52104.59940587741,-0.05335196053272902
52137.58237414311,-0.053623234856243374
52170.56534240881,-0.05331572736383962
52203.54831067451,-0.05242676201773608
52236.53127894021,-0.050917257833858004
52269.51424720591,-0.0488251174763865
52302.49721547161,-0.046099101332896686
52335.48018373731,-0.04269721189833997
52368.46315200301,-0.03875543476367964
52401.44612026871,-0.03408928133553612
52434.42908853441,-0.028779173794741347
52467.41205680011,-0.022917569568586177
52500.39502506581,-0.016250644637648776
52533.37799333151,-0.009115708312190236
52566.36096159721,-0.0013019937073604111
52599.34392986291,0.007111476320479164
52665.30986639431,0.025492569031386685
52698.29283466001,0.03504395088925939
52731.27580292571,0.04520764632899487
52797.24173945711,0.06497920178890638
52830.22470772281,0.07413765919429144
52863.20767598851,0.08236685165266455
52896.19064425421,0.0889264692705454
52929.17361251991,0.09293374939559138
52962.15658078561,0.09334610658819317
52995.13954905131,0.08879921533930099
53028.12251731701,0.07760862605874008
53061.10548558271,0.058161150415892
53091.88506416211,0.03136739828920701
53122.6646427415,-0.004028931435286334
53153.4442213209,-0.04629919024289822
53184.2237999003,-0.09160032681084687
53215.00337847969,-0.13230459913241088
53245.782957059084,-0.1595958611107313
53276.562535638484,-0.1657464583289134
53307.34211421788,-0.1480194884795531
53338.12169279727,-0.11046418734358773
53368.90127137667,-0.062079439637642675
53399.680849956065,-0.012572694369325534
53430.46042853546,0.030571525609374862
53461.24000711486,0.06378245181175177
53492.01958569425,0.08618962968944413
53522.799164273645,0.09891774715221067
53553.578742853046,0.10376647807556982
53584.358321432446,0.1026417182898515
53615.13790001184,0.09724669074896879
53645.91747859123,0.0889691883687567
53676.69705717063,0.07887857715704624
53707.47663575003,0.06777510212055575
53738.25621432942,0.056236748891883216
53799.815371488214,0.033367029228617104
53830.59495006761,0.022559320522325257
53861.37452864701,0.012145534002245145
53892.1541072264,0.002550681650590976
53922.933685805794,-0.006251110989586747
53953.713264385195,-0.014450130392089876
53984.49284296459,-0.021746295956963743
54015.27242154398,-0.028371586853055658
54046.05200012338,-0.03419010312103134
54076.83157870278,-0.03924169461839592
54107.611157282176,-0.043611471018948106
54138.39073586157,-0.0472228881369989
54169.17031444097,-0.05018239445408576
54199.94989302036,-0.05244216550376331
54230.729471599756,-0.05408227754893617
54261.50905017916,-0.0550835824855554
54292.28862875855,-0.055497480449445635
54323.06820733794,-0.055332034085203916
54353.84778591734,-0.05461575225538107
54384.62736449674,-0.053376670377566104
54415.40694307613,-0.051624705069723165
54446.18652165553,-0.04940215522867175
54476.966100234924,-0.04671271241524888
54507.74567881432,-0.04359905306662655
54538.52525739372,-0.04006984564139721
54569.30483597311,-0.03616354595644194
54600.084414552504,-0.0318949691520499
54661.6435717113,-0.022399943036891846
54692.42315029069,-0.017192147700580536
54723.20272887009,-0.011805426466471548
54784.76188602888,-0.00030690649170449723
54815.54146460828,0.005593642010780232
54846.32104318767,0.011668202557418789
54907.880200346466,0.023895337340847825
54938.65977892586,0.030015741545767704
54969.43935750525,0.036049444129782365
55030.99851466405,0.047430493474238916
55064.35786682245,0.05311616587748216
55097.71721898085,0.058279852163475934
55131.076571139245,0.06284222966778057
55164.43592329764,0.0665398623539852
55197.79527545604,0.06924687817668744
55231.154627614436,0.07072262714715287
55264.51397977283,0.07062529388726219
55297.87333193123,0.06877944678509021
55331.23268408963,0.06454102180718753
55364.592036248025,0.05795990783735235
55397.95138840642,0.04802806441282087
55431.31074056482,0.034648539453454946
55464.670092723216,0.017208084573306588
55498.02944488161,-0.0047263210532615604
55531.38879704001,-0.030768288212929616
55564.74814919841,-0.06050111995811292
55598.107501356804,-0.09194708757058202
55631.4668535152,-0.12149634648399804
55664.8262056736,-0.14347329812472498
55698.185557831996,-0.1505675022232092
55731.54490999039,-0.1358569523552726
55764.90426214879,-0.09691153935976407
55798.26361430719,-0.03868453534851367
55831.622966465584,0.02588075080827166
55864.98231862398,0.08218056647607981
55898.34167078238,0.11999347939166453
55931.701022940775,0.1366368757822187
55965.06037509917,0.1351953568672907
55998.41972725757,0.12115677574595717
56031.77907941597,0.09996373869102299
56065.13843157436,0.07582153765098835
56098.49778373277,0.0515445475272282
56131.85713589117,0.028842789829879138
56165.21648804957,0.008568797715153433
56198.57584020797,-0.009043757551675864
56231.93519236636,-0.023853556695601963
56265.29454452476,-0.03597764691243106
56298.65389668316,-0.04561980316736899
56332.013248841555,-0.05303637748886321
56365.37260099995,-0.0584158579759035
56398.73195315835,-0.062046460018312086
56432.091305316746,-0.06409145835769095
56465.45065747514,-0.06480475974182509
56498.81000963354,-0.06428316380392696
56532.16936179194,-0.062740033783091
56565.528713950334,-0.060291631988859104
56598.88806610873,-0.05704325981098672
56632.24741826713,-0.053138053799697646
56665.606770425526,-0.04866004627085028
56698.96612258392,-0.043688885092661486
56765.68482690072,-0.032644741215204096
56799.044179059114,-0.026745743199901643
56832.40353121751,-0.020599447314967795
56899.122235534305,-0.008057221482079333
56932.4815876927,-0.001756444479961845
56965.8409398511,0.004524577150389001
57032.55964416789,0.016724139136400626
57065.91899632629,0.022555267946648038
57099.27834848469,0.02813941831440125
57165.99705280149,0.03837671868798777
57198.74740302868,0.04283822278904845
57231.497753255884,0.0468985873412064
57264.24810348308,0.05046805153961208
57296.99845371027,0.05347982280492676
57329.748803937466,0.05594482075028158
57362.49915416466,0.05775950785770191
57395.24950439185,0.058860767405592374
57427.99985461905,0.059222775094942406
57460.75020484624,0.0587143107477639
57493.500555073435,0.05739398099757202
57526.250905300636,0.05504090993103815
57559.00125552783,0.051640151765983765
57591.751605755024,0.04719007533161662
57624.501955982225,0.04139142150471353
57657.25230620942,0.034531813290870926
57690.00265643661,0.025960699707207137
57722.75300666381,0.0164412644889562
57755.503356891,0.0049718655397986665
57788.2537071182,-0.007571161735261477
57821.004057345395,-0.021990553775117452
57853.75440757259,-0.037265955270661344
57886.50475779979,-0.05387844592559492
57919.255108026984,-0.07090484419175068
57952.00545825418,-0.08762844848039898
57984.75580848137,-0.10282844146293345
58017.506158708566,-0.1144486711437912
58050.25650893576,-0.11989769489300448
58083.00685916295,-0.11582675362621445
58115.75720939015,-0.0985984371902476
58148.50755961734,-0.06560121890494534
58181.25790984454,-0.017115595161770903
58214.008260071736,0.04171295663927344
58246.75861029893,0.09985879027402776
58279.50896052613,0.14349042613323312
58312.259310753325,0.16265087797085215
58345.00966098052,0.1554436430220492
58377.76001120771,0.12765526594900073
58410.51036143491,0.08872860431589791
58443.2607116621,0.04729659457171165
58476.011061889294,0.009307658469227494
58508.76141211649,-0.022361191975428126
58541.51176234368,-0.046720612663125466
58574.26211257088,-0.06410647132188896
58607.01246279808,-0.07551227371689756
58639.76281302527,-0.08187782805421669
58672.51316325247,-0.08420356338657672
58705.263513479666,-0.08335974629359869
58738.01386370686,-0.08012092060594767
58770.76421393405,-0.0750596957712768
58803.51456416125,-0.06868006558050327
58836.26491438845,-0.06137736413494997
58869.01526461564,-0.05341766679056545
58901.765614842836,-0.045048510535621145
58934.51596507004,-0.036508064147977894
59000.016665524425,-0.019489712038055964
59032.76701575162,-0.01120250526795243
59065.51736597881,-0.0032304707353017032
59098.267716206006,0.004432686137480527
59131.0180664332,0.011695865133814473
59163.768416660394,0.018480234119778664
59196.51876688759,0.024813155401573764
59229.26911711479,0.030590281060434134
59262.01946734198,0.03585224301251217
59292.56642788288,0.04021921627236546
59323.113388423764,0.04409951395205812
59353.66034896466,0.0474291278547346
59384.20730950555,0.05024365964593927
59414.75427004644,0.052495647784155164
59445.301230587334,0.05419655508203536
59475.84819112823,0.05532976676646627
59506.395151669116,0.05589268365311019
59536.94211221,0.055879727479161784
59567.4890727509,0.05528219196443004
59598.03603329179,0.05411182944069075
59628.58299383268,0.05235351666784396
59659.129954373566,0.04998799352347946
59689.67691491446,0.0470793783077941
59720.223875455355,0.043580567791721155
59750.77083599624,0.03945487788113636
59781.31779653713,0.03481518643488753
59811.86475707802,0.029643018801915874
59842.41171761892,0.023831573348837613
59872.958678159805,0.01750806195158601
59903.50563870069,0.010787585703657378
59934.052599241586,0.0034338745259147284
59995.14652032337,-0.01232649875365878
60025.693480864255,-0.02094670220416397
60056.24044140515,-0.029505816561452847
60117.33436248693,-0.047307433546444184
60147.88132302782,-0.056135156897364924
60178.42828356871,-0.06459187337051608
60208.975244109606,-0.0724569462898861
60239.52220465049,-0.07943153087001478
60270.06916519138,-0.08502181736267755
60300.616125732275,-0.08871331467045918
60331.16308627317,-0.08988152315612781
60361.710046814056,-0.08761994453809131
60392.25700735494,-0.08099385145996739
60422.80396789584,-0.06894702398067012
60453.35092843673,-0.05031870416094457
60483.89788897762,-0.024314074385617918
60514.444849518506,0.009120404305244275
60544.9918100594,0.04889857616078152
60575.538770600295,0.09146445978236128
60606.08573114118,0.1306037754907612
60636.63269168207,0.15814030282766778
60667.17965222296,0.16596252866168443
60697.72661276386,0.14957100604628404
60728.273573304745,0.111312931317471
60758.82053384563,0.05964632805862409
60789.367494386526,0.005445546224348813
60819.91445492742,-0.04220787761799177
60850.46141546831,-0.07809051951911972
60881.008376009195,-0.10106993554787527
60911.55533655009,-0.1123371853126231
60942.10229709098,-0.11424007858487159
60972.64925763187,-0.10931343952879172
61003.19621817276,-0.09977534950891448
61033.74317871365,-0.08740492040552564
61064.29013925455,-0.07349847244796875
61094.83709979543,-0.05900809530968587
61125.38406033632,-0.044588732303601594
61155.931020877215,-0.030673187204704033
61186.47798141811,-0.017543618857943276
61217.024941958996,-0.005325399495315858
61250.15167607889,0.0064864081324103
61283.27841019878,0.017372830237337298
61316.405144318676,0.026734981686318188
61349.53187843857,0.03483406509475964
61382.65861255846,0.04172825227909803
61415.785346678356,0.04730984700700726
61448.91208079825,0.05188074248191206
61482.03881491814,0.05528741211569946
61515.16554903803,0.05766675867437197
61548.29228315792,0.05908443271848432
61581.41901727782,0.05956752077562662
61614.54575139771,0.059204779992406475
61647.6724855176,0.05803247865980296
61680.7992196375,0.05610275062492236
61713.92595375739,0.05348397509298368
61747.05268787728,0.050203924195607215
61780.17942199717,0.046338580828957886
61813.30615611706,0.041917200328561666
61846.43289023696,0.0370046474898342
61879.55962435685,0.03164356522301467
61912.68635847674,0.02588129218630732
61945.81309259664,0.019790008793661953
62012.06656083642,0.006762205340730253
62045.19329495631,-0.00003282324110600882
62078.3200290762,-0.0069958987826544815
62144.57349731599,-0.02092285072351493
62177.70023143588,-0.027891178506474143
62210.82696555578,-0.034531821718215575
62277.08043379556,-0.047206588665804794
62310.207167915454,-0.052829376432930016
62343.333902035345,-0.05799183778965064
62376.46063615524,-0.06238028315164523
62409.587370275134,-0.06593992278724245
62442.714104395025,-0.06845750876473194
62475.84083851492,-0.06978030603864005
62508.967572634814,-0.0695542829133243
62542.094306754705,-0.06777846823201697
62575.221040874596,-0.06382854295631431
62608.34777499449,-0.05774954086672536
62641.474509114385,-0.04880964291681871
62674.601243234276,-0.0369783195804395
62707.72797735417,-0.02168843536703161
62740.854711474065,-0.002735303477899388
62773.981445593956,0.01980794346628864
62807.10817971385,0.04583533964852733
62840.23491383374,0.07409847557441585
62873.36164795363,0.10257623249506316
62906.48838207353,0.1275606603081375
62939.61511619342,0.14354673880682234
62972.74185031331,0.14385645713168843
63005.86858443321,0.12254979936015037
63038.9953185531,0.07783374278255478
63072.12205267299,0.015826911811812727
63105.24878679288,-0.05013330481269749
63138.37552091277,-0.10484144138160531
63171.50225503266,-0.13789678716769427
63204.62898915255,-0.14740080035879366
63237.75572327244,-0.13755565821029134
63270.882457392334,-0.11527820451441181
63304.00919151223,-0.087035658302228
63337.13592563212,-0.05745293091395222
63368.059270065714,-0.03128485672223878
63398.9826144993,-0.00784226585838657
63429.90595893289,0.01231477881641517
63460.82930336648,0.029071255266253038
63491.752647800065,0.04261220637841162
63522.67599223366,0.053108387778069845
63553.59933666725,0.060877219872590246
63584.52268110083,0.0662495376269764
63615.44602553442,0.0695644187740962
63646.36936996801,0.07108603731923172
63677.2927144016,0.07104112825172906
63708.21605883518,0.06965688269414737
63739.13940326877,0.0671416492885192
63770.06274770236,0.06367551803314327
63800.98609213595,0.05943041756061536
63831.909436569535,0.05446857881835988
63862.83278100312,0.04899764372853971
63893.75612543671,0.04309286387937076
63955.602814303886,0.030339305269662088
64079.29619203824,0.003320378580829202
64110.21953647182,-0.003396178935319724
64141.14288090541,-0.009924008460040308
64202.98956977259,-0.022385189256659593
64233.91291420618,-0.028201809477503732
64264.83625863977,-0.03367513248721538
64295.759603073355,-0.03876724014027497
64326.682947506946,-0.04342992567036991
64357.60629194054,-0.04763023130268434
64388.52963637412,-0.05129144233600107
64419.45298080771,-0.054417197364617705
64450.376325241305,-0.05694371501038133
64481.29966967489,-0.058795786965869595
64512.22301410848,-0.05998218522779603
64543.14635854207,-0.06041634236558933
64574.069702975656,-0.060063724807561655
64604.99304740924,-0.05891626284866086
64635.91639184283,-0.05683774039701217
64666.83973627642,-0.05381798779874469
64697.76308071001,-0.04991667006407726
64728.68642514359,-0.04485244415994928
64759.60976957718,-0.03886189951043207
64790.533114010774,-0.031695520747450565
64821.45645844436,-0.023263185617388826
64852.37980287794,-0.013912784942150772
64883.30314731153,-0.00307480912824387
64914.226491745125,0.008524130141409663
64945.14983617871,0.02167628052657941
64976.07318061229,0.035206266510613676
65006.996525045884,0.04999981383603866
65068.84321391306,0.0795351647739824
65099.766558346644,0.09309126442587062
65130.689902780236,0.10472362338553165
65161.61324721383,0.11251150291953567
65192.53659164741,0.11450813744943082
65223.459936081,0.1081663667563425
65254.383280514594,0.09084837495485874
65285.30662494818,0.060579439779279404
65316.22996938177,0.01701264750298041
65346.54431188415,-0.03520313951666029
65376.85865438654,-0.08970141163874053
65407.17299688893,-0.13575381141401424
65437.487339391315,-0.16313015130083047
65467.8016818937,-0.166095361632431
65498.116024396084,-0.1458943600061386
65528.430366898465,-0.10959935341044914
65558.74470940085,-0.06593747974483082
65589.05905190323,-0.022820309690152585
65619.37339440561,0.01507390863843243
65649.687736908,0.04518179734569745
65680.00207941039,0.06727318237907115
65710.31642191278,0.08192518637058341
65740.63076441517,0.09024545613392428
65770.94510691756,0.09343786836613584
65801.25944941994,0.09265451500633662
65831.57379192233,0.08883551079536069
65861.88813442472,0.0827842286631042
65892.20247692711,0.07514569183666973
65922.5168194295,0.06643073173899057
65952.83116193188,0.05699650413930547
65983.14550443427,0.04734993428475073
66043.77418943903,0.027687176687984663
66074.08853194141,0.017985655786370004
66104.4028744438,0.008846796203917554
66134.71721694618,-0.00008720379559130562
66165.03155944857,-0.008331695243802903
66195.34590195096,-0.01620866167526568
66225.66024445335,-0.023342982327898186
66255.97458695574,-0.02999079463015503
66286.28892945813,-0.03588268041496793
66316.60327196051,-0.04120316987084215
66346.9176144629,-0.04577412006777652
66377.23195696529,-0.04971547298340971
66407.54629946768,-0.052922513061969476
66437.86064197007,-0.05546328946191738
66468.17498447245,-0.0572880062430732
66498.48932697484,-0.058428052484670076
66528.80366947722,-0.05886906771136281
66559.11801197959,-0.058625085953441486
66589.43235448198,-0.05769885752647093
66619.74669698437,-0.056099572400071795
66650.06103948675,-0.05383713342189679
66680.37538198914,-0.05092391523507831
66710.68972449153,-0.047361942228114774
66741.00406699392,-0.043204064658707325
66771.3184094963,-0.03840893132467543
66801.6327519987,-0.033064964971768876
66831.94709450108,-0.02715614902016495
66892.57577950585,-0.013795094717990036
66922.89012200822,-0.006363630246312159
66953.2044645106,0.0014121117082871158
67013.83314951538,0.018037611455706943
67044.14749201777,0.02656637837975587
67074.46183452016,0.035294328859254286
67104.77617702255,0.04404029698376538
67135.09051952494,0.052495822098476565
67165.40486202732,0.06080819757660356
67195.71920452971,0.06830580339111256
67226.0335470321,0.07515562945917484
67256.34788953447,0.08073336445278208
67289.24200561587,0.08504244193349925
67322.13612169726,0.08682544164383554
67355.03023777864,0.08523574908731879
67387.92435386003,0.07958725409188068
67420.81846994141,0.0684060111818611
67453.7125860228,0.050983614554069766
67486.60670210418,0.026104381355842497
67519.50081818557,-0.006485218923650407
67552.39493426695,-0.04594652835356822
67585.28905034834,-0.0890063632625545
67618.18316642972,-0.12935594185954769
67651.07728251112,-0.15774646805129827
67683.97139859252,-0.16394603884359754
67716.8655146739,-0.1418666758027755
67749.75963075529,-0.09404328076597997
67782.65374683667,-0.031904030091903055
67815.54786291806,0.029445544214240185
67848.44197899944,0.07844850362490854
67881.33609508083,0.10984985139887932
67914.23021116223,0.12383354571456034
67947.12432724363,0.12399387241378984
67980.01844332501,0.11445080399215472
68012.9125594064,0.09895865381857627
68045.80667548778,0.08039487239280532
68078.70079156916,0.06077818486804228
68111.59490765055,0.04143653470097404
68144.48902373193,0.02318974626434033
68177.38313981332,0.0065062910291218
68210.2772558947,-0.008376694034803813
68243.17137197609,-0.021369405374441264
68276.06548805747,-0.032457918956486205
68308.95960413887,-0.041748318879977216
68341.85372022027,-0.049288361789424626
68374.74783630166,-0.05512885152979633
68407.64195238304,-0.059512803937718205
68440.53606846443,-0.062389669604759515
68473.43018454581,-0.06402221350998114
68506.3243006272,-0.0643996629075061
68539.21841670858,-0.06367969184592356
68572.11253278996,-0.0619450393050618
68605.00664887135,-0.05927655535341943
68637.90076495273,-0.055783360572387336
68670.79488103412,-0.051528592271838015
68703.68899711552,-0.04661516194857186
68736.58311319692,-0.0410980365944132
68769.4772292783,-0.03507618709928235
68835.26546144107,-0.02177507835089391
68868.15957752246,-0.014652385367228493
68901.05369360384,-0.007305785960409318
68966.84192576662,0.00773197490142092
68999.73604184802,0.015249661929933862
69032.63015792941,0.022790885159068342
69098.41839009218,0.036880607840479494
69131.31250617356,0.04354890173399078
69164.20662225495,0.04978013173129138
69197.10073833633,0.05526086650319795
69229.99485441772,0.06009565400697437
69262.8889704991,0.06410907264796292
69295.78308658049,0.0671371726171496
69328.67720266187,0.0690088640960558
69361.57131874327,0.06956353032245775
69392.26204513834,0.06870448385300836
69422.95277153343,0.06631645176055465
69453.64349792851,0.06224730986506207
69484.3342243236,0.05630703428844402
69515.02495071868,0.048173027074560205
69545.71567711377,0.037703292459677865
69576.40640350885,0.02482040581726264
69607.09712990394,0.009129545445134193
69637.78785629902,-0.009338697795193585
69668.47858269411,-0.030209741072000446
69699.1693090892,-0.053412756095905504
69729.86003548426,-0.07783588407262688
69760.55076187933,-0.10185841697523429
69791.24148827442,-0.12295463520717341
69821.9322146695,-0.1373922058801233
69852.62294106459,-0.1403972490399297
69883.31366745968,-0.1272493452442524
69914.00439385476,-0.09459122112242707
69944.69512024985,-0.04373902621237932
69975.38584664493,0.018119437913895083
70006.07657304002,0.07919798349115181
70036.7672994351,0.12648507396885642
70067.45802583019,0.15207218507249415
70098.14875222526,0.15483871987660616
70128.83947862033,0.1392389594020072
70159.53020501541,0.11203800798343953
70190.2209314105,0.0796927824852006
70220.91165780558,0.04691779535581746
70251.60238420067,0.01666003206915284
70282.29311059575,-0.009506386840283307
70312.98383699084,-0.031038723548643354
70343.67456338592,-0.04794709661869178
70374.36528978101,-0.0606896241810736
70405.0560161761,-0.0696279026579481
70435.74674257118,-0.07528898626008249
70466.43746896627,-0.07815244498224116
70497.12819536135,-0.0786632157636722
70527.81892175644,-0.07721668757702366
70558.50964815152,-0.07415510549399407
70589.20037454659,-0.06980370607904776
70619.89110094166,-0.0643468905517447
70650.58182733675,-0.05814308687610164
70681.27255373183,-0.05118163123012178
70711.96328012692,-0.04387658500819716
70742.654006522,-0.036090894762787575
70773.34473291709,-0.028220295719923048
70834.72618570726,-0.01218008302901235
70865.41691210234,-0.0042255620537785
70896.10763849743,0.003505975168630206
70926.79836489251,0.011040853217986693
70957.4890912876,0.018208828211708827
70988.17981768269,0.025079017405506065
71018.87054407777,0.03147862898166132
71049.56127047286,0.037423777569720346
71080.25199686793,0.04282927753805274
71110.942723263,0.04766595598896757
71141.63344965808,0.051880317878361636
71172.32417605317,0.05543574533305572
71203.01490244825,0.058281468487305
71233.70562884334,0.06038938069916235
71264.39635523842,0.06170521324591303
71295.08708163351,0.06220156244999277
71325.7778080286,0.061832743149709574
71359.04830800268,0.06045368288070661
71392.31880797676,0.05793143072553336
71425.58930795084,0.05424407730271781
71458.85980792494,0.049488740138585195
71492.13030789903,0.04339011084667051
71525.40080787311,0.03616026272615565
71558.6713078472,0.02767021278401459
71591.94180782128,0.017695881411835222
71625.21230779536,0.0068809787752746945
71658.48280776944,-0.005512699913806714
71725.02380771762,-0.03297567385584182
71758.29430769171,-0.0475154498426039
71791.5648076658,-0.0627923723453736
71824.83530763988,-0.07722828743679575
71858.10580761396,-0.09081486954248992
71891.37630758804,-0.10166743928526435
71924.64680756212,-0.10853360239469094
71957.9173075362,-0.10906129668822093
71991.1878075103,-0.10060837645777036
72024.4583074844,-0.08034304913788351
72057.72880745848,-0.04633242473253678
72090.99930743256,0.0016176924275497113
72124.26980740664,0.058900624260930304
72157.54030738072,0.11529350222223489
72190.8108073548,0.1569767575315369
72224.08130732889,0.17118374975846914
72257.35180730297,0.15386530102329754
72290.62230727705,0.1115588036869748
72323.89280725113,0.05757610831694921
72357.16330722522,0.004268924569174298
72390.43380719931,-0.04012826559929199
72423.70430717341,-0.07232502798040263
72456.97480714749,-0.09238411027407398
72490.24530712157,-0.10208124823274081
72523.51580709565,-0.10369792407306594
72556.78630706973,-0.09939057906325356
72590.05680704382,-0.09099171052746098
72623.3273070179,-0.07993703519621334
72656.59780699198,-0.06728272767545551
72689.86830696606,-0.0538204315023011
72723.13880694014,-0.040176041153816434
72756.40930691423,-0.026772528977567683
72789.67980688832,-0.013900661240642665
72822.95030686242,-0.001819560547206808
72856.2208068365,0.009442804984238592
72889.49130681058,0.019697524622887166
72922.76180678466,0.028835826237508976
72956.03230675875,0.03698567096174637
72989.30280673283,0.04395144634941598
73022.57330670691,0.049792421299074734
73055.843806681,0.05453418840311337
73089.1143066551,0.058137204280112986
73122.38480662918,0.06065341658872928
73155.65530660326,0.0620850056530113
73188.92580657735,0.062464552565630715
73222.19630655143,0.06181948971718799
73255.46680652551,0.06017734976911901
73288.73730649959,0.05757717787870162
73322.00780647369,0.054055673781117676
73355.27830644778,0.04964623840670942
73388.54880642187,0.04441497684503462
73421.81930639595,0.0383703955297225
73455.08980637003,0.03163211333337648
75443.38486478798,0.004885206096898935
75473.84297314455,-0.0029345399957967045
75504.30108150114,-0.010731748053823691
75565.2172982143,-0.025847715035269295
75595.67540657087,-0.03306653126461607
75626.13351492745,-0.03984899903610176
75656.59162328404,-0.046232834697205384
75687.04973164061,-0.05208874524349591
75717.50783999718,-0.057230645008167366
75747.96594835377,-0.06169944146531074
75778.42405671036,-0.06531129748455719
75808.88216506693,-0.06793731983281405
75839.3402734235,-0.06952749133727394
75869.79838178007,-0.06985952514140897
75900.25649013664,-0.06892694896260246
75930.71459849323,-0.06642723537045007
75961.17270684981,-0.06239725879906865
75991.63081520639,-0.05651559979472276
76022.08892356296,-0.04866301410252431
76052.54703191953,-0.03881227240867583
76083.0051402761,-0.02663475287075613
76113.46324863269,-0.012250897812389921
76143.92135698927,0.004565003037854342
76174.37946534585,0.02348616744024495
76204.83757370242,0.044417799183746935
76235.295682059,0.0665099851009998
76265.75379041559,0.08886148539361494
76296.21189877216,0.10960529634688633
76326.67000712873,0.1261766825930854
76357.12811548532,0.13503885123632076
76387.5862238419,0.13198367752643256
76418.04433219848,0.11283351439502284
76448.50244055505,0.07530142967819115
76478.96054891164,0.021173062436259313
76509.41865726822,-0.0418459494963458
76539.8767656248,-0.1014899335345875
76570.33487398137,-0.14471498540781397
76600.79298233795,-0.16356775427183717
76631.25109069454,-0.15761150930416154
76661.70919905111,-0.13260497584667186
76692.16730740768,-0.09686638529344216
76722.62541576427,-0.05768654315205618
76753.08352412086,-0.020364804807802568
76783.54163247743,0.012042025331524249
76813.999740834,0.03827899730276949
76844.45784919057,0.05826004291029359
76874.91595754714,0.07243024099305649
76905.37406590373,0.08150247044914496
76935.83217426031,0.08625926920662991
76966.29028261689,0.08748557949237462
76996.74839097346,0.08575936420233705
77027.20649933003,0.08177415758668906
77057.6646076866,0.07600627759026923
77088.12271604319,0.06888642930158374
77118.58082439977,0.06070277807642368
77149.03893275635,0.051821333208506196
77179.49704111292,0.042497685493963926
77209.9551494695,0.03292875625646974
77270.87136618266,0.013588389106214462
77301.32947453923,0.004221498910469339
77331.78758289582,-0.004935891574653236
77392.70379960898,-0.02186173324319881
77425.74168154456,-0.030154927948331682
77458.77956348014,-0.037695110614901384
77491.81744541571,-0.044439449503215954
77524.8553273513,-0.05030398311639461
77557.89320928688,-0.055227667578588914
77590.93109122245,-0.05917127053249703
77623.96897315803,-0.06207554458299225
77657.00685509361,-0.06390856261217177
77690.0447370292,-0.06462473525059627
77723.08261896478,-0.06419619931941385
77756.12050090036,-0.0625872045576506
77789.15838283594,-0.05978766039447453
77822.19626477153,-0.05573379366161175
77855.23414670711,-0.050513160033763986
77888.27202864268,-0.04395015175131474
77921.30991057826,-0.03629987566929108
77954.34779251384,-0.027315124067118883
77987.38567444941,-0.017232744783205856
78020.423556385,-0.0060352125277925266
78053.46143832058,0.006319727197964618
78086.49932025616,0.019262444181843447
78119.53720219174,0.033291374699137836
78185.61296606291,0.06162000942101267
78218.65084799849,0.0750816010127131
78251.68872993407,0.08749413319680018
78284.72661186964,0.09749027836755936
78317.76449380523,0.10385939864186763
78350.80237574081,0.10493754585418476
78383.84025767638,0.09850514970763563
78416.87813961196,0.08232170983897996
78449.91602154754,0.05450275562404345
78482.95390348313,0.013855738620198323
78515.99178541871,-0.03767297206571405
78549.02966735428,-0.09369867845706215
78582.06754928986,-0.14264059693400538
78615.10543122544,-0.1704408008057566
78648.14331316101,-0.16696537155898353
78681.1811950966,-0.1320771152916964
78714.21907703218,-0.07615242562166451
78747.25695896776,-0.01489671341751571
78780.29484090334,0.03928208314762881
78813.33272283891,0.07918628994589554
78846.37060477449,0.10357561357388136
78879.40848671008,0.11421712418901374
78912.44636864564,0.11414608793154035
78945.48425058123,0.10650372972735972
78978.52213251681,0.09392500269161971
79011.56001445239,0.07847138503366173
79044.59789638798,0.06164063469199697
79077.63577832354,0.04449094261048768
79110.67366025913,0.02769802101105105
79143.71154219471,0.011891728392436157
79176.74942413028,-0.002977904031947861
79209.78730606586,-0.015963947463575663
79242.82518800144,-0.027982672768297953
79275.86306993703,-0.0380107842341983
79308.90095187261,-0.04672660332602646
79341.93883380819,-0.053703648475082785
79374.97671574377,-0.05920703148808969
79408.01459767936,-0.06317139544536227
79441.05247961494,-0.06569257024090985
79474.09036155051,-0.06682524094047895
79507.12824348609,-0.06662259574000051
79537.96273573537,-0.06529664845463681
79568.79722798464,-0.06293138758596971
79599.63172023391,-0.05957367435919766
79630.46621248318,-0.05530460841750054
79661.30070473245,-0.050162428005702316
79692.13519698173,-0.04423817670511017
79722.96968923102,-0.03757969605703469
79753.80418148029,-0.030286381546723598
79784.63867372955,-0.02238797890660504
79815.47316597884,-0.014044183641486099
79877.14215047739,0.0038304027151115395
79907.97664272666,0.013077268350672442
79938.81113497594,0.02251891861497973
80000.4801194745,0.04093791650949903
80031.31461172376,0.04974541072718896
80062.14910397305,0.05796005692328393
80092.98359622233,0.06556170400475697
80123.8180884716,0.07201674903597603
80154.65258072087,0.07732954558042233
80185.48707297015,0.08099337086739603
80216.32156521943,0.08275167274437512
80247.1560574687,0.08206309016614896
80277.99054971797,0.07862702565126282
80308.82504196725,0.07163143886622755
80339.65953421654,0.06091478859698772
80370.4940264658,0.04539311289347353
80401.32851871508,0.025268290651550254
80432.16301096436,-0.00031241138027802984
80462.99750321364,-0.030612456784184366
80493.83199546291,-0.06461424880013339
80524.66648771218,-0.09971037342454954
80555.50097996146,-0.1314151820417628
80586.33547221075,-0.15330917549187154
80617.16996446002,-0.15767412029404976
80648.00445670928,-0.13833221772623563
80678.83894895857,-0.09403533536093445
80709.67344120785,-0.03167275043330722
80740.50793345712,0.03577679331087458
80771.34242570639,0.09336673940806431
80802.17691795567,0.13145092772949232
80833.01141020496,0.14704944454763128
80863.84590245422,0.14338707325139016
80894.6803947035,0.12602985661143556
80925.51488695278,0.10084500100991937
80956.34937920206,0.07243877046389378
80987.18387145133,0.04396359657754937
81018.0183637006,0.01752200150341287
81048.85285594988,-0.005869351731026089
81079.68734819916,-0.025768459696565545
81110.52184044843,-0.042070380679731775
81141.3563326977,-0.054909132603099646
81172.19082494699,-0.06452954277435394
81203.02531719627,-0.07125117426049332
81233.85980944554,-0.07532183950399883
81264.6943016948,-0.07706333154133249
81295.52879394409,-0.07682961924447672
81326.36328619337,-0.07481634835297912
81357.19777844264,-0.07129470274738832
81388.03227069191,-0.06645447904007469
81418.86676294118,-0.060538783474416734
81449.70125519045,-0.053739088417331535
81480.53574743973,-0.04614587185627564
81513.95001326801,-0.037333287496330435
81547.36427909628,-0.02797325621419439
81614.19281075284,-0.00849299641838804
81647.60707658112,0.0013435833351968917
81681.0213424094,0.0110448289755193
81747.84987406596,0.02950000042005662
81781.26413989424,0.03797761823974133
81814.67840572252,0.04579128979385505
81848.09267155078,0.05277248327150512
81881.50693737906,0.05883490255168686
81914.92120320734,0.06384537446911441
81948.3354690356,0.06758132349630971
81981.74973486389,0.07001658169611266
82015.16400069217,0.07090809680583217
82048.57826652045,0.07020045457230417
82081.99253234873,0.06764521504552264
82115.406798177,0.0631769627738584
82148.82106400529,0.056608997725177704
82182.23532983357,0.0476816133649452
82215.64959566185,0.03657613025990811
82249.06386149011,0.02284293106836066
82282.47812731839,0.006791656344150587
82315.89239314667,-0.0117497828980161
82349.30665897494,-0.03233079191054143
82382.72092480322,-0.05447636238916523
82416.1351906315,-0.07723006089825599
82449.54945645978,-0.09890159398724936
82482.96372228806,-0.1171271644369061
82516.37798811634,-0.1283381307300333
82549.79225394462,-0.12800405188890535
82583.2065197729,-0.11114260985299679
82616.62078560118,-0.07397929953582835
82650.03505142944,-0.0172203355841962
82683.44931725772,0.051512941942282786
82716.863583086,0.1165555975517133
82750.27784891427,0.15989963297937654
82783.69211474255,0.1705267213778478
82817.10638057083,0.14938117471104212
82850.5206463991,0.10691602221929822
82883.93491222739,0.05647937760467259
82917.34917805567,0.008102532360540031
82950.76344388395,-0.03211614228539322
82984.17770971222,-0.06220555041945525
83017.5919755405,-0.08224457904247906
83051.00624136877,-0.09349444900699881
83084.42050719705,-0.0975751465689282
83117.83477302533,-0.0960765485964511
83151.2490388536,-0.09040273657137995
83184.66330468188,-0.08171848236207672
83218.07757051016,-0.07091195018555545
83251.49183633843,-0.058746723078205346
83284.90610216671,-0.04585345816984196
83351.73463382327,-0.01959826922190549
83385.14889965155,-0.006838089915488614
83418.56316547983,0.005351016739361559
83451.9774313081,0.016745684448876245
83485.39169713638,0.02714196197372339
83518.80596296466,0.036641174694060884
83552.22022879292,0.04495110048136562
83585.6344946212,0.052042885191609344
83619.04876044948,0.05789066337123207
83651.85402434657,0.06234679132858281
83684.65928824364,0.06549858577225984
83717.46455214071,0.06732737112876006
83750.26981603779,0.06780980194721876
83783.07507993486,0.06693488963740986
83815.88034383193,0.06470620312499956
83848.68560772901,0.061106847580504164
83881.49087162608,0.05620288142908707
83914.29613552315,0.04992738114009013
83947.10139942024,0.042447677053225094
83979.9066633173,0.03367482394303756
84012.71192721438,0.023761202153592856
84045.51719111146,0.012809087593263165
84078.32245500853,0.0007272261589971428
84143.93298280268,-0.02537573762569183
84176.73824669977,-0.03894577107977119
84209.54351059684,-0.0527439355305057
84242.3487744939,-0.06606038682170198
84275.15403839099,-0.07839093892606631
84307.95930228806,-0.0889813190238939
84340.76456618513,-0.09697917839454148
84373.56983008221,-0.10106016254091699
84406.37509397928,-0.09982996720502772
84439.18035787635,-0.0916222249754357
84471.98562177343,-0.07447898415734784
84504.7908856705,-0.0468929475684821
84537.59614956757,-0.008146534763642842
84570.40141346466,0.04029230847590821
84603.20667736173,0.09309478596493326
84636.0119412588,0.14055488171455177
84668.81720515588,0.16963733588765006
84701.62246905296,0.16849901784416266
84734.42773295003,0.1338323822679747
84767.2329968471,0.07442099664466037
84800.03826074419,0.006650345868457239
84832.84352464126,-0.053671552916382696
84865.64878853832,-0.0968807693310536
84898.45405243541,-0.12081412491655164
84931.25931633248,-0.12771857468336895
84964.06458022955,-0.12189327131444813
84996.86984412663,-0.10762784654730556
85029.6751080237,-0.0884818340017699
85062.48037192077,-0.06708205060515611
85095.28563581785,-0.045324253467188005
85128.09089971492,-0.024349012865488906
85160.896163612,-0.004913491306190138
85193.70142750908,0.012604316159780821
85226.50669140616,0.02779774332936142
85259.31195530323,0.040636293419410434
85292.1172192003,0.05127144616338592
85324.92248309738,0.05960658280865267
85357.72774699447,0.06574482471871211
85390.53301089154,0.06980236128958321
85423.3382747886,0.07196345718431467
85456.14353868569,0.07230177924781746
85488.94880258277,0.07095737126468434
85521.75406647984,0.0680640736120911
85554.55933037691,0.06376657643460583
85587.364594274,0.058197380014293955
85620.16985817107,0.05147427211420956
85652.97512206814,0.0437536498565135
85685.78038596522,0.0351694518374574
85718.58564986229,0.02584576429360852
85749.18752407306,0.016649732988257636
85779.78939828384,0.007044139265933639
85840.99314670538,-0.012779317380576083
85871.59502091615,-0.022787434270948603
85902.19689512692,-0.03252712893859847
85963.40064354846,-0.05096633913664065
85994.00251775923,-0.059243568679321706
86024.60439197,-0.06663082838366642
86055.20626618077,-0.07281061192751853
86085.80814039154,-0.07766598957048099
86116.41001460231,-0.08076861766072765
86147.01188881308,-0.08192409313626825
86177.61376302385,-0.0806421633331995
86208.21563723462,-0.07673037322414566
86238.81751144539,-0.06952984631952766
86269.41938565616,-0.05894743625121771
86300.02125986693,-0.04417672157305551
86330.6231340777,-0.025423513990022708
86361.22500828847,-0.0019724576603387094
86391.82688249924,0.025281151129696977
86422.42875671001,0.056043966407348544
86453.03063092078,0.08825445918074683
86483.63250513155,0.11875140851786688
86514.23437934232,0.1427161004368073
86544.83625355309,0.15369395041292672
86575.43812776386,0.14501734718879472
86606.04000197463,0.11232935154343274
86636.6418761854,0.05699841592354771
86667.24375039617,-0.011835926851871945
86697.84562460694,-0.07887837530740649
86728.44749881771,-0.1296803532694356
86759.04937302848,-0.15541140605975018
86789.65124723925,-0.15641661468917556
86820.25312145002,-0.1380616076876133
86850.85499566079,-0.1080481563047312
86881.45686987156,-0.07308214065833378
86912.05874408233,-0.038130241650195754
86942.6606182931,-0.006249398068695445
86973.26249250387,0.020986190759095566
87003.86436671464,0.04313673147123963
87034.46624092541,0.06015645619389925
87065.06811513618,0.07240410827929011
87095.66998934695,0.08037967598566931
87126.27186355772,0.08462228841965344
87156.8737377685,0.08566239661155847
87187.47561197927,0.08399859154850926
87218.07748619004,0.08005977000464518
87248.67936040083,0.07431311343138938
87279.2812346116,0.06699846170701287
87309.88310882237,0.05858287379607465
87340.48498303314,0.049208280076916265
87371.0868572439,0.039230614756686356
87432.29060566545,0.018173993863860233
87462.89247987622,0.007516779355762008
87493.49435408699,-0.003044452907343026
87524.09622829776,-0.01328985358905433
87554.69810250853,-0.023144158783560943
87585.2999767193,-0.03240741103979481
87615.90185093007,-0.041025151256160734
87646.50372514084,-0.04882382489351529
87677.1055993516,-0.05571029890662574
87710.28724714139,-0.0620205595979499
87743.46889493115,-0.0669828092218342
87776.65054272092,-0.07048684780302707
87809.8321905107,-0.07237171326192472
87843.01383830047,-0.07258461716502541
87876.19548609023,-0.07094142424813421
87909.37713388001,-0.06725454531467835
87942.55878166978,-0.06169601852627856
87975.74042945955,-0.053850185043770406
88008.92207724933,-0.043906613328631154
88042.1037250391,-0.03171219068067503
88075.28537282886,-0.01711148255540275
88108.46702061864,-0.0007062232221985917
88141.64866840841,0.0178672324414082
88208.01196398796,0.05874487936990849
88241.19361177774,0.07960277615626236
88274.3752595675,0.09883407499282877
88307.55690735727,0.11443418475433384
88340.73855514705,0.12332387880036082
88373.92020293683,0.12178924042190334
88407.1018507266,0.10576804643040094
88440.28349851636,0.07159272625414338
88473.46514630615,0.01889344419164544
88506.64679409593,-0.04693379882796474
88539.8284418857,-0.1128487157150907
88573.01008967546,-0.16091151212372692
88606.19173746524,-0.17645342581321374
88639.373385255,-0.15595851244908987
88672.55503304477,-0.1086331470154524
88705.73668083455,-0.05016172913992205
88738.91832862432,0.006027223790660997
88772.09997641409,0.0514406193021512
88805.28162420387,0.083122001295409
88838.46327199363,0.10166054616254841
88871.6449197834,0.10908817323124517
88904.82656757318,0.10786508189434772
88938.00821536295,0.10037600420369419
88971.18986315271,0.08859261348058153
89004.3715109425,0.07416541806804218
89037.55315873228,0.05803623565386485
89070.73480652204,0.04142333187458016
89103.91645431181,0.02495781663168617
89137.09810210159,0.008950795590717455
89170.27974989137,-0.006073073929774405
89203.46139768114,-0.019822297285784697
89236.6430454709,-0.032135729272667085
89269.82469326069,-0.043015819550289554
89303.00634105047,-0.05217536897912782
89336.18798884023,-0.059619022654847094
89369.36963663,-0.06533113600227229
89402.55128441978,-0.06928270911532841
89435.73293220955,-0.07146376090185003
89468.91457999931,-0.07191434206954038
89502.0962277891,-0.07064533512994824
89535.27787557886,-0.06770291052924168
89568.45952336863,-0.06314105377081947
89601.64117115841,-0.057016179725558114
89634.82281894817,-0.049435078097116864
89668.00446673794,-0.04040948220187293
89701.18611452772,-0.030295665786955854
89734.36776231749,-0.01893361437017779
89800.73105789704,0.006616626444894129
89831.7093160005,0.019354028258506947
89862.68757410397,0.03240832736241649
89893.66583220744,0.04538002509647688
89924.6440903109,0.0579888798434658
89955.62234841437,0.06975705174528193
89986.60060651784,0.08033424309775138
90017.5788646213,0.08907776173422892
90048.55712272477,0.09524604618973727
90079.53538082824,0.09796421326347834
90110.5136389317,0.09623295146946276
90141.49189703517,0.08882336212942211
90172.47015513864,0.0747110846432205
90203.4484132421,0.05248046669875103
90234.42667134557,0.021775049367835534
90265.40492944905,-0.01740746445737118
90296.38318755252,-0.06269173538940007
90327.36144565599,-0.1092158177520692
90358.33970375947,-0.1485991872070305
90389.31796186294,-0.17028285993652936
90420.2962199664,-0.1644854395887145
90451.27447806987,-0.1278189513072627
90482.25273617334,-0.0669340607642994
90513.2309942768,0.0033428378500932063
90544.20925238027,0.06678060345156857
90575.18751048374,0.11231592948521989
90606.1657685872,0.13613970233233416
90637.14402669067,0.14054431102501547
90668.12228479414,0.13026097528061958
90699.1005428976,0.11055977461760036
90730.07880100107,0.08585391985854288
90792.035317208,0.033331657045177966
90823.01357531147,0.009173712682951404
90853.99183341494,-0.012348434139570121
90884.97009151841,-0.03084564231566789
90915.94834962187,-0.0461878171114529
90946.92660772534,-0.058399282821306554
90977.90486582881,-0.06760215576536147
91008.88312393229,-0.07403297709743129
91039.86138203576,-0.07781394671948115
91070.83964013922,-0.07921417734228972
91101.8178982427,-0.07845807802499555
91132.79615634617,-0.07575610275569389
91163.77441444964,-0.07131341716519085
91194.7526725531,-0.0653568223339333
91225.73093065657,-0.05809978519058999
91256.70918876004,-0.04967595394664695
91287.6874468635,-0.04037871829790424
91318.66570496697,-0.030274781563448455
91349.64396307044,-0.01965403171283164
91411.60047927737,0.002577524526201677
91442.57873738084,0.013791907640430229
91473.55699548431,0.02484067913762963
91535.51351169124,0.045606899784151854
91566.49176979471,0.05490956090246325
91597.47002789818,0.06324219402649241
91628.44828600164,0.07031887151823177
91659.42654410511,0.07593657502234534
91690.40480220858,0.07984001293560539
91721.38306031204,0.08168913326978974
91752.36131841553,0.08125896748430682
91783.33957651899,0.07819343319064388
91813.70883269125,0.07239542599442832
91844.07808886352,0.06331303826453845
91874.44734503579,0.05115162909799958
91904.81660120806,0.03489449294256354
91935.18585738033,0.015552743308867294
91965.55511355259,-0.007916199844532727
91995.92436972485,-0.03431720920912973
92026.29362589712,-0.0630003799978805
92056.66288206939,-0.09233433284321213
92087.03213824164,-0.11917312117321192
92117.4013944139,-0.13956108975085152
92147.77065058617,-0.14801451339258548
92178.13990675844,-0.13858565418842994
92208.50916293071,-0.10682207385019622
92238.87841910298,-0.05271489700059706
92269.24767527524,0.016233996912258155
92299.6169314475,0.0857894408489972
92329.98618761977,0.13971803917718673
92360.35544379204,0.1666944445775894
92390.72469996431,0.1646771180993511
92421.09395613658,0.13953212963123468
92451.46321230884,0.10086174491382652
92481.8324684811,0.05752818564302743
92512.20172465337,0.01598674372576671
92542.57098082564,-0.02010941744982268
92572.94023699789,-0.04882518466021874
92603.30949317015,-0.07024796113036451
92633.67874934242,-0.08467230069473713
92664.04800551469,-0.09293316253754104
92694.41726168696,-0.09598027671499883
92724.78651785923,-0.09475188971095343
92755.15577403149,-0.09007734158328452
92785.52503020375,-0.082721018734439
92815.89428637602,-0.07322567989424447
92846.26354254829,-0.06227814619224051
92876.63279872056,-0.050326371506971244
92907.00205489283,-0.03764325854726582
92937.37131106509,-0.024708362383205375
92998.10982340961,0.0008739940687933455
93028.47907958188,0.013068067668842259
93058.84833575414,0.024573332688680137
93089.2175919264,0.03526623490994354
93119.58684809867,0.04493558282849672
93149.95610427094,0.0534863055206542
93180.32536044321,0.060777889551501575
93210.69461661548,0.06670428205194859
93241.06387278774,0.07116637924403682
93271.43312896,0.07408152622602042
93301.80238513227,0.07536193908521428
93332.17164130454,0.07495192098297661
93362.5408974768,0.07277389526819945
93392.91015364908,0.0687972486099753
93423.27940982133,0.06301033736022471
93453.64866599359,0.05523551508420696
93484.01792216586,0.04586249925463347
93514.38717833813,0.03449632314702006
93544.75643451039,0.021415101573569573
93575.12569068265,0.006864642348137814
93605.49494685492,-0.009479993426679267
93635.86420302719,-0.026501879628191113
93666.23345919946,-0.04463741510003787
93696.60271537173,-0.06267274231235226
93726.97197154399,-0.08038996814070737
93759.92100129524,-0.09744518773869697
93792.8700310465,-0.11091366029894649
93825.81906079777,-0.11809752950194749
93858.76809054904,-0.11615736582098163
93891.71712030031,-0.10172951693406075
93924.66615005158,-0.07176897591396002
93957.61517980284,-0.02500388966392683
93990.56420955411,0.03549839109883267
94023.51323930538,0.10047060567103072
94056.46226905665,0.15440142014083336
94089.41129880791,0.1795289901594612
94122.36032855918,0.16620860903297274
94155.30935831045,0.11885931086234777
94188.25838806172,0.05319058128097279
94221.20741781298,-0.01280875509719883
94254.15644756425,-0.0660679076861614
94287.10547731552,-0.10163063174276712
94320.05450706679,-0.1194766612402787
94353.00353681805,-0.12283736103956874
94385.95256656932,-0.11546684543341312
94418.90159632059,-0.10094758893442361
94451.85062607186,-0.08216008790612268
94484.79965582312,-0.06123616247062538
94517.74868557439,-0.03977265985911524
94550.69771532566,-0.01887476959155946
94583.64674507693,0.0006577467045286896
94616.5957748282,0.018495225317652547
94649.54480457946,0.03410944860206329
94682.49383433073,0.04731651020483072
94715.442864082,0.05820518920663501
94748.39189383326,0.06660240981863547
94781.34092358453,0.07252621535958649
94814.2899533358,0.07610818971898192
94847.23898308707,0.07735511660951505
94880.18801283833,0.07638277769856357
94913.1370425896,0.07330063180396929
94946.08607234087,0.06825755707187603
94979.03510209214,0.06135879526090757
95011.9841318434,0.052793811003961064
95044.93316159467,0.04272480688979799
95077.88219134594,0.031317451877783925
95110.8312210972,0.018851330886633974
95176.72928059974,-0.008480746902179145
95209.67831035101,-0.022851307430294433
95242.62734010228,-0.0370272345898887
95275.57636985354,-0.050982016824061886
95308.52539960481,-0.06385480110734053
95341.47442935608,-0.07554903585298613
95374.42345910735,-0.08507174691522922
95407.37248885861,-0.09201189537514703
95440.32151860988,-0.09531377211162802
95473.27054836115,-0.09417410639718884
95506.21957811242,-0.08748475833641715
95539.16860786368,-0.074025482848245
95572.11763761495,-0.053104876842294015
95605.06666736622,-0.023620781730645288
95638.01569711749,0.01388584485947203
95670.96472686875,0.0578897180059265
95703.91375662002,0.10387691803388671
95736.86278637129,0.14385538310427406
95769.81181612256,0.16658601572724197
95802.76084587383,0.16037760292846923
95835.70987562509,0.11932187000698434
95866.45551569006,0.054454613386432385
95897.20115575501,-0.02075364114031925
95927.94679581997,-0.08819313561235251
95958.69243588494,-0.13424291775255787
95989.4380759499,-0.15383707702677168
96020.18371601487,-0.150113680122436
96050.92935607984,-0.1296721485834002
96081.6749961448,-0.09962709334465879
96112.42063620975,-0.06594517157250578
96143.16627627471,-0.032548035653480654
96173.91191633968,-0.001996530370075326
96204.65755640465,0.024371960495895382
96235.40319646962,0.04599651966474929
96266.14883653457,0.06280460275109814
96296.89447659953,0.07501560280047587
96327.6401166645,0.08293255232854929
96358.38575672946,0.08705831474572176
96389.13139679443,0.08779649633448672
96419.8770368594,0.0855696923803309
96450.62267692435,0.08081334135102643
96481.3683169893,0.07389224779712177
96512.11395705427,0.06520058482157705
96542.85959711924,0.055097294103857226
96573.60523718421,0.04383370252720454
96604.35087724918,0.03183282075080087
96635.09651731413,0.019209435345286397
96696.58779744405,-0.006465169106007154
96727.33343750902,-0.01906070643403282
96758.07907757399,-0.03116340453167938
96788.82471763896,-0.04255629857948548
96819.57035770391,-0.05296661809403887
96850.31599776886,-0.06221086860269413
96881.06163783383,-0.07000338786671528
96911.8072778988,-0.07615952097281642
96942.55291796377,-0.08040002059489502
96973.29855802873,-0.08252769219137171
97004.04419809369,-0.08223441883856669
97034.78983815864,-0.07944996313114246
97065.53547822361,-0.0737234688016474
97096.28111828858,-0.06490668730774538
97127.02675835355,-0.05319276101511526
97157.77239841851,-0.03775913914348887
97188.51803848347,-0.019123120844078544
97219.26367854842,0.002328660393093304
97250.00931861339,0.027205868465634817
97311.50059874333,0.08080881907895354
97342.2462388083,0.10657454768543029
97372.99187887325,0.12771724317777836
97403.7375189382,0.14008280592927014
97434.48315900317,0.13848561766023237
97465.22879906814,0.1181489335803925
97495.9744391331,0.07512997623484526
97526.72007919807,0.012527463521054296
97557.46571926303,-0.06003875584115667
97588.21135932798,-0.1260171851507493
97618.95699939295,-0.16839992734770148
97649.70263945792,-0.17717295643380512
97680.44827952288,-0.15400317885825007
97711.19391958785,-0.1093465965042317
97741.9395596528,-0.05593435168246635
97772.68519971776,-0.004263709842206975
97803.43083978273,0.03924066440024398
97837.75220102337,0.07493956434273981
97872.073562264,0.09706718295145839
97906.39492350465,0.10729251559328487
97940.71628474529,0.10795180099447672
97975.03764598593,0.10137979893127204
98009.35900722657,0.08963451148587098
98043.6803684672,0.07442120651003459
98078.00172970784,0.0570645953988969
98112.32309094848,0.0387208453996891
98146.64445218912,0.020249053863605208
98180.96581342976,0.00221596205923762
98215.2871746704,-0.01480300653202909
98249.60853591104,-0.03034131981354291
98283.92989715168,-0.04409721097763586
98318.25125839232,-0.05585840436321987
98352.57261963296,-0.065389652483201
98386.8939808736,-0.07251246873225528
98421.21534211424,-0.07716463999200633
98455.53670335488,-0.0792276298823175
98489.85806459552,-0.07866514355652567
98524.17942583616,-0.07545101386115798
98558.5007870768,-0.06962990949119849
98592.82214831744,-0.06120506772630616
98627.14350955808,-0.05032923215169087
98661.46487079872,-0.03709471632604332
98695.78623203936,-0.021713395224285417
98730.10759328,-0.004541751363666038
98764.42895452064,0.01417829905403934
98798.75031576128,0.03380104372661454
98833.07167700192,0.053657238253466695
98867.39303824256,0.07292027406077366
98901.7143994832,0.09020041595658163
98936.03576072384,0.10397392454374076
98970.35712196448,0.11225474899422214
99004.67848320512,0.11240162795924849
99038.99984444576,0.041204502009708086
99073.3212056864,0.07684587780620573
99107.64256692704,0.03637343564043635
99141.96392816768,-0.019049416651933868
99176.28528940832,-0.08309638639837483
99210.60665064896,-0.14223412487867212
99244.9280118896,-0.17771555924518193
99279.24937313024,-0.1726236632171282
99313.57073437088,-0.12452889350074
99347.89209561152,-0.048809307612459246
99382.21345685216,0.029818008327005048
99416.5348180928,0.09162303197273504
99450.85617933344,0.12753183560277362
99485.17754057408,0.13856172056705673
99519.49890181472,0.13058389358930306
99553.82026305536,0.11022884958130232
99588.141624296,0.08322264680157028
99622.46298553664,0.05381758618051461
99656.78434677728,0.024856158937407433
99691.10570801792,-0.0018587311128047054
99725.42706925856,-0.02548840000801088
99759.7484304992,-0.04514552121654529
99794.06979173984,-0.06073090235229694
99828.39115298048,-0.07225791849089108
99862.71251422112,-0.07991873680604025
99897.03387546176,-0.08380583815243278
99931.3552367024,-0.08420611784955709
99965.67659794303,-0.08141391091316684
99999.99795918367,-0.07573805184270593
