0.002040816326530612,-0.000033135682010867344
30.671792055962676,-0.05985326624430823
61.341543295598825,-0.10693145637839768
92.01129453523498,-0.13447314487507747
122.68104577487112,-0.14286734023520842
153.35079701450726,-0.13685658709645565
184.02054825414342,-0.12209360745770835
214.69029949377955,-0.10321613505153918
245.3600507334157,-0.08329732143372164
276.02980197305186,-0.06412658769294209
306.699553212688,-0.04665251107224725
337.3693044523242,-0.031069332513246957
368.0390556919603,-0.017618816681983958
398.7088069315964,-0.005960133592455535
429.3785581712326,0.0038663704583878425
460.04830941086874,0.012257540402402687
490.71806065050487,0.01927697918346865
521.387811890141,0.025110798430729366
552.0575631297772,0.029925335352405446
582.7273143694133,0.03392373884385956
613.3970656090495,0.037169825136164576
644.0668168486857,0.03975868042416304
674.7365680883217,0.04170730117443291
705.4063193279579,0.04329376886891408
736.0760705675941,0.04436961375278369
766.7458218072302,0.04506388584704153
797.4155730468664,0.04547000591326988
828.0853242865026,0.04555010509527487
858.7550755261386,0.04537983555267917
889.4248267657748,0.044990796812129585
920.094578005411,0.044389387717456805
950.7643292450471,0.043612304956791366
981.4340804846832,0.042676418987546115
1012.1038317243194,0.041600791462121034
1042.7735829639555,0.04039204264093947
1073.4433342035918,0.03907953869967728
1104.1130854432279,0.037661329476642524
1134.782836682864,0.036157633714390645
1165.4525879225002,0.03457982417380939
1226.7920904017724,0.03122527999161375
1257.4618416414087,0.02945009037874727
1288.1315928810448,0.027650396782593012
1349.4710953603171,0.023920497636575645
1472.1501003188616,0.01618195618722966
1502.8198515584977,0.014217963422268564
1533.489602798134,0.012261563424369872
1594.8291052774061,0.008328838532905261
1717.5081102359509,0.0005885564531731367
1748.177861475587,-0.001297356680512215
1778.847612715223,-0.0031601029337952804
1840.1871151944954,-0.006803741415485294
1962.86612015304,-0.01368796660578801
1996.1156449716777,-0.015439007692202467
2029.3651697903158,-0.017139960470767893
2095.8642194275917,-0.020366174936767192
2129.1137442462295,-0.021887065358678476
2162.3632690648674,-0.0233420068339944
2228.862318702143,-0.026043999916667084
2262.111843520781,-0.027283682245322027
2295.3613683394187,-0.02844843024579986
2328.6108931580566,-0.029534194391883636
2361.8604179766944,-0.03053084777979773
2395.1099427953322,-0.03144568152305956
2428.35946761397,-0.032273890924157986
2461.608992432608,-0.03300570625654154
2494.858517251246,-0.03364382305762501
2528.1080420698845,-0.034186694598895256
2561.3575668885223,-0.034626905264149827
2594.60709170716,-0.034962398446517745
2627.856616525798,-0.0351933797269766
2661.106141344436,-0.03531039700196418
2694.3556661630737,-0.03531435115660338
2727.6051909817115,-0.035207749412896505
2760.8547158003494,-0.03497392673625891
2794.104240618987,-0.03460137981359121
2827.353765437625,-0.034133309125793466
2860.603290256263,-0.03352202267566359
2893.8528150749007,-0.03275111106297338
2927.1023398935386,-0.031856994608182025
2960.3518647121764,-0.030844140274028254
2993.6013895308142,-0.029646532430778
3026.8509143494525,-0.028238599438382563
3060.100439168091,-0.026806704177479955
3093.3499639867287,-0.0251559082548715
3126.5994888053665,-0.023261936317720333
3159.8490136240043,-0.021259483596406163
3193.098538442642,-0.019098595286520914
3226.34806326128,-0.016639861954934623
3292.8471128985557,-0.011328086974375262
3326.0966377171935,-0.008187204415246407
3359.3461625358314,-0.0050874615106724225
3392.595687354469,-0.001558852938651538
3425.845212173107,0.002083925669921237
3459.094736991745,0.0060552457503164825
3492.3442618103827,0.010280353256272978
3558.843311447659,0.019544139896400504
3592.092836266297,0.024452242014352227
3625.342361084935,0.029807511792139096
3691.8414107222106,0.04112660182172652
3725.0909355408485,0.04716830656614768
3758.3404603594863,0.053324588973117905
3824.839509996762,0.06589461843904022
3858.0890348154,0.07191544263246467
3891.3385596340377,0.07748153262178924
3924.5880844526755,0.08203334571257347
3957.8376092713133,0.08500525497500641
3991.087134089951,0.08545287035711804
4024.336658908589,0.08208202589797141
4057.586183727227,0.07313299597419286
4090.835708545865,0.05634663039763854
4121.8818436781985,0.03164461332202313
4152.927978810532,-0.003359268469164317
4183.974113942866,-0.04743252081582682
4215.020249075199,-0.09673599385568155
4246.066384207532,-0.14173528700662014
4277.112519339866,-0.1706414333552706
4308.1586544721995,-0.17448575090832824
4339.204789604533,-0.15269246274875856
4370.250924736867,-0.11326687195716409
4401.2970598692,-0.06764662725170599
4432.343195001533,-0.024592077422961586
4463.389330133867,0.010962499939833913
4494.4354652662005,0.037694565754923366
4525.481600398534,0.056341736321244194
4556.527735530868,0.06833012286490828
4587.573870663201,0.07522633153863346
4618.620005795534,0.07828623324434267
4649.666140927868,0.07868716749627691
4680.7122760602015,0.07714455433576597
4711.758411192535,0.07428924478181291
4742.804546324869,0.07054457858538155
4773.850681457202,0.0662264621348656
4835.942951721869,0.05670215421669861
4866.9890868542025,0.05176841340222014
4898.035221986536,0.04683831950518407
4960.127492251203,0.037198625612057154
5084.312032780537,0.01950123597452526
5115.358167912871,0.015495647925983888
5146.404303045205,0.011672468394988915
5208.496573309872,0.0045298817578169545
5239.5427084422045,0.001194680798052048
5270.588843574538,-0.001962604674285568
5332.681113839206,-0.007780027631244919
5363.72724897154,-0.010449309855924417
5394.773384103873,-0.012961487172272256
5425.819519236205,-0.015335095576841292
5456.865654368539,-0.01753926265631748
5487.911789500873,-0.019626209769064245
5518.957924633207,-0.02153910329169277
5581.050194897874,-0.024985414066268814
5612.096330030206,-0.02652698612316484
5643.14246516254,-0.02790795721603742
5674.188600294874,-0.029183934830505836
5705.234735427208,-0.030313682316692937
5736.280870559542,-0.031344214961173844
5767.327005691875,-0.03223360323302137
5798.373140824207,-0.03301763734197833
5829.419275956541,-0.03368349424436511
5860.465411088875,-0.034228393451050505
5891.511546221209,-0.03467474057443757
5922.557681353543,-0.03500382166102245
5953.6038164858755,-0.03522891191128427
5984.649951618208,-0.03534936936018911
6015.696086750542,-0.0353650390028844
6046.742221882876,-0.03528274008460286
6077.78835701521,-0.035100102811771144
6108.225490216341,-0.034827983566646264
6138.662623417473,-0.03446391276025724
6169.099756618603,-0.03401149040783139
6199.536889819735,-0.03347095884332424
6229.974023020866,-0.03284474822881176
6260.411156221997,-0.03213649980168538
6290.848289423128,-0.03134382808953244
6321.28542262426,-0.030471790787507363
6351.72255582539,-0.029522510317506124
6382.159689026522,-0.028496240114145657
6443.033955428784,-0.026223216198391353
6473.471088629915,-0.024978427949897884
6503.908221831047,-0.023666842910396176
6564.782488233309,-0.020845998784204654
6595.21962143444,-0.019332477956561324
6625.656754635571,-0.01777513777040789
6686.531021037834,-0.014468320416879564
6808.279553842358,-0.007229585759692054
6838.716687043489,-0.005311620416956165
6869.153820244621,-0.003359710732665134
6930.028086646883,0.0007133844712656015
7051.776619451408,0.009151472064957037
7082.2137526525385,0.011280121679296847
7112.65088585367,0.013458709972403624
7173.525152255932,0.017860829033020314
7295.273685060457,0.02656146253537946
7325.710818261588,0.028681930689553017
7356.147951462719,0.030817331283303627
7417.022217864982,0.03487097554658338
7447.4593510661125,0.036843634339189996
7477.896484267244,0.03872685717127361
7538.770750669506,0.04222688199272263
7569.2078838706375,0.04379475439564235
7599.645017071769,0.04524549336346541
7630.0821502728995,0.046533122379916546
7660.519283474031,0.04764629139783322
7690.9564166751625,0.04852611956951359
7721.393549876293,0.04920059643974519
7751.8306830774245,0.049548580171654456
7782.267816278556,0.04960229430933035
7812.704949479687,0.04922062204686954
7843.142082680818,0.04846656021898976
7873.5792158819495,0.047044873953696574
7904.01634908308,0.045209493722183275
7934.4534822842115,0.042331419578967376
7964.890615485343,0.03896884551811913
7995.327748686474,0.03439599524408882
8025.764881887605,0.028485450756625418
8058.7817886677385,0.02080747928004642
8091.798695447871,0.010957137677410474
8124.815602228004,-0.001575647961317636
8157.832509008136,-0.01624660045062014
8190.84941578827,-0.03419857614574568
8223.866322568403,-0.05534575930401978
8256.883229348536,-0.07935444140892156
8289.900136128668,-0.10486183286045464
8322.9170429088,-0.12913815601219475
8355.933949688933,-0.1469325126306752
8388.950856469066,-0.1507735995023713
8421.9677632492,-0.13275607760600722
8454.984670029335,-0.08948511359353885
8488.001576809467,-0.02718614163094598
8521.0184835896,0.03881458561991974
8554.035390369732,0.09208993945407612
8587.052297149865,0.12410943489981645
8620.069203929997,0.13532422647369163
8653.08611071013,0.13116148614961523
8686.103017490264,0.11784472316757726
8719.119924270399,0.10023230722878823
8752.136831050531,0.08149263265389634
8785.153737830664,0.06334531928915557
8818.170644610796,0.046626186285047735
8851.187551390929,0.03179972427731874
8884.204458171062,0.01879539219384537
8917.221364951194,0.007493296183377074
8950.238271731327,-0.0021257202564906735
8983.25517851146,-0.010355479492193221
9016.272085291592,-0.017341025379194037
9049.288992071724,-0.023210377869132135
9082.305898851859,-0.028108719652832653
9115.322805631993,-0.03216222435484309
9148.339712412126,-0.035479414405272344
9181.356619192258,-0.03815316512284094
9214.37352597239,-0.04025237226687184
9247.390432752523,-0.041883342084973574
9280.407339532656,-0.04308263160570103
9313.424246312788,-0.04386164077400402
9346.441153092921,-0.04429512648013416
9379.458059873054,-0.04444589007303833
9412.474966653186,-0.04430562676544986
9445.491873433319,-0.04391412196724971
9478.508780213453,-0.04331143556138817
9511.525686993587,-0.04250760897408302
9544.54259377372,-0.0415269004409724
9577.559500553853,-0.04038085234551235
9610.576407333985,-0.039100164373043575
9643.593314114118,-0.037679733034262565
9676.61022089425,-0.03615508366405259
9742.644034454517,-0.03279471043650328
9775.660941234652,-0.030982895107336813
9808.677848014784,-0.029105468095713224
9874.71166157505,-0.02516104820146799
9907.728568355182,-0.02311375470243352
9940.745475135314,-0.021025458751359492
10006.779288695581,-0.016757516364470988
10138.846915816113,-0.008007392151366676
10169.660432909943,-0.005969552443965617
10200.47395000377,-0.0039128469878053
10262.100984191427,0.00013782897881836956
10385.355052566742,0.008031897210613127
10416.168569660571,0.009933870577811577
10446.982086754399,0.011800296908719497
10508.609120942056,0.015419840547471654
10631.86318931737,0.022095501700290097
10662.6767064112,0.02362233082026829
10693.490223505027,0.02509169667354131
10724.303740598854,0.026499972941352132
10755.117257692684,0.027842771993364622
10785.930774786513,0.029100643778688148
10816.74429188034,0.03029051223523656
10847.557808974168,0.03140702613337289
10878.371326067998,0.032445806860160915
10909.184843161827,0.03338208052487548
10939.998360255655,0.034238025372409796
10970.811877349483,0.03500575373510033
11001.625394443312,0.03567651912098204
11032.438911537141,0.036239414948543505
11063.252428630969,0.03670415361466146
11094.065945724797,0.03706165072462893
11124.879462818626,0.03729959377047489
11155.692979912455,0.037423807042381664
11186.506497006283,0.03743535899217162
11217.32001410011,0.03731393404721202
11248.13353119394,0.03704259530718203
11278.94704828777,0.03665084180481748
11309.760565381597,0.03614034330235949
11340.574082475425,0.03546024032017564
11371.387599569254,0.034587876917394136
11402.201116663084,0.03359516152877352
11433.014633756911,0.032462106196738734
11463.828150850739,0.03110044212193136
11494.641667944568,0.029531342490341263
11525.455185038398,0.027886208588222116
11556.268702132225,0.025955344347877222
11587.082219226053,0.023728744794067672
11617.895736319882,0.02148629667340448
11648.709253413712,0.01887696824276116
11679.52277050754,0.016016934439961467
11710.336287601367,0.013018022354304392
11741.149804695197,0.009546665231700982
11771.963321789026,0.006008571960438854
11802.776838882854,0.0020875746304239405
11864.40387307051,-0.00672732643098305
11895.21739016434,-0.01187425317540228
11926.030907258168,-0.016914428007866876
11987.657941445825,-0.028611131642193675
12018.471458539654,-0.03513954024823676
12049.284975633484,-0.04182080977920033
12110.91200982114,-0.05640560041393047
12144.305300493972,-0.06452185214284602
12177.698591166802,-0.07290014768326435
12211.091881839631,-0.08079139115604479
12244.48517251246,-0.08787983546712283
12277.87846318529,-0.09335675086416509
12311.271753858122,-0.09595021714011921
12344.665044530953,-0.09384436687382931
12378.058335203783,-0.08461337805852512
12411.451625876613,-0.0651838983719478
12444.844916549444,-0.032903752794045796
12478.238207222275,0.013519710960332026
12511.631497895105,0.0699590165135033
12545.024788567935,0.12558479947980633
12578.418079240764,0.16456495705242746
12611.811369913594,0.17473100147163279
12645.204660586425,0.15531797986734336
12678.597951259257,0.11635893125623394
12711.991241932086,0.07089724153884411
12745.384532604916,0.02869513279338376
12778.777823277745,-0.005818286980864715
12812.171113950575,-0.031687142265236064
12845.564404623407,-0.04978318680723904
12878.957695296238,-0.061650028503566615
12912.350985969068,-0.06864076712076723
12945.744276641897,-0.07208911156056624
12979.137567314729,-0.07295398527755756
13012.53085798756,-0.07198205199752641
13045.92414866039,-0.06971589529758083
13079.31743933322,-0.0665526618098025
13112.710730006049,-0.06276683798063193
13146.104020678878,-0.05858261545515907
13179.49731135171,-0.05413735886148042
13212.890602024541,-0.049524188713124445
13246.28389269737,-0.04489289183427697
13313.07047404303,-0.03569547980354159
13346.46376471586,-0.031164394299941563
13379.857055388691,-0.026772787318147022
13446.643636734352,-0.01836196743398549
13480.036927407182,-0.014336178022088185
13513.430218080013,-0.01053612828588844
13580.216799425674,-0.0032600980168842222
13613.610090098504,0.00011871886559623518
13647.003380771333,0.003363947280641725
13713.789962116995,0.009339239047647248
13747.183252789826,0.01208342918398084
13780.576543462656,0.014676565924324807
13813.969834135485,0.01712611112821454
13847.363124808315,0.019380869132983272
13880.756415481144,0.021549227843297436
13914.149706153976,0.023515137855673746
13947.542996826807,0.02535386787190354
13980.936287499637,0.027038098536995014
14014.329578172466,0.0285637046871281
14047.722868845298,0.02996426787051524
14081.11615951813,0.03119843352756831
14114.509450190959,0.03231094753497084
14147.902740863788,0.033270478779786686
14181.296031536618,0.03409345008588903
14214.689322209448,0.03478008405996555
14248.08261288228,0.03532575863371039
14280.866901623907,0.03573658181550205
14313.651190365534,0.03601484457031775
14346.435479107162,0.03616862495591708
14379.21976784879,0.0361961969268472
14412.004056590418,0.03610057360359412
14444.788345332046,0.035882816708041804
14477.572634073675,0.03554414282147736
14510.356922815303,0.03508778464850257
14543.141211556931,0.034513657352765764
14575.92550029856,0.03382413990096364
14608.709789040187,0.03302105158428901
14641.494077781816,0.032105088551319015
14674.278366523444,0.031082126343528152
14707.062655265072,0.029949641219664386
14739.846944006698,0.028707576551061296
14772.631232748327,0.02736545479473705
14805.415521489955,0.025924217872871275
14838.199810231581,0.024376137287827542
14903.768387714837,0.020998245705231698
14936.552676456466,0.019168635536707637
14969.336965198094,0.01723285629725729
15034.90554268135,0.013147721518164544
15067.689831422978,0.01096140256540954
15100.474120164607,0.00867861419348689
15166.042697647863,0.003982524090456848
15297.179852614374,-0.006287794970165232
15329.964141356002,-0.009044993084892448
15362.748430097628,-0.011719324138691742
15428.317007580885,-0.017380038722636527
15559.454162547398,-0.028821575305085792
15592.238451289026,-0.031587529270263405
15625.022740030654,-0.0344269965070469
15690.59131751391,-0.03986017967020857
15723.375606255539,-0.04251617639123742
15756.159894997167,-0.044983117340757106
15788.944183738793,-0.047335056755477334
15821.728472480421,-0.049502715461633484
15854.51276122205,-0.05143704351582799
15887.297049963676,-0.053083289589538944
15920.081338705304,-0.0544111883609132
15952.865627446932,-0.055257729712013356
15985.64991618856,-0.0556585204442743
16018.434204930189,-0.05525805356033551
16051.218493671817,-0.054310429847280135
16084.002782413445,-0.052131588493027674
16116.787071155073,-0.0489607954990323
16149.571359896701,-0.044170826755737476
16182.35564863833,-0.037312541374301775
16215.139937379958,-0.028650727220848653
16247.924226121586,-0.016958217992893432
16280.708514863214,-0.0016423202116399391
16313.49280360484,0.017183756537398787
16346.277092346469,0.0403357006461509
16376.857991401794,0.06572926062915063
16407.438890457117,0.09380973231065536
16438.01978951244,0.12223066202434987
16468.600688567763,0.1464900974453729
16499.181587623087,0.1599444270840097
16529.76248667841,0.15491034896460165
16560.343385733733,0.12643769506868063
16590.924284789056,0.0766180799314029
16621.50518384438,0.015608231557004536
16652.086082899703,-0.042409610786830046
16682.666981955026,-0.08703008822241355
16713.24788101035,-0.11421771536579821
16743.828780065673,-0.1254244997118727
16774.409679120996,-0.12478291595190019
16804.990578176323,-0.11657291380261953
16835.571477231646,-0.10416580956865974
16866.15237628697,-0.08989898995384274
16896.733275342296,-0.0752058835957291
16927.31417439762,-0.061029954417808834
16957.895073452943,-0.04779741527612536
16988.475972508266,-0.03558822393322545
17019.05687156359,-0.02461471971058062
17049.637770618912,-0.01473607664978505
17080.218669674236,-0.0060937002934168824
17110.79956872956,0.0015104141463573983
17141.380467784882,0.008428723239960507
17171.961366840205,0.01435610431522974
17202.54226589553,0.0194434417327122
17233.12316495085,0.024013366372179545
17263.704064006175,0.027915832489878164
17294.2849630615,0.031201222366603644
17324.86586211682,0.03402977472315103
17355.446761172145,0.03643099932606515
17386.027660227468,0.03837847280686845
17416.60855928279,0.03994469705729395
17447.189458338114,0.04122146722327767
17477.770357393438,0.042150033550474385
17508.35125644876,0.04279853445241195
17538.932155504088,0.04320347991193304
17569.51305455941,0.04335224223765108
17600.093953614734,0.043292729714043875
17630.67485267006,0.043031298330154844
17661.255751725384,0.042579869550852585
17691.836650780708,0.04196256666580378
17722.41754983603,0.04118725345023402
17752.998448891354,0.04026432795730744
17783.579347946677,0.03921265484930786
17814.160247002,0.0380314300661098
17844.741146057324,0.03674587083577488
17875.322045112647,0.03534466984822349
17936.483843223294,0.032275014529014254
17967.064742278617,0.030626060131668402
17997.64564133394,0.028884929350775718
18058.807439444587,0.025230271929112248
18089.38833849991,0.023323046958028434
18119.969237555233,0.021362020272251515
18181.13103566588,0.01733352756332977
18303.454631887176,0.00891946418334563
18336.615304521503,0.006597769522914894
18369.775977155827,0.0042732386868502645
18436.09732242448,-0.0003836775650893527
18568.74001296178,-0.009523176848000147
18601.900685596105,-0.011739222407287652
18635.061358230432,-0.013925220738546035
18701.382703499083,-0.018132332832142127
18734.543376133406,-0.020165113653564985
18767.704048767733,-0.02214566484449505
18834.025394036384,-0.025858813225435755
18867.186066670707,-0.027616215979851592
18900.346739305034,-0.02929560552978456
18933.50741193936,-0.03085305441490409
18966.668084573685,-0.032329282398444986
18999.828757208008,-0.03371190058059687
19032.989429842335,-0.03498547986978947
19066.150102476662,-0.03611572763968338
19099.310775110986,-0.03713797052784546
19132.47144774531,-0.038032875472489076
19165.632120379636,-0.03877804607046574
19198.792793013963,-0.03937410282909634
19231.953465648287,-0.03981723671460044
19265.11413828261,-0.040078410472236974
19298.274810916937,-0.04018314753033558
19331.435483551264,-0.04009255429389718
19364.596156185587,-0.03976671195296872
19397.75682881991,-0.03928733111864662
19430.917501454238,-0.03854698460509737
19464.078174088565,-0.03755932433171401
19497.23884672289,-0.03635526924600545
19530.399519357212,-0.034783858310591956
19563.56019199154,-0.03305081516703151
19596.720864625866,-0.030916696999737203
19629.88153726019,-0.028448392153701568
19663.042209894513,-0.025664480643286976
19696.20288252884,-0.022437090609328927
19729.363555163167,-0.01884604831108208
19762.52422779749,-0.014745131567030542
19795.684900431814,-0.010221833054058709
19828.84557306614,-0.005116971979485209
19862.006245700468,0.0005852386604031888
19895.16691833479,0.006738327619308856
19928.327590969115,0.013743437664125708
19961.48826360344,0.02131512011371181
19994.64893623777,0.029564372918432023
20027.809608872092,0.038633473397900624
20060.970281506416,0.048512306983714816
20094.130954140743,0.058856727196479816
20160.452299409393,0.08064790645678721
20193.612972043717,0.09128785291956171
20226.773644678044,0.10053438737229597
20259.93431731237,0.10686547857138193
20293.094989946694,0.10803482585334966
20326.25566258102,0.10081417432437037
20359.41633521535,0.0813028734580537
20392.57700784967,0.04600231717604801
20425.737680484,-0.005385200422752735
20456.69496343202,-0.06325751401922677
20487.652246380043,-0.11860956762612927
20518.609529328063,-0.15795178548727773
20549.566812276084,-0.17196199891117414
20580.524095224104,-0.16065218908934537
20611.481378172124,-0.13162966076955765
20642.438661120144,-0.09468372313269006
20673.395944068165,-0.057550689264077914
20704.353227016185,-0.024604651977225882
20735.310509964205,0.002449246540381327
20766.26779291223,0.023509107512528396
20797.22507586025,0.03918969942922927
20828.18235880827,0.05050881435206074
20859.139641756294,0.058192621714981005
20890.096924704314,0.06312121680892444
20921.054207652334,0.06587152880597422
20952.011490600355,0.0669266041188015
20982.968773548375,0.06670182596267386
21013.9260564964,0.06550292730688279
21044.88333944442,0.06356624508941734
21075.84062239244,0.061074370786533605
21106.797905340463,0.05817252347257766
21137.755188288484,0.05496153674589614
21168.712471236504,0.051510891702293726
21199.669754184524,0.04793349048221608
21230.627037132545,0.04427724631153225
21292.541603028585,0.03674138031861564
21416.37073482067,0.02193664548290703
21447.32801776869,0.018374165456427068
21478.285300716714,0.014888809954477895
21540.199866612755,0.00818435524898071
21571.157149560775,0.00497740008937151
21602.114432508795,0.0018706206470527498
21664.028998404836,-0.004019268450795222
21694.986281352856,-0.006796641157228802
21725.943564300876,-0.009462081920576093
21787.85813019692,-0.0144412492686226
21818.81541314494,-0.016752303067079897
21849.772696092965,-0.018939914588108283
21911.687261989005,-0.022955853428178123
21942.644544937026,-0.024789911175626744
21973.601827885046,-0.026498104853139783
22004.55911083307,-0.028063178572162794
22035.51639378109,-0.0295279543827853
22066.47367672911,-0.030859281574901122
22097.430959677135,-0.032055303005384235
22128.388242625155,-0.033144242579469026
22159.345525573175,-0.03409896723111911
22190.302808521195,-0.03492613788054395
22221.260091469216,-0.03563437536090054
22252.217374417236,-0.036213424669676905
22283.174657365256,-0.036667844139912635
22314.131940313277,-0.03699838983171967
22345.089223261297,-0.037203147999258376
22376.04650620932,-0.0372838344696398
22407.00378915734,-0.0372401284189993
22437.352070174158,-0.037076948033835294
22467.70035119098,-0.036794637935909605
22498.048632207796,-0.036395123695165905
22528.396913224613,-0.03587737071880271
22558.745194241434,-0.03524026797708006
22589.09347525825,-0.034484194188172786
22619.441756275068,-0.033620112217834765
22649.79003729189,-0.0326377915683857
22680.13831830871,-0.031534414985246305
22710.486599325526,-0.030305972327176602
22740.834880342343,-0.028993427833993873
22771.183161359164,-0.027560724371220265
22801.531442375985,-0.026003512021405707
22831.8797233928,-0.024317892419348393
22892.57628542644,-0.020700408116602637
22922.92456644326,-0.01870801495974632
22953.272847460077,-0.0165811195321184
23013.969409493715,-0.012131774430573963
23044.317690510536,-0.009731771083015477
23074.665971527353,-0.007189353255935558
23135.36253356099,-0.001961789557105462
23165.71081457781,0.0008041259823830271
23196.059095594628,0.0037218483887991017
23256.755657628266,0.009649670017075439
23378.148781695538,0.022396203049522653
23408.497062712355,0.025785039859273755
23438.845343729176,0.029174411926908412
23499.54190576281,0.03590115160639636
23529.89018677963,0.039260577040386366
23560.238467796447,0.04254469162022867
23620.935029830085,0.04900294605979369
23651.283310846906,0.05205636583150524
23681.631591863723,0.05490047223389188
23711.97987288054,0.057500509438648276
23742.32815389736,0.05977409771414324
23772.67643491418,0.06164471571720659
23803.024715931,0.06291872087960514
23833.372996947815,0.06359604081333622
23863.721277964636,0.0631875340920873
23894.069558981457,0.061985043277921176
23924.417839998274,0.05898722883336974
23954.76612101509,0.05455531058967522
23985.11440203191,0.04751764486190342
24015.462683048732,0.0378216525698174
24045.81096406555,0.02455065077599028
24076.159245082366,0.006943129269184237
24106.507526099187,-0.01544165372113232
24136.855807116008,-0.042956843901145486
24167.204088132825,-0.07505730845530102
24197.552369149642,-0.10956297524650192
24227.900650166463,-0.14170669910992922
24258.24893118328,-0.1640600019043485
24288.597212200097,-0.1678588598145169
24318.945493216917,-0.14695311766117106
24349.293774233734,-0.10268865261745068
24382.221828829555,-0.039776363813367854
24415.149883425373,0.02189905555265291
24448.077938021193,0.0697574536066039
24481.005992617014,0.09963642655558644
24513.934047212835,0.11333956683782467
24546.862101808656,0.11521137220498501
24579.790156404477,0.10946548437902033
24612.718211000298,0.09940716637038752
24645.64626559612,0.08723789621215436
24678.57432019194,0.07449127180668222
24711.502374787757,0.06177350814044549
24744.430429383578,0.049624923612043105
24777.3584839794,0.038314710390873655
24810.286538575216,0.02796304525280923
24843.214593171037,0.01858667914860005
24876.142647766857,0.010131771657436
24909.07070236268,0.0025443526864126
24941.9987569585,-0.004265130697840874
24974.92681155432,-0.010308119766057913
25007.85486615014,-0.015658233574113067
25040.78292074596,-0.020373187083032755
25073.710975341783,-0.02453088105337066
25106.6390299376,-0.02811608971061294
25139.56708453342,-0.031180915282532994
25172.49513912924,-0.03386895687863519
25205.42319372506,-0.03611753465211748
25238.35124832088,-0.03795982764296291
25271.2793029167,-0.039455006475193594
25304.20735751252,-0.04064278904065851
25337.135412108342,-0.041511174848709406
25370.063466704163,-0.042091609633478355
25402.991521299984,-0.04242206051660691
25435.919575895805,-0.04249355172005853
25468.847630491626,-0.04235043206671957
25501.775685087447,-0.041984249948813196
25534.703739683267,-0.041426138404667245
25567.63179427909,-0.04068085905087325
25600.55984887491,-0.03976011620358287
25633.487903470726,-0.038681844442257855
25666.415958066547,-0.037448614071992584
25699.34401266237,-0.036079741583467086
25732.272067258185,-0.034573159958147574
25798.128176449827,-0.031216652669754107
25831.056231045648,-0.029379746130906437
25863.98428564147,-0.027448457858598844
25929.84039483311,-0.02332942886710956
25962.76844942893,-0.021148833365627527
25995.696504024752,-0.018911527406379528
26061.552613216394,-0.014267970023211392
26193.264831599674,-0.004512589907745153
26456.689268366237,0.015347505760067446
26487.413933275755,0.01756684586694972
26518.13859818527,0.019758698081380904
26579.5879280043,0.023975839730825992
26610.31259291382,0.025998539844902826
26641.037257823333,0.02797092306478871
26702.486587642365,0.031653540172087886
26733.211252551882,0.033372370716547556
26763.935917461396,0.03500983066181585
26794.66058237091,0.03653121943543715
26825.38524728043,0.03791868490391046
26856.109912189946,0.03920593870692096
26886.83457709946,0.04036632532984018
26917.559242008974,0.04136477570694777
26948.283906918492,0.04221581359922371
26979.00857182801,0.04290322534346939
27009.733236737524,0.0433988722961364
27040.457901647038,0.04372110174215353
27071.182566556556,0.04381597108965504
27101.907231466073,0.04367112324111606
27132.631896375588,0.04332289724111946
27163.3565612851,0.04264839706513
27194.08122619462,0.0417499537497112
27224.805891104137,0.040504800967944773
27255.53055601365,0.03886839681857845
27286.255220923165,0.03699154551340732
27316.979885832683,0.03452033993283434
27347.7045507422,0.031799046205744155
27378.429215651715,0.02842345284577433
27409.15388056123,0.024682424420297614
27439.878545470747,0.020128100294894504
27470.603210380264,0.0152085018582218
27501.32787528978,0.009233331492437262
27532.052540199293,0.0028479433403791957
27562.77720510881,-0.004650752116140876
27593.50187001833,-0.01300849884418498
27624.226534927842,-0.022217119604007178
27654.951199837356,-0.03278964799012392
27685.675864746874,-0.04411862575131614
27716.400529656392,-0.056522747724144784
27747.125194565906,-0.06989265696281557
27777.84985947542,-0.08384135867816052
27808.574524384938,-0.09742445474700022
27839.299189294456,-0.10982261115950415
27870.02385420397,-0.11911170574925718
27900.748519113484,-0.12255104564289096
27931.473184023,-0.11635035186058164
27962.19784893252,-0.09642822051270157
27992.922513842033,-0.059818558605192654
28023.647178751547,-0.006704934195906804
28054.371843661065,0.05507713200730234
28085.096508570583,0.11248280000592199
28115.821173480097,0.15176685452299063
28146.54583838961,0.1657970405172946
28177.27050329913,0.15674784699843775
28207.995168208647,0.13228351000655433
28238.71983311816,0.10082170930789838
28269.444498027675,0.06861844255239535
28300.169162937193,0.039175642281006104
28330.89382784671,0.014125793896210055
28361.618492756228,-0.006378690039618294
28392.343157665746,-0.022490147679401655
28423.06782257526,-0.035052847011737526
28456.372261063778,-0.045090777375243925
28489.676699552292,-0.05213490741370354
28522.98113804081,-0.05678913365236142
28556.285576529328,-0.05969053847608749
28589.590015017846,-0.06109425590800599
28622.894453506364,-0.061318039981130605
28656.19889199488,-0.060624237685379945
28689.5033304834,-0.059215250390642134
28722.807768971918,-0.05724190583418491
28756.112207460435,-0.054826212456430004
28789.416645948953,-0.052068971217636914
28822.72108443747,-0.04903572401118262
28856.02552292599,-0.04579203875181667
28889.329961414507,-0.04241744226535638
28955.938838391543,-0.035360512227952265
28989.24327688006,-0.03175080078373496
29022.54771536858,-0.02814094460553572
29089.156592345615,-0.020894451304710168
29222.374346299686,-0.006968488241870232
29255.678784788204,-0.003676224103609684
29288.983223276722,-0.00044285793923275066
29355.592100253758,0.005706523997619405
29388.896538742276,0.008627782323494995
29422.200977230794,0.011431441413064652
29488.80985420783,0.016701529809555447
29522.114292696348,0.019134558745086745
29555.418731184865,0.021465944298960777
29588.723169673383,0.0236421025874106
29622.0276081619,0.025695331372468502
29655.33204665042,0.027607586456211676
29688.636485138937,0.02936666759144315
29721.940923627455,0.03100016234881481
29755.245362115973,0.032475146132931766
29788.54980060449,0.0338033616773845
29821.85423909301,0.03497955944094615
29855.158677581527,0.03599947194527269
29888.463116070045,0.03686566742228118
29921.767554558563,0.03757208398677278
29955.07199304708,0.0381187901435657
29988.376431535595,0.03850144221711463
30021.680870024113,0.03872153263971535
30054.98530851263,0.03877522542807191
30088.289747001145,0.03865952003400469
30121.594185489663,0.0383785456439295
30154.89862397818,0.037925204728404445
30188.2030624667,0.037292043749445704
30221.507500955217,0.03649376839863016
30254.811939443734,0.03552581394747334
30288.116377932252,0.034369343714670236
30321.42081642077,0.03301359592410554
30354.72525490929,0.03152856091711686
30388.029693397806,0.029849692036422376
30421.334131886324,0.027958285353743863
30454.638570374842,0.025870578445377913
30487.94300886336,0.02368497800088338
30554.551885840396,0.018608716774363016
30587.24732239771,0.015874271322933557
30619.942758955025,0.012997814584569362
30685.333632069658,0.00658183528834742
30718.029068626973,0.0031766399312026933
30750.72450518429,-0.0005255149905946128
30816.11537829892,-0.008250608359436935
30848.810814856235,-0.012472327275319543
30881.50625141355,-0.016666632966013957
30946.89712452818,-0.025702215677769775
31077.67887075744,-0.04500853785673659
31110.374307314756,-0.04993172936014653
31143.069743872074,-0.05468947685456663
31175.76518042939,-0.05938157056576228
31208.460616986704,-0.06367226175238769
31241.15605354402,-0.06756278594403507
31273.851490101333,-0.07078192917324233
31306.546926658648,-0.0730481713944264
31339.242363215963,-0.07391960615139331
31371.937799773277,-0.07288401400349541
31404.633236330592,-0.0694436252750976
31437.32867288791,-0.06232164730558019
31470.024109445225,-0.050475227325446695
31502.71954600254,-0.03287703469941518
31535.414982559858,-0.00783458341974774
31568.110419117173,0.025369391952646286
31600.805855674487,0.06627429196059728
31633.501292231802,0.11085637127201016
31666.196728789117,0.1509115614946774
31698.892165346435,0.1739748299211648
31731.58760190375,0.1688923646375979
31764.283038461064,0.13337304179889298
31796.978475018383,0.0774187287590436
31829.673911575697,0.017103780746578146
31862.369348133012,-0.03403064120697478
31895.064784690327,-0.07057622010697709
31927.76022124764,-0.09231039006556194
31960.45565780496,-0.10227357958832893
31993.151094362274,-0.10380524790030131
32025.84653091959,-0.0998560672895376
32058.541967476907,-0.0925965776937449
32091.237404034222,-0.08351129101642572
32123.932840591537,-0.07362573981615458
32156.62827714885,-0.06345801524846473
32189.323713706166,-0.05350776891049841
32222.019150263484,-0.04389060936697786
32254.7145868208,-0.034849530040477736
32287.410023378114,-0.02646364496977298
32320.105459935432,-0.018618263359507083
32352.800896492747,-0.011293391857644804
32385.49633305006,-0.004642353829288689
32418.191769607376,0.0013915277374727149
32450.88720616469,0.006937512019690657
32483.582642722005,0.01201046762392122
32516.27807927932,0.016549599698243447
32548.973515836635,0.020604161208082707
32581.66895239395,0.0242641606415156
32614.364388951268,0.027541002811839632
32647.059825508582,0.030367591066221007
32677.55187237959,0.032736924220047564
32708.043919250602,0.034771710436639694
32738.535966121613,0.036532828062933814
32769.028012992625,0.03802987860509739
32799.52005986364,0.03925395427407696
32830.01210673465,0.04025826918591458
32860.50415360566,0.041004494560169504
32890.99620047667,0.04155712450448963
32921.48824734768,0.041881448904648864
32951.980294218694,0.04201602443033886
32982.472341089706,0.04194795976412705
33012.96438796072,0.04170764032503671
33043.45643483173,0.04128716866669229
33073.94848170274,0.04070375666138741
33104.440528573745,0.039958691246692504
33134.93257544476,0.03906751322456696
33165.42462231577,0.03802668919399989
33195.91666918677,0.0368519565191621
33226.408716057784,0.035548487493131165
33256.900762928795,0.03411692793732527
33287.39280979981,0.032576690414928916
33317.88485667082,0.030914709223553695
33378.86895041284,0.02729438431195862
33409.36099728385,0.025338452012307895
33439.853044154865,0.023300833746740968
33500.83713789689,0.01898466097198991
33622.805325380934,0.009575175226435476
33653.297372251945,0.007093576026348419
33683.78941912296,0.004566109775494927
33744.77351286498,-0.0005550008098900612
33866.74170034902,-0.011008928429230213
33897.23374722003,-0.013646056323839343
33927.725794091035,-0.016212368151178852
33988.70988783306,-0.021347122600434768
34110.678075317104,-0.031039958461539913
34141.170122188116,-0.03326591459713341
34171.66216905913,-0.03540929215539497
34202.15421593014,-0.03748246317379056
34232.64626280115,-0.0394257293977384
34263.13830967216,-0.04121265926783058
34293.63035654317,-0.042886752991005625
34324.122403414185,-0.044392533302873585
34354.6144502852,-0.04569314745415138
34385.10649715621,-0.046810860412783914
34415.59854402722,-0.04768568981185459
34446.09059089823,-0.048330928956348315
34476.58263776924,-0.04866402081995212
34507.074684640254,-0.04870654923998638
34537.566731511266,-0.04841437905474292
34568.05877838227,-0.04760913356654589
34598.55082525328,-0.04655638096394172
34631.62264570329,-0.0446555587445761
34664.694466153305,-0.04230271578130786
34697.76628660332,-0.03893688725467774
34730.838107053336,-0.034987558480695104
34763.90992750335,-0.029917860949613802
34796.98174795336,-0.023614848745653075
34830.05356840337,-0.016327315034536768
34863.12538885338,-0.0072828791081487616
34896.1972093034,0.0034086533015718207
34929.26902975341,0.015675812417661437
34962.34085020343,0.030044176506430927
34995.41267065344,0.04664975315842793
35028.484491103445,0.06525079658609038
35061.55631155346,0.08500418255285203
35094.628132003476,0.10521765943440566
35127.69995245349,0.12338732869121458
35160.77177290351,0.13562625849678783
35193.843593353515,0.13607186278329014
35226.91541380352,0.11807393854080916
35259.98723425354,0.07651033193466023
35293.05905470355,0.014391742413641516
35326.13087515357,-0.05565326314115798
35359.202695603584,-0.1148464851002172
35392.27451605359,-0.1491937240053429
35425.3463365036,-0.15610529585306915
35458.418156953616,-0.14240030343914692
35491.48997740363,-0.11730750373557784
35524.56179785365,-0.08830742155467569
35557.63361830366,-0.060072417817767086
35590.70543875367,-0.03477493422851097
35623.77725920368,-0.013330412774085275
35656.84907965369,0.0043729491162108666
35689.92090010371,0.01852247436470681
35722.99272055372,0.029682702859331098
35756.064541003725,0.03839584200750977
35789.13636145374,0.044954692505561236
35822.208181903756,0.04970521606207219
35855.28000235377,0.0528992566406342
35888.35182280379,0.05510146718731163
35921.423643253795,0.05620763075470808
35954.4954637038,0.05651013700582246
35987.56728415382,0.056118987602407674
36020.63910460383,0.05515565949102082
36053.71092505385,0.05371596671222002
36086.782745503864,0.05187417679438687
36119.85456595387,0.04971448227028387
36152.92638640388,0.04727291393259674
36185.998206853896,0.04460133182754743
36219.07002730391,0.04176882743006452
36252.14184775392,0.0387614977241183
36318.28548865394,0.03246124261179634
36450.572770454,0.019125051446523537
36483.644590904005,0.015768008242237317
36516.71641135402,0.012433375047300854
36582.86005225405,0.005853494496258433
36715.1473340541,-0.00670388759353724
36746.01576481781,-0.009435157590716402
36776.884195581515,-0.012117910801274813
36838.62105710893,-0.017183883057358976
36869.48948787264,-0.019581193129952
36900.35791863635,-0.02186481955560895
36962.09478016377,-0.026125733271394492
36992.963210927475,-0.02807800757464369
37023.831641691184,-0.029914575022307238
37054.70007245489,-0.0316227829742938
37085.5685032186,-0.03319992874828776
37116.43693398231,-0.03464269030606568
37147.30536474602,-0.035944716749067136
37178.17379550973,-0.03710597196749393
37209.042226273436,-0.03812109481396437
37239.910657037144,-0.03898027142120352
37270.77908780085,-0.039684549939420846
37301.64751856456,-0.04023165583096636
37332.51594932827,-0.04061250682719526
37363.38438009198,-0.040823161405338496
37394.25281085569,-0.04086610826576674
37425.121241619396,-0.040729119213649786
37455.989672383104,-0.04039655527960934
37486.85810314681,-0.0399043020902421
37517.72653391052,-0.03921815636047553
37548.59496467423,-0.03831992903979366
37579.46339543794,-0.03720369549107753
37610.33182620165,-0.03594553958263958
37641.200256965356,-0.034453759575437615
37672.06868772906,-0.03270472987088739
37702.937118492766,-0.03074198184606709
37733.805549256474,-0.028646175866843766
37764.673980020176,-0.026258016126310627
37795.542410783884,-0.023551063453705633
37826.41084154759,-0.020692828491416376
37857.2792723113,-0.017674805369766247
37888.14770307501,-0.014280970949015937
37949.88456460243,-0.006734220473696184
37980.752995366136,-0.0026213531784714016
38011.621426129845,0.0019621784073314322
38042.48985689355,0.006550900537968679
38073.35828765726,0.011476130389939818
38104.22671842097,0.01694359875778732
38135.09514918468,0.022301320561853466
38196.832010712096,0.034209404277872286
38227.700441475805,0.04031090389733615
38258.56887223951,0.04696510906401642
38320.30573376693,0.05996968892264525
38351.17416453064,0.06624261793369098
38382.04259529435,0.07251315391029732
38412.91102605806,0.07799042398456038
38443.779456821765,0.08266686373700094
38474.647887585474,0.08590921539415525
38505.51631834918,0.08676118005467887
38536.38474911289,0.08491098427799465
38567.2531798766,0.07827237573309004
38598.12161064031,0.06568446319496427
38628.99004140402,0.04519451375523732
38659.858472167725,0.015235437335487115
38690.726902931434,-0.024704178346322075
38724.175107274146,-0.07678948615440694
38757.62331161686,-0.12954939673835913
38791.07151595957,-0.16840294112672638
38824.519720302276,-0.17859982296611976
38857.96792464498,-0.1551354758260838
38891.416128987694,-0.10671056648807278
38924.864333330406,-0.0500108581667242
38958.31253767312,0.0016511870666130347
38991.76074201583,0.04135125709643006
39025.208946358536,0.06809052773607809
39058.65715070124,0.08373916803133094
39092.105355043954,0.09096167345917602
39125.553559386666,0.09224804857819142
39159.00176372938,0.08958759227951454
39192.44996807209,0.08437309338370595
39225.898172414796,0.07762160128256262
39259.3463767575,0.06998279309631462
39292.794581100214,0.06203365969135209
39359.69098978564,0.04582260843903696
39393.13919412835,0.038078113718210065
39426.587398471056,0.03073023875924038
39493.48380715647,0.016787839382208885
39526.932011499186,0.010523454864369054
39560.3802158419,0.0046455902312806
39593.82842018461,-0.000898969290327057
39627.276624527316,-0.005990919370316469
39660.72482887002,-0.01065671962746362
39694.17303321273,-0.015027034223916524
39727.621237555446,-0.01898450989372767
39761.06944189816,-0.022567018671331207
39794.51764624087,-0.025859752568192146
39827.96585058358,-0.028765510720389152
39861.414054926296,-0.03138843787352068
39894.862259269,-0.03368609804918659
39928.310463611706,-0.035669813747442485
39961.75866795442,-0.037389370177245064
39995.20687229713,-0.038803951181522
40028.65507663984,-0.03996771479018105
40062.103280982556,-0.04084155381324964
40095.55148532526,-0.04149033075214721
40128.999689667966,-0.04187414289798555
40162.44789401068,-0.04202779964082676
40195.89609835339,-0.04194670636154338
40229.3443026961,-0.0416446631717428
40262.792507038816,-0.04112559568444056
40296.24071138152,-0.04040174490634923
40329.688915724226,-0.03947181597492158
40363.13712006694,-0.03835223609734234
40396.58532440965,-0.03704320332515847
40430.03352875236,-0.03555573946484719
40463.481733095075,-0.03389502321707999
40496.92993743778,-0.03206843241857304
40563.8263461232,-0.027944788002757553
40597.27455046591,-0.02566891977735499
40630.72275480862,-0.023253116106599758
40697.61916349404,-0.018035553200446388
40831.41198086488,-0.006314515654061206
40864.25118327639,-0.003209342048347874
40897.0903856879,-0.000015155773813558355
40962.76879051091,0.0064389277403015
41094.12560015694,0.019811331212125766
41126.96480256845,0.023157757204477297
41159.80400497996,0.026418989664496555
41225.48240980298,0.032965268000750336
41258.32161221449,0.03601561381019294
41291.160814626,0.03904544744128484
41356.83921944901,0.04461751262138498
41389.67842186052,0.04716834869372791
41422.51762427202,0.04942440289757974
41455.35682668353,0.05143508258996174
41488.19602909504,0.05309573630105256
41521.03523150655,0.05438597374908339
41553.874433918056,0.05516842410595267
41586.713636329565,0.0554807929769575
41619.552838741074,0.05500795586657518
41652.39204115258,0.05394491977836806
41685.23124356409,0.05183508037319858
41718.070445975594,0.04870275589206394
41750.9096483871,0.04432436431676
41783.74885079861,0.03814130574282128
41816.588053210115,0.030538442030888242
41849.427255621624,0.020599021243362818
41882.26645803313,0.007905211674257187
41915.10566044464,-0.007450639450241867
41947.94486285615,-0.025961825707280124
41980.78406526765,-0.048088181735739643
42013.62326767916,-0.07322850643411778
42046.46247009067,-0.10022733619561255
42079.30167250217,-0.12626091446386864
42112.14087491368,-0.1463187014977918
42144.98007732519,-0.1526097392737883
42177.8192797367,-0.13671986912042303
42210.65848214821,-0.09371243766301919
42243.49768455972,-0.02888152055488661
42276.33688697123,0.04188256238808932
42309.17608938274,0.09999792285048148
42342.01529179425,0.13438884268069518
42374.85449420575,0.14462508453861156
42407.69369661726,0.13701898990784792
42440.53289902877,0.11906507271126074
42473.37210144027,0.09663232261435216
42506.21130385178,0.07346215694616667
42539.05050626329,0.05164821535632282
42571.8897086748,0.03210150703234622
42604.728911086306,0.015178334520423123
42637.568113497815,0.0006803731185907741
42670.407315909324,-0.011354946230254417
42703.24651832083,-0.02151072380120424
42736.08572073234,-0.029625240830243343
42768.924923143844,-0.03612742783529237
42801.76412555535,-0.04144820642253986
42834.60332796686,-0.045468914539494934
42867.442530378365,-0.0484369588340942
42900.281732789874,-0.05054801023328188
42933.12093520138,-0.05192885345329759
42963.756747926585,-0.052589814046065636
42994.39256065179,-0.05272841943567236
43025.02837337699,-0.05243378166483454
43055.66418610219,-0.05174844312842179
43086.299998827395,-0.05070825720406194
43116.9358115526,-0.049364062807375264
43147.5716242778,-0.047755961930018916
43178.20743700301,-0.04590319801521494
43208.84324972822,-0.04384586882882832
43239.47906245342,-0.041612957481821825
43300.75068790383,-0.036681390831688004
43331.38650062903,-0.034012760095620334
43362.02231335423,-0.03126513837020074
43423.293938804636,-0.0255299285916765
43453.92975152984,-0.022533217760228395
43484.56556425504,-0.01953247222080294
43545.837189705446,-0.013424274827463233
43668.38044060626,-0.001207912088328962
43699.01625333147,0.0017934277548100706
43729.652066056675,0.004751200376481409
43790.92369150708,0.010520448107586195
43913.46694240789,0.021230164603615126
43944.10275513309,0.023683671201136833
43974.738567858294,0.026035577645283504
44005.3743805835,0.028279472931592352
44036.0101933087,0.030400479992685206
44066.6460060339,0.0323960847952002
44097.281818759104,0.03426447401623572
44127.917631484306,0.03598770942783591
44158.553444209516,0.03755595657419193
44189.189256934726,0.03897675175275297
44219.82506965993,0.04023588737501996
44250.46088238513,0.04130756955871191
44281.09669511033,0.042208546578723104
44311.732507835535,0.042920721572754464
44342.36832056074,0.04342753151926113
44373.00413328594,0.04373549650258673
44403.63994601114,0.04382295469388871
44434.275758736345,0.04366465199264213
44464.91157146155,0.04330606986703042
44495.54738418675,0.042687972614361476
44526.18319691196,0.04177241842819905
44556.81900963717,0.04062581260293113
44587.45482236237,0.03921999031078145
44618.090635087574,0.03745328395240377
44648.726447812776,0.03535445059446658
44679.36226053798,0.03305003733383797
44709.99807326318,0.030291552328706894
44740.63388598838,0.027199540535511095
44771.269698713586,0.023808703657425836
44801.90551143879,0.019829411786545573
44832.54132416399,0.015654696385590687
44863.17713688919,0.0109161787211335
44893.8129496144,0.005754900949215051
44927.02853591861,-0.0003659691641496633
44960.24412222281,-0.007124708767428271
44993.459708527014,-0.014396099224443976
45026.67529483122,-0.02239170977453745
45059.89088113543,-0.03095989398140832
45093.10646743963,-0.03998966142578962
45159.537640048045,-0.05975434696108374
45192.75322635225,-0.06998293145033799
45225.96881265646,-0.08013030933609802
45259.18439896066,-0.08949011114156356
45292.39998526486,-0.09719519460175857
45325.61557156907,-0.10194726484816624
45358.83115787327,-0.10173313363295683
45392.046744177474,-0.09381873912787603
45425.26233048168,-0.0748597140987556
45458.47791678589,-0.04175944531926766
45491.69350309009,0.007135789557559455
45524.9090893943,0.06708508506802416
45558.124675698506,0.12659944263458658
45591.34026200271,0.1680511996011014
45624.55584830692,0.17787827797924088
45657.77143461112,0.15526907863914036
45690.98702091532,0.1116441450140422
45724.20260721953,0.06180984015361672
45757.41819352373,0.016267266023490108
45790.633779827935,-0.020246405924493553
45823.84936613214,-0.046526808343418796
45857.06495243635,-0.0641978790805713
45890.28053874055,-0.07468520426186612
45923.49612504476,-0.07999158741280712
45956.711711348966,-0.08150674399790858
45989.92729765317,-0.08020729757870255
46023.14288395738,-0.07699056376632595
46056.358470261584,-0.07249237999702299
46089.57405656579,-0.0671236971932225
46122.78964287,-0.0612198291919364
46156.0052291742,-0.05500741354336802
46222.43640178261,-0.04221942116756402
46255.651988086815,-0.035916324991768174
46288.86757439101,-0.029756159979776205
46355.298746999426,-0.01790043799664483
46388.51433330363,-0.012347271795042346
46421.72991960784,-0.007059725886947772
46488.16109221625,0.002820755729284426
46521.37667852046,0.0073258054166214035
46554.59226482466,0.011592573968309833
46587.80785112887,0.015540264155771623
46621.023437433076,0.01922316062987184
46654.23902373728,0.02264773244256005
46687.45461004149,0.025756026017824386
46720.67019634569,0.0286268455708427
46753.88578264989,0.031201189220321324
46787.1013689541,0.03351735932120749
46820.3169552583,0.03556036793079563
46853.532541562505,0.037338761185094625
46886.74812786671,0.03885796583193148
46919.96371417092,0.04011390675096391
46953.17930047512,0.04111913733581973
46986.39488677933,0.041867359998798606
47019.610473083536,0.04237039873717159
47050.622669701435,0.0426150799841562
47081.634866319335,0.04265151026384833
47112.647062937234,0.04247733678192071
47143.65925955514,0.04210023209604381
47174.67145617305,0.04151878701618267
47205.68365279095,0.04073907579182475
47236.69584940885,0.039764795114283595
47267.708046026746,0.038595940854409136
47298.720242644646,0.03724153347440167
47329.732439262545,0.035699742182240424
47360.744635880445,0.03397292399734687
47391.756832498344,0.03208007221328586
47422.76902911624,0.030005906125527188
47453.78122573414,0.02774922952429778
47515.80561896995,0.022796607464032705
47546.817815587856,0.02005322761598806
47577.830012205755,0.01720689216665716
47639.854405441554,0.011024522714147783
47763.90319191315,-0.0028397679464204923
47794.91538853105,-0.006486394827319362
47825.92758514895,-0.010271477077108872
47887.95197838476,-0.018115134756739634
48012.00076485636,-0.034116422939398976
48043.01296147426,-0.03816332316705567
48074.02515809216,-0.041975123525825976
48105.03735471006,-0.04579244126342742
48136.04955132797,-0.04943434147071955
48167.061747945874,-0.052845866535141825
48198.073944563774,-0.05603519719582995
48229.08614118167,-0.05884381405272506
48260.09833779957,-0.061241315679846545
48291.11053441747,-0.06310373858312254
48322.12273103537,-0.06422179483575827
48353.13492765327,-0.06460334832629967
48384.14712427117,-0.06381116730381013
48415.15932088907,-0.06178316955413295
48446.17151750697,-0.05812620729133497
48477.18371412487,-0.052180035615261654
48508.195910742776,-0.04420023191276994
48539.20810736068,-0.03268914735193471
48570.22030397858,-0.017804570383954048
48601.23250059648,0.0014533009395423548
48632.24469721438,0.025687370659558704
48663.25689383228,0.0544367092058118
48694.26909045018,0.0870951892010108
48725.28128706808,0.12062207821861153
48756.29348368598,0.14949795098785365
48787.30568030388,0.1655843805876583
48818.31787692178,0.15952863116146
48849.33007353968,0.1260725443295745
48880.342270157584,0.06936367010879821
48911.35446677549,0.0028316783772715133
48942.36666339339,-0.05732709114373664
48973.37886001129,-0.10033641697579924
49004.39105662919,-0.12373752088322396
49034.794251315885,-0.13047844715423218
49065.19744600258,-0.12581919388128399
49095.600640689285,-0.11422154245987773
49126.00383537598,-0.09902834620954004
49156.40703006268,-0.08248530164185665
49186.81022474938,-0.06594398131438318
49217.21341943608,-0.05028617271316835
49247.61661412277,-0.035763233808197986
49278.01980880948,-0.02258893320103025
49308.42300349617,-0.0108531957979555
49338.82619818287,-0.0004979119809395451
49369.22939286957,0.00856619789933831
49399.63258755627,0.016457346275915816
49430.035782242965,0.023250187067876977
49460.43897692967,0.0290178149106263
49490.842171616365,0.034032778519787685
49521.24536630306,0.03818147330227489
49551.648560989765,0.04158006450490214
49582.05175567646,0.04430885675898434
49612.45495036316,0.04643893887362296
49642.85814504986,0.048073591429431684
49673.26133973656,0.04916334052934805
49703.66453442325,0.049827109811258895
49734.06772910996,0.050076397950124175
49764.47092379665,0.04994318611796302
49794.87411848335,0.049481088339207724
49825.27731317005,0.04869972897637131
49855.68050785675,0.04763553081698995
49886.083702543445,0.04631442453802695
49916.48689723015,0.04475131922226557
49946.890091916845,0.042975598361687295
49977.29328660354,0.04099798900077687
50007.69648129024,0.03885892100362892
50038.09967597693,0.03653350953556918
50098.90606535033,0.031492309252886486
50129.30926003703,0.028791679965190126
50159.71245472373,0.025991996931030468
50220.518844097125,0.02014102370284914
50250.92203878383,0.017095130120624524
50281.325233470525,0.014017582379358268
50342.131622843925,0.007740231433121932
50463.74440159072,-0.004927919788698055
50494.14759627741,-0.008066092597598423
50524.55079096412,-0.011159427994134379
50585.35718033751,-0.01721262353822556
50615.76037502421,-0.020127218889606002
50646.16356971091,-0.022975645683990326
50706.96995908431,-0.02839376709662878
50737.373153771005,-0.030934289389193768
50767.7763484577,-0.03336778511598107
50798.179543144404,-0.03565812966948924
50828.5827378311,-0.03778079762817248
50858.9859325178,-0.03976423879221929
50889.3891272045,-0.041581820405731926
50919.7923218912,-0.04317631337799187
50950.19551657789,-0.04458726461308762
50983.17848484359,-0.0458750620733799
51016.16145310929,-0.04686494999153628
51049.14442137499,-0.0475699335586926
51082.12738964069,-0.04793570709191022
51115.11035790639,-0.04793762454320411
51148.09332617209,-0.047592194857042254
51181.07629443779,-0.04677198189487674
51214.05926270349,-0.04556992781626458
51247.04223096919,-0.043861146317650056
51280.02519923489,-0.041523582065898575
51313.00816750059,-0.038798219389679145
51345.99113576629,-0.03522110371429919
51378.97410403199,-0.0312337477215134
51411.95707229769,-0.026218266020651197
51444.94004056339,-0.02066785938953363
51477.92300882909,-0.01390749359976641
51510.90597709479,-0.006603287441378695
51543.88894536049,0.002155284739890212
51576.87191362619,0.01162019407354621
51609.85488189189,0.022494689744555752
51642.83785015759,0.0346250200372669
51675.82081842329,0.04758918617876186
51741.78675495469,0.07675978379763487
51774.769723220394,0.09140811695401299
51807.752691486094,0.10508460255062005
51840.735659751794,0.11576988486653406
51873.718628017494,0.1204162515944109
51906.701596283194,0.11490270245897521
51939.684564548894,0.09411825571468854
51972.667532814594,0.05411394252919911
52005.6505010803,-0.004525050601798995
52038.63346934601,-0.07290774461711184
52071.61643761171,-0.13344896661056177
52104.59940587741,-0.1683570692715826
52137.58237414311,-0.17040604001285137
52170.56534240881,-0.14573987816587042
52203.54831067451,-0.10682047798309353
52236.53127894021,-0.06495822354998897
52269.51424720591,-0.026936546725393393
52302.49721547161,0.004232481322170014
52335.48018373731,0.028228574435424533
52368.46315200301,0.045752444711745215
52401.44612026871,0.0578514882936941
52434.42908853441,0.06569250646070075
52467.41205680011,0.07012788186503215
52500.39502506581,0.07196777199844674
52533.37799333151,0.07186957310668717
52566.36096159721,0.07028718621186068
52599.34392986291,0.06758890789418702
52632.32689812861,0.06406389211757832
52665.30986639431,0.05993255095251497
52698.29283466001,0.055322156373602924
52731.27580292571,0.05044576898822978
52797.24173945711,0.04015540005264561
52830.22470772281,0.034898187131057606
52863.20767598851,0.02967809811952521
52929.17361251991,0.01930994588728715
53061.10548558271,0.00009784340458375909
53091.88506416211,-0.004009263213661445
53122.6646427415,-0.007942608985694505
53184.2237999003,-0.01528186420177253
53215.00337847969,-0.018673167814803958
53245.782957059084,-0.021864470484384425
53307.34211421788,-0.027647677124917783
53338.12169279727,-0.030230211825183297
53368.90127137667,-0.03260373500356774
53399.680849956065,-0.03474277968900567
53430.46042853546,-0.036689875845094505
53461.24000711486,-0.038405066262640855
53492.01958569425,-0.039890101757372315
53522.799164273645,-0.04116427396371484
53553.578742853046,-0.04220381448165618
53584.358321432446,-0.043015962819200435
53615.13790001184,-0.04359798438187942
53645.91747859123,-0.04394849537532306
53676.69705717063,-0.04406665224648973
53707.47663575003,-0.043951516368731874
53738.25621432942,-0.04360199091921756
53769.03579290882,-0.043015846099873856
53799.815371488214,-0.042198431164821824
53830.59495006761,-0.04113979532739758
53861.37452864701,-0.039823179644161516
53892.1541072264,-0.0383245934482847
53922.933685805794,-0.03658698076946224
53953.713264385195,-0.034597102847011424
53984.49284296459,-0.0323424401004093
54015.27242154398,-0.029812175665363747
54046.05200012338,-0.01563175996244547
54076.83157870278,-0.02421781145358485
54107.611157282176,-0.02107796123649054
54138.39073586157,-0.01765869228961583
54169.17031444097,-0.014071993310842582
54199.94989302036,-0.010259306741142542
54230.729471599756,-0.006150557658262562
54292.28862875855,0.0025477658453628782
54323.06820733794,0.007144693590449665
54353.84778591734,0.012017833471364084
54415.40694307613,0.022134148642917968
54538.52525739372,0.04363416667316081
54569.30483597311,0.049121008364210475
54600.084414552504,0.054380803545402256
54630.863993131905,0.059494813496396626
54661.6435717113,0.06434760287873538
54692.42315029069,0.06865648212877062
54723.20272887009,0.07233011853736133
54753.982307449485,0.07508381773370856
54784.76188602888,0.07656018771060444
54815.54146460828,0.07633592869576128
54846.32104318767,0.07388606196284037
54877.100621767066,0.06843552404668012
54907.880200346466,0.059115924655573485
54938.65977892586,0.04486429377756098
54969.43935750525,0.024539756481567858
55000.21893608465,-0.0028403753743682716
55030.99851466405,-0.03766386665010906
55064.35786682245,-0.08188356969170768
55097.71721898085,-0.1276827192930972
55131.076571139245,-0.16401777032749726
55164.43592329764,-0.1765313034880523
55197.79527545604,-0.1550998160545025
55231.154627614436,-0.10252131813297928
55264.51397977283,-0.03508009757617762
55297.87333193123,0.027708990974378744
55331.23268408963,0.07449869757272383
55364.592036248025,0.10234801501071206
55397.95138840642,0.11408756079195148
55431.31074056482,0.11434006671753587
55464.670092723216,0.10730957685285639
55498.02944488161,0.09615523317641074
55531.38879704001,0.08299468091441206
55564.74814919841,0.06925050400483398
55598.107501356804,0.055578407420792716
55631.4668535152,0.04253322567251348
55664.8262056736,0.030464723540869057
55698.185557831996,0.019417596325356994
55731.54490999039,0.009221173116613988
55764.90426214879,0.00006128168059457012
55798.26361430719,-0.008074942507607843
55831.622966465584,-0.015259459700207055
55864.98231862398,-0.021543424278369645
55898.34167078238,-0.027158634895811627
55931.701022940775,-0.03194338927576049
55965.06037509917,-0.03597466945166033
55998.41972725757,-0.03943456188148001
56031.77907941597,-0.04225314302842545
56065.13843157436,-0.044478061121044396
56098.49778373277,-0.04620087492179647
56131.85713589117,-0.047427932480440235
56165.21648804957,-0.04818112088908955
56198.57584020797,-0.04850993179123022
56231.93519236636,-0.04844157501653763
56265.29454452476,-0.04798756021975684
56298.65389668316,-0.04718970480969936
56332.013248841555,-0.04605721542113717
56365.37260099995,-0.0446304007676424
56398.73195315835,-0.04290302811739542
56432.091305316746,-0.04092302500280364
56465.45065747514,-0.03869105429924153
56498.81000963354,-0.03623227096156981
56532.16936179194,-0.03357125955884726
56565.528713950334,-0.030706973554192826
56632.24741826713,-0.024484312533710993
56665.606770425526,-0.02115353637941406
56698.96612258392,-0.017695151811661213
56765.68482690072,-0.0104651488709545
56899.122235534305,0.00476504341404165
56932.4815876927,0.008627686186447004
56965.8409398511,0.012505836325014993
57032.55964416789,0.020109114128086227
57065.91899632629,0.023834613314184305
57099.27834848469,0.027505364601443618
57165.99705280149,0.03435598289881862
57198.74740302868,0.03755226172000718
57231.497753255884,0.040547448724480024
57264.24810348308,0.04327843027192882
57296.99845371027,0.04582990935713028
57329.748803937466,0.04812071872499489
57362.49915416466,0.05003536761567878
57395.24950439185,0.051647726487151095
57427.99985461905,0.05286545031814531
57460.75020484624,0.05358830656139019
57493.500555073435,0.05388294699642278
57526.250905300636,0.0535506733114303
57559.00125552783,0.05256275060505472
57591.751605755024,0.05098148064700446
57624.501955982225,0.04833893749465985
57657.25230620942,0.0449991601993228
57690.00265643661,0.040498442109970015
57722.75300666381,0.03476810551785812
57755.503356891,0.02782575927520688
57788.2537071182,0.019020226230457588
57821.004057345395,0.008891057996826844
57853.75440757259,-0.0034341333170858426
57886.50475779979,-0.017789065756175303
57919.255108026984,-0.034229021215219965
57952.00545825418,-0.05317088191763834
57984.75580848137,-0.07349350446279324
58017.506158708566,-0.09505389494538027
58050.25650893576,-0.11559161493898532
58083.00685916295,-0.13200773632549131
58115.75720939015,-0.13918839197325603
58148.50755961734,-0.13047577164538582
58181.25790984454,-0.09908395508041747
58214.008260071736,-0.043724393112118023
58246.75861029893,0.027827113667132777
58279.50896052613,0.09720921257848764
58312.259310753325,0.14546656867421276
58345.00966098052,0.16329061431919523
58377.76001120771,0.15419150149650712
58410.51036143491,0.12817780089854153
58443.2607116621,0.09512431629646242
58476.011061889294,0.061777106778301075
58508.76141211649,0.03167848286473634
58541.51176234368,0.006334714854379718
58574.26211257088,-0.014241908418377788
58607.01246279808,-0.03023883992818352
58639.76281302527,-0.04246038246989352
58672.51316325247,-0.0514010396410405
58705.263513479666,-0.057708185393925394
58738.01386370686,-0.061666034155547486
58770.76421393405,-0.06395085547600064
58803.51456416125,-0.06478982201263761
58836.26491438845,-0.06439003768033237
58869.01526461564,-0.06307463276305408
58901.765614842836,-0.06097923620148518
58934.51596507004,-0.05826875834382344
58967.26631529723,-0.05501993704594596
59000.016665524425,-0.051400711714156826
59032.76701575162,-0.047473596219538255
59065.51736597881,-0.043262004219287276
59131.0180664332,-0.03440749294247122
59262.01946734198,-0.01592002902134614
59292.56642788288,-0.011588354231703409
59323.113388423764,-0.007391892279495072
59384.20730950555,0.0008468975864175891
59414.75427004644,0.004841707503933304
59445.301230587334,0.008672732477779188
59506.395151669116,0.015980882121683138
59536.94211221,0.01942595719168993
59567.4890727509,0.022689036123639917
59598.03603329179,0.02576170223499994
59628.58299383268,0.028695934827079824
59659.129954373566,0.03141413431650399
59689.67691491446,0.03393526364914977
59720.223875455355,0.036250349700569694
59750.77083599624,0.038346861982416006
59781.31779653713,0.040223019593579254
59811.86475707802,0.04186343155132095
59842.41171761892,0.043267873717165395
59872.958678159805,0.044426251775583805
59903.50563870069,0.045328432223172295
59934.052599241586,0.04597319523602137
59964.59955978248,0.04634708954928339
59995.14652032337,0.04644962119153367
60025.693480864255,0.04626731406680658
60056.24044140515,0.04578745209088057
60086.78740194604,0.04503944544406963
60117.33436248693,0.04398117494598542
60147.88132302782,0.04258444111571413
60178.42828356871,0.040847105093633346
60208.975244109606,0.03887697334671853
60239.52220465049,0.03653760340599523
60270.06916519138,0.03379231378745333
60300.616125732275,0.030778986330313257
60331.16308627317,0.027448052447387294
60361.710046814056,0.02364964830369698
60392.25700735494,0.019467233957467616
60422.80396789584,0.015097357124519505
60483.89788897762,0.004952815251912442
60514.444849518506,-0.000592130304187314
60544.9918100594,-0.006765000514237271
60606.08573114118,-0.01975642099468848
60636.63269168207,-0.026723812244399417
60667.17965222296,-0.0341332266072389
60728.273573304745,-0.04949712968521446
60758.82053384563,-0.057403573997206234
60789.367494386526,-0.065201642346048
60819.91445492742,-0.07268177087909099
60850.46141546831,-0.07972088712414735
60881.008376009195,-0.08563399667189668
60911.55533655009,-0.0900195794090267
60942.10229709098,-0.09211892921113665
60972.64925763187,-0.09071807789489554
61003.19621817276,-0.0844385559926989
61033.74317871365,-0.07169045976100212
61064.29013925455,-0.05032783072382967
61094.83709979543,-0.01881170184421519
61125.38406033632,0.023402379613639057
61155.931020877215,0.07378537394337192
61186.47798141811,0.12529666834500586
61217.024941958996,0.1656658584671759
61250.15167607889,0.182097654602279
61283.27841019878,0.1623153621851726
61316.405144318676,0.11330489623107631
61349.53187843857,0.05232697336448591
61382.65861255846,-0.004562065975009945
61415.785346678356,-0.04850882839287839
61448.91208079825,-0.07761566914223184
61482.03881491814,-0.09376073392014561
61515.16554903803,-0.10019320629582257
61548.29228315792,-0.09974738393982338
61581.41901727782,-0.09483777598638654
61614.54575139771,-0.08712861315826048
61647.6724855176,-0.07785377061924995
61680.7992196375,-0.06778383978425966
61747.05268787728,-0.047204635114922844
61780.17942199717,-0.03727482232215213
61813.30615611706,-0.02778955942939483
61846.43289023696,-0.018854588399776977
61879.55962435685,-0.010609488096344438
61912.68635847674,-0.002767778209510436
61945.81309259664,0.004407062969707566
61978.93982671653,0.010957264330770107
62012.06656083642,0.016901212969470145
62045.19329495631,0.02225479986374914
62078.3200290762,0.02705341470522172
62111.4467631961,0.03132909580364586
62144.57349731599,0.03501739700438603
62177.70023143588,0.03827839029241963
62210.82696555578,0.04099019633461916
62243.95369967567,0.04326217184431915
62277.08043379556,0.0450661856142298
62310.207167915454,0.04642968395483754
62343.333902035345,0.04738230440602212
62376.46063615524,0.047918067715570306
62409.587370275134,0.048076575574773836
62442.714104395025,0.04785225820226148
62475.84083851492,0.04727407137327697
62508.967572634814,0.04634726007380451
62542.094306754705,0.04509496347659164
62575.221040874596,0.043520426862491815
62608.34777499449,0.04165154436687755
62641.474509114385,0.03948706807227503
62674.601243234276,0.0370530740424341
62707.72797735417,0.03435818036687099
62740.854711474065,0.031419654243291475
62807.10817971385,0.024864857877899056
62840.23491383374,0.021276139276200645
62873.36164795363,0.017493621138044778
62939.61511619342,0.009488125242731784
63072.12205267299,-0.00802097873642827
63105.24878679288,-0.012652737316716242
63138.37552091277,-0.017208131110924462
63204.62898915255,-0.026378986059470352
63237.75572327244,-0.030892186927066093
63270.882457392334,-0.03524970801371758
63337.13592563212,-0.04369770774016813
63368.059270065714,-0.047275210996261516
63398.9826144993,-0.05069356050203293
63429.90595893289,-0.05374310883730948
63460.82930336648,-0.056469418513977035
63491.752647800065,-0.05876285657590607
63522.67599223366,-0.06052265450899848
63553.59933666725,-0.06165936545300863
63584.52268110083,-0.06211755169187142
63615.44602553442,-0.06163121178751704
63646.36936996801,-0.06023375521984113
63677.2927144016,-0.05749658502439613
63708.21605883518,-0.05344208755694245
63739.13940326877,-0.04745210384663967
63770.06274770236,-0.03983515310922374
63800.98609213595,-0.029499287577429843
63831.909436569535,-0.0166156271165806
63862.83278100312,-0.0006644977603785431
63893.75612543671,0.0191825817663833
63924.6794698703,0.04190694947996573
63955.602814303886,0.06831205193293852
63986.52615873747,0.09668820254837775
64017.44950317106,0.12442577993889972
64048.37284760465,0.1469751246225743
64079.29619203824,0.1571173539670428
64110.21953647182,0.14692464330078003
64141.14288090541,0.110439991476651
64172.066225339004,0.05037062426221804
64202.98956977259,-0.020778176569158528
64233.91291420618,-0.08525273570457635
64264.83625863977,-0.12898966265558265
64295.759603073355,-0.1481701264329517
64326.682947506946,-0.14660638679352955
64357.60629194054,-0.13130954313266605
64388.52963637412,-0.10883035778759775
64419.45298080771,-0.08406127422775009
64450.376325241305,-0.05966834267468681
64481.29966967489,-0.03728992733538124
64512.22301410848,-0.017607992893916874
64543.14635854207,-0.0006548683360088781
64574.069702975656,0.013592374338562654
64604.99304740924,0.02535280828187332
64635.91639184283,0.034895151314988104
64666.83973627642,0.042492203990767294
64697.76308071001,0.04840530131260455
64728.68642514359,0.052833297788875785
64759.60976957718,0.05599555436450663
64790.533114010774,0.05810625471817095
64821.45645844436,0.059219141921954134
64852.37980287794,0.05949413537388238
64883.30314731153,0.0590548881404393
64914.226491745125,0.05799902900803221
64945.14983617871,0.05639566991200227
64976.07318061229,0.05432811992372161
65006.996525045884,0.05183742000067845
65037.919869479476,0.04902335763202386
65068.84321391306,0.0458756191605315
65099.766558346644,0.04249963231943826
65130.689902780236,0.03889119428731411
65192.53659164741,0.031189556003160705
65316.22996938177,0.014584845563461544
65346.54431188415,0.010417842751031107
65376.85865438654,0.006251626036200375
65437.487339391315,-0.001969414893739624
65467.8016818937,-0.005992885892440387
65498.116024396084,-0.009944651989456293
65558.74470940085,-0.01754424025710379
65589.05905190323,-0.02117110085645596
65619.37339440561,-0.024649658668005538
65649.687736908,-0.027974880362142747
65680.00207941039,-0.031123469355304034
65710.31642191278,-0.03409168385399587
65740.63076441517,-0.036854285478730674
65770.94510691756,-0.03939338230435528
65801.25944941994,-0.041714279040074964
65831.57379192233,-0.04379470277332786
65861.88813442472,-0.04558995567040472
65892.20247692711,-0.04711428599068866
65922.5168194295,-0.04835641133207104
65952.83116193188,-0.04928047209342319
65983.14550443427,-0.04986489375956068
66013.45984693666,-0.05012469129877497
66043.77418943903,-0.05001360151503378
66074.08853194141,-0.04947737885727242
66104.4028744438,-0.04858688404162716
66134.71721694618,-0.047278573696009685
66165.03155944857,-0.045455843032598836
66195.34590195096,-0.0432129111062225
66225.66024445335,-0.0405138014571949
66255.97458695574,-0.037158800820137075
66286.28892945813,-0.033347503231107474
66316.60327196051,-0.028993800670460035
66346.9176144629,-0.02379814695662309
66377.23195696529,-0.018349018765087894
66407.54629946768,-0.011901027422670945
66437.86064197007,-0.004958371988897869
66468.17498447245,0.0028253263847621123
66498.48932697484,0.011241702429741623
66528.80366947722,0.020524418779535376
66559.11801197959,0.030383064959574862
66589.43235448198,0.04107506051717508
66650.06103948675,0.06395227111070907
66680.37538198914,0.07550490569496333
66710.68972449153,0.08692643546633985
66741.00406699392,0.09730327885287365
66771.3184094963,0.10551542851073711
66801.6327519987,0.11012710086835956
66831.94709450108,0.10897378370693456
66862.26143700347,0.09926632792738713
66892.57577950585,0.07788724325777793
66922.89012200822,0.04227722441993884
66953.2044645106,-0.007907109218071688
66983.518807013,-0.06808616360481315
67013.83314951538,-0.12643554342278054
67044.14749201777,-0.1683021384350693
67074.46183452016,-0.1815332609207233
67104.77617702255,-0.16442677022824648
67135.09051952494,-0.12540595073188224
67165.40486202732,-0.07713406834373412
67195.71920452971,-0.030147345324951176
67226.0335470321,0.009849255101600124
67256.34788953447,0.04034686973520273
67289.24200561587,0.06348261310528844
67322.13612169726,0.077824843348637
67355.03023777864,0.08525246078606961
67387.92435386003,0.08767346141154009
67420.81846994141,0.08641075102009607
67453.7125860228,0.08260650610665063
67486.60670210418,0.07710081906033564
67519.50081818557,0.07028919983271018
67552.39493426695,0.0630414650161598
67585.28905034834,0.055145539116447685
67651.07728251112,0.03934823965883362
67683.97139859252,0.031375525948205085
67716.8655146739,0.023758842061096054
67782.65374683667,0.009330767106302987
67815.54786291806,0.002664165531287878
67848.44197899944,-0.0036413800984484417
67881.33609508083,-0.009601679257819608
67914.23021116223,-0.015039120761894216
67947.12432724363,-0.02021269587245826
67980.01844332501,-0.024871767730653006
68012.9125594064,-0.02914279049510092
68045.80667548778,-0.0329771838356335
68078.70079156916,-0.03638039848223533
68111.59490765055,-0.03937962459590011
68144.48902373193,-0.04193400696719812
68177.38313981332,-0.044098424647683675
68210.2772558947,-0.04583047047479506
68243.17137197609,-0.04716457586250628
68276.06548805747,-0.04808140580813847
68308.95960413887,-0.04860792301468186
68341.85372022027,-0.04873389952431907
68374.74783630166,-0.048472160859243545
68407.64195238304,-0.04782539180378061
68440.53606846443,-0.04680246564233109
68473.43018454581,-0.045407536795303696
68506.3243006272,-0.04365174150544768
68539.21841670858,-0.041535644370766636
68572.11253278996,-0.03907926782333135
68605.00664887135,-0.03627910510232055
68637.90076495273,-0.03314452881162658
68670.79488103412,-0.02971049188628046
68703.68899711552,-0.02593453196328552
68736.58311319692,-0.021897670450256996
68769.4772292783,-0.01760572572387144
68835.26546144107,-0.008029193110104407
68868.15957752246,-0.003042505986471689
68901.05369360384,0.0022318506569091803
68966.84192576662,0.013376252725124453
68999.73604184802,0.019122272822902204
69032.63015792941,0.025114224126679973
69098.41839009218,0.036859746992944094
69131.31250617356,0.04275282629155747
69164.20662225495,0.04840218854336176
69197.10073833633,0.05400194409467279
69229.99485441772,0.05903997777034994
69262.8889704991,0.06376246237224463
69295.78308658049,0.06772420681969049
69328.67720266187,0.07085237588028798
69361.57131874327,0.0728724288241745
69392.26204513834,0.0732997612853413
69422.95277153343,0.0722340325739002
69453.64349792851,0.06897539275707763
69484.3342243236,0.06297726632435752
69515.02495071868,0.05398175257367451
69545.71567711377,0.040529195842150034
69576.40640350885,0.0226025730547292
69607.09712990394,-0.0010742030688766918
69637.78785629902,-0.030755481917477644
69668.47858269411,-0.06583608690371884
69699.1693090892,-0.10407012638477345
69729.86003548426,-0.1403428132265426
69760.55076187933,-0.166087441538201
69791.24148827442,-0.1708358133234054
69821.9322146695,-0.14662483147876015
69852.62294106459,-0.09420064447418601
69883.31366745968,-0.025879895592247463
69914.00439385476,0.04052579950201676
69944.69512024985,0.09161624289481855
69975.38584664493,0.12186084352273237
70006.07657304002,0.13318583796118405
70036.7672994351,0.1304431878728838
70067.45802583019,0.11880024978307598
70098.14875222526,0.1023545792391273
70128.83947862033,0.08396479807437016
70159.53020501541,0.06537058600379712
70190.2209314105,0.04754456134382039
70220.91165780558,0.031093803505179436
70251.60238420067,0.016281844006729218
70282.29311059575,0.003142490057386975
70312.98383699084,-0.00835946998252108
70343.67456338592,-0.01831144637465076
70374.36528978101,-0.026823305128648306
70405.0560161761,-0.03401146934102526
70435.74674257118,-0.03991905719221305
70466.43746896627,-0.04494954174795812
70497.12819536135,-0.0487299571999411
70527.81892175644,-0.05178667597831153
70558.50964815152,-0.0538829482990488
70589.20037454659,-0.0553218922961452
70619.89110094166,-0.05602037912558866
70650.58182733675,-0.05613590819886341
70681.27255373183,-0.05567290294246878
70711.96328012692,-0.05470454238177935
70742.654006522,-0.053277802122908474
70773.34473291709,-0.051422526165646715
70804.03545931217,-0.04920023508392402
70834.72618570726,-0.04662274514925657
70865.41691210234,-0.043756566891277375
70896.10763849743,-0.0405860146144484
70957.4890912876,-0.033579861150290734
70988.17981768269,-0.029776508871333526
71018.87054407777,-0.025825225301584466
71080.25199686793,-0.017510393370676423
71110.942723263,-0.013206107722616663
71141.63344965808,-0.008840934124663451
71203.01490244825,-0.000014007337785085679
71325.7778080286,0.01742628487874924
71359.04830800268,0.02193706240136401
71392.31880797676,0.02633142344251406
71425.58930795084,0.03054627651583188
71458.85980792494,0.03451651665347928
71492.13030789903,0.03829874148619361
71525.40080787311,0.0418422489176842
71558.6713078472,0.04508485771783652
71591.94180782128,0.0478740100698552
71625.21230779536,0.05035241815721726
71658.48280776944,0.052418255893505336
71691.75330774352,0.053973687510358206
71725.02380771762,0.055043426899253685
71758.29430769171,0.055517053357841684
71791.5648076658,0.055325112097357625
71824.83530763988,0.05450127132057547
71858.10580761396,0.052785272837044275
71891.37630758804,0.05038344181698834
71924.64680756212,0.046881147734291764
71957.9173075362,0.04243059478163641
71991.1878075103,0.0367617637458397
72024.4583074844,0.02993453707340954
72057.72880745848,0.021496628937834893
72090.99930743256,0.011866708894319178
72124.26980740664,0.00011312558243641718
72157.54030738072,-0.012834941152393475
72190.8108073548,-0.02793222247607125
72224.08130732889,-0.04481216705941683
72257.35180730297,-0.06288111833662224
72290.62230727705,-0.08217290493252094
72323.89280725113,-0.10118252373768061
72357.16330722522,-0.11783304468310118
72390.43380719931,-0.12888228516948952
72423.70430717341,-0.12926723289555384
72456.97480714749,-0.11269832178693683
72490.24530712157,-0.0735691822605302
72523.51580709565,-0.011785113804433133
72556.78630706973,0.06314717352581689
72590.05680704382,0.13029764965627277
72623.3273070179,0.16929689267516568
72656.59780699198,0.17197556908491762
72689.86830696606,0.1456762459432446
72723.13880694014,0.10427831918157827
72756.40930691423,0.0602352775026609
72789.67980688832,0.020531865433359164
72822.95030686242,-0.011850201569136083
72856.2208068365,-0.03635865733594294
72889.49130681058,-0.05402927978438568
72922.76180678466,-0.06577428700096555
73455.08980637003,-0.005373040412144666
73486.15691665781,0.0003180286172009437
73517.2240269456,0.005787886352777079
73548.29113723338,0.011010431216182885
73579.35824752116,0.015979118183110718
73610.42535780894,0.020655073322539217
73641.49246809672,0.02504843100779469
73672.5595783845,0.029116913292721612
73703.62668867227,0.03287678627262025
73734.69379896004,0.03628906257821895
73765.76090924782,0.03937020250271854
73796.8280195356,0.04208890980106875
73827.89512982339,0.04443630809686018
73858.96224011117,0.046435517013001915
73890.02935039895,0.048045288834838676
73921.09646068673,0.049274811816297885
73952.16357097452,0.050112407378101236
73983.2306812623,0.05055683537489683
74014.29779155008,0.050600015313970376
74045.36490183786,0.050241843751019574
74076.43201212565,0.04947126721968267
74107.49912241343,0.048291683917317973
74138.56623270121,0.046701653209578586
74169.633342989,0.044670764156803516
74200.70045327676,0.04225813304554146
74231.76756356453,0.03940486505814138
74262.83467385231,0.036079104034372665
74293.9017841401,0.03245587855743258
74324.96889442788,0.028346110649407744
74356.03600471566,0.023720725999370328
74387.10311500344,0.018842259356259824
74449.237335579,0.007657865259063958
74480.30444586679,0.0016458934426970828
74511.37155615457,-0.00485085943149657
74573.50577673013,-0.018837736948649715
74604.57288701792,-0.026376322077976744
74635.6399973057,-0.03392646065555323
74697.77421788125,-0.0496264512042523
74728.84132816902,-0.05742220824197517
74759.9084384568,-0.06493944046255873
74790.97554874458,-0.07209056933586172
74822.04265903236,-0.07836934509999094
74853.10976932014,-0.08359351071711316
74884.17687960793,-0.08707097948959784
74915.24398989571,-0.08810800658002399
74946.31110018349,-0.08588575725947845
74977.37821047127,-0.07916278978835971
75008.44532075906,-0.06627347212449859
75039.51243104684,-0.04592354399394045
75070.57954133462,-0.016450222075289945
75101.6466516224,0.022786575970496818
75132.71376191018,0.070156387061258
75163.78087219797,0.12016061618478543
75194.84798248573,0.16194996475950782
75225.9150927735,0.18200381416011457
75256.98220306128,0.1695416652019324
75288.04931334907,0.12528415918597435
75319.11642363685,0.06201456925600292
75350.18353392463,-0.002477259022610312
75381.25064421241,-0.05534990397682085
75412.3177545002,-0.09115358752651387
75443.38486478798,-0.11051840977898192
75473.84297314455,-0.11697355244042061
75504.30108150114,-0.11461851166140812
75534.75918985772,-0.10656104532727843
75565.2172982143,-0.09514134069503774
75595.67540657087,-0.08202145912994682
75626.13351492745,-0.06820742956355082
75687.04973164061,-0.041250359858304685
75717.50783999718,-0.02868254960873109
75747.96594835377,-0.017014686823943446
75778.42405671036,-0.006315044585259494
75808.88216506693,0.0033972408382975643
75839.3402734235,0.01213255106876344
75869.79838178007,0.019911987598139766
75900.25649013664,0.02679244656973206
75930.71459849323,0.03279800092108078
75961.17270684981,0.037975838895582995
75991.63081520639,0.04237306107350512
76022.08892356296,0.04601777108876038
76052.54703191953,0.04897271494135761
76083.0051402761,0.051250393900216025
76113.46324863269,0.05291576593514431
76143.92135698927,0.05397740727659846
76174.37946534585,0.054493016923443785
76204.83757370242,0.054474528106503654
76235.295682059,0.053967951581538706
76265.75379041559,0.05299196508153124
76296.21189877216,0.05158279726378814
76326.67000712873,0.04975505810526116
76357.12811548532,0.04756135380121358
76387.5862238419,0.04498605067987825
76418.04433219848,0.04208927802305905
76448.50244055505,0.03888699373100184
76478.96054891164,0.035389421669624346
76539.8767656248,0.0276504953641655
76570.33487398137,0.023447145105473507
76600.79298233795,0.01905234759485876
76661.70919905111,0.009800029145332843
76692.16730740768,0.004988762561417178
76722.62541576427,0.00009492717192771238
76783.54163247743,-0.00986499703250578
76905.37406590373,-0.029549471960429414
76935.83217426031,-0.034293582309415246
76966.29028261689,-0.03891240610438951
76996.74839097346,-0.04317382862536172
77027.20649933003,-0.0471809788259804
77057.6646076866,-0.05096873927404553
77088.12271604319,-0.05441143447368154
77118.58082439977,-0.05729921041562805
77149.03893275635,-0.05976147165309333
77179.49704111292,-0.06167296984795333
77209.9551494695,-0.06280151908420871
77240.41325782609,-0.06326745853217469
77270.87136618266,-0.06283774499938774
77301.32947453923,-0.061151127221123425
77331.78758289582,-0.05862624891320977
77362.2456912524,-0.054648401654097754
77392.70379960898,-0.04859479223278734
77425.74168154456,-0.04084308181109811
77458.77956348014,-0.03003508190919363
77491.81744541571,-0.016801211046758045
77524.8553273513,-0.00026355343321458023
77557.89320928688,0.019834321912696934
77590.93109122245,0.04280990356966336
77623.96897315803,0.0693005441297927
77657.00685509361,0.09726688362651385
77690.0447370292,0.12399364886200771
77723.08261896478,0.1444305864940758
77756.12050090036,0.15078335795148678
77789.15838283594,0.1337869280184888
77822.19626477153,0.08756008817909675
77855.23414670711,0.015848033332003506
77888.27202864268,-0.06350561772408225
77921.30991057826,-0.12694312593138393
77954.34779251384,-0.15937119628518354
77987.38567444941,-0.1600962378683074
78020.423556385,-0.13872782078513213
78053.46143832058,-0.10639635019013641
78086.49932025616,-0.07150428419618646
78119.53720219174,-0.038790886479750236
78152.57508412733,-0.010558472701550727
78185.61296606291,0.012582979861901062
78218.65084799849,0.030947246411615954
78251.68872993407,0.0448522561676359
78284.72661186964,0.05502459928050718
78317.76449380523,0.062187164629207356
78350.80237574081,0.0666907297245567
78383.84025767638,0.06901126961147926
78416.87813961196,0.06954805354343657
78449.91602154754,0.06862890634290031
78482.95390348313,0.06652315688833405
78515.99178541871,0.06345019359535839
78549.02966735428,0.059599097265116474
78582.06754928986,0.055097423437740704
78615.10543122544,0.05010331836658367
78648.14331316101,0.04473605529885024
78714.21907703218,0.033185664368004755
78747.25695896776,0.02716483315596594
78780.29484090334,0.021086698053792267
78846.37060477449,0.00891797127133808
78978.52213251681,-0.014125587560057815
79011.56001445239,-0.019400306049635947
79044.59789638798,-0.02439288258384195
79077.63577832354,-0.029102825753557344
79110.67366025913,-0.03348100293895707
79143.71154219471,-0.03751014533622669
79176.74942413028,-0.04115924954734993
79209.78730606586,-0.04440328538018656
79242.82518800144,-0.047218378233800117
79275.86306993703,-0.04958465333368698
79308.90095187261,-0.05145758555973379
79341.93883380819,-0.05283708022108258
79374.97671574377,-0.05368394415711594
79408.01459767936,-0.053975285790865586
79441.05247961494,-0.053698302830734186
79474.09036155051,-0.052785048825110086
79507.12824348609,-0.05128885028459797
79537.96273573537,-0.049300290201738144
79568.79722798464,-0.046647243351059714
79599.63172023391,-0.04346413642386388
79630.46621248318,-0.03968114208748835
79661.30070473245,-0.035104325236763975
79692.13519698173,-0.029920773065136925
79722.96968923102,-0.024144433513090226
79753.80418148029,-0.017410076669506815
79784.63867372955,-0.010298898499866541
79815.47316597884,-0.002201834115161447
79846.30765822812,0.00653926597309105
79877.14215047739,0.015947726474300778
79907.97664272666,0.026075162848460804
79938.81113497594,0.03677179949180196
80000.4801194745,0.05946053716203094
80031.31461172376,0.0709612010016946
80062.14910397305,0.08217514447554203
80092.98359622233,0.09222390763695318
80123.8180884716,0.10047317632326426
80154.65258072087,0.10556310393100884
80185.48707297015,0.10568244110797834
80216.32156521943,0.09855177420711714
80247.1560574687,0.08140390999154139
80277.99054971797,0.051325123886532965
80308.82504196725,0.007059235199174271
80339.65953421654,-0.04939505948845646
80370.4940264658,-0.11030525331958543
80401.32851871508,-0.1609635906805203
80432.16301096436,-0.18528299333195758
80462.99750321364,-0.1746780670208519
80493.83199546291,-0.1339637948059151
80524.66648771218,-0.07756011481428556
80555.50097996146,-0.020553739564702956
80586.33547221075,0.027455375995599142
80617.16996446002,0.06257608853212164
80648.00445670928,0.08522471407414133
80678.83894895857,0.09746467385903772
80709.67344120785,0.10177636506484763
80740.50793345712,0.10045112073651494
80771.34242570639,0.09521565018388772
80802.17691795567,0.08741819180332164
80833.01141020496,0.07803988660624396
80863.84590245422,0.0677828287473711
80894.6803947035,0.057168383996492274
80925.51488695278,0.04647280769184245
80987.18387145133,0.02596852199618121
81018.0183637006,0.016217339063199405
81048.85285594988,0.007157463287553213
81079.68734819916,-0.001291260420866771
81110.52184044843,-0.009216025922819076
81141.3563326977,-0.016377517779748104
81172.19082494699,-0.02298793346725863
81203.02531719627,-0.028910767385873802
81233.85980944554,-0.03416535429148215
81264.6943016948,-0.03882804887346206
81295.52879394409,-0.042810384638033445
81326.36328619337,-0.04623245634945236
81357.19777844264,-0.048998330043289066
81388.03227069191,-0.05122374414328653
81418.86676294118,-0.052844340143838466
81449.70125519045,-0.053915696195019076
81480.53574743973,-0.05443692955910769
81513.95001326801,-0.05440425233092028
81547.36427909628,-0.053770415638765834
81580.77854492456,-0.05255291080418918
81614.19281075284,-0.050779190125984995
81647.60707658112,-0.04846281041964854
81681.0213424094,-0.045634659654044576
81714.43560823768,-0.04230840050280271
81747.84987406596,-0.038518022411291236
81781.26413989424,-0.03427014888023271
81814.67840572252,-0.029632293866997214
81881.50693737906,-0.019186552774513033
81914.92120320734,-0.013461434255760086
81948.3354690356,-0.007411111557781368
82015.16400069217,0.005350789190710007
82048.57826652045,0.011951003375993492
82081.99253234873,0.01869197632960312
82148.82106400529,0.03232137068572937
82182.23532983357,0.0390484621386615
82215.64959566185,0.045609112061559806
82249.06386149011,0.05178736591930185
82282.47812731839,0.057711849280189784
82315.89239314667,0.06288510216598435
82349.30665897494,0.06744109993657646
82382.72092480322,0.07095860450308485
82416.1351906315,0.07324750884002984
82449.54945645978,0.07401554814605062
82482.96372228806,0.0727023888020952
82516.37798811634,0.06900276140837182
82549.79225394462,0.062223721005949355
82583.2065197729,0.0512642129101707
82616.62078560118,0.03630546887271262
82650.03505142944,0.015325049592954172
82683.44931725772,-0.011567321202116725
82716.863583086,-0.04476894762591303
82750.27784891427,-0.08298835539079982
82783.69211474255,-0.12236197363646198
82817.10638057083,-0.1550667680488036
82850.5206463991,-0.1690639843718934
82883.93491222739,-0.15157101602241055
82917.34917805567,-0.0980941475053261
82950.76344388395,-0.019965904327485372
82984.17770971222,0.05890198829124024
83017.5919755405,0.11640521688195671
83051.00624136877,0.1440722057949038
83084.42050719705,0.1459761292006995
83117.83477302533,0.1307639634833919
83151.2490388536,0.10668672907505379
83184.66330468188,0.07970349248104364
83218.07757051016,0.0532098140991945
83251.49183633843,0.029032924020094594
83284.90610216671,0.007781782103980256
83318.320367995,-0.010095175856836738
83351.73463382327,-0.024858244425225648
83385.14889965155,-0.036934723387954116
83418.56316547983,-0.0464102054878409
83451.9774313081,-0.05357310526398959
83485.39169713638,-0.058723021221936914
83518.80596296466,-0.06212409313482871
83552.22022879292,-0.06400626559943942
83585.6344946212,-0.06457260127580905
83619.04876044948,-0.06399307622014858
83651.85402434657,-0.062442537358884026
83684.65928824364,-0.06005663028504621
83717.46455214071,-0.05695180170032741
83750.26981603779,-0.053196799450369696
83783.07507993486,-0.04891537957653227
83815.88034383193,-0.04418900376680744
83881.49087162608,-0.03364128621578858
83914.29613552315,-0.028002675076546
83947.10139942024,-0.022120349305335147
84012.71192721438,-0.010071613865959504
84143.93298280268,0.013980971484668191
84176.73824669977,0.019706342614089007
84209.54351059684,0.025234497677259767
84242.3487744939,0.030498453960686754
84275.15403839099,0.03548635049328732
84307.95930228806,0.04010575886780227
84340.76456618513,0.0443529618606185
84373.56983008221,0.048193292436254566
84406.37509397928,0.05151819188909446
84439.18035787635,0.05430326466575304
84471.98562177343,0.056537852581296885
84504.7908856705,0.058108098585828646
84537.59614956757,0.058976988549349664
84570.40141346466,0.059101274074431824
84603.20667736173,0.058339090027080695
84636.0119412588,0.05679248567039556
84668.81720515588,0.05417468049925271
84701.62246905296,0.0505026272914597
84734.42773295003,0.045779724886365294
84767.2329968471,0.03965063814781043
84800.03826074419,0.03245529535300022
84832.84352464126,0.023455634486794743
84865.64878853832,0.013397929311276122
84898.45405243541,0.0014291699114434217
84931.25931633248,-0.012024852778986447
84964.06458022955,-0.027073534613252945
84996.86984412663,-0.04389922737994636
85029.6751080237,-0.061480697202779794
85062.48037192077,-0.08031413565131207
85095.28563581785,-0.09802269274486558
85128.09089971492,-0.11388314743542159
85160.896163612,-0.12463948893926738
85193.70142750908,-0.12618193649482903
85226.50669140616,-0.11308017458279594
85259.31195530323,-0.07986891659063303
85292.1172192003,-0.02417613456801412
85324.92248309738,0.048424706705398037
85357.72774699447,0.1208545268453607
85390.53301089154,0.17039380221366637
85423.3382747886,0.1818429974123803
85456.14353868569,0.15692115313195537
85488.94880258277,0.11019795723437321
85521.75406647984,0.057479051636148346
85554.55933037691,0.00975704694046544
85587.364594274,-0.028152438963637165
85620.16985817107,-0.055675194127151786
85652.97512206814,-0.07379337469382138
85685.78038596522,-0.08423810823858316
85718.58564986229,-0.08873130092326167
85749.18752407306,-0.0891307141137932
85779.78939828384,-0.08652029924076188
85810.39127249461,-0.08184737331961167
85840.99314670538,-0.0756766730838832
85871.59502091615,-0.06847245573767635
85902.19689512692,-0.06051706571782761
85963.40064354846,-0.04360716053074455
85994.00251775923,-0.035011772295365694
86024.60439197,-0.026549950481652967
86085.80814039154,-0.01009231432665115
86116.41001460231,-0.002351165840129871
86147.01188881308,0.004996336220443306
86208.21563723462,0.01853669522567716
86238.81751144539,0.024565488985809517
86269.41938565616,0.030139466122799566
86300.02125986693,0.03517578245530833
86330.6231340777,0.03970222422221017
86361.22500828847,0.04368171944984206
86391.82688249924,0.04711894163081662
86422.42875671001,0.04999983891133311
86453.03063092078,0.05232100795996318
86483.63250513155,0.05407769302647364
86514.23437934232,0.05526698084896925
86544.83625355309,0.055886803784884725
86575.43812776386,0.05593652626864834
86606.04000197463,0.05541776315982003
86636.6418761854,0.054332957190480445
86667.24375039617,0.052673818011805415
86697.84562460694,0.05047369592955613
86728.44749881771,0.0477072484107552
86759.04937302848,0.044365309660875485
86789.65124723925,0.04054682411357488
86820.25312145002,0.036157696158906
86850.85499566079,0.03119547484653942
86881.45686987156,0.025870889359259342
86912.05874408233,0.019969915818540053
86942.6606182931,0.013505396838171632
86973.26249250387,0.0068625543393703095
87003.86436671464,-0.0003539810299305786
87065.06811513618,-0.015765583899842117
87187.47561197927,-0.049195309823890664
87218.07748619004,-0.05730231326506771
87248.67936040083,-0.06529864641036269
87279.2812346116,-0.07249854868052628
87309.88310882237,-0.0789597119040237
87340.48498303314,-0.0840374496802591
87371.0868572439,-0.08730896717740252
87401.68873145468,-0.08820957289355245
87432.29060566545,-0.08574995721122565
87462.89247987622,-0.07885738452170364
87493.49435408699,-0.06666212237191194
87524.09622829776,-0.04722745676466896
87554.69810250853,-0.01972813952075555
87585.2999767193,0.016765231588183802
87615.90185093007,0.061191007953429556
87646.50372514084,0.10953414341557419
87677.1055993516,0.1533079934559938
87710.28724714139,0.18061327109484954
87743.46889493115,0.1718463544379037
87776.65054272092,0.1230271915531582
87809.8321905107,0.04881332719807575
87843.01383830047,-0.02717382282515799
87876.19548609023,-0.08501628827974367
87909.37713388001,-0.11882793144262775
87942.55878166978,-0.13076475520204553
87975.74042945955,-0.12707435507552328
88008.92207724933,-0.11380630179192151
88042.1037250391,-0.09551502791350187
88075.28537282886,-0.07533850364923698
88108.46702061864,-0.05513905770734267
88141.64866840841,-0.03596661197987767
88174.83031619817,-0.018327428971267438
88208.01196398796,-0.0025583106439359005
88241.19361177774,0.01125717458889161
88274.3752595675,0.023118319770179103
88307.55690735727,0.0331591679815544
88340.73855514705,0.04157019528841011
88373.92020293683,0.04829358835627923
88407.1018507266,0.05351148207189039
88440.28349851636,0.05741073026930602
88473.46514630615,0.06005023463898314
88506.64679409593,0.0615196423549296
88539.8284418857,0.06192327275100717
88573.01008967546,0.06137720083126947
88606.19173746524,0.0599445343388349
88639.373385255,0.05769801691550726
88672.55503304477,0.05473529608296935
88705.73668083455,0.05110724233396888
88738.91832862432,0.046889418574119816
88772.09997641409,0.04215775001558626
88805.28162420387,0.036942528624613
88871.6449197834,0.025385294973895516
88904.82656757318,0.019164526109228322
88938.00821536295,0.012698503747834617
89004.3715109425,-0.0006659036162674934
89037.55315873228,-0.007424426278171768
89070.73480652204,-0.014203078689262632
89137.09810210159,-0.027411309361168305
89170.27974989137,-0.03375880500584323
89203.46139768114,-0.039756443023486854
89236.6430454709,-0.04546334958638176
89269.82469326069,-0.05063927139696718
89303.00634105047,-0.055322346570119654
89336.18798884023,-0.05935199771218083
89369.36963663,-0.0626058690280711
89402.55128441978,-0.06500451357026225
89435.73293220955,-0.0663670724002504
89468.91457999931,-0.06658050927754856
89502.0962277891,-0.06538530030126233
89535.27787557886,-0.06273930971886908
89568.45952336863,-0.05823101533586861
89601.64117115841,-0.051799610277379386
89634.82281894817,-0.04300534527077262
89668.00446673794,-0.03154974149749862
89701.18611452772,-0.017510335549655094
89734.36776231749,0.0000736511527441204
89767.54941010725,0.020620380201782123
89800.73105789704,0.04436017442637875
89831.7093160005,0.06926442926517037
89862.68757410397,0.09482396713291924
89893.66583220744,0.1195024788263344
89924.6440903109,0.13919981340846854
89955.62234841437,0.14818194783647282
89986.60060651784,0.13921674976058104
90017.5788646213,0.1054019812070803
90048.55712272477,0.045908910510873424
90079.53538082824,-0.030626796496306955
90110.5136389317,-0.10462841339880634
90141.49189703517,-0.15565087142287526
90172.47015513864,-0.17338730250506043
90203.4484132421,-0.1609942364665222
90234.42667134557,-0.12930984069455304
90265.40492944905,-0.08953339856993067
90296.38318755252,-0.04995422895462222
90327.36144565599,-0.014448914540535767
90358.33970375947,0.014743744558816154
90389.31796186294,0.037677519235208415
90420.2962199664,0.0546584018667434
90451.27447806987,0.06667462453064196
90482.25273617334,0.07434809074272153
90513.2309942768,0.078558722795217
90544.20925238027,0.08003842282620423
90575.18751048374,0.07920161487051039
90606.1657685872,0.07655558428525167
90637.14402669067,0.07248544683375002
90668.12228479414,0.06731329596185213
90699.1005428976,0.06131293062635137
90730.07880100107,0.05461197179106246
90792.035317208,0.040061906157270344
90823.01357531147,0.03243065651164085
90853.99183341494,0.024698377228540465
90915.94834962187,0.00939932467732818
90946.92660772534,0.0019442834250938644
90977.90486582881,-0.005267538951315648
91039.86138203576,-0.018822470459851352
91070.83964013922,-0.025069508263260487
91101.8178982427,-0.030883971569953015
91132.79615634617,-0.03625889303079265
91163.77441444964,-0.04113334853067149
91194.7526725531,-0.045494458295174
91225.73093065657,-0.04929752064120778
91256.70918876004,-0.05252206785130978
91287.6874468635,-0.055134021409615035
91318.66570496697,-0.0571159612919481
91349.64396307044,-0.058431746926444435
91380.62222117391,-0.05907002070467141
91411.60047927737,-0.058993287110537605
91442.57873738084,-0.0581967190815659
91473.55699548431,-0.05665432152145235
91504.53525358778,-0.05429367946385349
91535.51351169124,-0.051233249275507854
91566.49176979471,-0.047323278791614874
91597.47002789818,-0.0424967804514746
91628.44828600164,-0.037058909081912325
91659.42654410511,-0.03062796893669968
91690.40480220858,-0.023291200072287847
91721.38306031204,-0.015344031916950928
91752.36131841553,-0.006271381214357536
91783.33957651899,0.003257413454431547
91813.70883269125,0.013596089264867016
91844.07808886352,0.024468626965430635
91904.81660120806,0.04773456640008932
91935.18585738033,0.05981287465416234
91965.55511355259,0.0716191248675189
91995.92436972485,0.08298855696629319
92026.29362589712,0.09296507312311426
92056.66288206939,0.10092203215111821
92087.03213824164,0.10547706830814643
92117.4013944139,0.10495086027192845
92147.77065058617,0.09737111877632187
92178.13990675844,0.08010492716882256
92208.50916293071,0.050629366928352515
92238.87841910298,0.007832684838207142
92269.24767527524,-0.047099390000115246
92299.6169314475,-0.10766006838523726
92329.98618761977,-0.15996465461632536
92360.35544379204,-0.18764484285496066
92390.72469996431,-0.17933571902037493
92421.09395613658,-0.13689361983497972
92451.46321230884,-0.07451241456001449
92481.8324684811,-0.010126126446583382
92512.20172465337,0.04361323924583475
92542.57098082564,0.08170810880973117
92572.94023699789,0.10426603126350521
92603.30949317015,0.11403155990305694
92633.67874934242,0.11432344706101229
92664.04800551469,0.10813906834719067
92694.41726168696,0.09783168806019461
92724.78651785923,0.08514604511883372
92755.15577403149,0.07107380279521634
92785.52503020375,0.05672678768357836
92815.89428637602,0.0425615860115181
92846.26354254829,0.028937986424321042
92876.63279872056,0.01608927249389069
92907.00205489283,0.004059082846229075
92937.37131106509,-0.006958881824360462
92967.74056723734,-0.016922115387054636
92998.10982340961,-0.02581119933578315
93028.47907958188,-0.03354556244976619
93058.84833575414,-0.0404307961987979
93089.2175919264,-0.046223101442953086
93119.58684809867,-0.05100308702543613
93149.95610427094,-0.05483492763948562
93180.32536044321,-0.05775835350404572
93210.69461661548,-0.059779419848581594
93241.06387278774,-0.06094226358881685
93271.43312896,-0.06129125278837359
93301.80238513227,-0.060853136170036154
93332.17164130454,-0.059673253477263224
93362.5408974768,-0.05777621777692556
93392.91015364908,-0.05521407227032521
93423.27940982133,-0.05200682219600812
93453.64866599359,-0.04821243195149137
93484.01792216586,-0.043846492664004054
93514.38717833813,-0.03896727057980389
93544.75643451039,-0.0336089079993694
93605.49494685492,-0.021619601696124154
93635.86420302719,-0.01511477341356653
93666.23345919946,-0.00826564059522758
93726.97197154399,0.006025696207800156
93759.92100129524,0.014058559400295451
93792.8700310465,0.022260953075635186
93858.76809054904,0.03806588429213583
93891.71712030031,0.04585196004762367
93924.66615005158,0.052940171948354854
93957.61517980284,0.059678685527119454
93990.56420955411,0.06558017611686737
94023.51323930538,0.0705886399383778
94056.46226905665,0.07433322063262543
94089.41129880791,0.07658831978469978
94122.36032855918,0.07691270290319699
94155.30935831045,0.07493059487638883
94188.25838806172,0.07013269092669919
94221.20741781298,0.06168822608527917
94254.15644756425,0.049410377946239245
94287.10547731552,0.03192020037991908
94320.05450706679,0.008978818938813887
94353.00353681805,-0.019762604186519192
94385.95256656932,-0.054423053123430626
94418.90159632059,-0.09284091680962986
94451.85062607186,-0.13053545947131906
94484.79965582312,-0.159269479842907
94517.74868557439,-0.16682367154001146
94550.69771532566,-0.14146804079359626
94583.64674507693,-0.07948319446318461
94616.5957748282,0.004837414524887203
94649.54480457946,0.08556515390600206
94682.49383433073,0.13947939531073258
94715.442864082,0.1593833707560865
94748.39189383326,0.15110697301954523
94781.34092358453,0.12570078332725715
94814.2899533358,0.09289715564972753
94847.23898308707,0.05916117422945138
94880.18801283833,0.028174010965649185
94913.1370425896,0.0012961681305786316
94946.08607234087,-0.020832511181419783
94979.03510209214,-0.03836351253848029
95011.9841318434,-0.051832533643277515
95044.93316159467,-0.06161161300077529
95077.88219134594,-0.06831887574963058
95110.8312210972,-0.07214105813532706
95143.78025084847,-0.0737792160553247
95176.72928059974,-0.07343656797547018
95209.67831035101,-0.07144084532127645
95242.62734010228,-0.06806579661976009
95275.57636985354,-0.06356521098693849
95308.52539960481,-0.05810550156338749
95341.47442935608,-0.05186961710666807
95374.42345910735,-0.045066891973668546
95440.32151860988,-0.0300914909105048
95473.27054836115,-0.022218288756374306
95506.21957811242,-0.014211104587066143
95572.11763761495,0.0017840793539243645
95605.06666736622,0.009590234716888045
95638.01569711749,0.017185010052600584
95670.96472686875,0.024456491406536413
95703.91375662002,0.03135361190625834
95736.86278637129,0.03779081868150678
95769.81181612256,0.04369289066864108
95802.76084587383,0.049005703499091655
95835.70987562509,0.05361908021402282
95866.45551569006,0.05727167330187995
95897.20115575501,0.060231543408134885
95927.94679581997,0.06238699087460694
95958.69243588494,0.06373592888317306
95989.4380759499,0.06419866667367136
96020.18371601487,0.06364079226007595
96050.92935607984,0.06215149814118358
96081.6749961448,0.05951760562044005
96112.42063620975,0.055669302671430027
96143.16627627471,0.05074412669634503
96173.91191633968,0.04427677898929811
96204.65755640465,0.03663567068592861
96235.40319646962,0.02745057944499422
96266.14883653457,0.01681602014808889
96296.89447659953,0.004623138772483826
96327.6401166645,-0.009096538702791854
96358.38575672946,-0.024316301794273548
96389.13139679443,-0.040659002882791985
96419.8770368594,-0.05842000578057303
96450.62267692435,-0.07610715115425443
96481.3683169893,-0.09378897714070354
96512.11395705427,-0.1094968866154501
96542.85959711924,-0.12136207898159279
96573.60523718421,-0.126328020671463
96604.35087724918,-0.12033787384297365
96635.09651731413,-0.0987729043820653
96665.84215737908,-0.05786012272393838
96696.58779744405,0.0023019723342565506
96727.33343750902,0.07433227316654122
96758.07907757399,0.14096116440451983
96788.82471763896,0.18228319906947119
96819.57035770391,0.1854626577673557
96850.31599776886,0.1533154748258351
96881.06163783383,0.10032847338354589
96911.8072778988,0.04278921153721
96942.55291796377,-0.008381067752283769
96973.29855802873,-0.04805489869948208
97004.04419809369,-0.0755157196812091
97034.78983815864,-0.0921391100528223
97065.53547822361,-0.10009060629828323
97096.28111828858,-0.10152106080687684
97127.02675835355,-0.09815581026564697
97157.77239841851,-0.0913812049791213
97188.51803848347,-0.08234232005934634
97219.26367854842,-0.07184837265853412
97250.00931861339,-0.06052334797930909
97311.50059874333,-0.037073740803714436
97342.2462388083,-0.02552673101245418
97372.99187887325,-0.014337665596799647
97403.7375189382,-0.003658802297146386
97434.48315900317,0.006347786436114551
97465.22879906814,0.015613760760274487
97495.9744391331,0.02418041391022533
97526.72007919807,0.031919582403734395
97557.46571926303,0.03879696273357002
97588.21135932798,0.04481199761775738
97618.95699939295,0.04998692987942177
97649.70263945792,0.05422454163224833
97680.44827952288,0.057624360786574805
97711.19391958785,0.060103169529589294
97741.9395596528,0.06171394731320081
97772.68519971776,0.0624367519082285
97803.43083978273,0.06229388322708222
97837.75220102337,0.061120926665132434
97872.073562264,0.058899495489213
97906.39492350465,0.0556538663506518
97940.71628474529,0.05141756877519061
97975.03764598593,0.046206300178109214
98009.35900722657,0.04010083057949717
98043.6803684672,0.03313758380991827
98078.00172970784,0.02524682144071535
98112.32309094848,0.016683078122395015
98146.64445218912,0.007484794537509986
98215.2871746704,-0.012730059861657001
98249.60853591104,-0.02344317616703325
98283.92989715168,-0.03453525321873172
98352.57261963296,-0.056088477739734244
98386.8939808736,-0.06602338530867845
98421.21534211424,-0.07525918422191491
98455.53670335488,-0.08282954379959241
98489.85806459552,-0.08829199761602514
98524.17942583616,-0.09072039539689612
98558.5007870768,-0.08907647941119116
98592.82214831744,-0.08165720456890854
98627.14350955808,-0.06723834385669895
98661.46487079872,-0.04367043343879539
98695.78623203936,-0.009361098073253991
98730.10759328,0.03584681115222628
98764.42895452064,0.08909628804817159
98798.75031576128,0.1417216458907056
98833.07167700192,0.1775375989421519
98867.39303824256,0.17710361504274674
98901.7143994832,0.13009025071295827
98936.03576072384,0.04851867632806614
98970.35712196448,-0.03806488704069847
99004.67848320512,-0.10350821378484817
99038.99984444576,-0.1373394812480418
99073.3212056864,-0.14331719708633203
99107.64256692704,-0.1306065052578802
99141.96392816768,-0.10763129002903972
99176.28528940832,-0.08056687392442946
99210.60665064896,-0.053344092529572465
99244.9280118896,-0.027833346764674163
99279.24937313024,-0.005190076481930981
99313.57073437088,0.014261817138936933
99347.89209561152,0.03044863325900047
99382.21345685216,0.04351871627685454
99416.5348180928,0.0536938291339335
99450.85617933344,0.06122846493942931
99485.17754057408,0.06636857440966633
99519.49890181472,0.06935273186367198
99553.82026305536,0.07042437167508787
99588.141624296,0.06980935611579464
99622.46298553664,0.06767434389980419
99656.78434677728,0.06420821669580395
99691.10570801792,0.0595824583694767
99725.42706925856,0.05393936559597968
99759.7484304992,0.04743765385173252
99794.06979173984,0.040221261019821555
99862.71251422112,0.02411913693542702
99897.03387546176,0.015470868633403282
99931.3552367024,0.006613127136192312
99965.67659794303,-0.0023465846232010993
99999.99795918367,-0.011303089639018797
