0.002040816326530612,-0.000041218665279998135
30.671792055962676,-0.07049667425595074
61.341543295598825,-0.12230980156694964
92.01129453523498,-0.14777514461842078
122.68104577487112,-0.15057196593306557
153.35079701450726,-0.13891671510147333
184.02054825414342,-0.1202815350682517
214.69029949377955,-0.09961129507464983
245.3600507334157,-0.07961559289951026
276.02980197305186,-0.061396337938668374
306.699553212688,-0.04542475561682281
337.3693044523242,-0.031689236022263666
368.0390556919603,-0.020008091943397092
398.7088069315964,-0.010032588874344644
429.3785581712326,-0.0017018872883786422
460.04830941086874,0.005494484844100809
490.71806065050487,0.011465749311780342
521.387811890141,0.016584618113829785
552.0575631297772,0.02092569772288605
582.7273143694133,0.024478291792625083
613.3970656090495,0.027499261730928495
644.0668168486857,0.0301339446207723
674.7365680883217,0.03227285001304082
705.4063193279579,0.03400538115606464
736.0760705675941,0.035405480968348675
766.7458218072302,0.036608616170544596
797.4155730468664,0.03752740985412154
828.0853242865026,0.038207549710901755
858.7550755261386,0.03867927153109526
889.4248267657748,0.03902737756776215
920.094578005411,0.03919557401359918
950.7643292450471,0.03920687848069499
981.4340804846832,0.03912545242346777
1012.1038317243194,0.0389163375627337
1042.7735829639555,0.0385982345693906
1073.4433342035918,0.03820147709797336
1104.1130854432279,0.03771448106042241
1134.782836682864,0.03715005485421982
1165.4525879225002,0.036517960843754416
1196.1223391621363,0.03582243519448803
1226.7920904017724,0.03506993323402176
1257.4618416414087,0.03426036529886636
1288.1315928810448,0.0334091366997007
1349.4710953603171,0.0315694551463924
1472.1501003188616,0.0274773062713936
1502.8198515584977,0.0263961843947954
1533.489602798134,0.025273041477342578
1594.8291052774061,0.022990121659356346
1717.5081102359509,0.018255158352924013
1962.86612015304,0.008493403806446106
1996.1156449716777,0.007158884483046154
2029.3651697903158,0.005840814193465385
2095.8642194275917,0.003231164134476495
2228.862318702143,-0.0018596252730670023
2262.111843520781,-0.0030901128693283895
2295.3613683394187,-0.004318684272838878
2361.8604179766944,-0.006701223220184944
2494.858517251246,-0.011233828408425697
2528.1080420698845,-0.01230667594386765
2561.3575668885223,-0.013350878753027404
2627.856616525798,-0.015373698457312516
2661.106141344436,-0.016338529917736294
2694.3556661630737,-0.017271988771448366
2760.8547158003494,-0.019060615196347264
2794.104240618987,-0.01990494526732297
2827.353765437625,-0.020715571481632396
2893.8528150749007,-0.022240320049320837
2927.1023398935386,-0.02294997096345662
2960.3518647121764,-0.023623608917520612
3026.8509143494525,-0.024861660617521274
3060.100439168091,-0.025424054857176213
3093.3499639867287,-0.025948183465388085
3126.5994888053665,-0.026433359379863765
3159.8490136240043,-0.026878149505327076
3193.098538442642,-0.027282233732604116
3226.34806326128,-0.02764586159520536
3259.597588079918,-0.02796809806084441
3292.8471128985557,-0.028247606176252445
3326.0966377171935,-0.028483832100188625
3359.3461625358314,-0.028677447660369514
3392.595687354469,-0.028827219380534418
3425.845212173107,-0.028931752557934724
3459.094736991745,-0.028992120900582855
3492.3442618103827,-0.02900770096039888
3525.5937866290205,-0.028976897258487504
3558.843311447659,-0.02889804288746832
3592.092836266297,-0.028773873175047083
3625.342361084935,-0.028604972594273168
3658.591885903573,-0.02838693346249002
3691.8414107222106,-0.028117671166963096
3725.0909355408485,-0.0277937029926326
3758.3404603594863,-0.027438522578359683
3791.589985178124,-0.02703224026929859
3824.839509996762,-0.026572160709052123
3858.0890348154,-0.026055615035237508
3891.3385596340377,-0.02548000444393518
3924.5880844526755,-0.024858597118081152
3957.8376092713133,-0.024214654183852213
3991.087134089951,-0.023512105004970228
4024.336658908589,-0.02274743323663139
4090.835708545865,-0.021018808591067816
4121.8818436781985,-0.020168229272759772
4152.927978810532,-0.019287596786324232
4215.020249075199,-0.01733809099420578
4246.066384207532,-0.016263289789471766
4277.112519339866,-0.015167779989309986
4339.204789604533,-0.012899055641337823
4370.250924736867,-0.011651678248774494
4401.2970598692,-0.01032548071052194
4463.389330133867,-0.007672694354097261
4587.573870663201,-0.0016896485127870105
4618.620005795534,-0.00007274407728273058
4649.666140927868,0.0016512668510910104
4711.758411192535,0.005085324720475485
4835.942951721869,0.012655632289124058
4866.9890868542025,0.014761669062981533
4898.035221986536,0.016761726237978235
4960.127492251203,0.021072755264599216
5084.312032780537,0.030126273699330453
5115.358167912871,0.032501895307103165
5146.404303045205,0.03500530426178538
5208.496573309872,0.039893862481030606
5239.5427084422045,0.042280527805686696
5270.588843574538,0.044814936813366076
5332.681113839206,0.04966402330366895
5363.72724897154,0.05198727718259505
5394.773384103873,0.054255142474845704
5425.819519236205,0.056328773948458824
5456.865654368539,0.05818819504440029
5487.911789500873,0.05977354594680544
5518.957924633207,0.06091648214859388
5550.004059765541,0.06136669053749124
5581.050194897874,0.061195769704762704
5612.096330030206,0.059887158467003654
5643.14246516254,0.05678057408277484
5674.188600294874,0.05192305116789145
5705.234735427208,0.04421141439554929
5736.280870559542,0.03244445446345946
5767.327005691875,0.015684199089919644
5798.373140824207,-0.007578829621053926
5829.419275956541,-0.038611834379251975
5860.465411088875,-0.07746933815855489
5891.511546221209,-0.1214047694953545
5922.557681353543,-0.1624753659994187
5953.6038164858755,-0.18718834789075503
5984.649951618208,-0.18174866191650926
6015.696086750542,-0.14260791168065753
6046.742221882876,-0.08181890338236525
6077.78835701521,-0.01863689393534082
6108.225490216341,0.03195066663357367
6138.662623417473,0.06677325235475551
6169.099756618603,0.08719134471913206
6199.536889819735,0.0967951487168935
6229.974023020866,0.09913612552217675
6260.411156221997,0.09692526137740064
6290.848289423128,0.09206412680340904
6321.28542262426,0.08576227108394023
6351.72255582539,0.07881574053585605
6382.159689026522,0.07164931116678915
6443.033955428784,0.0576839422419487
6473.471088629915,0.05121687042630154
6503.908221831047,0.04515197958758594
6564.782488233309,0.033801415366398906
6595.21962143444,0.028742026839814194
6625.656754635571,0.024057169693369043
6656.093887836702,0.01968636678469089
6686.531021037834,0.015491689662994135
6716.968154238964,0.011625070137420594
6747.405287440096,0.008049863168026763
6808.279553842358,0.0016108008900662732
6838.716687043489,-0.0013559466794044357
6869.153820244621,-0.004054232222485223
6899.590953445751,-0.006572930703746659
6930.028086646883,-0.008982039092222964
6960.465219848014,-0.011169608761208621
6990.902353049145,-0.013218268017201395
7051.776619451408,-0.01691901922351561
7082.2137526525385,-0.018569284093545236
7112.65088585367,-0.020114148331439423
7143.088019054801,-0.021504000347199938
7173.525152255932,-0.022839001200096243
7203.962285457063,-0.024004655565532187
7234.399418658195,-0.02513712088533247
7264.8365518593255,-0.02610770007136902
7295.273685060457,-0.027051756868463055
7325.710818261588,-0.027856788761140942
7356.147951462719,-0.028614702953514003
7386.5850846638505,-0.02926364739908683
7417.022217864982,-0.02985345760115868
7447.4593510661125,-0.030355425343719197
7477.896484267244,-0.03079209590772345
7508.333617468375,-0.031155702071072433
7538.770750669506,-0.03145193260049129
7569.2078838706375,-0.03168531064039173
7599.645017071769,-0.03184937179417083
7630.0821502728995,-0.03196516300534609
7660.519283474031,-0.032011190613999096
7690.9564166751625,-0.03200222943029691
7721.393549876293,-0.03194419199628734
7751.8306830774245,-0.03182696768444288
7782.267816278556,-0.03165997271139794
7812.704949479687,-0.03144533021941177
7843.142082680818,-0.031180021971419378
7873.5792158819495,-0.03086962507050081
7904.01634908308,-0.030513756651081192
7934.4534822842115,-0.030114227503738423
7964.890615485343,-0.02967392284668221
7995.327748686474,-0.02919086491391395
8025.764881887605,-0.02867001107039184
8058.7817886677385,-0.028063147834457198
8091.798695447871,-0.027410603787533284
8157.832509008136,-0.025988544827419642
8190.84941578827,-0.02521804747444301
8223.866322568403,-0.024415418700918293
8289.900136128668,-0.022698554474945527
8322.9170429088,-0.021794853292448325
8355.933949688933,-0.02086588375124355
8421.9677632492,-0.018907201400784116
8554.035390369732,-0.014709954865103347
8587.052297149865,-0.013609308132328114
8620.069203929997,-0.012493536790968193
8686.103017490264,-0.010202148948104174
8818.170644610796,-0.005477823102443967
9082.305898851859,0.004246184259524617
9115.322805631993,0.005460188696372948
9148.339712412126,0.0066740352312571055
9214.37352597239,0.00905595001042335
9346.441153092921,0.013717586201151998
9379.458059873054,0.014834840456926854
9412.474966653186,0.015939558689604227
9478.508780213453,0.018103519634219526
9610.576407333985,0.022130457502850826
9643.593314114118,0.023074612096513777
9676.61022089425,0.023991899462652143
9742.644034454517,0.025694268831704392
9775.660941234652,0.02650195240296177
9808.677848014784,0.027274881767245678
9874.71166157505,0.028680637442757013
9907.728568355182,0.029322931598485678
9940.745475135314,0.02992126821490179
9973.762381915447,0.030466226619464565
10006.779288695581,0.030962163508640735
10039.796195475716,0.03140830730829809
10072.813102255848,0.03179667446475219
10105.83000903598,0.03212748920109292
10138.846915816113,0.03240347804431764
10169.660432909943,0.03260181129929649
10200.47395000377,0.03273411982729778
10231.287467097598,0.03282096820560197
10262.100984191427,0.03284710085853121
10292.914501285257,0.0327968986490849
10323.728018379084,0.032682671341941104
10354.541535472912,0.03251615095029694
10385.355052566742,0.032256900013367465
10416.168569660571,0.03190544805946844
10446.982086754399,0.031527366066743286
10477.795603848226,0.031034978959295207
10508.609120942056,0.03041161265992749
10539.422638035885,0.029782574407460086
10570.236155129713,0.029011887096993448
10601.04967222354,0.02811930679859731
10631.86318931737,0.027183984067874742
10662.6767064112,0.026055706067016904
10693.490223505027,0.024876913391754924
10724.303740598854,0.023559171921704827
10755.117257692684,0.02202072180804466
10785.930774786513,0.020488958537358992
10816.74429188034,0.018651743621207854
10847.557808974168,0.01681764257283759
10878.371326067998,0.014639124311791554
10909.184843161827,0.012453876370705712
10939.998360255655,0.00989161665518457
10970.811877349483,0.007278585688600184
11001.625394443312,0.004240856104843479
11032.438911537141,0.0011799393554950688
11063.252428630969,-0.0023031329209226813
11094.065945724797,-0.006058263250002551
11124.879462818626,-0.010068528291763013
11155.692979912455,-0.014538281240833166
11186.506497006283,-0.019392315697163022
11217.32001410011,-0.024500205352689097
11248.13353119394,-0.03016785265651086
11278.94704828777,-0.03633815132468
11309.760565381597,-0.043058240023711586
11371.387599569254,-0.05801701244116815
11402.201116663084,-0.06625028428839065
11433.014633756911,-0.07491727111012539
11463.828150850739,-0.0837564284499326
11494.641667944568,-0.09237474337192061
11525.455185038398,-0.1001214372734785
11556.268702132225,-0.10582117698216811
11587.082219226053,-0.10753308196414649
11617.895736319882,-0.10230099489627903
11648.709253413712,-0.08608518228870712
11679.52277050754,-0.05447880980558942
11710.336287601367,-0.004703335336402832
11741.149804695197,0.05952342848178263
11771.963321789026,0.12483321263861069
11802.776838882854,0.1715594931636153
11833.590355976681,0.18605847608125065
11864.40387307051,0.16973432773380995
11895.21739016434,0.1347156652038905
11926.030907258168,0.09420194564495116
11956.844424351995,0.05642720275602095
11987.657941445825,0.024914014338976748
12018.471458539654,0.00023603629086681177
12049.284975633484,-0.018230899331256524
12080.098492727313,-0.031942208124405624
12110.91200982114,-0.041603234589516626
12144.305300493972,-0.04886436872675028
12177.698591166802,-0.05347474859086323
12211.091881839631,-0.05626342218837399
12244.48517251246,-0.05763066577649607
12277.87846318529,-0.05796639959160721
12311.271753858122,-0.05753881741112645
12344.665044530953,-0.05654529757937621
12378.058335203783,-0.05513186689433059
12411.451625876613,-0.05340731444921709
12444.844916549444,-0.05145370326394036
12511.631497895105,-0.047108952233424116
12545.024788567935,-0.04476846913533373
12578.418079240764,-0.042375010162716595
12645.204660586425,-0.03752333981256711
12678.597951259257,-0.0350939568289356
12711.991241932086,-0.03265606127217195
12778.777823277745,-0.027837163405639492
12912.350985969068,-0.01851859959964967
12945.744276641897,-0.01631682345161593
12979.137567314729,-0.01411183271839419
13045.92414866039,-0.009892678072318764
13179.49731135171,-0.0020098593376768697
13212.890602024541,-0.00014955636287790385
13246.28389269737,0.0016444626334893406
13313.07047404303,0.0050760027706212105
13346.46376471586,0.006683499431508165
13379.857055388691,0.008286162363472167
13446.643636734352,0.011275464855174803
13480.036927407182,0.01269712154226308
13513.430218080013,0.014043832643701777
13580.216799425674,0.016603890545116996
13613.610090098504,0.017804416704966426
13647.003380771333,0.01894226503450831
13713.789962116995,0.021054755460930406
13747.183252789826,0.02202352493968711
13780.576543462656,0.022924464785938552
13813.969834135485,0.023792006305892795
13847.363124808315,0.024596710235303073
13880.756415481144,0.025336638497148217
13914.149706153976,0.02602437822403778
13947.542996826807,0.02666251731149204
13980.936287499637,0.027238363078411144
14014.329578172466,0.02775426771442796
14047.722868845298,0.028224382948771783
14081.11615951813,0.028634901177689676
14114.509450190959,0.02898724892260117
14147.902740863788,0.029286709210208976
14181.296031536618,0.029532150992866775
14214.689322209448,0.029721064420894196
14248.08261288228,0.02985502041527245
14280.866901623907,0.02993603886989337
14313.651190365534,0.029963936382848496
14346.435479107162,0.029940061143630896
14379.21976784879,0.02986541218151331
14412.004056590418,0.029739652692278802
14444.788345332046,0.0295633923086685
14477.572634073675,0.029337449886554567
14510.356922815303,0.029061567251950034
14543.141211556931,0.02873645411596413
14575.92550029856,0.02836272737842064
14608.709789040187,0.027940880561901055
14641.494077781816,0.02747133118123897
14674.278366523444,0.026954728285315577
14707.062655265072,0.026392506798316194
14772.631232748327,0.025129270166986063
14805.415521489955,0.024428500160557393
14838.199810231581,0.023686280189536824
14903.768387714837,0.02207613512627401
14936.552676456466,0.021204605951986515
14969.336965198094,0.02028862221860176
15034.90554268135,0.01835405694724636
15067.689831422978,0.017327878936811647
15100.474120164607,0.016259012575646336
15166.042697647863,0.014007420868358374
15297.179852614374,0.009117826262414266
15329.964141356002,0.007810971310143512
15362.748430097628,0.0065018813503887295
15428.317007580885,0.0037631556580344314
15559.454162547398,-0.0020012267387955673
15821.728472480421,-0.014438765617971153
15854.51276122205,-0.015975148755637703
15887.297049963676,-0.017552670754481192
15952.865627446932,-0.02081038367160156
16084.002782413445,-0.027051552948274604
16116.787071155073,-0.028515860867036166
16149.571359896701,-0.03000542713905992
16215.139937379958,-0.03292225756731728
16247.924226121586,-0.034294159266269664
16280.708514863214,-0.03566045809631326
16346.277092346469,-0.0381615389043375
16376.857991401794,-0.03925296822528986
16407.438890457117,-0.04025359960805529
16438.01978951244,-0.04117906228271062
16468.600688567763,-0.04201462826057563
16499.181587623087,-0.042733448379752494
16529.76248667841,-0.04335155284341992
16560.343385733733,-0.043778438661257885
16590.924284789056,-0.044137255449210946
16621.50518384438,-0.044230537757031244
16652.086082899703,-0.04416887725453121
16682.666981955026,-0.04386527775188549
16713.24788101035,-0.043176255496083144
16743.828780065673,-0.042322212374936795
16774.409679120996,-0.040918640265578836
16804.990578176323,-0.03921635514026938
16835.571477231646,-0.036851275154996685
16866.15237628697,-0.033813914834946085
16896.733275342296,-0.03022776042274522
16927.31417439762,-0.025384292969237856
16957.895073452943,-0.019654440500501053
16988.475972508266,-0.01267009641505788
17019.05687156359,-0.0035056218027439707
17049.637770618912,0.007149328689048755
17080.218669674236,0.020122274147731586
17110.79956872956,0.03604211063495806
17141.380467784882,0.05523793163675672
17171.961366840205,0.07751521269193697
17202.54226589553,0.10248800937596965
17233.12316495085,0.12832252888642062
17263.704064006175,0.1509776196867746
17294.2849630615,0.1631767947708998
17324.86586211682,0.15530981270386662
17355.446761172145,0.1192559698961009
17386.027660227468,0.05672825704127202
17416.60855928279,-0.01715633755623777
17447.189458338114,-0.08160167573349365
17477.770357393438,-0.12332391411973977
17508.35125644876,-0.14076555706374638
17538.932155504088,-0.14021343163795963
17569.51305455941,-0.1289686381325365
17600.093953614734,-0.11274290530220338
17630.67485267006,-0.09507295469238378
17661.255751725384,-0.0778658751535557
17691.836650780708,-0.061986399233751426
17722.41754983603,-0.04782945809378371
17752.998448891354,-0.03544858336476418
17783.579347946677,-0.024467951436117494
17814.160247002,-0.015016489081717946
17844.741146057324,-0.006900729040368842
17875.322045112647,0.00013365972463480827
17905.90294416797,0.006285396599966939
17936.483843223294,0.01161129883858459
17967.064742278617,0.01619771936049074
17997.64564133394,0.02011560603617785
18028.226540389263,0.023497370684006976
18058.807439444587,0.02640266936953765
18089.38833849991,0.028917626022661555
18119.969237555233,0.03106923568807536
18150.550136610556,0.03288276158713875
18181.13103566588,0.034397445746859025
18211.711934721203,0.03565490733109804
18242.292833776526,0.0366226124129957
18272.873732831853,0.03746893629387355
18303.454631887176,0.03805021311793552
18336.615304521503,0.03853391631937754
18369.775977155827,0.03881943744485619
18402.936649790154,0.038916895544808816
18436.09732242448,0.038899616022709034
18469.257995058804,0.03872506704526358
18502.41866769313,0.03842508092727073
18535.57934032746,0.03801744574903754
18568.74001296178,0.03749888788347491
18601.900685596105,0.03688796462377693
18635.061358230432,0.03618871932376935
18668.22203086476,0.035405314214195474
18701.382703499083,0.03455230507816055
18734.543376133406,0.03362631912437633
18767.704048767733,0.032640832000888784
18834.025394036384,0.03049937187014946
18867.186066670707,0.029360149326924545
18900.346739305034,0.02816608197893284
18966.668084573685,0.025674017571836606
19099.310775110986,0.020330271101379457
19364.596156185587,0.008824203450287213
19397.75682881991,0.007373919444787588
19430.917501454238,0.005902109207399412
19497.23884672289,0.0029985770567830033
19629.88153726019,-0.0027109661462493945
19663.042209894513,-0.00410842375012742
19696.20288252884,-0.005482578588236848
19762.52422779749,-0.008176730224622772
19895.16691833479,-0.013284227259152325
19928.327590969115,-0.014493241875971813
19961.48826360344,-0.015670266575046197
20027.809608872092,-0.01793181065848436
20060.970281506416,-0.01901167614729871
20094.130954140743,-0.020055121445997175
20160.452299409393,-0.02202883130985454
20193.612972043717,-0.02295452890751153
20226.773644678044,-0.023839625940419953
20259.93431731237,-0.024682770695866187
20293.094989946694,-0.025482489764599093
20326.25566258102,-0.02623464762125026
20359.41633521535,-0.026938652807474327
20425.737680484,-0.028206278208624595
20456.69496343202,-0.028730299763210777
20487.652246380043,-0.02920585225473086
20518.609529328063,-0.029635753966073382
20549.566812276084,-0.030020315565901488
20580.524095224104,-0.030357357096939697
20611.481378172124,-0.030644553836642874
20642.438661120144,-0.03088002531547189
20673.395944068165,-0.03106632223921258
20704.353227016185,-0.031201625508993483
20735.310509964205,-0.031282958239159955
20766.26779291223,-0.031307215003994616
20797.22507586025,-0.03127745979401268
20828.18235880827,-0.03119845821283985
20859.139641756294,-0.031061455321132567
20890.096924704314,-0.030862448261207515
20921.054207652334,-0.030597373314918512
20952.011490600355,-0.030275174509442754
20982.968773548375,-0.02991078200292931
21013.9260564964,-0.02947902441143578
21044.88333944442,-0.028974620475969215
21075.84062239244,-0.028392386855116872
21106.797905340463,-0.02774597835104002
21137.755188288484,-0.027077891220020186
21168.712471236504,-0.026329034738630706
21199.669754184524,-0.02549262489615281
21230.627037132545,-0.024562301034473762
21261.584320080565,-0.023551265015160288
21292.541603028585,-0.022563611324452962
21323.498885976605,-0.021474854637994343
21354.456168924626,-0.020276668865361804
21416.37073482067,-0.017567378069561917
21447.32801776869,-0.016218880207488375
21478.285300716714,-0.01473656976366541
21509.242583664734,-0.01311219015288255
21540.199866612755,-0.011337340284611714
21571.157149560775,-0.009697705164605053
21602.114432508795,-0.007886200811787734
21633.071715456816,-0.005896065163090181
21664.028998404836,-0.003753587313629393
21694.986281352856,-0.0017651509734425445
21725.943564300876,0.0004459302766026711
21787.85813019692,0.005213578356219288
21818.81541314494,0.007694505523478558
21849.772696092965,0.010447052264482424
21911.687261989005,0.015946495636646765
21942.644544937026,0.019071810425334425
21973.601827885046,0.02200194879807021
22035.51639378109,0.028638653292054714
22159.345525573175,0.043148383182302616
22190.302808521195,0.046836294380084235
22221.260091469216,0.0508982132898351
22283.174657365256,0.05884111514963986
22314.131940313277,0.06263628877325507
22345.089223261297,0.0663647304830023
22376.04650620932,0.06977226607172043
22407.00378915734,0.07265630958007636
22437.352070174158,0.07466803351436213
22467.70035119098,0.07538024990998958
22498.048632207796,0.07459258399378012
22528.396913224613,0.07104091617751024
22558.745194241434,0.06351821722658427
22589.09347525825,0.05083829854872965
22619.441756275068,0.03096034225860344
22649.79003729189,0.001704939858799881
22680.13831830871,-0.03810907264271775
22710.486599325526,-0.08740531041524993
22740.834880342343,-0.1389171266094081
22771.183161359164,-0.17979383759699935
22801.531442375985,-0.1938955436456139
22831.8797233928,-0.17342570332038632
22862.22800440962,-0.12572657785718314
22892.57628542644,-0.06768530093758203
22922.92456644326,-0.014263995288558885
22953.272847460077,0.027129548660429055
22983.621128476894,0.05557597665176056
23013.969409493715,0.07312859282199648
23044.317690510536,0.0825185268115638
23074.665971527353,0.08641127344882896
23105.01425254417,0.08651621143533994
23135.36253356099,0.08422264378647619
23165.71081457781,0.0804712837081731
23196.059095594628,0.07583070177238196
23226.407376611445,0.07071538833230624
23256.755657628266,0.06540167372388495
23378.148781695538,0.04452847541450148
23408.497062712355,0.03975262646197561
23438.845343729176,0.03523132426236146
23499.54190576281,0.026550993273644217
23529.89018677963,0.022603485344969566
23560.238467796447,0.01885297013390045
23620.935029830085,0.011790264179113254
23651.283310846906,0.008603383506145208
23681.631591863723,0.005476749981985298
23742.32815389736,-0.0001699959428549322
23772.67643491418,-0.0027569297861991977
23803.024715931,-0.005212834980127425
23863.721277964636,-0.009706353029239102
23894.069558981457,-0.011820389904059543
23924.417839998274,-0.013748636346219149
23954.76612101509,-0.01559098882276461
23985.11440203191,-0.017305255154587577
24015.462683048732,-0.018933957808801166
24045.81096406555,-0.0203919600138006
24106.507526099187,-0.02312863755129696
24136.855807116008,-0.0243418148946597
24167.204088132825,-0.025467668637270284
24197.552369149642,-0.02646957639423555
24227.900650166463,-0.027433002529601562
24258.24893118328,-0.028277270028032785
24288.597212200097,-0.02905192970659473
24318.945493216917,-0.02974669128611446
24349.293774233734,-0.03034670960466051
24382.221828829555,-0.030936684355882246
24415.149883425373,-0.03141905728910665
24448.077938021193,-0.031829908905362816
24481.005992617014,-0.032149830964283546
24513.934047212835,-0.03238888564832883
24546.862101808656,-0.03255713294690003
24579.790156404477,-0.032640163138668465
24612.718211000298,-0.03264754722780599
24645.64626559612,-0.03259107227862579
24678.57432019194,-0.03245859224385818
24711.502374787757,-0.032256479033750715
24744.430429383578,-0.03199050993279427
24777.3584839794,-0.03165763791682095
24810.286538575216,-0.031261872189681
24843.214593171037,-0.0308061307280729
24876.142647766857,-0.030288357601329068
24909.07070236268,-0.02971377262925477
24941.9987569585,-0.029086350987191235
24974.92681155432,-0.028399399575037176
25007.85486615014,-0.027661298535057978
25040.78292074596,-0.026875262476938472
25073.710975341783,-0.026038037489148364
25139.56708453342,-0.024223004524454823
25172.49513912924,-0.023250908808391108
25205.42319372506,-0.022233223848013534
25271.2793029167,-0.02008432684990174
25402.991521299984,-0.015354023674137355
25435.919575895805,-0.014094033842587284
25468.847630491626,-0.012805222951768584
25534.703739683267,-0.010153745290831477
25666.415958066547,-0.0045989183940550685
25929.84039483311,0.00709329080385578
25962.76844942893,0.008555918487994479
25995.696504024752,0.010012968303514284
26061.552613216394,0.012933706840264098
26193.264831599674,0.01859060725102813
26226.192886195495,0.019971271413273078
26259.120940791312,0.02133655692000548
26324.977049982954,0.02390763286568256
26456.689268366237,0.028706944339061694
26487.413933275755,0.0297107282073016
26518.13859818527,0.03068686839211738
26548.863263094783,0.03162529791234759
26579.5879280043,0.0325149640651299
26610.31259291382,0.03332648603923811
26641.037257823333,0.03408464890309602
26671.761922732847,0.03479381800372599
26702.486587642365,0.03543794024711257
26733.211252551882,0.036000171290110065
26763.935917461396,0.0364950643384774
26794.66058237091,0.03691960499310236
26825.38524728043,0.03725011168439917
26856.109912189946,0.037462065526822574
26886.83457709946,0.03761388586322976
26917.559242008974,0.03766953035687209
26948.283906918492,0.03757904127236682
26979.00857182801,0.03733190841689787
27009.733236737524,0.03706780422971182
27040.457901647038,0.03660746833836038
27071.182566556556,0.035904570760522184
27101.907231466073,0.035164164883113726
27132.631896375588,0.03423507067161459
27163.3565612851,0.03296528223126931
27194.08122619462,0.03168588259422134
27224.805891104137,0.030097302052363002
27255.53055601365,0.028013524842571844
27286.255220923165,0.026088731893760646
27316.979885832683,0.023518742845354414
27347.7045507422,0.02078952530312798
27378.429215651715,0.017586244466804374
27409.15388056123,0.013867706991083474
27439.878545470747,0.009839171339676253
27470.603210380264,0.005108117324202202
27501.32787528978,-0.0001314020241871966
27532.052540199293,-0.00612188238463101
27562.77720510881,-0.012917363258741543
27593.50187001833,-0.020497498190856174
27624.226534927842,-0.029505991190726423
27654.951199837356,-0.03890350895705799
27685.675864746874,-0.049854146095929294
27716.400529656392,-0.062351689198475425
27747.125194565906,-0.07537138197160734
27777.84985947542,-0.0897372574550377
27808.574524384938,-0.10444162550103367
27839.299189294456,-0.11794530061867006
27870.02385420397,-0.12814229450207293
27900.748519113484,-0.1309622756450744
27931.473184023,-0.12068225958158502
27962.19784893252,-0.09053734381045361
27992.922513842033,-0.0376882975957243
28023.647178751547,0.033006116344780415
28054.371843661065,0.10423102195156181
28085.096508570583,0.15493513363273617
28115.821173480097,0.17413424444869274
28146.54583838961,0.16536630386479179
28177.27050329913,0.13987236491581118
28207.995168208647,0.10819370405429253
28238.71983311816,0.07705295439190603
28269.444498027675,0.04949491972167225
28300.169162937193,0.026471476485862344
28330.89382784671,0.007853990103419986
28361.618492756228,-0.006955648490109406
28392.343157665746,-0.01842114357428895
28423.06782257526,-0.02755911821035275
28456.372261063778,-0.035018462331467395
28489.676699552292,-0.040447965505639547
28522.98113804081,-0.04443923516725072
28556.285576529328,-0.04727065944084029
28589.590015017846,-0.04912269636563514
28622.894453506364,-0.050201337067222865
28656.19889199488,-0.05067973889765415
28689.5033304834,-0.050663638291141205
28722.807768971918,-0.05024650039400254
28756.112207460435,-0.049504378600801785
28789.416645948953,-0.048497417859664854
28822.72108443747,-0.0472737174467302
28856.02552292599,-0.04587335841304915
28889.329961414507,-0.044315092999771856
28955.938838391543,-0.04087819649545594
28989.24327688006,-0.039014896630449714
29022.54771536858,-0.03708937652508439
29089.156592345615,-0.03310892880573074
29222.374346299686,-0.024820734525742644
29488.80985420783,-0.008355291878546172
29522.114292696348,-0.0063837407483990465
29555.418731184865,-0.004457704231659336
29622.0276081619,-0.0006935505255560711
29755.245362115973,0.006396068705626982
29788.54980060449,0.008055659786478502
29821.85423909301,0.009660999528370712
29888.463116070045,0.012752995665818433
30021.680870024113,0.01831053419686193
30054.98530851263,0.019564936924803832
30088.289747001145,0.020753937012595314
30121.594185489663,0.02190103896176787
30154.89862397818,0.022983349466943654
30188.2030624667,0.02400028105470367
30221.507500955217,0.02495989800043979
30288.116377932252,0.02670291930882089
30321.42081642077,0.027475970551784624
30354.72525490929,0.028189228739460774
30388.029693397806,0.028839259368727346
30421.334131886324,0.02942300024660374
30454.638570374842,0.02994088014992854
30487.94300886336,0.030395186973720758
30521.247447351878,0.030782602207478464
30554.551885840396,0.031103209120896477
30587.24732239771,0.03135288717054364
30619.942758955025,0.03153794134574058
30652.638195512343,0.0316575867024252
30685.333632069658,0.03171192819856592
30718.029068626973,0.03170036275526251
30750.72450518429,0.03162276359200449
30783.419941741606,0.031479717904139434
30816.11537829892,0.031270014104165286
30848.810814856235,0.030992507130605692
30881.50625141355,0.030647046234449388
30914.201687970864,0.03024251164625007
30946.89712452818,0.02977134660715835
30979.592561085494,0.029231722449386217
31012.28799764281,0.028621758404837536
31044.983434200127,0.027939569173006662
31077.67887075744,0.027183316622194982
31110.374307314756,0.026389738417664864
31143.069743872074,0.02552875613429652
31175.76518042939,0.024595787348852746
31208.460616986704,0.023588102274239634
31241.15605354402,0.02250320419785052
31273.851490101333,0.021353626955429698
31339.242363215963,0.0189429793363643
31371.937799773277,0.01761963434821194
31404.633236330592,0.01621352434770076
31470.024109445225,0.013240661829559224
31600.805855674487,0.006588278522978554
31633.501292231802,0.004823594737791604
31666.196728789117,0.0029594499393616747
31731.58760190375,-0.0009866211905584042
31862.369348133012,-0.009352728432733435
31895.064784690327,-0.011570270493653206
31927.76022124764,-0.01390635162649668
31993.151094362274,-0.018479989638786422
32123.932840591537,-0.028257870678770683
32156.62827714885,-0.030679620140093226
32189.323713706166,-0.03317678787092429
32254.7145868208,-0.03812619715926931
32287.410023378114,-0.04063228313677565
32320.105459935432,-0.04298291429549395
32385.49633305006,-0.04759878875286308
32418.191769607376,-0.049789471631344756
32450.88720616469,-0.05176039357902446
32483.582642722005,-0.05355716934938802
32516.27807927932,-0.05510344238601289
32548.973515836635,-0.056302359981343725
32581.66895239395,-0.056997147260160565
32614.364388951268,-0.05723150699558108
32647.059825508582,-0.056675863486716924
32677.55187237959,-0.05517865146784667
32708.043919250602,-0.05259948450352514
32738.535966121613,-0.04872196074896384
32769.028012992625,-0.04294198145373651
32799.52005986364,-0.034727351213245446
32830.01210673465,-0.023346376574055614
32860.50415360566,-0.00792529076227894
32890.99620047667,0.012348816127679265
32921.48824734768,0.038290058062300576
32951.980294218694,0.07037009889468857
32982.472341089706,0.10738727765110685
33012.96438796072,0.14514092478108087
33043.45643483173,0.17453512014334865
33073.94848170274,0.18283736824551425
33104.440528573745,0.15924596825474743
33134.93257544476,0.10455453000886719
33165.42462231577,0.03438936084507821
33195.91666918677,-0.03085403479969636
33226.408716057784,-0.07848061283656135
33256.900762928795,-0.10610818443887812
33287.39280979981,-0.11746380194688477
33317.88485667082,-0.1178151581395166
33348.37690354183,-0.11163262034317073
33378.86895041284,-0.10204794776772994
33409.36099728385,-0.09094498352202968
33439.853044154865,-0.07956323122017867
33470.345091025876,-0.06839609620974718
33500.83713789689,-0.057905870276174824
33531.3291847679,-0.04818809188928097
33561.82123163891,-0.03928027194674881
33592.31327850992,-0.031164339862440164
33622.805325380934,-0.023727574554780258
33653.297372251945,-0.017087869717495322
33683.78941912296,-0.010763465219830692
33714.28146599397,-0.005351904260749055
33744.77351286498,-0.00032317490339538266
33775.26555973599,0.004215491292921805
33805.757606607,0.008198605761430045
33836.24965347801,0.011992422464681417
33866.74170034902,0.015174156373417
33897.23374722003,0.01831059461904875
33927.725794091035,0.02091805256541813
33958.21784096205,0.023409043549317235
33988.70988783306,0.02553525678723761
34019.20193470407,0.027479139509152088
34049.69398157508,0.02918346860155993
34080.18602844609,0.03067190507789901
34110.678075317104,0.03200406995634613
34141.170122188116,0.03312772820250058
34171.66216905913,0.03409493027662556
34202.15421593014,0.034918215591289686
34232.64626280115,0.035567394309062084
34263.13830967216,0.03611592502622004
34293.63035654317,0.036489480703953005
34324.122403414185,0.03679269824198311
34354.6144502852,0.036944094754460845
34385.10649715621,0.037007126601560324
34415.59854402722,0.036954150934151234
34446.09059089823,0.036808888516408886
34476.58263776924,0.03656888585910884
34507.074684640254,0.03624071054644219
34537.566731511266,0.03583014356179599
34568.05877838227,0.035339997752914465
34598.55082525328,0.034774373400465255
34631.62264570329,0.034082630143983335
34664.694466153305,0.03330865077324598
34697.76628660332,0.03245855456058395
34730.838107053336,0.03154726392334973
34763.90992750335,0.03056208097304201
34796.98174795336,0.029511018916889273
34863.12538885338,0.027255835064931774
34896.1972093034,0.026037769177005232
34929.26902975341,0.02478042379573057
34995.41267065344,0.02213494889741096
35127.69995245349,0.01640982240787602
35160.77177290351,0.014910950092223471
35193.843593353515,0.013387485610993219
35259.98723425354,0.010275454728132356
35392.27451605359,0.003912269911447862
35656.84907965369,-0.008816202066603631
35689.92090010371,-0.010362864193903283
35722.99272055372,-0.011874540708923497
35789.13636145374,-0.01483596178019262
35822.208181903756,-0.01628091235240868
35855.28000235377,-0.017698394562420994
35921.423643253795,-0.02040839921144336
35954.4954637038,-0.021710041379848725
35987.56728415382,-0.022975777818209617
36053.71092505385,-0.025375473127473142
36086.782745503864,-0.026484794415205102
36119.85456595387,-0.027550874208275965
36185.998206853896,-0.029531832574614364
36219.07002730391,-0.030435121441570234
36252.14184775392,-0.031251468036571334
36285.21366820393,-0.03201227712332636
36318.28548865394,-0.0327095449716638
36351.35730910396,-0.03333450088888175
36384.42912955397,-0.03387770502789541
36417.50095000399,-0.03433399809264305
36450.572770454,-0.03471659240187062
36483.644590904005,-0.03501556500297932
36516.71641135402,-0.03521761372572278
36549.788231804036,-0.03530887093226186
36582.86005225405,-0.0352998099036054
36615.931872704066,-0.035227896790927145
36649.003693154074,-0.03504218588089449
36682.07551360408,-0.03472239241326601
36715.1473340541,-0.0342482341310649
36746.01576481781,-0.03367286851952949
36776.884195581515,-0.0331067027895886
36807.752626345224,-0.03239464287043162
36838.62105710893,-0.03151270353184815
36869.48948787264,-0.030438227646268603
36900.35791863635,-0.029242734854013422
36931.22634940006,-0.028091813446378063
36962.09478016377,-0.026710223960451883
36992.963210927475,-0.02506704705795001
37023.831641691184,-0.0231361393152091
37054.70007245489,-0.02131181275245595
37085.5685032186,-0.019312851379356368
37116.43693398231,-0.016937880395364265
37147.30536474602,-0.014082825063645938
37178.17379550973,-0.011696641174863236
37209.042226273436,-0.00878834561829323
37239.910657037144,-0.005333277757005824
37270.77908780085,-0.0017775909855961792
37301.64751856456,0.0017944061572969278
37332.51594932827,0.006117544083189886
37363.38438009198,0.01051425562567552
37394.25281085569,0.0151627225727954
37425.121241619396,0.020775099400839235
37455.989672383104,0.02605732666156248
37486.85810314681,0.03226463959696843
37517.72653391052,0.03867358337749535
37579.46339543794,0.05318957109030166
37610.33182620165,0.061104507144891185
37641.200256965356,0.06924135735862935
37702.937118492766,0.08605933479770825
37733.805549256474,0.09397411151070763
37764.673980020176,0.10025232025388929
37795.542410783884,0.10375186534195634
37826.41084154759,0.10236549822791707
37857.2792723113,0.09300042099668088
37888.14770307501,0.07157746565482168
37919.01613383872,0.03411323070292975
37949.88456460243,-0.020649347773865942
37980.752995366136,-0.0868369051272315
38011.621426129845,-0.14880388883741363
38042.48985689355,-0.1860564590534181
38073.35828765726,-0.1873949754391313
38104.22671842097,-0.15826090521372405
38135.09514918468,-0.1137063418371767
38165.96357994839,-0.06754369976087667
38196.832010712096,-0.027538283716646447
38227.700441475805,0.003841815797260192
38258.56887223951,0.026929035944746823
38289.43730300322,0.04319875056050286
38320.30573376693,0.05419241419390997
38351.17416453064,0.06109203196384222
38382.04259529435,0.0651940395240279
38412.91102605806,0.06705364338094638
38443.779456821765,0.06742887058082474
38474.647887585474,0.06670012522869899
38505.51631834918,0.06513837514170952
38536.38474911289,0.06299304071305356
38567.2531798766,0.06044294366960681
38598.12161064031,0.05762217474216959
38628.99004140402,0.054569569472407875
38690.726902931434,0.04815003730761838
38724.175107274146,0.044598831191659416
38757.62331161686,0.041042702138198515
38824.519720302276,0.03399307966070861
38958.31253767312,0.020613898891308245
38991.76074201583,0.017466038796176017
39025.208946358536,0.014435425258436121
39092.105355043954,0.008585816995796186
39225.898172414796,-0.0019579503334820874
39259.3463767575,-0.004331061373838088
39292.794581100214,-0.0066436689862834145
39359.69098978564,-0.010938694268695436
39393.13919412835,-0.01291297377638577
39426.587398471056,-0.014850751301322813
39493.48380715647,-0.018358596002804758
39526.932011499186,-0.019986514608183955
39560.3802158419,-0.021484375886894155
39593.82842018461,-0.022931616689917615
39627.276624527316,-0.02426064547789769
39660.72482887002,-0.025492842191104537
39694.17303321273,-0.026646632736394837
39727.621237555446,-0.027689239869667624
39761.06944189816,-0.028654182365387516
39794.51764624087,-0.02952201202044255
39827.96585058358,-0.030292438192651566
39861.414054926296,-0.030983537367171708
39894.862259269,-0.031576152235837276
39928.310463611706,-0.03208255169198218
39961.75866795442,-0.032502489474877834
39995.20687229713,-0.032830030124232426
40028.65507663984,-0.03306931425479812
40062.103280982556,-0.033229335489227844
40095.55148532526,-0.033300091989909145
40128.999689667966,-0.03328562521488921
40162.44789401068,-0.0331889840489784
40195.89609835339,-0.033009119518269375
40229.3443026961,-0.03274733619806555
40262.792507038816,-0.03240585086603941
40296.24071138152,-0.03198413024351529
40329.688915724226,-0.03148390140384009
40363.13712006694,-0.030906883912948407
40396.58532440965,-0.030254404839132047
40430.03352875236,-0.02952563921117598
40463.481733095075,-0.028724561861849324
40496.92993743778,-0.027850757161302454
40563.8263461232,-0.02589312181725632
40597.27455046591,-0.02481206102005927
40630.72275480862,-0.02366155376797178
40697.61916349404,-0.021176557713770222
40731.067367836746,-0.019847004277865024
40764.51557217946,-0.018451874806832094
40831.41198086488,-0.015464335847947718
40864.25118327639,-0.013911568181345766
40897.0903856879,-0.012355436747526182
40962.76879051091,-0.00906644948426881
41094.12560015694,-0.0019015127576760453
41356.83921944901,0.013866599028613216
41389.67842186052,0.01587732116586025
41422.51762427202,0.01789507080674726
41488.19602909504,0.022058512946431783
41619.552838741074,0.030045407350885057
41652.39204115258,0.03195454768764042
41685.23124356409,0.03387683192208241
41750.9096483871,0.037469134049897115
41783.74885079861,0.03920492431483482
41816.588053210115,0.04080041695744936
41849.427255621624,0.0423185319976449
41882.26645803313,0.043720508512728185
41915.10566044464,0.04497324073247089
41947.94486285615,0.04606895318580366
41980.78406526765,0.04697848021522676
42013.62326767916,0.04767206106495474
42046.46247009067,0.04807735625359971
42079.30167250217,0.04822274167532117
42112.14087491368,0.047981016140644844
42144.98007732519,0.047311139830602936
42177.8192797367,0.04617724979031476
42210.65848214821,0.044267929181433144
42243.49768455972,0.041901491424448004
42276.33688697123,0.03853996196776566
42309.17608938274,0.03381150633486826
42342.01529179425,0.028236623886740104
42374.85449420575,0.020940304248779264
42407.69369661726,0.011588925880938905
42440.53289902877,-0.0003474833005259331
42473.37210144027,-0.015375488070897884
42506.21130385178,-0.03330243170961692
42539.05050626329,-0.05527606380970236
42571.8897086748,-0.08146461926144172
42604.728911086306,-0.11042053316509987
42637.568113497815,-0.13910888315860107
42670.407315909324,-0.16053791215687754
42703.24651832083,-0.16344846412690317
42736.08572073234,-0.13546831320294306
42768.924923143844,-0.07313370935001534
42801.76412555535,0.008363304266721511
42834.60332796686,0.08230394469478311
42867.442530378365,0.1288313152845107
42900.281732789874,0.14602892395914943
42933.12093520138,0.14180209077464961
42963.756747926585,0.1272612148558416
42994.39256065179,0.10841671404994907
43025.02837337699,0.08872570549223448
43055.66418610219,0.07005447651170336
43086.299998827395,0.05310072172224913
43116.9358115526,0.038109160055307074
43147.5716242778,0.025047692932711446
43178.20743700301,0.013822002851881995
43208.84324972822,0.004188704520219022
43239.47906245342,-0.004051965642998465
43270.114875178624,-0.011085540569884852
43300.75068790383,-0.01707569806288387
43331.38650062903,-0.02217657288510541
43362.02231335423,-0.026429320332476015
43392.658126079434,-0.030002516559397757
43423.293938804636,-0.03312006343030048
43453.92975152984,-0.035665844787110934
43484.56556425504,-0.03772945023296563
43515.20137698024,-0.039376803596076065
43545.837189705446,-0.0406624356395445
43576.47300243065,-0.041683198980807974
43607.10881515585,-0.04241101730582349
43637.74462788105,-0.042836733802548335
43668.38044060626,-0.04309223611320705
43699.01625333147,-0.04309239180229617
43729.652066056675,-0.04294939847755713
43760.28787878188,-0.042604967242157135
43790.92369150708,-0.042132880395076636
43821.55950423228,-0.041507116327449606
43852.195316957484,-0.0407611439228649
43882.83112968269,-0.03990019823262842
43913.46694240789,-0.038929446078158736
43944.10275513309,-0.03787081610368629
43974.738567858294,-0.03671585911640854
44036.0101933087,-0.03418233368778755
44066.6460060339,-0.032821289580956176
44097.281818759104,-0.03140016305421972
44158.553444209516,-0.02839590675427839
44189.189256934726,-0.026820926062769986
44219.82506965993,-0.025206972457304907
44281.09669511033,-0.021899594238803045
44403.63994601114,-0.015010701129838107
44434.275758736345,-0.013259945403165267
44464.91157146155,-0.011486544111445585
44526.18319691196,-0.00795732196927885
44648.726447812776,-0.0009331195718085705
44679.36226053798,0.0007928066446874485
44709.99807326318,0.0024926145695264093
44771.269698713586,0.005860447698985813
44893.8129496144,0.01227079876036706
44927.02853591861,0.013923885558571412
44960.24412222281,0.015531315696594626
45026.67529483122,0.01861330453642287
45059.89088113543,0.020079755623011657
45093.10646743963,0.021492532483038746
45159.537640048045,0.02414744393955279
45192.75322635225,0.025385048105799748
45225.96881265646,0.026560442011548512
45259.18439896066,0.02766812316492329
45292.39998526486,0.02870459413746881
45325.61557156907,0.0296729042647874
45358.83115787327,0.030569486157966008
45392.046744177474,0.03138613689360576
45425.26233048168,0.03212347873724105
45458.47791678589,0.032782988161564046
45491.69350309009,0.03335966035666121
45524.9090893943,0.033846073531220974
45558.124675698506,0.03424408005009657
45591.34026200271,0.034557174989532785
45624.55584830692,0.03477836967304325
45657.77143461112,0.03490018115072966
45690.98702091532,0.03491475018491691
45724.20260721953,0.034817708740433065
45757.41819352373,0.03464985470057116
45790.633779827935,0.034379533889957986
45823.84936613214,0.03399520207272022
45857.06495243635,0.033485085909958225
45890.28053874055,0.03283745821839057
45923.49612504476,0.032040941316373237
45956.711711348966,0.03120773218020715
45989.92729765317,0.030286477014407953
46023.14288395738,0.029214344052104765
46056.358470261584,0.027973420663438858
46089.57405656579,0.02654723635883678
46122.78964287,0.02492137970784194
46156.0052291742,0.023311777017100986
46189.2208154784,0.02162423509994981
46222.43640178261,0.019709324709457795
46255.651988086815,0.01754626661857666
46288.86757439101,0.01511982199911196
46322.08316069522,0.012824939333538234
46355.298746999426,0.010382356356469839
46388.51433330363,0.007603137815104898
46421.72991960784,0.004475057752363657
46488.16109221625,-0.0019254542840734454
46521.37667852046,-0.005480636371221814
46554.59226482466,-0.009248198685011172
46621.023437433076,-0.01732816556553975
46654.23902373728,-0.021768321260826746
46687.45461004149,-0.026435214409962132
46753.88578264989,-0.0363702560497603
46787.1013689541,-0.04171457208389901
46820.3169552583,-0.0471529004275775
46886.74812786671,-0.05873145295185014
46919.96371417092,-0.06446912530625176
46953.17930047512,-0.07020316024018577
46986.39488677933,-0.07556937720261926
47019.610473083536,-0.08019493642327513
47050.622669701435,-0.08343553533735044
47081.634866319335,-0.08493150461803536
47112.647062937234,-0.08362010203593513
47143.65925955514,-0.07809733642282674
47174.67145617305,-0.06673083948840305
47205.68365279095,-0.046671689069796504
47236.69584940885,-0.015251112138803483
47267.708046026746,0.029134952545933138
47298.720242644646,0.08470969204796557
47329.732439262545,0.1424422230025926
47360.744635880445,0.1849307241679476
47391.756832498344,0.1948353912609258
47422.76902911624,0.1671894419504651
47453.78122573414,0.11417174144906543
47484.79342235204,0.05477360445853419
47515.80561896995,0.0032790879490380287
47546.817815587856,-0.03528573965241256
47577.830012205755,-0.06082199026981383
47608.842208823655,-0.07613453107225542
47639.854405441554,-0.08393402504911435
47670.866602059454,-0.08667651899835342
47701.87879867735,-0.08593426815966677
47732.89099529525,-0.08305193766821824
47763.90319191315,-0.07878541408393651
47794.91538853105,-0.07370438721267285
47825.92758514895,-0.06818612905838255
47887.95197838476,-0.05675717792133244
48012.00076485636,-0.0350731352896813
48043.01296147426,-0.03006000278061651
48074.02515809216,-0.02533865224257599
48136.04955132797,-0.016534479180506607
48167.061747945874,-0.012459416582043522
48198.073944563774,-0.008650836876672329
48260.09833779957,-0.0014688043310798517
48291.11053441747,0.0017662536782383532
48322.12273103537,0.004879796441817651
48353.13492765327,0.007796284951735346
48384.14712427117,0.010535002312302637
48415.15932088907,0.013080228447530168
48446.17151750697,0.015515416152449196
48508.195910742776,0.019856974591331372
48539.20810736068,0.021758723564148708
48570.22030397858,0.023601743084948522
48601.23250059648,0.025245543951223942
48632.24469721438,0.026785806722413364
48663.25689383228,0.02817726629224388
48694.26909045018,0.02944076277844658
48725.28128706808,0.03058717787557012
48756.29348368598,0.031594773954167585
48787.30568030388,0.03250432585838465
48818.31787692178,0.03327318290954429
48849.33007353968,0.03395530150431971
48880.342270157584,0.03451568101265098
48911.35446677549,0.034954977304724445
48942.36666339339,0.03530510388242854
48973.37886001129,0.03555051032287953
49004.39105662919,0.035687930765862796
49034.794251315885,0.035731110780013633
49065.19744600258,0.03568557167281113
49095.600640689285,0.035546382490307483
49126.00383537598,0.035320460953141106
49156.40703006268,0.035010885789887945
49186.81022474938,0.03461635110663345
49217.21341943608,0.03414240920403524
49247.61661412277,0.03358941363910903
49278.01980880948,0.03295796945026497
49308.42300349617,0.032253848596692336
49338.82619818287,0.03147874205977586
49369.22939286957,0.030629548265599316
49399.63258755627,0.02971404441933452
49430.035782242965,0.028735447780611663
49490.842171616365,0.026581578320171672
49521.24536630306,0.025416734639236858
49551.648560989765,0.02419456439358392
49612.45495036316,0.02158502845164019
49734.06772910996,0.01578306413595673
49764.47092379665,0.014226072060605891
49794.87411848335,0.012627428844104387
49855.68050785675,0.009313471804641212
49977.29328660354,0.002368305619373201
50007.69648129024,0.0005537214249373618
50038.09967597693,-0.0012356628412924318
50098.90606535033,-0.0048912838767108825
50220.518844097125,-0.012291849987690062
50250.92203878383,-0.014140692704152937
50281.325233470525,-0.015999093290541076
50342.131622843925,-0.019641662430440094
50463.74440159072,-0.02667679956862411
50494.14759627741,-0.028315554046636077
50524.55079096412,-0.02990506896008585
50585.35718033751,-0.03302338584369401
50615.76037502421,-0.034514794176110836
50646.16356971091,-0.03587615812768015
50706.96995908431,-0.03841435574363618
50737.373153771005,-0.03957162814360701
50767.7763484577,-0.04059998128027153
50798.179543144404,-0.04152299584188175
50828.5827378311,-0.04234467577765912
50858.9859325178,-0.04301450530280861
50889.3891272045,-0.043512039697315416
50919.7923218912,-0.0439033745586203
50950.19551657789,-0.044089053610047224
50983.17848484359,-0.04396548448934366
51016.16145310929,-0.04377559116087975
51049.14442137499,-0.04318636514658955
51082.12738964069,-0.042105732138066336
51115.11035790639,-0.04097345537484569
51148.09332617209,-0.03914107459529096
51181.07629443779,-0.036998451676346765
51214.05926270349,-0.034226154089667664
51247.04223096919,-0.03066770684372209
51280.02519923489,-0.02663187617233405
51313.00816750059,-0.02148662360942155
51345.99113576629,-0.015515051206399847
51378.97410403199,-0.008271968247275927
51411.95707229769,0.0005870933815999638
51444.94004056339,0.010466424061353116
51477.92300882909,0.02282643772111155
51510.90597709479,0.03703282994705759
51543.88894536049,0.05329118010992645
51576.87191362619,0.07262759082851142
51609.85488189189,0.09332206081599478
51642.83785015759,0.11488213270577971
51675.82081842329,0.13435426482841115
51708.80378668899,0.1462341550902894
51741.78675495469,0.14181967939343176
51774.769723220394,0.1108974196885805
51807.752691486094,0.04888290233210659
51840.735659751794,-0.03356728747596561
51873.718628017494,-0.10999654457984441
51906.701596283194,-0.15629489500209834
51939.684564548894,-0.16682213158155626
51972.667532814594,-0.1514506943927575
52005.6505010803,-0.12355822140058365
52038.63346934601,-0.0926793031546301
52071.61643761171,-0.06387402673672662
52104.59940587741,-0.03890830185336677
52137.58237414311,-0.018286180145295698
52170.56534240881,-0.0016529736338277727
52203.54831067451,0.011500578178498016
52236.53127894021,0.022098765028035643
52269.51424720591,0.030313414252611366
52302.49721547161,0.0366124465246117
52335.48018373731,0.041377663035958114
52368.46315200301,0.04495289982503535
52401.44612026871,0.047507783340864765
52434.42908853441,0.049236898179900956
52467.41205680011,0.0502903443824886
52500.39502506581,0.05078874189474823
52533.37799333151,0.050806252358111044
52566.36096159721,0.050404330255515155
52599.34392986291,0.04966082016088417
52632.32689812861,0.04863766459700638
52665.30986639431,0.047374372847967985
52698.29283466001,0.04590375921398681
52731.27580292571,0.04426248507489661
52764.25877119141,0.04246394973397547
52797.24173945711,0.04054504461121419
52830.22470772281,0.038529085161499485
52863.20767598851,0.036401922723843474
52929.17361251991,0.03196592562131455
53061.10548558271,0.02259933950461731
53091.88506416211,0.020354500026865334
53122.6646427415,0.01811233852570635
53184.2237999003,0.013640516658361912
53307.34211421788,0.004886263586606331
53338.12169279727,0.002733532688425036
53368.90127137667,0.0006280654860294863
53430.46042853546,-0.0034788845635741012
53553.578742853046,-0.011170965451198972
53584.358321432446,-0.012985256917392763
53615.13790001184,-0.014739845713746112
53676.69705717063,-0.018058315306588163
53707.47663575003,-0.019642217246728207
53738.25621432942,-0.021155240550322155
53799.815371488214,-0.023979073075136966
53830.59495006761,-0.025293720937007796
53861.37452864701,-0.026533893142034904
53892.1541072264,-0.02769927531739955
53922.933685805794,-0.028795439081816372
53953.713264385195,-0.029813470638274085
53984.49284296459,-0.030753043994986965
54015.27242154398,-0.03161321284726629
54046.05200012338,-0.0323936708942201
54076.83157870278,-0.03309049912676638
54107.611157282176,-0.03370415055701222
54138.39073586157,-0.0342327870292694
54169.17031444097,-0.03467314189075382
54199.94989302036,-0.03502640509654948
54230.729471599756,-0.035290670627850344
54261.50905017916,-0.035462018546483294
54292.28862875855,-0.03554167539541486
54323.06820733794,-0.03553255916695111
54353.84778591734,-0.03543069199482407
54384.62736449674,-0.03523177906859152
54415.40694307613,-0.03493128582226114
54446.18652165553,-0.034524527373577016
54476.966100234924,-0.03402188202061786
54507.74567881432,-0.0334415370465236
54538.52525739372,-0.03275743652343117
54569.30483597311,-0.03196278099067659
54600.084414552504,-0.031050861700655907
54630.863993131905,-0.03001524834292162
54661.6435717113,-0.02892705481729924
54692.42315029069,-0.02774507439175204
54723.20272887009,-0.026436746431988706
54753.982307449485,-0.02499325066397271
54784.76188602888,-0.023406826989100397
54815.54146460828,-0.02175840182864342
54846.32104318767,-0.02005658923304059
54907.880200346466,-0.016183476540048435
54938.65977892586,-0.014063329361089734
54969.43935750525,-0.01193670902413353
55030.99851466405,-0.007119549779156697
55064.35786682245,-0.004356378623852156
55097.71721898085,-0.001523820411947408
55164.43592329764,0.0047397594442921635
55297.87333193123,0.018753751306446912
55331.23268408963,0.022666526908895063
55364.592036248025,0.02651841557476786
55431.31074056482,0.03477689673959104
55564.74814919841,0.05207403537013505
55598.107501356804,0.05649760915116347
55631.4668535152,0.060535415752448224
55664.8262056736,0.06440945038801407
55698.185557831996,0.0678854689403071
55731.54490999039,0.07070820647077905
55764.90426214879,0.07254272236956175
55798.26361430719,0.0729329291268485
55831.622966465584,0.07114849494900904
55864.98231862398,0.06658712616470037
55898.34167078238,0.05778790662851742
55931.701022940775,0.04291868102127813
55965.06037509917,0.019764093348597696
55998.41972725757,-0.013608697707967701
56031.77907941597,-0.05836599515004
56065.13843157436,-0.1115266489459963
56098.49778373277,-0.1626229618031102
56131.85713589117,-0.1921193404724129
56165.21648804957,-0.18123801099602876
56198.57584020797,-0.12893911247484774
56231.93519236636,-0.05580240117163817
56265.29454452476,0.011863171937940325
56298.65389668316,0.06088630151860265
56332.013248841555,0.08973945193288863
56365.37260099995,0.10276875799584712
56398.73195315835,0.1052863231270937
56432.091305316746,0.10148113822946332
56465.45065747514,0.09417836942347632
56498.81000963354,0.08518060368917543
56532.16936179194,0.0754513593841524
56565.528713950334,0.06570539036943712
56632.24741826713,0.04733557725788228
56665.606770425526,0.03889158367944229
56698.96612258392,0.031053563792415882
56732.32547474232,0.023798052381063153
56765.68482690072,0.01710368916023423
56799.044179059114,0.01090263106130896
56832.40353121751,0.005234097540218096
56865.76288337591,0.00007638687593676183
56899.122235534305,-0.004619039967028411
56932.4815876927,-0.008962535282828641
56965.8409398511,-0.012939201338159284
56999.2002920095,-0.016525664077354854
57032.55964416789,-0.01975339399517924
57065.91899632629,-0.022682364861675235
57099.27834848469,-0.02533152770998296
57132.637700643085,-0.02763873837094595
57165.99705280149,-0.029769494640383233
57198.74740302868,-0.03154657693660897
57231.497753255884,-0.03314504625761962
57264.24810348308,-0.03449900369516077
57296.99845371027,-0.03565220308410665
57329.748803937466,-0.03661635617223521
57362.49915416466,-0.03737635369886562
57395.24950439185,-0.03798347474229513
57427.99985461905,-0.038398641764008326
57460.75020484624,-0.03866035450971053
57493.500555073435,-0.03876863178942284
57526.250905300636,-0.0387173419223006
57559.00125552783,-0.03853909152767668
57591.751605755024,-0.03821575259832517
57624.501955982225,-0.0377661971260836
57657.25230620942,-0.03719010541182703
57690.00265643661,-0.036499338219261636
57722.75300666381,-0.03568960494603857
57755.503356891,-0.0347758367213498
57788.2537071182,-0.0337581944303052
57821.004057345395,-0.03264093345556451
57853.75440757259,-0.031437649966096985
57886.50475779979,-0.030134050036777636
57952.00545825418,-0.027299836949238362
57984.75580848137,-0.025762077990850216
58017.506158708566,-0.02415430798303462
58083.00685916295,-0.02076541054157634
58214.008260071736,-0.01331271398219759
58246.75861029893,-0.01134378173740438
58279.50896052613,-0.009340894796986212
58345.00966098052,-0.00524831655434922
58476.011061889294,0.0031484296791778293
58508.76141211649,0.0052675036523700215
58541.51176234368,0.0073925313027292374
58607.01246279808,0.01157494512662622
58738.01386370686,0.019762713015603593
58770.76421393405,0.021756475252329925
58803.51456416125,0.023638709291101095
58869.01526461564,0.027276141567741163
58901.765614842836,0.029035362627570307
58934.51596507004,0.03073657242943836
59000.016665524425,0.03381338910258666
59032.76701575162,0.03524465705983865
59065.51736597881,0.03658925556107589
59098.267716206006,0.037822298531525654
59131.0180664332,0.03889822536017654
59163.768416660394,0.03987478869115156
59196.51876688759,0.04071913761952617
59229.26911711479,0.041400749203247704
59262.01946734198,0.04194215200649882
59292.56642788288,0.04228622559455166
59323.113388423764,0.04243076507606855
59353.66034896466,0.042448272590450226
59384.20730950555,0.0422755894323817
59414.75427004644,0.04183355870605794
59445.301230587334,0.0412562823417546
59475.84819112823,0.04041450064342777
59506.395151669116,0.03918154880520412
59536.94211221,0.037878270673113834
59567.4890727509,0.03612265555496882
59598.03603329179,0.03405040850703407
59628.58299383268,0.03166118886636382
59659.129954373566,0.02862574875977759
59689.67691491446,0.025478447650286652
59720.223875455355,0.02142400103205674
59750.77083599624,0.017250664915355887
59781.31779653713,0.01190728942331772
59811.86475707802,0.006471611490411477
59842.41171761892,-0.00038692219738335754
59872.958678159805,-0.007617577540892657
59903.50563870069,-0.016016267983471902
59934.052599241586,-0.025911558185480174
59964.59955978248,-0.03629655237226136
59995.14652032337,-0.048328413043302376
60025.693480864255,-0.0617546646966329
60056.24044140515,-0.07629640129560739
60086.78740194604,-0.09144002920448666
60117.33436248693,-0.1067229394368486
60147.88132302782,-0.12057933140278518
60178.42828356871,-0.1301824940475419
60208.975244109606,-0.13114854855920705
60239.52220465049,-0.11730994953561763
60270.06916519138,-0.08237064482132436
60300.616125732275,-0.023548888358445767
60331.16308627317,0.05122568496105527
60361.710046814056,0.12287252960967603
60392.25700735494,0.16912291731978996
60422.80396789584,0.18055476277062998
60453.35092843673,0.1632448205324557
60483.89788897762,0.13038760602731858
60514.444849518506,0.09314654616770762
60544.9918100594,0.05844110435744841
60575.538770600295,0.028867403927305538
60606.08573114118,0.00501206253945348
60636.63269168207,-0.013698609828238811
60667.17965222296,-0.02804054162359741
60697.72661276386,-0.03859977251190745
60728.273573304745,-0.04637105395184689
60758.82053384563,-0.051861732790908804
60789.367494386526,-0.0555718187958472
60819.91445492742,-0.05791985903947911
60850.46141546831,-0.05916856097281732
60881.008376009195,-0.05951090707127509
60911.55533655009,-0.05916760024280825
60942.10229709098,-0.05826588084892248
60972.64925763187,-0.05692151581359229
61003.19621817276,-0.05521640787580088
61033.74317871365,-0.053215493665929633
61064.29013925455,-0.050995422581877524
61094.83709979543,-0.04860973708509377
61125.38406033632,-0.046037121424485516
61155.931020877215,-0.04338200101747247
61217.024941958996,-0.037827666179551946
61250.15167607889,-0.034736335795755725
61283.27841019878,-0.03163804515467671
61349.53187843857,-0.025353360367261026
61482.03881491814,-0.013020430236901514
61515.16554903803,-0.010044716437333187
61548.29228315792,-0.007119978035066154
61614.54575139771,-0.0014685380360248
61747.05268787728,0.00890857353090147
61780.17942199717,0.011321702830151438
61813.30615611706,0.013606528392265688
61879.55962435685,0.01792115088713408
61912.68635847674,0.019909776476426153
61945.81309259664,0.021822353756343192
62012.06656083642,0.025300293329875472
62045.19329495631,0.026889771193287094
62078.3200290762,0.028356347306294084
62111.4467631961,0.029712789045061073
62144.57349731599,0.0309580353229403
62177.70023143588,0.03208162959650099
62210.82696555578,0.0330936968725765
62243.95369967567,0.03398535078660694
62277.08043379556,0.03475499527053869
62310.207167915454,0.0354036344508481
62343.333902035345,0.03593479125404413
62376.46063615524,0.03634031303569958
62409.587370275134,0.03662246694592829
62442.714104395025,0.036780580244055894
62475.84083851492,0.03681319786036327
62508.967572634814,0.03672115242386913
62542.094306754705,0.036502813617973466
62575.221040874596,0.03615575205083203
62608.34777499449,0.035685619336073296
62641.474509114385,0.0350896181177381
62674.601243234276,0.03436247629937396
62707.72797735417,0.03350050305106152
62740.854711474065,0.03253153372831121
62773.981445593956,0.03142987308215771
62807.10817971385,0.030189810549734783
62840.23491383374,0.02881591498355692
62873.36164795363,0.02735309894257229
62906.48838207353,0.025748614026914512
62939.61511619342,0.02399540888995784
62972.74185031331,0.022114077489941417
63005.86858443321,0.020178136792116268
63072.12205267299,0.015834394552828007
63105.24878679288,0.013414074020072924
63138.37552091277,0.011035524889822845
63204.62898915255,0.005743448926317852
63337.13592563212,-0.006185944783159512
63368.059270065714,-0.009107990443113815
63398.9826144993,-0.012162161894238476
63460.82930336648,-0.01860195235450617
63584.52268110083,-0.032108081869121154
63615.44602553442,-0.035708398820465725
63646.36936996801,-0.039062771564770185
63708.21605883518,-0.046022210577192815
63739.13940326877,-0.04940383569097692
63770.06274770236,-0.05267667622824601
63800.98609213595,-0.05579946253302129
63831.909436569535,-0.05869986192467114
63862.83278100312,-0.06131415371220459
63893.75612543671,-0.06350995284602917
63924.6794698703,-0.06514040599331627
63955.602814303886,-0.0661463014438794
63986.52615873747,-0.06603372816457288
64017.44950317106,-0.06474723286862681
64048.37284760465,-0.06185085751008423
64079.29619203824,-0.05658452745055742
64110.21953647182,-0.04803583777435833
64141.14288090541,-0.036089338787318896
64172.066225339004,-0.018985366513412916
64202.98956977259,0.00475704534922774
64233.91291420618,0.035819255937956845
64264.83625863977,0.0743484446926264
64295.759603073355,0.11801977860751987
64326.682947506946,0.15950454417793888
64357.60629194054,0.1858085914668092
64388.52963637412,0.18148521662587416
64419.45298080771,0.13953559133157972
64450.376325241305,0.0704300852342418
64481.29966967489,-0.0033242318041943678
64512.22301410848,-0.06253942092924444
64543.14635854207,-0.09996603671785415
64574.069702975656,-0.11762701802997992
64604.99304740924,-0.12121812750396484
64635.91639184283,-0.11609644409237845
64666.83973627642,-0.10619469075854429
64697.76308071001,-0.09413043512569849
64728.68642514359,-0.08130679665662253
64759.60976957718,-0.0686405562295591
64821.45645844436,-0.04538794989431591
64852.37980287794,-0.035090323855379094
64883.30314731153,-0.0257264342002937
64914.226491745125,-0.017271131830760032
64945.14983617871,-0.00963080347768847
64976.07318061229,-0.002755436498692936
65006.996525045884,0.0034180696978440813
65037.919869479476,0.00893142524278577
65068.84321391306,0.013925941688331724
65099.766558346644,0.018382928601140727
65130.689902780236,0.022266058328567304
65161.61324721383,0.025712700794687054
65192.53659164741,0.028810805318092738
65223.459936081,0.03146822102062909
65254.383280514594,0.033738301638600074
65285.30662494818,0.03576198196820837
65316.22996938177,0.03744556013632589
65346.54431188415,0.03879738021220845
65376.85865438654,0.03992344931950907
65407.17299688893,0.04078841966137904
65437.487339391315,0.04144728151412072
65467.8016818937,0.04188258008711699
65498.116024396084,0.04213191193922321
65528.430366898465,0.04218758205108498
65558.74470940085,0.042075503228167076
65589.05905190323,0.04179442544935686
65619.37339440561,0.041362448393928386
65649.687736908,0.04078217427274433
65680.00207941039,0.04006697411476934
65710.31642191278,0.039218331829426877
65740.63076441517,0.03825624797740688
65770.94510691756,0.037171394335518054
65801.25944941994,0.03597938786919196
65831.57379192233,0.034699851432640184
65861.88813442472,0.03330570997354947
65922.5168194295,0.03028476680628124
65952.83116193188,0.028643406213070103
65983.14550443427,0.026941345877933016
66043.77418943903,0.023340820537892146
66074.08853194141,0.02145943134312091
66104.4028744438,0.019526305797970708
66165.03155944857,0.015527296821621458
66286.28892945813,0.007151393292884262
66316.60327196051,0.005000305158987934
66346.9176144629,0.002843094415765109
66407.54629946768,-0.0014827593814072321
66528.80366947722,-0.01006562095316274
66559.11801197959,-0.012176957035183844
66589.43235448198,-0.014241378607038743
66650.06103948675,-0.018294432510252197
66771.3184094963,-0.025857308638535813
66801.6327519987,-0.02762098751699877
66831.94709450108,-0.02928626835433368
66862.26143700347,-0.030888089166429912
66892.57577950585,-0.0324243416959921
66922.89012200822,-0.033883128232336635
66953.2044645106,-0.035224234846343364
66983.518807013,-0.036471994843507986
67013.83314951538,-0.037631483134736875
67044.14749201777,-0.03868508039022032
67074.46183452016,-0.03961341953912871
67104.77617702255,-0.040401365115869226
67135.09051952494,-0.04107426928522862
67165.40486202732,-0.041603494531711825
67195.71920452971,-0.04196443862704841
67226.0335470321,-0.04219764586457192
67256.34788953447,-0.042259619677588914
67289.24200561587,-0.04208813651195682
67322.13612169726,-0.041696169893722136
67355.03023777864,-0.04111444354482817
67387.92435386003,-0.04020340023552849
67420.81846994141,-0.03903762540066571
67453.7125860228,-0.03763183199121149
67486.60670210418,-0.03575608506992878
67519.50081818557,-0.03366947574152799
67552.39493426695,-0.031163472503323547
67585.28905034834,-0.02815353452642356
67618.18316642972,-0.02489050498775881
67651.07728251112,-0.02076436516906205
67683.97139859252,-0.016594889734201788
67716.8655146739,-0.011331725279730965
67749.75963075529,-0.005949106928277435
67782.65374683667,0.0006455747239802563
67815.54786291806,0.007650869518728498
67848.44197899944,0.01562634973646936
67881.33609508083,0.024881779151711695
67914.23021116223,0.03452345958822566
67947.12432724363,0.04561201070896472
67980.01844332501,0.05784967011760472
68045.80667548778,0.08427221622572365
68078.70079156916,0.09788494052483002
68111.59490765055,0.11031228116411922
68144.48902373193,0.1192255224114799
68177.38313981332,0.12092890443973127
68210.2772558947,0.10976952858240606
68243.17137197609,0.07895884089123914
68276.06548805747,0.023174001668089785
68308.95960413887,-0.05298302405868979
68341.85372022027,-0.12988721171105122
68374.74783630166,-0.17977718847197666
68407.64195238304,-0.18700223095184776
68440.53606846443,-0.15850832822904679
68473.43018454581,-0.11290966047049687
68506.3243006272,-0.06596562719475839
68539.21841670858,-0.025618810634595666
68572.11253278996,0.005786839880813712
68605.00664887135,0.028774316145061374
68637.90076495273,0.04485302610946536
68670.79488103412,0.05569125085371352
68703.68899711552,0.06242115422300179
68736.58311319692,0.06633656063817747
68769.4772292783,0.06799201208301797
68802.37134535969,0.0680013023567316
68835.26546144107,0.06681601485875795
68868.15957752246,0.06476293425359972
68901.05369360384,0.06207664205200347
68933.94780968523,0.05892266663744365
68966.84192576662,0.05543488328762071
68999.73604184802,0.05171273726342306
69032.63015792941,0.047808576391910926
69098.41839009218,0.039860947976663175
69131.31250617356,0.03575134724444871
69164.20662225495,0.031705309379099815
69229.99485441772,0.02377046531481157
69361.57131874327,0.008764175957390007
69392.26204513834,0.005476302567621133
69422.95277153343,0.002323197623406161
69484.3342243236,-0.0037107703991802066
69515.02495071868,-0.006593928646384337
69545.71567711377,-0.009310175086354391
69607.09712990394,-0.014454065924769681
69637.78785629902,-0.016875384995321305
69668.47858269411,-0.019133360743461836
69699.1693090892,-0.021303771239174436
69729.86003548426,-0.023334165014949282
69760.55076187933,-0.02521254932915343
69791.24148827442,-0.027016704653357176
69852.62294106459,-0.030181499926026954
69883.31366745968,-0.03159432414558545
69914.00439385476,-0.03286497047870217
69944.69512024985,-0.033997578937623604
69975.38584664493,-0.03501766854484436
70006.07657304002,-0.03590056537267258
70036.7672994351,-0.03664972432734331
70067.45802583019,-0.037276881030101475
70098.14875222526,-0.03777059072692869
70128.83947862033,-0.03813363229916225
70159.53020501541,-0.03836968475974971
70190.2209314105,-0.038475291544441
70220.91165780558,-0.038452336047679864
70251.60238420067,-0.03830061757823936
70282.29311059575,-0.038021636186940405
70312.98383699084,-0.03761593514320019
70343.67456338592,-0.03708345857393812
70374.36528978101,-0.03642174012346374
70405.0560161761,-0.03564199443060123
70435.74674257118,-0.034737706835166776
70466.43746896627,-0.033707154973863666
70497.12819536135,-0.032548451864875684
70527.81892175644,-0.03128060437008267
70589.20037454659,-0.028392904182407308
70619.89110094166,-0.026756842898940834
70650.58182733675,-0.025007280588655836
70711.96328012692,-0.021233458698114334
70742.654006522,-0.019151802494086094
70773.34473291709,-0.016936262087507883
70834.72618570726,-0.012349752274269453
70865.41691210234,-0.009867689693054366
70896.10763849743,-0.007248456806532636
70957.4890912876,-0.001899421427098277
71080.25199686793,0.009904537021117233
71325.7778080286,0.03593951134295962
71359.04830800268,0.03949952671406237
71392.31880797676,0.04296619391558127
71425.58930795084,0.046477329232461784
71458.85980792494,0.049660970393812315
71492.13030789903,0.05281443151554438
71525.40080787311,0.05562526438464686
71558.6713078472,0.058188127841751036
71591.94180782128,0.06030102914861396
71625.21230779536,0.061851852405804646
71658.48280776944,0.06276251361057442
71691.75330774352,0.06273061783801913
71725.02380771762,0.061383132109084325
71758.29430769171,0.05873811532423484
71791.5648076658,0.0539594431490287
71824.83530763988,0.04634395811570788
71858.10580761396,0.035289364386334066
71891.37630758804,0.020174702832586926
71924.64680756212,-0.0008100573640569403
71957.9173075362,-0.0288189285000391
71991.1878075103,-0.0640444021034978
72024.4583074844,-0.10533818715142919
72057.72880745848,-0.14727339795985248
72090.99930743256,-0.17776668535481172
72124.26980740664,-0.17922134299144205
72157.54030738072,-0.13837352597997193
72190.8108073548,-0.06224715407222166
72224.08130732889,0.021686713128485573
72257.35180730297,0.08661382345145084
72290.62230727705,0.12258464432882607
72323.89280725113,0.13373325811279363
72357.16330722522,0.1287918309773852
72390.43380719931,0.11530881547515734
72423.70430717341,0.09828532664902581
72456.97480714749,0.08074447935289242
72490.24530712157,0.06356929602010544
72523.51580709565,0.04801228383922018
72556.78630706973,0.03388248810399358
72590.05680704382,0.021424760808508983
72623.3273070179,0.010543478090695016
72656.59780699198,0.0010813077291159795
72689.86830696606,-0.007122456952515746
72723.13880694014,-0.014264655105298816
72756.40930691423,-0.020392189957659245
72789.67980688832,-0.025636322233858325
72822.95030686242,-0.03009494414409935
72856.2208068365,-0.03389460541773694
72889.49130681058,-0.037014855933855104
72922.76180678466,-0.039525581677487945
72956.03230675875,-0.04161683542964674
72989.30280673283,-0.04321603773897869
73022.57330670691,-0.04437046254351207
73055.843806681,-0.04516759385123209
73089.1143066551,-0.045622592473619286
73122.38480662918,-0.04574624611388506
73155.65530660326,-0.04558716322057989
73188.92580657735,-0.04515972570284943
73222.19630655143,-0.044487868732417175
73255.46680652551,-0.04359444921012789
73288.73730649959,-0.04249099852632102
73322.00780647369,-0.041204018346044605
73355.27830644778,-0.03973774474750773
73388.54880642187,-0.038119139554698006
73455.08980637003,-0.034453151241015015
73486.15691665781,-0.03256790267058652
73517.2240269456,-0.030598097704759422
73579.35824752116,-0.02638851552470412
73703.62668867227,-0.017215822940885826
73952.16357097452,0.002565906583048911
73983.2306812623,0.005038015079513908
74014.29779155008,0.007487975566388348
74076.43201212565,0.012308674712689812
74107.49912241343,0.014646010682325114
74138.56623270121,0.016941151622200126
74200.70045327676,0.02138256543643884
74231.76756356453,0.02351169477219226
74262.83467385231,0.02554580913544996
74324.96889442788,0.029404907047032733
74356.03600471566,0.031211563749946655
74387.10311500344,0.03289555345359052
74449.237335579,0.0359516673139937
74480.30444586679,0.03731820713772527
74511.37155615457,0.03855600126006468
74542.43866644235,0.039629462611447744
74573.50577673013,0.04058048537080593
74604.57288701792,0.04138731132054928
74635.6399973057,0.04202604462225645
74666.70710759348,0.04248544427293998
74697.77421788125,0.04278592580420136
74728.84132816902,0.042895286396067614
74759.9084384568,0.04277847968941445
74790.97554874458,0.0424773460050053
74822.04265903236,0.041981138342251104
74853.10976932014,0.0412080078515857
74884.17687960793,0.04011001942704747
74915.24398989571,0.03892095951010935
74946.31110018349,0.03737758173379743
74977.37821047127,0.03541711709590814
75008.44532075906,0.03337129199558207
75039.51243104684,0.030863339498853
75070.57954133462,0.027794568531797646
75101.6466516224,0.024766252203089444
75132.71376191018,0.02101073001997582
75163.78087219797,0.016979153747473514
75194.84798248573,0.012402120104146978
75225.9150927735,0.007203352811211032
75256.98220306128,0.0016812165252220665
75288.04931334907,-0.0046540357550124666
75319.11642363685,-0.011426479214197961
75350.18353392463,-0.019031231719660535
75381.25064421241,-0.027339926080766505
75443.38486478798,-0.04622081143294846
75473.84297314455,-0.05625364622074448
75504.30108150114,-0.06710845740756635
75534.75918985772,-0.07850419517167848
75565.2172982143,-0.08973592089180552
75595.67540657087,-0.10030436321198109
75626.13351492745,-0.10915528078950415
75656.59162328404,-0.1143743545183572
75687.04973164061,-0.11314670859336479
75717.50783999718,-0.10137668227210589
75747.96594835377,-0.0742227858607156
75778.42405671036,-0.02764445381375753
75808.88216506693,0.03716047270742936
75839.3402734235,0.10975080085262051
75869.79838178007,0.16866374751575702
75900.25649013664,0.1938715242950801
75930.71459849323,0.18068060301539496
75961.17270684981,0.14068502919335632
75991.63081520639,0.0908056035973708
76022.08892356296,0.04355189133820919
76052.54703191953,0.004595320860850766
76083.0051402761,-0.024859673293350357
76113.46324863269,-0.04580600424726995
76143.92135698927,-0.05983024035543802
76174.37946534585,-0.06873153149133143
76204.83757370242,-0.07358252625122876
76235.295682059,-0.07564656769745073
76265.75379041559,-0.07562674963603135
76296.21189877216,-0.07409934821447105
76326.67000712873,-0.07149647086303718
76357.12811548532,-0.06813101568917695
76387.5862238419,-0.06423528577119889
76418.04433219848,-0.059984889063367436
76448.50244055505,-0.055498907082052754
76478.96054891164,-0.050874159293807925
76539.8767656248,-0.04148594262631727
76570.33487398137,-0.036764664512438025
76600.79298233795,-0.03211872463951833
76661.70919905111,-0.02310984436942356
76692.16730740768,-0.018782633683334833
76722.62541576427,-0.01458743671910741
76783.54163247743,-0.006555140195857095
76813.999740834,-0.002747700990377719
76844.45784919057,0.0009096404295404321
76905.37406590373,0.007719681962482636
76935.83217426031,0.010908145745818762
76966.29028261689,0.013897920422079203
76996.74839097346,0.01677644026509571
77027.20649933003,0.019423193361960585
77057.6646076866,0.021990874888098966
77088.12271604319,0.02433254737085971
77149.03893275635,0.028577104687875995
77179.49704111292,0.03045314526569567
77209.9551494695,0.03216112713115892
77240.41325782609,0.0337020481565133
77270.87136618266,0.03509376487183323
77301.32947453923,0.0363064911165668
77331.78758289582,0.03736317013057127
77362.2456912524,0.038268221068830356
77392.70379960898,0.039004275017580387
77425.74168154456,0.03962432437978293
77458.77956348014,0.04006368321543255
77491.81744541571,0.04031516948048955
77524.8553273513,0.04038621455202101
77557.89320928688,0.04027654132889445
77590.93109122245,0.03998816775963753
77623.96897315803,0.03952383108214932
77657.00685509361,0.03888498560404377
77690.0447370292,0.038074598006494625
77723.08261896478,0.03709343288329289
77756.12050090036,0.03594840626590277
77789.15838283594,0.034637311247671665
77822.19626477153,0.03315532730761991
77855.23414670711,0.03153797142551226
77888.27202864268,0.02976151718705706
77921.30991057826,0.027823746064650566
77954.34779251384,0.025722790660783507
77987.38567444941,0.02349542165925511
78053.46143832058,0.018670951089618408
78086.49932025616,0.016021888037301448
78119.53720219174,0.013213279138770954
78185.61296606291,0.007446947092264946
78218.65084799849,0.004351426908929121
78251.68872993407,0.0011006941707771278
78317.76449380523,-0.005522560713710788
78449.91602154754,-0.01964185042501662
78482.95390348313,-0.023338535323589493
78515.99178541871,-0.027082845423215908
78582.06754928986,-0.03430531114997626
78615.10543122544,-0.0379179389861978
78648.14331316101,-0.04138723298750094
78714.21907703218,-0.04810944999551175
78747.25695896776,-0.0512262428498309
78780.29484090334,-0.054066891474867
78813.33272283891,-0.056628730672219685
78846.37060477449,-0.058772717421284405
78879.40848671008,-0.0604521991492955
78912.44636864564,-0.06149294967040351
78945.48425058123,-0.061718921579817225
78978.52213251681,-0.06106495533326799
79011.56001445239,-0.058830151481714756
79044.59789638798,-0.05543919643650181
79077.63577832354,-0.04984054669273374
79110.67366025913,-0.04137179853213142
79143.71154219471,-0.02973688879041326
79176.74942413028,-0.014200698957679312
79209.78730606586,0.006875616949208945
79242.82518800144,0.034241922603435324
79275.86306993703,0.06763938040690122
79308.90095187261,0.10638451068311748
79341.93883380819,0.14539788106780221
79374.97671574377,0.17403124879270426
79408.01459767936,0.1760216225216975
79441.05247961494,0.13740075666724186
79474.09036155051,0.06145951934255654
79507.12824348609,-0.02537808062786926
79537.96273573537,-0.09097005817881237
79568.79722798464,-0.12940839722752318
79599.63172023391,-0.14257252700216422
79630.46621248318,-0.13818951215902114
79661.30070473245,-0.12396021118002845
79692.13519698173,-0.10537109315618255
79753.80418148029,-0.06683014746376592
79784.63867372955,-0.049401715196235735
79815.47316597884,-0.03376713545400979
79846.30765822812,-0.02003616934796495
79877.14215047739,-0.008108806712283416
79907.97664272666,0.002175339654772895
79938.81113497594,0.010994323068199988
79969.64562722523,0.018758281320717936
80000.4801194745,0.024993947780530518
80031.31461172376,0.03058587235544522
80062.14910397305,0.03507723633740506
80092.98359622233,0.03883625702374537
80123.8180884716,0.04192495599122901
80154.65258072087,0.0442897108027437
80185.48707297015,0.04623268228668049
80216.32156521943,0.047555585549053724
80247.1560574687,0.048521827967320776
80277.99054971797,0.04902868968353562
80308.82504196725,0.0491858294892752
80339.65953421654,0.04901078754814909
80370.4940264658,0.04852921619775053
80401.32851871508,0.04777895573221466
80432.16301096436,0.04677610923418531
80462.99750321364,0.04555445306622845
80493.83199546291,0.04411909112986253
80524.66648771218,0.042510032816130194
80555.50097996146,0.04071721221255639
80617.16996446002,0.03670547604791723
80648.00445670928,0.03452180684198592
80678.83894895857,0.032200429141683674
80740.50793345712,0.027304739888518774
80771.34242570639,0.02475110218021608
80802.17691795567,0.022112967165761433
80863.84590245422,0.016709569180731052
80987.18387145133,0.005552432913003599
81018.0183637006,0.0027334632555314083
81048.85285594988,-0.0000644062968182253
81110.52184044843,-0.005598914477917605
81141.3563326977,-0.008321776639120166
81172.19082494699,-0.010999551825164806
81233.85980944554,-0.016206609681106685
81264.6943016948,-0.018718493390034695
81295.52879394409,-0.02115819876212026
81357.19777844264,-0.025788399183932185
81388.03227069191,-0.027973570134301205
81418.86676294118,-0.030039882829142477
81480.53574743973,-0.033864878297830366
81513.95001326801,-0.03572055575669054
81547.36427909628,-0.03741215174588696
81580.77854492456,-0.03895506057913782
81614.19281075284,-0.040328191310016866
81647.60707658112,-0.0415076085429096
81681.0213424094,-0.04246297096417076
81714.43560823768,-0.04322299152348559
81747.84987406596,-0.043767135751927616
81781.26413989424,-0.044058951610894966
81814.67840572252,-0.04410039018142614
81848.09267155078,-0.043915579092303925
81881.50693737906,-0.04343361383796113
81914.92120320734,-0.04260055367845163
81948.3354690356,-0.041514880830091486
81981.74973486389,-0.04013833316973129
82015.16400069217,-0.03832198203640347
82048.57826652045,-0.03619592909050894
82081.99253234873,-0.03373041960271534
82115.406798177,-0.030667993330720573
82148.82106400529,-0.027351345178227
82182.23532983357,-0.023507878593760908
82215.64959566185,-0.019064323800733432
82249.06386149011,-0.014293294892951766
82282.47812731839,-0.008512401105248885
82315.89239314667,-0.002716888521838241
82349.30665897494,0.004265943596264108
82382.72092480322,0.01147792342196364
82416.1351906315,0.019818898652727793
82449.54945645978,0.02873108766154624
82482.96372228806,0.03835346300270057
82549.79225394462,0.0601336178032122
82583.2065197729,0.07179081143445877
82616.62078560118,0.08369520132463752
82650.03505142944,0.09514150648705907
82683.44931725772,0.10480534438125247
82716.863583086,0.11094592475092291
82750.27784891427,0.11037756806217963
82783.69211474255,0.0984618743830307
82817.10638057083,0.06939792588276592
82850.5206463991,0.01786753785691572
82883.93491222739,-0.05413120000685834
82917.34917805567,-0.1319113415878815
82950.76344388395,-0.1860580507936712
82984.17770971222,-0.19425751745334546
83017.5919755405,-0.15892050429832363
83051.00624136877,-0.10158053088161198
83084.42050719705,-0.04395423804316556
83117.83477302533,0.0030763418407994524
83151.2490388536,0.0369935415720245
83184.66330468188,0.05936250006564338
83218.07757051016,0.07268252447198927
83251.49183633843,0.07964700248198092
83284.90610216671,0.0819635081051314
83318.320367995,0.08123873108385678
83351.73463382327,0.0783848259706304
83385.14889965155,0.07416037038989064
83418.56316547983,0.06900846875423519
83451.9774313081,0.06328878290222431
83485.39169713638,0.05725171369000712
83619.04876044948,0.03273065734772072
83651.85402434657,0.026899511302661515
83684.65928824364,0.02129903567100497
83750.26981603779,0.010772879141513394
83783.07507993486,0.005787279259635927
83815.88034383193,0.001064816076840159
83881.49087162608,-0.007638990598440219
83914.29613552315,-0.011575840509999458
83947.10139942024,-0.015356749868524571
83979.9066633173,-0.018795405738158757
84012.71192721438,-0.022083457912905093
84045.51719111146,-0.02505310586686012
84078.32245500853,-0.027824581618026797
84111.1277189056,-0.0303183269068963
84143.93298280268,-0.03259077578317476
84176.73824669977,-0.034608453902757935
84209.54351059684,-0.03640321183213918
84242.3487744939,-0.03793380572295009
84275.15403839099,-0.039261364962480214
84307.95930228806,-0.040343642816504544
84340.76456618513,-0.041187582227715264
84373.56983008221,-0.041825523328862704
84406.37509397928,-0.04222755699825582
84439.18035787635,-0.042412446140281335
84471.98562177343,-0.042379255740073056
84504.7908856705,-0.042131921559778386
84537.59614956757,-0.04167436540303602
84570.40141346466,-0.041009271635650664
84603.20667736173,-0.04014283643113556
84636.0119412588,-0.03907425012684709
84668.81720515588,-0.03781196751973378
84701.62246905296,-0.036353127547349054
84734.42773295003,-0.03471881227032612
84767.2329968471,-0.03290051456265598
84800.03826074419,-0.030898549615524597
84832.84352464126,-0.028711016549614013
84865.64878853832,-0.02639484934240417
84931.25931633248,-0.021242510284789094
84964.06458022955,-0.01840176598486397
84996.86984412663,-0.015507896432413244
85062.48037192077,-0.00922507604491966
85193.70142750908,0.004675083167620734
85226.50669140616,0.008473640376940952
85259.31195530323,0.01214359850230482
85324.92248309738,0.019874621236049855
85357.72774699447,0.023732351163190814
85390.53301089154,0.027568211617162594
85456.14353868569,0.035359838352158474
85488.94880258277,0.03906191609298111
85521.75406647984,0.04279907361040899
85554.55933037691,0.04627923770609595
85587.364594274,0.049650870016621614
85620.16985817107,0.05281074465262132
85652.97512206814,0.05561149685514846
85685.78038596522,0.05809593196163011
85718.58564986229,0.06010653418846977
85749.18752407306,0.06143228879035412
85779.78939828384,0.06222987411476154
85810.39127249461,0.06212869917397072
85840.99314670538,0.06132688272083871
85871.59502091615,0.05913718197493202
85902.19689512692,0.0557675012793178
85932.79876933769,0.050491883903850426
85963.40064354846,0.042805880059338684
85994.00251775923,0.03294527917166269
86024.60439197,0.019557989616238357
86055.20626618077,0.0016849258931705205
86085.80814039154,-0.02039870208362521
86116.41001460231,-0.04778402737413537
86147.01188881308,-0.08049485905834029
86177.61376302385,-0.11638255040441597
86208.21563723462,-0.1506694951778511
86238.81751144539,-0.1741440107865466
86269.41938565616,-0.17363879889798267
86300.02125986693,-0.13815881748901784
86330.6231340777,-0.06896276223375133
86361.22500828847,0.014583883337413877
86391.82688249924,0.08639452655427396
86422.42875671001,0.13130291919706644
86453.03063092078,0.14808904303368087
86483.63250513155,0.14449437960014097
86514.23437934232,0.1290830659161432
86544.83625355309,0.10845250784438198
86575.43812776386,0.08646091816641528
86606.04000197463,0.06544152697726843
86636.6418761854,0.04629188717884747
86667.24375039617,0.029191322240605874
86697.84562460694,0.014346751596358842
86728.44749881771,0.0016261975905090126
86759.04937302848,-0.009229232262586401
86789.65124723925,-0.018385121444734653
86820.25312145002,-0.02604188854346162
86850.85499566079,-0.032399014219992625
86881.45686987156,-0.03762072035681929
86912.05874408233,-0.04186560433365348
86942.6606182931,-0.045291961331574426
86973.26249250387,-0.04794253148727924
87003.86436671464,-0.049852486982637084
87034.46624092541,-0.05117002821455029
87065.06811513618,-0.05198732148870232
87095.66998934695,-0.052290947615311924
87126.27186355772,-0.05217357683124821
87156.8737377685,-0.051682862990705784
87187.47561197927,-0.05084015328297491
87218.07748619004,-0.049689996255561523
87248.67936040083,-0.04826264224218087
87279.2812346116,-0.04659109411972381
87309.88310882237,-0.044692093353833624
87340.48498303314,-0.042597728404512876
87371.0868572439,-0.040326001916145174
87432.29060566545,-0.035330358782505435
87462.89247987622,-0.03263282711217047
87493.49435408699,-0.029847121920378132
87554.69810250853,-0.0240008174648697
87677.1055993516,-0.0116374927725565
87710.28724714139,-0.008252193916080107
87743.46889493115,-0.004799663438279925
87809.8321905107,0.0019838050215168143
87843.01383830047,0.005336849416756993
87876.19548609023,0.008628406224035047
87942.55878166978,0.015023571347837932
87975.74042945955,0.018094489371220566
88008.92207724933,0.021070821550166412
88075.28537282886,0.026677755732823938
88108.46702061864,0.029284825039895546
88141.64866840841,0.03174664751831568
88174.83031619817,0.034060970071946
88208.01196398796,0.03619609531098203
88241.19361177774,0.03813718962464756
88274.3752595675,0.03990621764570984
88307.55690735727,0.041481033465483694
88340.73855514705,0.0428361463071506
88373.92020293683,0.04393579659870457
88407.1018507266,0.04479987279234504
88440.28349851636,0.045421608605509284
88473.46514630615,0.04576140410498949
88506.64679409593,0.04579816033498521
88539.8284418857,0.04557392259309795
88573.01008967546,0.04501449235747714
88606.19173746524,0.0440611453307934
88639.373385255,0.04285206583942838
88672.55503304477,0.04125874132849518
88705.73668083455,0.039166237909986204
88738.91832862432,0.0367267657432821
88772.09997641409,0.03391178063076499
88805.28162420387,0.030436810227248465
88838.46327199363,0.02671568686679357
88871.6449197834,0.022316895847598765
88904.82656757318,0.01726938544795304
88938.00821536295,0.011877130627816201
88971.18986315271,0.005518554072537894
89004.3715109425,-0.001103010500857423
89037.55315873228,-0.008912824818697658
89070.73480652204,-0.0169827579532352
89103.91645431181,-0.02608985928893593
89137.09810210159,-0.03601013434340613
89170.27974989137,-0.04642588382042892
89203.46139768114,-0.058096994973381166
89269.82469326069,-0.08150279275195704
89303.00634105047,-0.09306510347521676
89336.18798884023,-0.10319277342224155
89369.36963663,-0.11004879998667122
89402.55128441978,-0.11092974293310871
89435.73293220955,-0.10159495431684706
89468.91457999931,-0.076453574746057
89502.0962277891,-0.0303755560683157
89535.27787557886,0.037657531083084776
89568.45952336863,0.11602864817244857
89601.64117115841,0.17867249190696538
89634.82281894817,0.19851489936466593
89668.00446673794,0.17046552829890427
89701.18611452772,0.1138012164597565
89734.36776231749,0.052049480963652084
89767.54941010725,0.00017793011169883743
89800.73105789704,-0.03777320925543583
89831.7093160005,-0.06129392538879208
89862.68757410397,-0.07575924586780054
89893.66583220744,-0.08347380708733415
89924.6440903109,-0.08639557474694431
89955.62234841437,-0.08591888309192042
89986.60060651784,-0.08312676365015746
90017.5788646213,-0.07879045795751527
90048.55712272477,-0.07343427128303096
90079.53538082824,-0.06743690428060717
90110.5136389317,-0.061069038172488856
90172.47015513864,-0.04795112943916276
90296.38318755252,-0.02264554309417957
90327.36144565599,-0.01690588225798313
90358.33970375947,-0.011225868234221026
90420.2962199664,-0.0008844113520154761
90451.27447806987,0.0039740515124676145
90482.25273617334,0.008495918765586002
90544.20925238027,0.016741251060077532
90575.18751048374,0.020385287071960745
90606.1657685872,0.023862578078688863
90637.14402669067,0.026989592895874638
90668.12228479414,0.029895713138972498
90699.1005428976,0.03250021528393485
90730.07880100107,0.03485701617944241
90761.05705910454,0.03694165943516263
90792.035317208,0.03876725916323537
90823.01357531147,0.040338394782979944
90853.99183341494,0.041649639970767975
90884.97009151841,0.04271670602338021
90915.94834962187,0.04352854958165669
90946.92660772534,0.04410548694302579
90977.90486582881,0.04443400037782268
91008.88312393229,0.044529736421169815
91039.86138203576,0.044392791850030464
91070.83964013922,0.04402568096252997
91101.8178982427,0.0434379429133487
91132.79615634617,0.04262495912427389
91163.77441444964,0.04159893024475204
91194.7526725531,0.040364186440146055
91225.73093065657,0.038919630488792024
91256.70918876004,0.03727721406304402
91287.6874468635,0.03543667486072104
91318.66570496697,0.033408674160773574
91349.64396307044,0.031198879509899115
91411.60047927737,0.02624139053912037
91442.57873738084,0.02352088930752482
91473.55699548431,0.020621573363733634
91535.51351169124,0.014437861326499093
91566.49176979471,0.011141559471011662
91597.47002789818,0.007677873454485657
91659.42654410511,0.0004022991013753422
91783.33957651899,-0.01506594044925477
91813.70883269125,-0.01892317581175823
91844.07808886352,-0.02290639358827938
91904.81660120806,-0.030853860441552933
91935.18585738033,-0.034729670216290705
91965.55511355259,-0.03865585055417961
92026.29362589712,-0.045995303550854176
92056.66288206939,-0.04955416700322509
92087.03213824164,-0.05275879849795351
92117.4013944139,-0.05578636355599024
92147.77065058617,-0.058465018103355006
92178.13990675844,-0.060757750317846006
92208.50916293071,-0.06252152992607526
92238.87841910298,-0.06373958656534263
92269.24767527524,-0.06410589274757753
92299.6169314475,-0.06372452810643106
92329.98618761977,-0.06200206313946858
92360.35544379204,-0.05914322900759465
92390.72469996431,-0.05433899639011918
92421.09395613658,-0.04739508911455474
92451.46321230884,-0.0381428649601782
92481.8324684811,-0.025363484273429705
92512.20172465337,-0.008433889196909473
92542.57098082564,0.0124363416304676
92572.94023699789,0.03900368974062211
92603.30949317015,0.07080416043070345
92633.67874934242,0.10636506420424018
92664.04800551469,0.14200783499066966
92694.41726168696,0.1698150645070893
92724.78651785923,0.17730506226968507
92755.15577403149,0.1518523050634914
92785.52503020375,0.09023241109483421
92815.89428637602,0.007002107590019291
92846.26354254829,-0.07169584189897747
92876.63279872056,-0.12559309855155054
92907.00205489283,-0.14958156248485843
92937.37131106509,-0.14981159727983268
92967.74056723734,-0.13553585526540418
92998.10982340961,-0.11426342145216015
93028.47907958188,-0.09093869724839942
93058.84833575414,-0.06818219773367133
93089.2175919264,-0.047316310145637315
93119.58684809867,-0.028897796330427793
93149.95610427094,-0.012947898109748893
93180.32536044321,0.0006708634531185755
93210.69461661548,0.012187644307002128
93241.06387278774,0.021893847442872448
93271.43312896,0.029964688588412083
93301.80238513227,0.03663074374402977
93332.17164130454,0.04197013094120903
93362.5408974768,0.04618903405705661
93392.91015364908,0.04943586505600545
93423.27940982133,0.05182488199976062
93453.64866599359,0.0535302040156794
93484.01792216586,0.05454442273584266
93514.38717833813,0.0549388675863843
93544.75643451039,0.05487042319009779
93575.12569068265,0.054315124371676946
93605.49494685492,0.053347517597966396
93635.86420302719,0.052019214197550956
93666.23345919946,0.050367476291232796
93696.60271537173,0.04842276804533373
93726.97197154399,0.046216735390406424
93759.92100129524,0.04358038425353512
93792.8700310465,0.04069472859326698
93858.76809054904,0.03435985598401274
93891.71712030031,0.03096287857038535
93924.66615005158,0.027433177193480648
93990.56420955411,0.020105349004826852
94023.51323930538,0.016345614999882338
94056.46226905665,0.012545427928170389
94122.36032855918,0.0049061508507108635
94254.15644756425,-0.010058279624307357
94287.10547731552,-0.013631262982684147
94320.05450706679,-0.01712164506213179
94385.95256656932,-0.023744984938253427
94418.90159632059,-0.026857572409909082
94451.85062607186,-0.02981084336088478
94517.74868557439,-0.03520745268705353
94550.69771532566,-0.03761149104909978
94583.64674507693,-0.039815179786585574
94616.5957748282,-0.04177668363279863
94649.54480457946,-0.043500335395857306
94682.49383433073,-0.04497431039088691
94715.442864082,-0.04615841878818683
94748.39189383326,-0.04706364919424483
94781.34092358453,-0.04766740974237803
94814.2899533358,-0.047921490004127
94847.23898308707,-0.047846522183768114
94880.18801283833,-0.04742940309771851
94913.1370425896,-0.04658883810811753
94946.08607234087,-0.04534080567741193
94979.03510209214,-0.04374738027111556
95011.9841318434,-0.04160932448180937
95044.93316159467,-0.038940483365027735
95077.88219134594,-0.03595615920988298
95110.8312210972,-0.032240173965309565
95143.78025084847,-0.028088381952452297
95176.72928059974,-0.023305532116561438
95209.67831035101,-0.017653999697954868
95242.62734010228,-0.01171837925234273
95275.57636985354,-0.004592942105199642
95308.52539960481,0.0027579202707991345
95341.47442935608,0.011499681859181668
95374.42345910735,0.02051142648565629
95407.37248885861,0.030676361392013615
95440.32151860988,0.04173944145476365
95473.27054836115,0.05326553905856844
95506.21957811242,0.06588615588896153
95539.16860786368,0.07844877036705095
95572.11763761495,0.09082629518134745
95605.06666736622,0.10209962996005403
95638.01569711749,0.11058963600789526
95670.96472686875,0.11371395247525068
95703.91375662002,0.10749151139490382
95736.86278637129,0.08654984773488944
95769.81181612256,0.04502058903149889
95802.76084587383,-0.019587377114737008
95835.70987562509,-0.09848062088965372
95866.45551569006,-0.16460519838372104
95897.20115575501,-0.1984559299300176
95927.94679581997,-0.18824784909061573
95958.69243588494,-0.14360415150853661
95989.4380759499,-0.08468818574421311
96020.18371601487,-0.028554809079009848
96050.92935607984,0.01644613390247454
96081.6749961448,0.04874379488519957
96112.42063620975,0.06977078675984028
96143.16627627471,0.08208273988352167
96173.91191633968,0.08794537257933778
96204.65755640465,0.08930595803383247
96235.40319646962,0.08753049230333143
96266.14883653457,0.08362740779148328
96296.89447659953,0.07831179081582723
96327.6401166645,0.07205134527371145
96358.38575672946,0.06526000216108482
96389.13139679443,0.058177013970170124
96450.62267692435,0.04380628706256358
96481.3683169893,0.03673259995168443
96512.11395705427,0.02984847057410249
96573.60523718421,0.016817399656160664
96604.35087724918,0.010682369069741984
96635.09651731413,0.004819693057907165
96665.84215737908,-0.0007374639641192435
96696.58779744405,-0.005884673574282458
96727.33343750902,-0.010853933407003833
96758.07907757399,-0.015357991781637078
96819.57035770391,-0.023588193691470236
96850.31599776886,-0.027236702517192554
96881.06163783383,-0.030517566541512747
96911.8072778988,-0.033512506859421164
96942.55291796377,-0.036175334112323675
96973.29855802873,-0.03853513905070265
97004.04419809369,-0.040586322727151
97034.78983815864,-0.04233675232463528
97065.53547822361,-0.04376420894673353
97096.28111828858,-0.044930785083227474
97127.02675835355,-0.04578547476276338
97157.77239841851,-0.04635472988683215
97188.51803848347,-0.04664355289250198
97219.26367854842,-0.046650300763669404
97250.00931861339,-0.04638627824505587
97280.75495867836,-0.04585171920817971
97311.50059874333,-0.045056604768975356
97342.2462388083,-0.04400046116827303
97372.99187887325,-0.04269420617302053
97403.7375189382,-0.04114072161532096
97434.48315900317,-0.03935044758788776
97465.22879906814,-0.03732468601646225
97495.9744391331,-0.03506614913809161
97526.72007919807,-0.032609173879381906
97557.46571926303,-0.029931621397054277
97588.21135932798,-0.027033589598868875
97618.95699939295,-0.02393299620891136
97680.44827952288,-0.01727282985486304
97711.19391958785,-0.013636265448610452
97741.9395596528,-0.00980766001470048
97803.43083978273,-0.001968145749943351
97837.75220102337,0.0027323309768564254
97872.073562264,0.007582395751293667
97940.71628474529,0.017342802779810176
97975.03764598593,0.02246657741862015
98009.35900722657,0.027364161437416136
98078.00172970784,0.03748044261949079
98112.32309094848,0.04222493081338402
98146.64445218912,0.04699520303640795
98180.96581342976,0.05139298102360303
98215.2871746704,0.05558151377822105
98249.60853591104,0.059303135641958986
98283.92989715168,0.06251323906823654
98318.25125839232,0.06501052218972023
98352.57261963296,0.0666495824003494
98386.8939808736,0.067170481084873
98421.21534211424,0.06612669427830017
98455.53670335488,0.0634908353683036
98489.85806459552,0.05844128664954713
98524.17942583616,0.04991755367145333
98558.5007870768,0.038295408322001914
98592.82214831744,0.02169272325944973
98627.14350955808,-0.0009602202814551208
98661.46487079872,-0.030764079403258482
98695.78623203936,-0.06767190089688549
98730.10759328,-0.1099858496340185
98764.42895452064,-0.1513908792537349
98798.75031576128,-0.1780900702036064
98833.07167700192,-0.1703847651314782
98867.39303824256,-0.11452098165213209
98901.7143994832,-0.02246633508283671
98936.03576072384,0.06964745092135644
98970.35712196448,0.13039192603001434
99004.67848320512,0.15264040442162405
99038.99984444576,0.1465447202644002
99073.3212056864,0.12540443323749878
99107.64256692704,0.09864788774982174
99141.96392816768,0.0717097977145183
99176.28528940832,0.04696483082470114
99210.60665064896,0.025394080004484072
99244.9280118896,0.006994208905170829
99279.24937313024,-0.008232005235188099
99313.57073437088,-0.020716389003513178
99347.89209561152,-0.030809769116834015
99382.21345685216,-0.038838935390356086
99416.5348180928,-0.045092506412681706
99450.85617933344,-0.049809696154303404
99485.17754057408,-0.05317978507362486
99519.49890181472,-0.055517214412727875
99553.82026305536,-0.05680336246353214
99588.141624296,-0.05721989528673017
99622.46298553664,-0.056887144549128854
99656.78434677728,-0.05591194049010083
99691.10570801792,-0.05436184787049695
99725.42706925856,-0.0523116808262933
99759.7484304992,-0.04983811222110119
99794.06979173984,-0.04695176941830096
99828.39115298048,-0.04378585184740868
99862.71251422112,-0.04028134506265553
99897.03387546176,-0.036598216125672184
99931.3552367024,-0.032647581749881936
99965.67659794303,-0.02859075079462098
99999.99795918367,-0.024347098758744485
