0.002040816326530612,0.000037786337808717604
30.671792055962676,-0.021400226275772954
61.341543295598825,-0.041682165776524456
92.01129453523498,-0.059928391976806744
122.68104577487112,-0.0752887563796912
153.35079701450726,-0.08709746320756483
184.02054825414342,-0.09490694875023521
214.69029949377955,-0.09849932876753556
245.3600507334157,-0.09788839465237066
276.02980197305186,-0.09328961133369615
306.699553212688,-0.08510180910338247
337.3693044523242,-0.07385078020309357
368.0390556919603,-0.06015881552361653
398.7088069315964,-0.04469579318096232
429.3785581712326,-0.02814863449983503
490.71806065050487,0.0055763668990868424
521.387811890141,0.021571618584758576
552.0575631297772,0.03632585797023096
582.7273143694133,0.049445983273155046
613.3970656090495,0.06062127530676012
644.0668168486857,0.06963223331721566
674.7365680883217,0.0763238327463609
705.4063193279579,0.08063658220295433
736.0760705675941,0.08256590600652745
766.7458218072302,0.0821697724013676
797.4155730468664,0.07955873312426025
828.0853242865026,0.07488713597784777
858.7550755261386,0.06834543672605667
889.4248267657748,0.06015466488223265
920.094578005411,0.05055843180427859
950.7643292450471,0.039819393511372245
981.4340804846832,0.028210288228896586
1012.1038317243194,0.016015676249816528
1042.7735829639555,0.003517351283379283
1073.4433342035918,-0.008997259863684609
1104.1130854432279,-0.021247958509312617
1134.782836682864,-0.03296247673482841
1165.4525879225002,-0.043878537317582886
1196.1223391621363,-0.05374696541810022
1226.7920904017724,-0.06233932743295403
1257.4618416414087,-0.0694439564388883
1288.1315928810448,-0.07487635353648739
1318.8013441206808,-0.07847783883292303
1349.4710953603171,-0.0801216814798612
1380.1408465999532,-0.07971625779491107
1410.8105978395893,-0.0772093097046956
1441.4803490792256,-0.07259154842046246
1472.1501003188616,-0.06590148118242133
1502.8198515584977,-0.057227187045244474
1533.489602798134,-0.04672119668510693
1564.15935403777,-0.034564680091416305
1594.8291052774061,-0.021045770719771317
1625.4988565170424,-0.00647580523266721
1656.1686077566785,0.008778257882159302
1717.5081102359509,0.0394652289232308
1748.177861475587,0.05389902095193079
1778.847612715223,0.06696481527100796
1809.5173639548593,0.07820462719074263
1840.1871151944954,0.08696046106456595
1870.8568664341315,0.09280445546328832
1901.5266176737678,0.09529140198529912
1932.1963689134038,0.09412178482392805
1962.86612015304,0.0891092061690841
1996.1156449716777,0.07935184621780664
2029.3651697903158,0.06533919876610159
2062.614694608954,0.047616282254818884
2095.8642194275917,0.02697401645169438
2129.1137442462295,0.004477647965464087
2162.3632690648674,-0.018638161587930618
2195.612793883505,-0.041044274762344776
2228.862318702143,-0.06141171774106652
2262.111843520781,-0.0785226825019663
2295.3613683394187,-0.0913652137705306
2328.6108931580566,-0.09922315590849734
2361.8604179766944,-0.10172133949146187
2395.1099427953322,-0.09884355130894006
2428.35946761397,-0.09092126938368172
2461.608992432608,-0.07857949257825869
2494.858517251246,-0.06267561724200303
2528.1080420698845,-0.04421011943248876
2561.3575668885223,-0.02425181111130687
2594.60709170716,-0.0038598024628818065
2627.856616525798,0.015980006569510288
2661.106141344436,0.03440774146962734
2694.3556661630737,0.05068156502809412
2727.6051909817115,0.06427178364161255
2760.8547158003494,0.07480099005955171
2794.104240618987,0.08204989395028142
2827.353765437625,0.0859495906751497
2860.603290256263,0.08656398492171091
2893.8528150749007,0.08406966411876106
2927.1023398935386,0.07872814774325214
2960.3518647121764,0.07087401591689849
2993.6013895308142,0.06088386547485651
3026.8509143494525,0.04917691243672803
3060.100439168091,0.03618135287359833
3093.3499639867287,0.022338370625791207
3159.8490136240043,-0.006175888678919543
3193.098538442642,-0.020027779977868365
3226.34806326128,-0.03310485811147498
3259.597588079918,-0.04506536110580501
3292.8471128985557,-0.05560445326424948
3326.0966377171935,-0.06445497024870744
3359.3461625358314,-0.07139163284181477
3392.595687354469,-0.07623407376201674
3425.845212173107,-0.07884733923657587
3459.094736991745,-0.07914679457879323
3492.3442618103827,-0.07709802136768915
3525.5937866290205,-0.07271986970966848
3558.843311447659,-0.06608678092110556
3592.092836266297,-0.057329769207489854
3625.342361084935,-0.046637957072969354
3658.591885903573,-0.034259775778061254
3691.8414107222106,-0.02050568638594651
3725.0909355408485,-0.005732835584340755
3758.3404603594863,0.00962538282892702
3824.839509996762,0.04019265458892857
3858.0890348154,0.054334678584678026
3891.3385596340377,0.06696398180152488
3924.5880844526755,0.0775055284976961
3957.8376092713133,0.08542908738605245
3991.087134089951,0.09020855860997948
4024.336658908589,0.09146966630203396
4057.586183727227,0.0888432140417458
4090.835708545865,0.08225916347295116
4121.8818436781985,0.07249032862336345
4152.927978810532,0.05945440323435734
4183.974113942866,0.04350668649309243
4215.020249075199,0.025192264225483024
4246.066384207532,0.0052245258954787595
4277.112519339866,-0.015534123083722498
4308.1586544721995,-0.0361031672620713
4339.204789604533,-0.05549451606897246
4370.250924736867,-0.07264305003254312
4401.2970598692,-0.086624383112088
4432.343195001533,-0.09664698400107614
4463.389330133867,-0.1021309310208261
4494.4354652662005,-0.1027545176450373
4525.481600398534,-0.09848239819716616
4556.527735530868,-0.0895708884398155
4587.573870663201,-0.07654348782957199
4618.620005795534,-0.06014597771282382
4649.666140927868,-0.04128736866382511
4711.758411192535,-0.0002351892984709333
4742.804546324869,0.019964398364979215
4773.850681457202,0.03873300870163399
4804.896816589535,0.05532223220220209
4835.942951721869,0.06914494298138826
4866.9890868542025,0.07978203888595914
4898.035221986536,0.08701150478186306
4929.08135711887,0.09076428572311747
4960.127492251203,0.09110594117152676
4991.173627383536,0.08823192690889814
5022.21976251587,0.08243390210338035
5053.2658976482035,0.07408282895827513
5084.312032780537,0.06359709559262562
5115.358167912871,0.051419054388274966
5146.404303045205,0.03801632798479669
5208.496573309872,0.009350109755367559
5239.5427084422045,-0.005046947805457022
5270.588843574538,-0.018962358995376655
5301.634978706872,-0.0320439899315632
5332.681113839206,-0.043980419397172656
5363.72724897154,-0.054506026257178486
5394.773384103873,-0.06339646219110508
5425.819519236205,-0.07047538138949132
5456.865654368539,-0.07560832685009432
5487.911789500873,-0.07870757150576538
5518.957924633207,-0.07972707157994396
5550.004059765541,-0.07866428542477187
5581.050194897874,-0.0755577343108497
5612.096330030206,-0.0704858259788358
5643.14246516254,-0.06356656416785487
5674.188600294874,-0.054953897610374836
5705.234735427208,-0.044840311809673405
5736.280870559542,-0.033448071876760764
5767.327005691875,-0.02103739471954946
5829.419275956541,0.005671284381468485
5860.465411088875,0.01931784659318915
5891.511546221209,0.03269025532427446
5922.557681353543,0.045419222027597746
5953.6038164858755,0.057127610411975074
5984.649951618208,0.0674319081114101
6015.696086750542,0.07598254614189061
6046.742221882876,0.08241230362069414
6077.78835701521,0.08642103490887058
6108.225490216341,0.08773552909380293
6138.662623417473,0.08627544590374905
6169.099756618603,0.081908759594608
6199.536889819735,0.07461193935805203
6229.974023020866,0.06450246091675768
6260.411156221997,0.05161938574381004
6290.848289423128,0.036419920523777245
6321.28542262426,0.019382313433059153
6351.72255582539,0.0008865720650340914
6382.159689026522,-0.018235955238132116
6412.596822227653,-0.03724322669027628
6443.033955428784,-0.05528602148321456
6473.471088629915,-0.07149337566141822
6503.908221831047,-0.08501490744143474
6534.345355032177,-0.09510431935325098
6564.782488233309,-0.10111743734291948
6595.21962143444,-0.10263066703743651
6625.656754635571,-0.09944654601996393
6656.093887836702,-0.0916347025355485
6686.531021037834,-0.07952871897051483
6716.968154238964,-0.06371582810760205
6747.405287440096,-0.044998653447283876
6777.842420641227,-0.024339445687519848
6808.279553842358,-0.0027897524863257383
6838.716687043489,0.018545153328295528
6869.153820244621,0.038686099876799517
6899.590953445751,0.056707207600632324
6930.028086646883,0.07184805523481029
6960.465219848014,0.08356716636558559
6990.902353049145,0.0915202043992783
7021.339486250276,0.09555987658755705
7051.776619451408,0.0957310401260157
7082.2137526525385,0.09224884309468036
7112.65088585367,0.08546079632802518
7143.088019054801,0.07581393707332512
7173.525152255932,0.06382657258169301
7203.962285457063,0.05006933649042027
7234.399418658195,0.035080694082862365
7295.273685060457,0.003721893353099727
7325.710818261588,-0.011649356675044915
7356.147951462719,-0.026216511613486794
7386.5850846638505,-0.03959914517575402
7417.022217864982,-0.05147284664004524
7447.4593510661125,-0.06158961064329661
7477.896484267244,-0.06974561593340725
7508.333617468375,-0.07581316628916215
7538.770750669506,-0.07970763528727437
7569.2078838706375,-0.08140239600429179
7599.645017071769,-0.08092330549302684
7630.0821502728995,-0.07833750112294263
7660.519283474031,-0.0737493472559649
7690.9564166751625,-0.06730582877663807
7721.393549876293,-0.05918750428836255
7751.8306830774245,-0.04960190190154054
7782.267816278556,-0.03877749128572981
7812.704949479687,-0.02697408432944634
7843.142082680818,-0.014465299387009873
7904.01634908308,0.011503538312231203
7934.4534822842115,0.024354979180632078
7964.890615485343,0.03670492593866742
7995.327748686474,0.048241835914661614
8025.764881887605,0.058663275864396444
8058.7817886677385,0.06836546140584737
8091.798695447871,0.07605976336990125
8124.815602228004,0.08143180468298922
8157.832509008136,0.08420793033187637
8190.84941578827,0.08417943264357215
8223.866322568403,0.08119530748015805
8256.883229348536,0.0752071955632748
8289.900136128668,0.06625109342190072
8322.9170429088,0.05445921062127633
8355.933949688933,0.04015406666596605
8388.950856469066,0.023670810062875497
8421.9677632492,0.005581870139803216
8454.984670029335,-0.01337816340063833
8488.001576809467,-0.032605795785092234
8521.0184835896,-0.05104629283367508
8554.035390369732,-0.0678203374849863
8587.052297149865,-0.08200220526624513
8620.069203929997,-0.09267632546077305
8653.08611071013,-0.09906220372930691
8686.103017490264,-0.10056798513668615
8719.119924270399,-0.09685692550167772
8752.136831050531,-0.08790747656292436
8785.153737830664,-0.07402432688263254
8818.170644610796,-0.055884615628717965
8851.187551390929,-0.0344724595179801
8884.204458171062,-0.011021309138073454
8917.221364951194,0.01307586569648099
8950.238271731327,0.03637904734703967
8983.25517851146,0.057482686096305836
9016.272085291592,0.07519973331983384
9049.288992071724,0.08861251482554469
9082.305898851859,0.09706441022320876
9115.322805631993,0.10031420123822302
9148.339712412126,0.09841289880237603
9181.356619192258,0.0917236208286248
9214.37352597239,0.08084778799910569
9247.390432752523,0.06657312717796293
9280.407339532656,0.04979068305875253
9313.424246312788,0.031420848353138485
9346.441153092921,0.012380073546278368
9379.458059873054,-0.006487315341713476
9412.474966653186,-0.02437406307206105
9445.491873433319,-0.040681056824791645
9478.508780213453,-0.054846524080532554
9511.525686993587,-0.06649092337412615
9544.54259377372,-0.07534283720139431
9577.559500553853,-0.08124162671054413
9610.576407333985,-0.0841511157434606
9643.593314114118,-0.08412038802193864
9676.61022089425,-0.08128495724229987
9709.627127674383,-0.07585034184450548
9742.644034454517,-0.06807873460414568
9775.660941234652,-0.05828550793494561
9808.677848014784,-0.04681801621130259
9841.694754794917,-0.03404409155598237
9874.71166157505,-0.020357401219295263
9907.728568355182,-0.006162020597020536
9940.745475135314,0.008138259049795468
9973.762381915447,0.02214673001736991
10006.779288695581,0.03547178891172085
10039.796195475716,0.04774110829625613
10072.813102255848,0.058603891392040065
10105.83000903598,0.06773952169952623
10138.846915816113,0.07486011759803392
10169.660432909943,0.07947102340863041
10200.47395000377,0.08195031897345258
10231.287467097598,0.08217725763263672
10262.100984191427,0.0800768109894631
10292.914501285257,0.07562632041530856
10323.728018379084,0.06885734189421713
10354.541535472912,0.05986583698820941
10385.355052566742,0.04882041346567874
10416.168569660571,0.03593096593007392
10446.982086754399,0.02151605908944945
10508.609120942056,-0.010320315015713025
10539.422638035885,-0.026794144710117186
10570.236155129713,-0.04286023511503943
10601.04967222354,-0.05800718690324305
10631.86318931737,-0.07150979745147372
10662.6767064112,-0.08273307073110175
10693.490223505027,-0.09116646692692981
10724.303740598854,-0.09617318290718294
10755.117257692684,-0.09737335443124501
10785.930774786513,-0.09446946536696979
10816.74429188034,-0.08735354174225143
10847.557808974168,-0.07612295325215852
10878.371326067998,-0.06112023347130886
10909.184843161827,-0.04290682372485512
10939.998360255655,-0.02228565778324832
10970.811877349483,-0.000229839946526603
11001.625394443312,0.022153835313060467
11032.438911537141,0.04369838496453643
11063.252428630969,0.0632375117535167
11094.065945724797,0.07972311889640353
11124.879462818626,0.09228592549765209
11155.692979912455,0.10029891323928913
11186.506497006283,0.10340224383307986
11217.32001410011,0.10155230483274114
11248.13353119394,0.09500061082640332
11278.94704828777,0.08420018185156675
11309.760565381597,0.06988290559796775
11340.574082475425,0.05286376185222588
11371.387599569254,0.03403139652161543
11402.201116663084,0.01440004694266995
11433.014633756911,-0.005214524750475163
11463.828150850739,-0.023971412851317243
11494.641667944568,-0.04112589566757076
11525.455185038398,-0.05615132069744213
11556.268702132225,-0.06857826206952321
11587.082219226053,-0.07811004921945594
11617.895736319882,-0.08459659665827088
11648.709253413712,-0.08797494984662473
11679.52277050754,-0.08832252066071956
11710.336287601367,-0.0857869891662522
11741.149804695197,-0.08060163987991292
11771.963321789026,-0.07305575586252928
11802.776838882854,-0.06348082873067691
11833.590355976681,-0.05224414214874481
11864.40387307051,-0.039724273093526746
11895.21739016434,-0.02631645387072571
11926.030907258168,-0.012405701451623296
11956.844424351995,0.0016222382841964429
11987.657941445825,0.01540408986916015
12018.471458539654,0.028593055192111062
12049.284975633484,0.0408652086217402
12080.098492727313,0.05192932565105157
12110.91200982114,0.061528213549065236
12144.305300493972,0.0700089552516872
12177.698591166802,0.07626255257284838
12211.091881839631,0.08010418725533415
12244.48517251246,0.08140856651169548
12277.87846318529,0.08011118035929482
12311.271753858122,0.07621057845194301
12344.665044530953,0.06977312586157924
12378.058335203783,0.06093177582649309
12411.451625876613,0.04989217465451102
12444.844916549444,0.036931888294606106
12478.238207222275,0.02239065806192075
12511.631497895105,0.006697021973503627
12545.024788567935,-0.009653762852848755
12578.418079240764,-0.026169857260701167
12611.811369913594,-0.04219749932418314
12645.204660586425,-0.05710685022026039
12678.597951259257,-0.07030195992085371
12711.991241932086,-0.0810708666998266
12745.384532604916,-0.0888121864937329
12778.777823277745,-0.0930219441658762
12812.171113950575,-0.09319360520789721
12845.564404623407,-0.08909918339631309
12878.957695296238,-0.08058792360038022
12912.350985969068,-0.06779863596197735
12945.744276641897,-0.051199402587978164
12979.137567314729,-0.031239672770724074
13012.53085798756,-0.009085875193095474
13045.92414866039,0.014298970869112086
13079.31743933322,0.037481238879792295
13112.710730006049,0.059112825704336534
13146.104020678878,0.07777738083335359
13179.49731135171,0.09223860714881237
13212.890602024541,0.1014952190931392
13246.28389269737,0.10490479126226344
13279.6771833702,0.10223188041178125
13313.07047404303,0.09366425501667276
13346.46376471586,0.07985385578286433
13379.857055388691,0.06168859532111498
13413.250346061523,0.040514689606895936
13446.643636734352,0.017517879892791206
13480.036927407182,-0.005680893289150597
13513.430218080013,-0.028014136559051994
13546.823508752845,-0.04809158355126197
13580.216799425674,-0.06518677647324804
13613.610090098504,-0.07846082959063967
13647.003380771333,-0.08761491033317274
13680.396671444163,-0.09241011749784471
13713.789962116995,-0.09295394489104684
13747.183252789826,-0.08947386124177742
13780.576543462656,-0.08238886504487873
13813.969834135485,-0.07219482645511899
13847.363124808315,-0.05952080691400305
13880.756415481144,-0.0449500104240987
13914.149706153976,-0.029144097761862883
13980.936287499637,0.0036836632897795504
14014.329578172466,0.01955732575191129
14047.722868845298,0.034387566532927884
14081.11615951813,0.0477380800809452
14114.509450190959,0.059236750345144584
14147.902740863788,0.06858703138797703
14181.296031536618,0.07555449362705077
14214.689322209448,0.07998169764523104
14248.08261288228,0.08177643259904915
14280.866901623907,0.08095605503717967
14313.651190365534,0.07761811550473899
14346.435479107162,0.07186328795691721
14379.21976784879,0.06385214715260795
14412.004056590418,0.053796017282608175
14444.788345332046,0.04196177229439184
14477.572634073675,0.028673419448125306
14510.356922815303,0.014287039881752395
14543.141211556931,-0.0007897259519644619
14575.92550029856,-0.016109408009061684
14608.709789040187,-0.03120438351095356
14641.494077781816,-0.04558518118057653
14674.278366523444,-0.05873256118552161
14707.062655265072,-0.0701494336749689
14739.846944006698,-0.0793639825762453
14772.631232748327,-0.08590398238207822
14805.415521489955,-0.08937102266790614
14838.199810231581,-0.08945099002370707
14870.98409897321,-0.08591808463527455
14903.768387714837,-0.07868082669296815
14936.552676456466,-0.06780440558814363
14969.336965198094,-0.05352237247468696
15002.121253939722,-0.03626356321648358
15034.90554268135,-0.016653816688236983
15067.689831422978,0.004503198099200826
15100.474120164607,0.026192744564416687
15133.258408906235,0.04730125105664575
15166.042697647863,0.06663274179066131
15198.826986389491,0.08300391908081904
15231.61127513112,0.09533060386932865
15264.395563872746,0.10269996018154673
15297.179852614374,0.10448201785558252
15329.964141356002,0.10042218113312788
15362.748430097628,0.09065051590604699
15395.532718839257,0.07569860294881675
15428.317007580885,0.056450108597665104
15461.101296322513,0.03414312342137673
15493.885585064141,0.010151005679028133
15526.66987380577,-0.014072026530361048
15559.454162547398,-0.03706115031360355
15592.238451289026,-0.057540607218154155
15625.022740030654,-0.0744924649655941
15657.807028772282,-0.0871386167027076
15690.59131751391,-0.09501717313732135
15723.375606255539,-0.09801372785609803
15756.159894997167,-0.09625884336001678
15788.944183738793,-0.09013530306843111
15821.728472480421,-0.08019345050248874
15854.51276122205,-0.06711463581733998
15887.297049963676,-0.05169504302024174
15920.081338705304,-0.03468114740399032
15952.865627446932,-0.01688915197015871
15985.64991618856,0.000961231304840323
16018.434204930189,0.01819963364212552
16051.218493671817,0.03421608452046692
16084.002782413445,0.04853062988345054
16116.787071155073,0.060728245142169235
16149.571359896701,0.07050184155089134
16182.35564863833,0.07764402806251752
16215.139937379958,0.08202418732589442
16247.924226121586,0.08359935667122112
16280.708514863214,0.08241181626342403
16313.49280360484,0.07857585796697275
16346.277092346469,0.07225823812259188
16376.857991401794,0.06432273168745507
16407.438890457117,0.054655550119694044
16438.01978951244,0.043519451970172006
16468.600688567763,0.03119444431276246
16499.181587623087,0.017994158756678244
16529.76248667841,0.004250822708489
16590.924284789056,-0.023461372133680148
16621.50518384438,-0.03671586105011624
16652.086082899703,-0.04908843804120344
16682.666981955026,-0.06022711074227323
16713.24788101035,-0.0697932922401685
16743.828780065673,-0.07747105637215701
16774.409679120996,-0.08297506300890282
16804.990578176323,-0.08605771064950524
16835.571477231646,-0.08652438007733929
16866.15237628697,-0.08423414842145467
16896.733275342296,-0.07913376405914549
16927.31417439762,-0.07121562571410664
16957.895073452943,-0.06060477713349226
16988.475972508266,-0.047541429975721625
17019.05687156359,-0.03226555576820064
17049.637770618912,-0.01527173155898139
17080.218669674236,0.002851110386961457
17110.79956872956,0.021605063647771407
17141.380467784882,0.04013230973992391
17171.961366840205,0.057591270608490217
17202.54226589553,0.07332016540768586
17233.12316495085,0.08634506240460871
17263.704064006175,0.09590474760491363
17294.2849630615,0.10144242806726173
17324.86586211682,0.10237736020332955
17355.446761172145,0.09851303385288185
17386.027660227468,0.08977937739802787
17416.60855928279,0.07653962890794172
17447.189458338114,0.05929594904597778
17477.770357393438,0.03892809148527145
17508.35125644876,0.016481390310288533
17569.51305455941,-0.029777709893120043
17600.093953614734,-0.05109062726797449
17630.67485267006,-0.06968729913176959
17661.255751725384,-0.0846042194196364
17691.836650780708,-0.09521511287830231
17722.41754983603,-0.10108575266355758
17752.998448891354,-0.10214330664139301
17783.579347946677,-0.09852407282262063
17814.160247002,-0.09064118120913021
17844.741146057324,-0.07906838160990903
17875.322045112647,-0.0645251600204967
17905.90294416797,-0.04780577805468614
17936.483843223294,-0.029734048042117427
17967.064742278617,-0.011116155915864257
17997.64564133394,0.00728626613648618
18028.226540389263,0.02479986304226491
18058.807439444587,0.040831099954444
18089.38833849991,0.054909684425493176
18119.969237555233,0.06665623397034019
18150.550136610556,0.07581591358415929
18181.13103566588,0.08222346613676364
18211.711934721203,0.08581819494156404
18242.292833776526,0.08662011368924674
18272.873732831853,0.08472728204158453
18303.454631887176,0.08030308082609317
18336.615304521503,0.07290027855197324
18369.775977155827,0.06311628604693963
18402.936649790154,0.05134087402700983
18436.09732242448,0.037997203913946516
18469.257995058804,0.02353595216715197
18502.41866769313,0.008422651658311053
18568.74001296178,-0.02189090419147991
18601.900685596105,-0.03616993191508515
18635.061358230432,-0.04927712336201756
18668.22203086476,-0.060808364194821954
18701.382703499083,-0.07039041242181017
18734.543376133406,-0.07769835724838788
18767.704048767733,-0.08245463671958976
18800.86472140206,-0.08444481441566856
18834.025394036384,-0.08352254473352105
18867.186066670707,-0.07961416466250039
18900.346739305034,-0.07274089038406602
18933.50741193936,-0.06301853003330715
18966.668084573685,-0.05064153928324425
18999.828757208008,-0.03594836098756599
19032.989429842335,-0.01936664725140693
19099.310775110986,0.017177995945021254
19132.47144774531,0.03574519416069728
19165.632120379636,0.05345160600697478
19198.792793013963,0.0693928273005038
19231.953465648287,0.08273039333200993
19265.11413828261,0.09259707902552823
19298.274810916937,0.09824771447638765
19331.435483551264,0.0991100675318316
19364.596156185587,0.0948241873434215
19397.75682881991,0.08526976152680962
19430.917501454238,0.07076051592745938
19464.078174088565,0.05184199244608384
19497.23884672289,0.02949733865456529
19530.399519357212,0.004991541936311801
19563.56019199154,-0.02024453897004259
19596.720864625866,-0.044548462354026756
19629.88153726019,-0.06638802925562655
19663.042209894513,-0.0843038172460672
19696.20288252884,-0.0971574044962479
19729.363555163167,-0.10417754453209112
19762.52422779749,-0.10502299366035232
19795.684900431814,-0.09980574467349897
19828.84557306614,-0.08905873813706447
19862.006245700468,-0.07362411094870332
19895.16691833479,-0.05462486006686574
19928.327590969115,-0.03334331869742024
19961.48826360344,-0.011008551995741977
19994.64893623777,0.01108279581497216
20027.809608872092,0.03183467255237142
20060.970281506416,0.05034349182866785
20094.130954140743,0.06581382064714386
20127.29162677507,0.0777811860298807
20160.452299409393,0.08593008665229025
20193.612972043717,0.09014050047485216
20226.773644678044,0.09049592731601845
20259.93431731237,0.08719792201336847
20293.094989946694,0.08058404397282543
20326.25566258102,0.07107552367139651
20359.41633521535,0.059161957472350514
20392.57700784967,0.04537456880069333
20425.737680484,0.030265600884060648
20456.69496343202,0.01545791836483799
20487.652246380043,0.0004417788684308579
20518.609529328063,-0.014367257274224332
20549.566812276084,-0.02855072151907009
20580.524095224104,-0.04173916073725817
20611.481378172124,-0.053582434268909795
20642.438661120144,-0.06378170624914775
20673.395944068165,-0.07207237068140851
20704.353227016185,-0.07823890291627145
20735.310509964205,-0.08211606353934173
20766.26779291223,-0.08358806937694888
20797.22507586025,-0.08259454679797407
20828.18235880827,-0.07913049849288692
20859.139641756294,-0.0732492954532376
20890.096924704314,-0.06506653764522877
20921.054207652334,-0.054756199650142334
20952.011490600355,-0.042551501723788104
20982.968773548375,-0.028756275194565462
21044.88333944442,0.002098937675702794
21075.84062239244,0.018298054644660847
21106.797905340463,0.03431427265429131
21137.755188288484,0.049605462169040895
21168.712471236504,0.06359735908599733
21199.669754184524,0.07571019363398075
21230.627037132545,0.08537347947675797
21261.584320080565,0.09206095504032974
21292.541603028585,0.09531035147707757
21323.498885976605,0.09477405276889783
21354.456168924626,0.09021985281145244
21385.41345187265,0.08158721502342062
21416.37073482067,0.06904126063077907
21447.32801776869,0.05287291367472542
21478.285300716714,0.03376315984971727
21509.242583664734,0.012363188184264462
21540.199866612755,-0.010169618483281986
21571.157149560775,-0.032849926809685334
21602.114432508795,-0.05431967932412244
21633.071715456816,-0.07344107877434738
21664.028998404836,-0.0890151193464001
21694.986281352856,-0.10010685507188583
21725.943564300876,-0.10600421882519429
21756.9008472489,-0.10633196519721055
21787.85813019692,-0.10106904208946332
21818.81541314494,-0.09055984427661194
21849.772696092965,-0.07545853854277206
21880.729979040985,-0.056735324115677346
21911.687261989005,-0.03546811212756772
21942.644544937026,-0.012906114081165704
21973.601827885046,0.009707968645949458
22004.55911083307,0.03127894976972773
22035.51639378109,0.050703820230517276
22066.47367672911,0.06726100829269199
22097.430959677135,0.08027079303938538
22128.388242625155,0.08939146216803237
22159.345525573175,0.0944505758232243
22190.302808521195,0.09546877817987551
22221.260091469216,0.09265461626991525
22252.217374417236,0.08635378535417534
22283.174657365256,0.07699177238977443
22314.131940313277,0.06511667023389019
22345.089223261297,0.051250215802296176
22376.04650620932,0.03601286354520501
22407.00378915734,0.019965932530857648
22437.352070174158,0.003992284181926083
22467.70035119098,-0.011719842005579902
22498.048632207796,-0.026720448629516245
22528.396913224613,-0.04058033299497168
22558.745194241434,-0.05296471004952827
22589.09347525825,-0.06355921240444751
22619.441756275068,-0.07212721406639441
22649.79003729189,-0.07847764519830831
22680.13831830871,-0.08248579618130057
22710.486599325526,-0.08407848520271408
22740.834880342343,-0.08324230910980096
22771.183161359164,-0.08001629178864933
22801.531442375985,-0.07449512726429455
22831.8797233928,-0.066819929664494
22862.22800440962,-0.057183776844416445
22892.57628542644,-0.045831068943673475
22922.92456644326,-0.03303939586091019
22953.272847460077,-0.019132976837362974
23013.969409493715,0.01054533438948266
23044.317690510536,0.025506365080184484
23074.665971527353,0.03997784999029898
23105.01425254417,0.053497953314414946
23135.36253356099,0.06561565580006716
23165.71081457781,0.07590219967564184
23196.059095594628,0.0839238007430419
23226.407376611445,0.08930191507076088
23256.755657628266,0.09170895477562586
23287.103938645083,0.09089109997656616
23317.4522196619,0.08668788456433124
23347.80050067872,0.07904804740831045
23378.148781695538,0.06807689846324946
23408.497062712355,0.05396511238501517
23438.845343729176,0.03716842888326227
23469.193624745993,0.01816245037619485
23499.54190576281,-0.00222617603855149
23529.89018677963,-0.023281923476944695
23560.238467796447,-0.04387131225468499
23590.586748813264,-0.0631325605944995
23620.935029830085,-0.07986204380138251
23651.283310846906,-0.09319806987510752
23681.631591863723,-0.10220835303320193
23711.97987288054,-0.1062936229474095
23742.32815389736,-0.10506702179711788
23772.67643491418,-0.09846213738370413
23803.024715931,-0.0867716164260307
23833.372996947815,-0.07058269352159802
23863.721277964636,-0.05079082055088071
23894.069558981457,-0.028526986474581587
23924.417839998274,-0.004978928097116327
23954.76612101509,0.018422630935617898
23985.11440203191,0.040595607386827715
24015.462683048732,0.060281142422012844
24045.81096406555,0.07667528958637303
24076.159245082366,0.08901480528998694
24106.507526099187,0.09695128016338232
24136.855807116008,0.10031304293313732
24167.204088132825,0.09918745038045068
24197.552369149642,0.09388349975133856
24227.900650166463,0.08487400337984245
24258.24893118328,0.07272239473917835
24288.597212200097,0.058158516677439764
24318.945493216917,0.041827024949417375
24349.293774233734,0.024491674398009894
24382.221828829555,0.005312316253788897
24415.149883425373,-0.013427608327327359
24448.077938021193,-0.031053465558947786
24481.005992617014,-0.046894556626987965
24513.934047212835,-0.06045914668328082
24546.862101808656,-0.07137721435926841
24579.790156404477,-0.07936409052018592
24612.718211000298,-0.08426734369633425
24645.64626559612,-0.08602707940776892
24678.57432019194,-0.08469013501474312
24711.502374787757,-0.08038578167691816
24744.430429383578,-0.07332095320298186
24777.3584839794,-0.06377649381589243
24810.286538575216,-0.052088325448825065
24843.214593171037,-0.03864942326332044
24876.142647766857,-0.023891702449718815
24909.07070236268,-0.008282630224969226
24941.9987569585,0.007681477880316259
24974.92681155432,0.023497368067879054
25007.85486615014,0.038647624517718894
25040.78292074596,0.05261944262172144
25073.710975341783,0.064913818718909
25106.6390299376,0.07506350491492864
25139.56708453342,0.0826419356611856
25172.49513912924,0.08728107265759118
25205.42319372506,0.08868336382873461
25238.35124832088,0.0866333522735652
25271.2793029167,0.08103412945281263
25304.20735751252,0.07191366756548306
25337.135412108342,0.05943775497203577
25370.063466704163,0.043927629587116324
25402.991521299984,0.025886697875945087
25435.919575895805,0.00598877478585421
25468.847630491626,-0.014996543428705714
25501.775685087447,-0.036009966437041394
25534.703739683267,-0.05607102249976828
25567.63179427909,-0.07395751784266294
25600.55984887491,-0.08857490105641468
25633.487903470726,-0.0988780660949799
25666.415958066547,-0.10397798562576407
25699.34401266237,-0.10329876258104492
25732.272067258185,-0.0965905270515063
25765.200121854006,-0.08397675309304593
25798.128176449827,-0.06611816119390494
25831.056231045648,-0.04396044712780245
25863.98428564147,-0.01893626959622286
25896.91234023729,0.007368993023467491
25929.84039483311,0.03319494237326766
25962.76844942893,0.05686738465236598
25995.696504024752,0.07683647929707746
26028.624558620573,0.09195379111718521
26061.552613216394,0.10134531205623695
26094.480667812215,0.10469431329267653
26127.408722408036,0.1020459769903562
26160.336777003853,0.09383461397269673
26193.264831599674,0.08085267954460473
26226.192886195495,0.06406670183401789
26259.120940791312,0.044592462948151106
26292.048995387133,0.023640984527515937
26324.977049982954,0.0022679740922956215
26357.905104578775,-0.01837649919164975
26390.833159174595,-0.03747850003268173
26423.761213770416,-0.05422898385050883
26456.689268366237,-0.06807589916112561
26487.413933275755,-0.07801348875601036
26518.13859818527,-0.08486360265910309
26548.863263094783,-0.08855544637723131
26579.5879280043,-0.08910964394418017
26610.31259291382,-0.08665344343050406
26641.037257823333,-0.08138303754503765
26671.761922732847,-0.07357448127326298
26702.486587642365,-0.063543528478184
26733.211252551882,-0.05166264310179745
26763.935917461396,-0.038322678516319715
26825.38524728043,-0.008964810136226027
26856.109912189946,0.006191194245773951
26886.83457709946,0.021087058074757803
26917.559242008974,0.035308696841028685
26948.283906918492,0.04845469129580589
26979.00857182801,0.06014856864287996
27009.733236737524,0.07005263366251188
27040.457901647038,0.07785995305648546
27071.182566556556,0.08331004941354007
27101.907231466073,0.0861985691118232
27132.631896375588,0.08637697010355777
27163.3565612851,0.08376300560145743
27194.08122619462,0.07834484378356843
27224.805891104137,0.07019061097271777
27255.53055601365,0.05945183529942191
27286.255220923165,0.04637087684189918
27316.979885832683,0.03129277077679975
27347.7045507422,0.014621331248764212
27378.429215651715,-0.0031085857262086684
27439.878545470747,-0.03926540330624226
27470.603210380264,-0.05627147181708137
27501.32787528978,-0.07157211630059541
27532.052540199293,-0.08438436033876287
27562.77720510881,-0.09397035590975637
27593.50187001833,-0.0997054949142801
27624.226534927842,-0.10105742225573461
27654.951199837356,-0.09767670458726618
27685.675864746874,-0.08950095240793257
27716.400529656392,-0.07661260563445065
27747.125194565906,-0.05952998142642824
27777.84985947542,-0.038939049052100556
27808.574524384938,-0.01590628094227579
27839.299189294456,0.008452115405041325
27870.02385420397,0.03266343134898125
27900.748519113484,0.055385767926889734
27931.473184023,0.07523564784984584
27962.19784893252,0.09104843927041065
27992.922513842033,0.10189630520535205
28023.647178751547,0.10720524611909912
28054.371843661065,0.10674958265001255
28085.096508570583,0.1006776238455096
28115.821173480097,0.08955478407668362
28146.54583838961,0.07407611158521084
28177.27050329913,0.055340749274672356
28207.995168208647,0.03436049729495665
28238.71983311816,0.012448660833914424
28269.444498027675,-0.0094272328022718
28300.169162937193,-0.030101798764120086
28330.89382784671,-0.04879577270066292
28361.618492756228,-0.06473652744194176
28392.343157665746,-0.0774317537877535
28423.06782257526,-0.08654347087188208
28456.372261063778,-0.09218772264129776
28489.676699552292,-0.09346153365894856
28522.98113804081,-0.09056929889621229
28556.285576529328,-0.08387764189681937
28589.590015017846,-0.07384331591591026
28622.894453506364,-0.06108053248125926
28656.19889199488,-0.04620233491062668
28689.5033304834,-0.029851009466561322
28722.807768971918,-0.012696080045938411
28756.112207460435,0.004613387706388806
28789.416645948953,0.021463357335867246
28822.72108443747,0.03727259816407709
28856.02552292599,0.051523334153518396
28889.329961414507,0.06375556783768793
28922.634399903025,0.07357908475439058
28955.938838391543,0.08068043748634171
28989.24327688006,0.0848257077919328
29022.54771536858,0.08586653609152106
29055.852153857097,0.08374354417902327
29089.156592345615,0.07848604909258096
29122.461030834133,0.07021908014660265
29155.76546932265,0.059164517418784784
29189.06990781117,0.04564105357154347
29222.374346299686,0.030066227489858356
29255.678784788204,0.012949076787320213
29288.983223276722,-0.005115776669585514
29322.28766176524,-0.023498732688722844
29355.592100253758,-0.04139985965730468
29388.896538742276,-0.05809866684371998
29422.200977230794,-0.07276628069401737
29455.50541571931,-0.08459242006543252
29488.80985420783,-0.09288923769114599
29522.114292696348,-0.09698146079443612
29555.418731184865,-0.0963780870218473
29588.723169673383,-0.09078699236793486
29622.0276081619,-0.08016053581468477
29655.33204665042,-0.06475389863101587
29688.636485138937,-0.045145576916245156
29721.940923627455,-0.0222556082607365
29755.245362115973,0.0026830511976264817
29788.54980060449,0.028250380092877135
29821.85423909301,0.05273297712098806
29855.158677581527,0.07445782793184937
29888.463116070045,0.09185033390081411
29921.767554558563,0.10361102713089992
29955.07199304708,0.10879273644138795
29988.376431535595,0.10697560562840921
30021.680870024113,0.09827827894125894
30054.98530851263,0.08335212370288858
30088.289747001145,0.06334914789735716
30121.594185489663,0.03967178181024687
30154.89862397818,0.01413334615142588
30188.2030624667,-0.011685395680302423
30221.507500955217,-0.03607747362390022
30254.811939443734,-0.057617622010248656
30288.116377932252,-0.07523985668716121
30321.42081642077,-0.08814665717411731
30354.72525490929,-0.09590003204706635
30388.029693397806,-0.09843664167479585
30421.334131886324,-0.09595174197900105
30454.638570374842,-0.08889390951559464
30487.94300886336,-0.07788498318740744
30521.247447351878,-0.06367891840216541
30554.551885840396,-0.04709021592618728
30587.24732239771,-0.029327836435015263
30619.942758955025,-0.010862716551138496
30652.638195512343,0.007488275404400334
30685.333632069658,0.025094015793491048
30718.029068626973,0.04129794062299773
30750.72450518429,0.055591328365320145
30783.419941741606,0.06752010720795865
30816.11537829892,0.07675275743098287
30848.810814856235,0.08303747659271155
30881.50625141355,0.08622544943431934
30914.201687970864,0.0862646553720105
30946.89712452818,0.0831913056590591
30979.592561085494,0.0771302336297788
31012.28799764281,0.06828916923774486
31044.983434200127,0.05695776257464787
31077.67887075744,0.04349382352495129
31110.374307314756,0.028326363057455117
31143.069743872074,0.011944428221483765
31175.76518042939,-0.005115613790412995
31208.460616986704,-0.022265443378318064
31241.15605354402,-0.03888998548531393
31273.851490101333,-0.05435832327126955
31306.546926658648,-0.068052071052671
31339.242363215963,-0.07934584224130167
31371.937799773277,-0.08767022029608013
31404.633236330592,-0.09252485451812001
31437.32867288791,-0.09350017491044435
31470.024109445225,-0.0903194539514952
31502.71954600254,-0.08287058572029815
31535.414982559858,-0.07120058512083081
31568.110419117173,-0.0556258823864605
31600.805855674487,-0.03668061726488278
31633.501292231802,-0.015079465133260313
31666.196728789117,0.00809153270750666
31698.892165346435,0.031708739270726545
31731.58760190375,0.054319714202699716
31764.283038461064,0.07460611704173094
31796.978475018383,0.09107103366181118
31829.673911575697,0.10254680874333551
31862.369348133012,0.10802564509434918
31895.064784690327,0.10692783182518001
31927.76022124764,0.09914779588243038
31960.45565780496,0.08504135470224208
31993.151094362274,0.06551703859760596
32025.84653091959,0.041867610888804516
32058.541967476907,0.015707073808706822
32091.237404034222,-0.011138468755815978
32123.932840591537,-0.03693910860076233
32156.62827714885,-0.059968882076475286
32189.323713706166,-0.07894659394914932
32222.019150263484,-0.09279408718978588
32254.7145868208,-0.10097649810915564
32287.410023378114,-0.10328845602797423
32320.105459935432,-0.09992946626971515
32352.800896492747,-0.09144750826745499
32385.49633305006,-0.07856333102014602
32418.191769607376,-0.06226311727323564
32450.88720616469,-0.04351323164626733
32516.27807927932,-0.002912329594918361
32548.973515836635,0.017009228990328067
32581.66895239395,0.035552915016812625
32614.364388951268,0.05201567374175224
32647.059825508582,0.06584360395349821
32677.55187237959,0.07600241416566991
32708.043919250602,0.08328607059400785
32738.535966121613,0.08756095952120926
32769.028012992625,0.08880805649734491
32799.52005986364,0.08708024368669331
32830.01210673465,0.08251405451203458
32860.50415360566,0.07531703127667158
32890.99620047667,0.06575582897386094
32921.48824734768,0.05415259762955336
32951.980294218694,0.04087784736794764
32982.472341089706,0.026330656780348797
33012.96438796072,0.010947027383864844
33043.45643483173,-0.004820957782739889
33073.94848170274,-0.020507613161090173
33104.440528573745,-0.035641400369951136
33134.93257544476,-0.0497580014406373
33165.42462231577,-0.06240619865635346
33195.91666918677,-0.07315854293434894
33226.408716057784,-0.08162311722952562
33256.900762928795,-0.08745565729441389
33287.39280979981,-0.09036737283778801
33317.88485667082,-0.09014315693433003
33348.37690354183,-0.08665312759303571
33378.86895041284,-0.07987705268553011
33409.36099728385,-0.06987205139269886
33439.853044154865,-0.05686073786280965
33470.345091025876,-0.04118057199886008
33500.83713789689,-0.023286921226771323
33531.3291847679,-0.0038366743023244975
33561.82123163891,0.01650948955816303
33592.31327850992,0.03681835597707314
33622.805325380934,0.056192281500220626
33653.297372251945,0.07364031849835781
33683.78941912296,0.0881563801638596
33714.28146599397,0.0988740994882606
33744.77351286498,0.10494841308437802
33775.26555973599,0.10585629270806696
33805.757606607,0.1012273535818876
33836.24965347801,0.09113805925455151
33866.74170034902,0.07587591904666717
33897.23374722003,0.056244778449718175
33927.725794091035,0.03321423904601428
33958.21784096205,0.008157245388454408
33988.70988783306,-0.0174781972572855
34019.20193470407,-0.04213810568821942
34049.69398157508,-0.06436808888449745
34080.18602844609,-0.08284253101346202
34110.678075317104,-0.09658954669003145
34141.170122188116,-0.10488770089444416
34171.66216905913,-0.1074679337304297
34202.15421593014,-0.10440657452341388
34232.64626280115,-0.09607332985396273
34263.13830967216,-0.08322728959308959
34293.63035654317,-0.06664915399868697
34324.122403414185,-0.047509800018679604
34354.6144502852,-0.026713793050641147
34385.10649715621,-0.005483794403331599
34415.59854402722,0.015336754473901341
34446.09059089823,0.03475158062782846
34476.58263776924,0.052108357229942635
34507.074684640254,0.06675654563459335
34537.566731511266,0.07830989433554505
34568.05877838227,0.0864669142222704
34598.55082525328,0.0911217868969836
34631.62264570329,0.09221195406178397
34664.694466153305,0.0918508544868564
34697.76628660332,0.08280086822789667
34730.838107053336,0.07302393370236936
34763.90992750335,0.060501802988098076
34796.98174795336,0.0457976970799881
34830.05356840337,0.029519538938773456
34863.12538885338,0.012294476992860688
34896.1972093034,-0.005232780675070715
34929.26902975341,-0.02243677306535858
34962.34085020343,-0.038708194227865506
34995.41267065344,-0.053475166874840926
35028.484491103445,-0.06621227011342318
35061.55631155346,-0.07645524220702106
35094.628132003476,-0.08380823291769604
35127.69995245349,-0.08795753636512477
35160.77177290351,-0.08868275191813783
35193.843593353515,-0.08586654514416622
35226.91541380352,-0.07950715960054047
35259.98723425354,-0.06971362004313478
35293.05905470355,-0.05675429741667118
35326.13087515357,-0.040994489688826394
35359.202695603584,-0.022985589677895924
35392.27451605359,-0.003353612309361659
35425.3463365036,0.017043745890285667
35458.418156953616,0.03738983006318437
35491.48997740363,0.05663940683791716
35524.56179785365,0.07376023681026983
35557.63361830366,0.08768756825248018
35590.70543875367,0.09751344409172011
35623.77725920368,0.1023582286056088
35656.84907965369,0.10160704893362517
35689.92090010371,0.09493178159228093
35722.99272055372,0.0823712914750906
35756.064541003725,0.06439192009011364
35789.13636145374,0.04184155400408602
35822.208181903756,0.016046591041970128
35855.28000235377,-0.011342615160204818
35888.35182280379,-0.03846278743800789
35921.423643253795,-0.06342207272345816
35954.4954637038,-0.08434897625000685
35987.56728415382,-0.09971939215880252
36020.63910460383,-0.10844040290914816
36053.71092505385,-0.1099484290711385
36086.782745503864,-0.104261810210767
36119.85456595387,-0.09195413340739521
36152.92638640388,-0.07410339656654225
36185.998206853896,-0.05209429605798659
36219.07002730391,-0.027557492578643896
36252.14184775392,-0.002128799802222984
36285.21366820393,0.02257699134990205
36318.28548865394,0.04513676232610541
36351.35730910396,0.06444457096246525
36384.42912955397,0.07964111409577883
36417.50095000399,0.09015624432115531
36450.572770454,0.09578296354755028
36483.644590904005,0.0965407601389636
36516.71641135402,0.09269264149040318
36549.788231804036,0.08468190605695802
36582.86005225405,0.07308574626445238
36615.931872704066,0.05861749729982721
36649.003693154074,0.04199478827119391
36715.1473340541,0.005442916599287351
36746.01576481781,-0.011770286520300884
36776.884195581515,-0.028292647283056565
36807.752626345224,-0.043595298744863065
36838.62105710893,-0.05720289994195678
36869.48948787264,-0.06872334446598055
36900.35791863635,-0.07781127998123971
36931.22634940006,-0.08420757491697403
36962.09478016377,-0.08772066906902448
36992.963210927475,-0.08824133770647997
37023.831641691184,-0.08574080238311661
37054.70007245489,-0.08027183186050083
37085.5685032186,-0.07197049446120066
37116.43693398231,-0.06105596161137411
37147.30536474602,-0.04783037147895368
37178.17379550973,-0.03267657956563488
37209.042226273436,-0.016046446611065628
37239.910657037144,0.0015261268216240633
37270.77908780085,0.01945124028648717
37301.64751856456,0.03708608369599655
37332.51594932827,0.05375506943393371
37363.38438009198,0.06874494379350005
37394.25281085569,0.08139071107390351
37425.121241619396,0.09100209818965367
37455.989672383104,0.09701431076782652
37486.85810314681,0.0989221609608556
37517.72653391052,0.09637540338742848
37548.59496467423,0.08922430937184812
37579.46339543794,0.07750868010035265
37610.33182620165,0.061547057683070346
37641.200256965356,0.04189106630909631
37672.06868772906,0.019428610189569356
37702.937118492766,-0.004822802614163311
37733.805549256474,-0.029464395689175586
37764.673980020176,-0.05317113760312394
37795.542410783884,-0.07437197338200524
37826.41084154759,-0.09176396874049807
37857.2792723113,-0.10407213337330233
37888.14770307501,-0.11044852188867349
37919.01613383872,-0.1103669959627065
37949.88456460243,-0.10378876472092974
37980.752995366136,-0.09110552685330318
38011.621426129845,-0.07322234660716442
38042.48985689355,-0.05125401337826671
38073.35828765726,-0.026701361466419674
38104.22671842097,-0.00111221774564525
38135.09514918468,0.024000445627992924
38165.96357994839,0.047165036787263276
38196.832010712096,0.06717296807052503
38227.700441475805,0.08310218923109958
38258.56887223951,0.09430991367604011
38289.43730300322,0.10051058292175244
38320.30573376693,0.10165489639689912
38351.17416453064,0.09800341525312371
38382.04259529435,0.09001768403094598
38412.91102605806,0.07828498216125908
38443.779456821765,0.06357318982470131
38474.647887585474,0.046628462470347236
38505.51631834918,0.028299217947566593
38536.38474911289,0.009356173857841635
38567.2531798766,-0.009419859368592973
38598.12161064031,-0.027363079947648566
38628.99004140402,-0.04381851839488563
38659.858472167725,-0.05829137887861928
38690.726902931434,-0.07033692840405803
38724.175107274146,-0.08026739451985193
38757.62331161686,-0.08666982931108938
38791.07151595957,-0.08938485467334145
38824.519720302276,-0.08838568322207375
38857.96792464498,-0.08376758703910817
38891.416128987694,-0.07574334441454213
38924.864333330406,-0.0646319044744877
38958.31253767312,-0.05085447462746105
38991.76074201583,-0.03491780260036787
39025.208946358536,-0.017410696876811797
39058.65715070124,0.0010179198922278159
39092.105355043954,0.019657034832992377
39125.553559386666,0.037768261142656974
39159.00176372938,0.05460299372155891
39192.44996807209,0.06939850983084372
39225.898172414796,0.08143097056605197
39259.3463767575,0.09005445769465406
39292.794581100214,0.09467960456460336
39326.242785442926,0.09487490001164972
39359.69098978564,0.09036959325702959
39393.13919412835,0.08107177751066043
39426.587398471056,0.06719570863954229
39460.03560281376,0.049101274866760275
39493.48380715647,0.027647965011304045
39526.932011499186,0.003671361390273851
39560.3802158419,-0.02135849884018283
39593.82842018461,-0.04607618965523087
39627.276624527316,-0.06878503996214304
39660.72482887002,-0.08783239706337297
39694.17303321273,-0.10175701612154364
39727.621237555446,-0.1092240208532519
39761.06944189816,-0.10946153078496942
39794.51764624087,-0.10216676005106001
39827.96585058358,-0.08763705369918925
39861.414054926296,-0.06686090622303559
39894.862259269,-0.04130883258664673
39928.310463611706,-0.012921153936751641
39961.75866795442,0.016174959642261417
39995.20687229713,0.04377705977420252
40028.65507663984,0.06797291899223411
40062.103280982556,0.08705869005066869
40095.55148532526,0.10000898033248062
40128.999689667966,0.10614531095064436
40162.44789401068,0.10546916116456984
40195.89609835339,0.09840918565367027
40229.3443026961,0.085752890483721
40262.792507038816,0.06863124124099786
40296.24071138152,0.048297604890613285
40329.688915724226,0.02606782433682961
40363.13712006694,0.0032956185533555855
40396.58532440965,-0.01888077552179382
40430.03352875236,-0.03931162454058816
40463.481733095075,-0.057185053825355034
40496.92993743778,-0.07177568053543444
40530.378141780486,-0.08261893967871105
40563.8263461232,-0.08939142940014086
40597.27455046591,-0.09200915156260478
40630.72275480862,-0.090513119904909
40664.170959151335,-0.08512656567160638
40697.61916349404,-0.07617086284437143
40731.067367836746,-0.06410692830455356
40764.51557217946,-0.04946156512236518
40797.96377652217,-0.03284811833607707
40831.41198086488,-0.01493997753305241
40864.25118327639,0.003239819710090372
40897.0903856879,0.021320667823450386
40929.9295880994,0.03862749213458042
40962.76879051091,0.05449625241936442
40995.60799292242,0.06829669251840743
41028.44719533392,0.07944641890502364
41061.28639774543,0.08743489028335379
41094.12560015694,0.09184182492932946
41126.96480256845,0.09235355498030691
41159.80400497996,0.08878001708526762
41192.64320739147,0.08108942962228421
41225.48240980298,0.06940986315362614
41258.32161221449,0.054065522437553304
41291.160814626,0.0355677102519061
41324.0000170375,0.014656965153559383
41356.83921944901,-0.007805116957429536
41389.67842186052,-0.030671925971304543
41422.51762427202,-0.052738220248124634
41455.35682668353,-0.072702188148437
41488.19602909504,-0.08918527800471626
41521.03523150655,-0.10102804470675411
41553.874433918056,-0.10709504994751415
41586.713636329565,-0.10668528675593773
41619.552838741074,-0.09944445972068515
41652.39204115258,-0.08549076698825728
41685.23124356409,-0.06557292220779233
41718.070445975594,-0.04080400434332882
41750.9096483871,-0.012935652976979494
41783.74885079861,0.016119250389527738
41816.588053210115,0.044191297577492517
41849.427255621624,0.06920223561797306
41882.26645803313,0.08936395356752629
41915.10566044464,0.10322820800473385
41947.94486285615,0.11000014189405251
41980.78406526765,0.1093792039220496
42013.62326767916,0.1017095244952938
42046.46247009067,0.08782671019778113
42079.30167250217,0.06890889568289384
42112.14087491368,0.046487238561901394
42144.98007732519,0.022056332104042963
42177.8192797367,-0.0027266487699601225
42210.65848214821,-0.026518891172188107
42243.49768455972,-0.047981266386117466
42276.33688697123,-0.06619932647178992
42309.17608938274,-0.0803720089515731
42342.01529179425,-0.09009236588431072
42374.85449420575,-0.09511930898877449
42407.69369661726,-0.0955015233989355
42440.53289902877,-0.0914588057273682
42473.37210144027,-0.0833843563872641
42506.21130385178,-0.07181439735704259
42539.05050626329,-0.057361227885255786
42571.8897086748,-0.04073455638073257
42604.728911086306,-0.02265743553483612
42670.407315909324,0.014826371028061489
42703.24651832083,0.03277258100677589
42736.08572073234,0.04926503131824689
42768.924923143844,0.0636930808267347
42801.76412555535,0.0755052659925432
42834.60332796686,0.08424357261548306
42867.442530378365,0.08954291998164551
42900.281732789874,0.0911491075095312
42933.12093520138,0.08892688276425101
42963.756747926585,0.08339340220707717
42994.39256065179,0.07462538506412823
43025.02837337699,0.06282935130413947
43055.66418610219,0.048341001235185796
43086.299998827395,0.03157775122006988
43116.9358115526,0.01312076688062238
43178.20743700301,-0.02623570342673829
43208.84324972822,-0.04557583863235445
43239.47906245342,-0.06347698750929265
43270.114875178624,-0.07914368821618067
43300.75068790383,-0.09163625247797849
43331.38650062903,-0.10015769206127187
43362.02231335423,-0.10402352377896038
43392.658126079434,-0.10274810895485195
43423.293938804636,-0.09608322639503265
43453.92975152984,-0.08409502996098976
43484.56556425504,-0.06700861107750086
43515.20137698024,-0.045803311267177356
43545.837189705446,-0.021274201143535884
43576.47300243065,0.005020392916376392
43607.10881515585,0.03156257330923355
43637.74462788105,0.05667266726691432
43668.38044060626,0.07866414582368492
43699.01625333147,0.09610933787778728
43729.652066056675,0.10774298787397613
43760.28787878188,0.11282506656085123
43790.92369150708,0.11105643914797739
43821.55950423228,0.10263784219510984
43852.195316957484,0.08821360802287503
43882.83112968269,0.06893864583426547
43913.46694240789,0.04602013858878659
44893.8129496144,0.008980171629433278
44927.02853591861,-0.011234834973366251
44960.24412222281,-0.031389915078667965
44993.459708527014,-0.05057795897219303
45026.67529483122,-0.0678637542059661
45059.89088113543,-0.08228867183238169
45093.10646743963,-0.0929670728037018
45126.32205374384,-0.09912204316215406
45159.537640048045,-0.1001329899118431
45192.75322635225,-0.09560375614625925
45225.96881265646,-0.08541110525147927
45259.18439896066,-0.06977208446637163
45292.39998526486,-0.049311309674761605
45325.61557156907,-0.02499383205113536
45358.83115787327,0.001827807106646725
45392.046744177474,0.029386732610271964
45425.26233048168,0.055898622857069535
45458.47791678589,0.07922000302851373
45491.69350309009,0.09762953958868326
45524.9090893943,0.10940053155157514
45558.124675698506,0.11350254174630722
45591.34026200271,0.10942196829793846
45624.55584830692,0.0973563829858236
45657.77143461112,0.07825699127546568
45690.98702091532,0.05362430703153072
45724.20260721953,0.02542226284604904
45757.41819352373,-0.004127141490811533
45790.633779827935,-0.03275322839781819
45823.84936613214,-0.058463277683387195
45857.06495243635,-0.07957840564288893
45890.28053874055,-0.0948450327721071
45923.49612504476,-0.10360428579525938
45956.711711348966,-0.10567949332988799
45989.92729765317,-0.1013424869654547
46023.14288395738,-0.09124970312742255
46056.358470261584,-0.07636000661129533
46089.57405656579,-0.05780182233363576
46122.78964287,-0.03677475344179067
46156.0052291742,-0.014565632854412511
46189.2208154784,0.007687196213236724
46222.43640178261,0.028889236836538164
46255.651988086815,0.0481084089299821
46288.86757439101,0.06448808986054211
46322.08316069522,0.07749492807920894
46355.298746999426,0.08665079776772246
46388.51433330363,0.09170972398828849
46421.72991960784,0.09257058604035326
46454.945505912045,0.08930083000977464
46488.16109221625,0.08211422516032316
46521.37667852046,0.07135628520732068
46554.59226482466,0.05749820873370082
46587.80785112887,0.04110934188553894
46621.023437433076,0.02285414910324983
46654.23902373728,0.0034724123689905207
46687.45461004149,-0.016250655666824907
46720.67019634569,-0.03549063446319211
46753.88578264989,-0.053410813662654294
46787.1013689541,-0.0691866765231782
46820.3169552583,-0.08204754755120201
46853.532541562505,-0.09127192230354952
46886.74812786671,-0.09627146786165708
46919.96371417092,-0.0965785697749772
46953.17930047512,-0.09193719775271061
46986.39488677933,-0.0822646236143598
47019.610473083536,-0.06779872740535964
47050.622669701435,-0.0503934732034103
47081.634866319335,-0.02980623008025186
47112.647062937234,-0.007029721333056179
47143.65925955514,0.017007507070618617
47174.67145617305,0.040962292224088946
47205.68365279095,0.06338479125925275
47236.69584940885,0.08309307270518913
47267.708046026746,0.09847039465089816
47298.720242644646,0.10844395446770871
47329.732439262545,0.11207691189451502
47360.744635880445,0.10885125991536652
47391.756832498344,0.09870139424968827
47422.76902911624,0.08214432585446732
47453.78122573414,0.06010524093589822
47484.79342235204,0.034071372358865724
47515.80561896995,0.00579273639678106
47546.817815587856,-0.02279611342768699
47577.830012205755,-0.04967168086198616
47608.842208823655,-0.07313403065206445
47639.854405441554,-0.09160015790500756
47670.866602059454,-0.10410914127886393
47701.87879867735,-0.11002273547877917
47732.89099529525,-0.10928327875196478
47763.90319191315,-0.10226712525811546
47794.91538853105,-0.08967250254448836
47825.92758514895,-0.07258658072541566
47856.93978176685,-0.05214617280361045
47887.95197838476,-0.029702833137069333
47918.964175002664,-0.006490598687939901
47949.97637162056,0.016252257978504336
47980.98856823846,0.0374647219010724
48012.00076485636,0.05623894995853139
48043.01296147426,0.0718471142243107
48074.02515809216,0.08378114028864612
48105.03735471006,0.09169941931149647
48136.04955132797,0.09547262430687076
48167.061747945874,0.09511521395910143
48198.073944563774,0.09081386904396611
48229.08614118167,0.08286776525069006
48260.09833779957,0.07170495513697216
48291.11053441747,0.05782336519430312
48322.12273103537,0.04180105945050563
48353.13492765327,0.024280956019913806
48384.14712427117,0.005905190467495306
48415.15932088907,-0.012636735035102181
48446.17151750697,-0.03067677838052649
48477.18371412487,-0.04755290157114883
48508.195910742776,-0.06263700153006577
48539.20810736068,-0.07535440040353203
48570.22030397858,-0.08519111331607147
48601.23250059648,-0.0917119994724992
48632.24469721438,-0.09458025865566766
48663.25689383228,-0.09357548518275687
48694.26909045018,-0.0885893598559739
48725.28128706808,-0.07968738815959905
48756.29348368598,-0.06705263140694068
48787.30568030388,-0.051057656834626534
48818.31787692178,-0.03226239934029617
48849.33007353968,-0.01133319218041307
48880.342270157584,0.010833222948199491
48911.35446677549,0.033203014285226554
48942.36666339339,0.054702408983412165
48973.37886001129,0.07408695630888479
49004.39105662919,0.0901956931690204
49034.794251315885,0.10172743531564059
49065.19744600258,0.10810645229837698
49095.600640689285,0.10867632068015184
49126.00383537598,0.10308079581270022
49156.40703006268,0.09125760441853467
49186.81022474938,0.07375652286541826
49217.21341943608,0.05133780948389072
49247.61661412277,0.02533087631827263
49278.01980880948,-0.0026207400181546396
49308.42300349617,-0.03076734452904356
49338.82619818287,-0.05716191167680385
49369.22939286957,-0.08002353022862438
49399.63258755627,-0.09781323642754183
49430.035782242965,-0.10935970626243267
49460.43897692967,-0.11400700971235299
49490.842171616365,-0.11159274018757492
49521.24536630306,-0.10249447215302912
49551.648560989765,-0.08752230542887997
49582.05175567646,-0.06783732619403182
49612.45495036316,-0.044790075899956296
49642.85814504986,-0.01999785175086662
49673.26133973656,0.005131238730499152
49703.66453442325,0.02918739749344211
49734.06772910996,0.050956201718642166
49764.47092379665,0.06940928970149496
49794.87411848335,0.08387410590131196
49825.27731317005,0.09387405759850283
49855.68050785675,0.09917402599790007
49886.083702543445,0.09981594056945255
49916.48689723015,0.0960075326775598
49946.890091916845,0.08811931794465083
49977.29328660354,0.0766934205584232
50007.69648129024,0.062326698117862296
50038.09967597693,0.04571320286518853
50068.50287066364,0.02757179869293066
50098.90606535033,0.00864155869616546
50129.30926003703,-0.0103508081446382
50159.71245472373,-0.02870709645129697
50190.11564941043,-0.045762733801829186
50220.518844097125,-0.060931717703205865
50250.92203878383,-0.0736812831270699
50281.325233470525,-0.08357375542061349
50311.72842815722,-0.09025280007825154
50342.131622843925,-0.09346554475415185
50372.53481753062,-0.09306665665342298
50402.93801221732,-0.08902106951640575
50433.34120690402,-0.08141021710714869
50463.74440159072,-0.07043934856287848
50494.14759627741,-0.05643115693462736
50524.55079096412,-0.03983080936590686
50554.95398565081,-0.021215391733615713
50585.35718033751,-0.0012340064067613353
50615.76037502421,0.019313355988623476
50646.16356971091,0.03956351110651886
50676.566764397605,0.05866286939762432
50706.96995908431,0.07559391306991212
50737.373153771005,0.08948754180209628
50767.7763484577,0.09946536017989005
50798.179543144404,0.10476736663357607
50828.5827378311,0.10485689370748529
50858.9859325178,0.09935400197602105
50889.3891272045,0.08831460434195337
50919.7923218912,0.07185182417903845
50950.19551657789,0.05081034122398063
50983.17848484359,0.0239526071807734
51016.16145310929,-0.005490439936213002
51049.14442137499,-0.03518757381724375
51082.12738964069,-0.06312020465653441
51115.11035790639,-0.08678906806679831
51148.09332617209,-0.10432017955725391
51181.07629443779,-0.11411069736981935
51214.05926270349,-0.11533135026035582
51247.04223096919,-0.10787035374445345
51280.02519923489,-0.09242798576575953
51313.00816750059,-0.0703394627095391
51345.99113576629,-0.04354590680507915
51378.97410403199,-0.01420759092068936
51411.95707229769,0.01536275625296501
51444.94004056339,0.04301742737184492
51477.92300882909,0.06694839496241961
51510.90597709479,0.08568732700594003
51543.88894536049,0.09837932516315233
51576.87191362619,0.10453026408849642
51609.85488189189,0.10421250600507767
51642.83785015759,0.09783847967622018
51675.82081842329,0.08612738696179134
51708.80378668899,0.07007830995036177
51741.78675495469,0.05075722465167515
51774.769723220394,0.029371905143978434
51807.752691486094,0.007080202536850253
51840.735659751794,-0.01498278822773871
51873.718628017494,-0.035796097907207364
51906.701596283194,-0.05440072756489119
51939.684564548894,-0.07007306549892825
51972.667532814594,-0.08217231006751774
52005.6505010803,-0.09026720334941586
52038.63346934601,-0.09407247675483586
52071.61643761171,-0.09348755664764644
52104.59940587741,-0.08857016889282264
52137.58237414311,-0.07954769651062982
52170.56534240881,-0.06679477145090253
52203.54831067451,-0.05083634468819201
52236.53127894021,-0.032326891500097675
52269.51424720591,-0.012042465550039072
52302.49721547161,0.009153688362478716
52335.48018373731,0.030296578586511302
52368.46315200301,0.05038606599781306
52401.44612026871,0.06843667261567091
52434.42908853441,0.0834116767879767
52467.41205680011,0.09440321454281952
52500.39502506581,0.10063136845247941
52533.37799333151,0.1014384318380063
52566.36096159721,0.09644773940384131
52599.34392986291,0.08559762572316175
52632.32689812861,0.06911016924839665
52665.30986639431,0.047725265596340875
52698.29283466001,0.022382636597869064
52731.27580292571,-0.005332879835739308
52764.25877119141,-0.033678393548042085
52797.24173945711,-0.06065787913649493
52830.22470772281,-0.08409332371529418
52863.20767598851,-0.1021167867825662
52896.19064425421,-0.1129638165351777
52929.17361251991,-0.11553153453868165
52962.15658078561,-0.10935471408493039
52995.13954905131,-0.09473775680268541
53028.12251731701,-0.07280748486911023
53061.10548558271,-0.04531949269738491
53091.88506416211,-0.016659941945701806
53122.6646427415,0.012771551057959029
53153.4442213209,0.04096815380993656
53184.2237999003,0.0659540661289551
53215.00337847969,0.0862751657630084
53245.782957059084,0.10072473820965193
53276.562535638484,0.10870034576242596
53307.34211421788,0.11003416794631064
53338.12169279727,0.10499450500597621
53368.90127137667,0.09421036943462836
53399.680849956065,0.07869690889749383
53430.46042853546,0.05947224559413295
53461.24000711486,0.03783217747899435
53492.01958569425,0.014949649708404298
53522.799164273645,-0.007899503677723147
53553.578742853046,-0.029708686337922518
53584.358321432446,-0.04947088999772188
53615.13790001184,-0.06643001907438353
53645.91747859123,-0.07995712553881687
53676.69705717063,-0.08962552035642352
53707.47663575003,-0.09518030582138857
53738.25621432942,-0.09653388797634418
53769.03579290882,-0.09376018292255758
53799.815371488214,-0.08707431146624996
53830.59495006761,-0.0768156733034676
53861.37452864701,-0.0634578766906823
53892.1541072264,-0.04753601708677351
53922.933685805794,-0.029690183406876524
53953.713264385195,-0.010605601378411227
53984.49284296459,0.008980929653254218
54015.27242154398,0.02831383116581805
54046.05200012338,0.04663124949495383
54076.83157870278,0.0631858565441279
54107.611157282176,0.07727461836578133
54138.39073586157,0.08824200711552208
54169.17031444097,0.0955248762417727
54199.94989302036,0.09868320941801913
54230.729471599756,0.09741966959324969
54261.50905017916,0.09154045330140965
54292.28862875855,0.08115027680502725
54323.06820733794,0.06643714685091143
54353.84778591734,0.04791887404832848
54384.62736449674,0.026308210200037298
54415.40694307613,0.0025745673158132764
54446.18652165553,-0.022143641363368716
54476.966100234924,-0.04651733110343834
54507.74567881432,-0.06905768341637367
54538.52525739372,-0.0883322136490822
54569.30483597311,-0.10292298623936419
54600.084414552504,-0.11160120401255677
54630.863993131905,-0.1134992039428326
54661.6435717113,-0.10814185195834003
54692.42315029069,-0.09555635502713057
54723.20272887009,-0.07639825501840425
54753.982307449485,-0.05177877185283809
54784.76188602888,-0.023409968095844426
54815.54146460828,0.006752730430512474
54846.32104318767,0.036486063228619234
54877.100621767066,0.06364383051938073
54907.880200346466,0.08632365826945868
54938.65977892586,0.10292863122971677
54969.43935750525,0.11249621642804963
55000.21893608465,0.11457350204085791
55030.99851466405,0.10930605635398806
55064.35786682245,0.09608064483526328
55097.71721898085,0.07645874897608741
55131.076571139245,0.052161465062099045
55164.43592329764,0.025174057468888126
55197.79527545604,-0.0024436199428441215
55231.154627614436,-0.02897158847676009
55264.51397977283,-0.052704577262738694
55297.87333193123,-0.0724540926616289
55331.23268408963,-0.08725510231462855
55364.592036248025,-0.09658523855779501
55397.95138840642,-0.1002282608406258
55431.31074056482,-0.09827806559767001
55464.670092723216,-0.09110618961209957
55498.02944488161,-0.07930613234169653
55531.38879704001,-0.06363255891886477
55564.74814919841,-0.04497552606719006
55598.107501356804,-0.024321122489341325
55631.4668535152,-0.002668763037571251
55664.8262056736,0.01892405733578359
55698.185557831996,0.03947848930796023
55731.54490999039,0.058041332011684404
55764.90426214879,0.07374927854829046
55798.26361430719,0.08585302188851171
55831.622966465584,0.09373891120125916
55864.98231862398,0.09695511003129165
55898.34167078238,0.09523447093653922
55931.701022940775,0.08850735727355835
55965.06037509917,0.07694326288930906
55998.41972725757,0.060953752489908246
56031.77907941597,0.04115393885612661
56065.13843157436,0.018416539891423923
56098.49778373277,-0.006077974085066026
56131.85713589117,-0.03108291886994755
56165.21648804957,-0.055071678997562705
56198.57584020797,-0.07643811982673278
56231.93519236636,-0.09375990022232479
56265.29454452476,-0.10542992406256932
56298.65389668316,-0.11033963603237203
56332.013248841555,-0.10761959016976118
56365.37260099995,-0.09702426632967656
56398.73195315835,-0.07881449445008816
56432.091305316746,-0.05411734780381508
56465.45065747514,-0.024444068848861786
56498.81000963354,0.00774596378063333
56532.16936179194,0.03998602943623929
56565.528713950334,0.06937884815037573
56598.88806610873,0.0933864290674301
56632.24741826713,0.10983737250947387
56665.606770425526,0.11733292556115413
56698.96612258392,0.11531127326799365
56732.32547474232,0.10413116235395962
56765.68482690072,0.08502560719741226
56799.044179059114,0.059761240087918284
56832.40353121751,0.03074778886785477
56865.76288337591,0.0002801763549142196
56899.122235534305,-0.02918877809076613
56932.4815876927,-0.0556167935085293
56965.8409398511,-0.0773545459623999
56999.2002920095,-0.09317225461882098
57032.55964416789,-0.10246929047819162
57065.91899632629,-0.10502661082462755
57099.27834848469,-0.1011179972848011
57132.637700643085,-0.09135859123499446
57165.99705280149,-0.07662270851018058
57198.74740302868,-0.05835774934244853
57231.497753255884,-0.03747188021472758
57264.24810348308,-0.015113970753386758
57296.99845371027,0.007536178412822878
57329.748803937466,0.02938946749663432
57362.49915416466,0.049432104525877554
57395.24950439185,0.06675220638796284
57427.99985461905,0.08062354421705567
57460.75020484624,0.0904422961292845
57493.500555073435,0.0957991429706519
57526.250905300636,0.09645581252665282
57559.00125552783,0.09236804941896379
57591.751605755024,0.0836807002692266
57624.501955982225,0.07073055200754733
57657.25230620942,0.054043511174062586
57690.00265643661,0.03431896498247397
57722.75300666381,0.012425569262703929
57755.503356891,-0.010599195481389562
57788.2537071182,-0.03361729960286363
57821.004057345395,-0.055470538352782685
57853.75440757259,-0.07484133116520401
57886.50475779979,-0.09049571501026962
57919.255108026984,-0.1013557102734271
57952.00545825418,-0.10639422945276497
57984.75580848137,-0.10497966375772902
58017.506158708566,-0.09670222035836715
58050.25650893576,-0.08174967383670578
58083.00685916295,-0.060577163754191386
58115.75720939015,-0.034475125105566884
58148.50755961734,-0.00492107164513053
58181.25790984454,0.025899022169776097
58214.008260071736,0.055663803857345755
58246.75861029893,0.0819339201559193
58279.50896052613,0.10232977160763465
58312.259310753325,0.11501751338818766
58345.00966098052,0.11868153279834256
58377.76001120771,0.11288374876075326
58410.51036143491,0.09807416534001318
58443.2607116621,0.07554045970166316
58476.011061889294,0.04723114565785875
58508.76141211649,0.01573580523785558
58541.51176234368,-0.01637088808279912
58574.26211257088,-0.046523219667709254
58607.01246279808,-0.07238076989588725
58639.76281302527,-0.09227171171435701
58672.51316325247,-0.10506694658162305
58705.263513479666,-0.11023467383027213
58738.01386370686,-0.10789711462638486
58770.76421393405,-0.09868955162573632
58803.51456416125,-0.08358545993463806
58836.26491438845,-0.06389291177676173
58869.01526461564,-0.04106489306297488
58901.765614842836,-0.01656144398360391
58934.51596507004,0.008106828985880384
58967.26631529723,0.03164746921552951
59000.016665524425,0.05284530748571764
59032.76701575162,0.07072566210741205
59065.51736597881,0.08451728824935677
59098.267716206006,0.09367808453318222
59131.0180664332,0.09789845980016701
59163.768416660394,0.09709511878436905
59196.51876688759,0.09139423412374223
59229.26911711479,0.08112744817148296
59262.01946734198,0.06680789529502654
59292.56642788288,0.05039144127953789
59323.113388423764,0.031696940411269775
59384.20730950555,-0.009455127576059912
59414.75427004644,-0.03022178878705425
59445.301230587334,-0.04992587673701073
59475.84819112823,-0.0676893468334845
59506.395151669116,-0.08262971614931969
59536.94211221,-0.09396372275327568
59567.4890727509,-0.10102383036164682
59598.03603329179,-0.1032365056201477
59628.58299383268,-0.10025993777240859
59659.129954373566,-0.09195963760349289
59689.67691491446,-0.07844660373292374
59720.223875455355,-0.06022294641178767
59750.77083599624,-0.03790372545477998
59781.31779653713,-0.012616524364110291
59811.86475707802,0.014202205435280313
59842.41171761892,0.04124107481061509
59872.958678159805,0.06651555696774067
59903.50563870069,0.08825736241762219
59934.052599241586,0.1050093667545931
59964.59955978248,0.11508397703262442
59995.14652032337,0.1175901569912767
60025.693480864255,0.11200743710007613
60056.24044140515,0.09853454532854797
60086.78740194604,0.07791753039477387
60117.33436248693,0.05165776469152283
60147.88132302782,0.021679551367310413
60178.42828356871,-0.009777256207015497
60208.975244109606,-0.04027782507195163
60239.52220465049,-0.06766411781403647
60270.06916519138,-0.08990967871893776
60300.616125732275,-0.10567480051000343
60331.16308627317,-0.11401803499511112
60361.710046814056,-0.11474606437692263
60392.25700735494,-0.10813221538843323
60422.80396789584,-0.09501058937679717
60453.35092843673,-0.07653320693835365
60483.89788897762,-0.0541456097940894
60514.444849518506,-0.029364638615724845
60544.9918100594,-0.003762184259743977
60575.538770600295,0.021228433010149025
60606.08573114118,0.04428760573900468
60636.63269168207,0.0643451221385441
60667.17965222296,0.08053864960235463
60697.72661276386,0.09227569818429206
60728.273573304745,0.09920147169790233
60758.82053384563,0.1011988901297956
60789.367494386526,0.098371438062611
60819.91445492742,0.09100200982268732
60850.46141546831,0.07956423542359121
60881.008376009195,0.06464051523465546
60911.55533655009,0.046949344997112855
60942.10229709098,0.027274965024820803
60972.64925763187,0.006466865112677242
61003.19621817276,-0.014587295091575934
61033.74317871365,-0.03501490451626618
61064.29013925455,-0.053946092073487474
61094.83709979543,-0.07056711407627184
61125.38406033632,-0.0841286118491254
61155.931020877215,-0.09398393375275903
61186.47798141811,-0.09960191374069004
61217.024941958996,-0.10060725281395727
61250.15167607889,-0.09623606241555699
61283.27841019878,-0.08619779494220703
61316.405144318676,-0.07081596662469018
61349.53187843857,-0.05062775544427435
61382.65861255846,-0.026652484530719958
61415.785346678356,-0.00016923255818217676
61448.91208079825,0.027349579524068933
61482.03881491814,0.053966660114912836
61515.16554903803,0.07793952048032138
61548.29228315792,0.09719767679241867
61581.41901727782,0.11003385963847043
61614.54575139771,0.11504715227436046
61647.6724855176,0.11130390508165477
61680.7992196375,0.09864612392686543
61713.92595375739,0.07760250853256175
61747.05268787728,0.0497543225111538
61780.17942199717,0.017151931813929995
61813.30615611706,-0.017298950768286463
61846.43289023696,-0.05061405969966888
61879.55962435685,-0.07969942156507434
61912.68635847674,-0.10196379798830639
61945.81309259664,-0.11545641019386126
61978.93982671653,-0.11917397874662486
62012.06656083642,-0.11304532844263371
62045.19329495631,-0.09795105218588254
62078.3200290762,-0.07556557146371617
62111.4467631961,-0.04794833346139648
62144.57349731599,-0.01773634074567501
62177.70023143588,0.012852394174129741
62210.82696555578,0.041380701065872605
62243.95369967567,0.06608554788792673
62277.08043379556,0.08545061169924936
62310.207167915454,0.09855595011583368
62343.333902035345,0.10494414471534301
62376.46063615524,0.10460104890023096
62409.587370275134,0.09792399683149176
62442.714104395025,0.08562970206808013
62475.84083851492,0.06866094286739086
62508.967572634814,0.048180315602511396
62542.094306754705,0.025385549992621617
62575.221040874596,0.0015924736254117051
62608.34777499449,-0.021965147460353836
62641.474509114385,-0.044063305447229716
62674.601243234276,-0.06361438500228245
62707.72797735417,-0.07964483484530854
62740.854711474065,-0.09136457666830514
62773.981445593956,-0.09816730314866326
62807.10817971385,-0.0996666436384267
62840.23491383374,-0.09570960099956186
62873.36164795363,-0.08639067553954521
62906.48838207353,-0.07206171108033227
62939.61511619342,-0.053340494143351964
62972.74185031331,-0.031071948229499893
63005.86858443321,-0.006408614018121522
63072.12205267299,0.044717613921738945
63105.24878679288,0.06806560755740175
63138.37552091277,0.08777634996028356
63171.50225503266,0.10231213232642773
63204.62898915255,0.11028024358994018
63237.75572327244,0.11071140271917512
63270.882457392334,0.1030035536739117
63304.00919151223,0.08730223118660566
63337.13592563212,0.06416283862596617
63368.059270065714,0.03734328556947493
63398.9826144993,0.007044358080420917
63429.90595893289,-0.024551484257373198
63460.82930336648,-0.05492528867991104
63491.752647800065,-0.08188722244104915
63522.67599223366,-0.10299867496453476
63553.59933666725,-0.11655973877233233
63584.52268110083,-0.12134242277613061
63615.44602553442,-0.11697025133908251
63646.36936996801,-0.10382758749194831
63677.2927144016,-0.083146305000574
63708.21605883518,-0.05660720129791915
63739.13940326877,-0.02658035707348707
63770.06274770236,0.0047502191801892385
63800.98609213595,0.034825968422054605
63831.909436569535,0.06177183767464803
63862.83278100312,0.08371493650121209
63893.75612543671,0.09959098159742674
63924.6794698703,0.10863134834769363
63955.602814303886,0.11070314229277853
63986.52615873747,0.1060793149612507
64017.44950317106,0.09539833048722082
64048.37284760465,0.07963551431804229
64079.29619203824,0.059905360256351126
64110.21953647182,0.03749355227238062
64141.14288090541,0.013679091552017929
64172.066225339004,-0.010258293819089758
64202.98956977259,-0.03312944304465713
64233.91291420618,-0.05387334961796279
64264.83625863977,-0.07157437111858539
64295.759603073355,-0.08546749509030976
64326.682947506946,-0.0950261856399325
64357.60629194054,-0.09987777966693276
64388.52963637412,-0.09986891503324954
64419.45298080771,-0.09503435734632784
64450.376325241305,-0.08560526487286128
64481.29966967489,-0.07199455133885727
64512.22301410848,-0.0547900708876839
64543.14635854207,-0.03473322361281954
64574.069702975656,-0.012707451817158152
64604.99304740924,0.010297968715816182
64635.91639184283,0.033187392667589743
64666.83973627642,0.054853371002119344
64697.76308071001,0.07412533905398427
64728.68642514359,0.08989507234033643
64759.60976957718,0.1011895606820672
64790.533114010774,0.10712083836002739
64821.45645844436,0.10705338933535852
64852.37980287794,0.10064761774551431
64883.30314731153,0.08788128587903091
64914.226491745125,0.06925465510823231
64945.14983617871,0.04538992831660153
64976.07318061229,0.0177880029352354
65006.996525045884,-0.01194356047798157
65037.919869479476,-0.04192121582371082
65068.84321391306,-0.0697121516897118
65099.766558346644,-0.09334026369377924
65130.689902780236,-0.11062265275168673
65161.61324721383,-0.11996517577792112
65192.53659164741,-0.12037442793504297
65223.459936081,-0.11157963525308899
65254.383280514594,-0.09411030962758524
65285.30662494818,-0.06934297130560979
65316.22996938177,-0.03931473959611112
65346.54431188415,-0.0071219013118829985
65376.85865438654,0.025160446522925838
65407.17299688893,0.055188704203888383
65437.487339391315,0.08065095591825282
65467.8016818937,0.09998420086091261
65498.116024396084,0.11196699083459871
65528.430366898465,0.11617999330270685
65558.74470940085,0.11271685285641088
65589.05905190323,0.10219411615314955
65619.37339440561,0.08572728877117491
65649.687736908,0.06458762836595736
65680.00207941039,0.04037858543674636
65710.31642191278,0.014587161009457849
65740.63076441517,-0.011195241334236978
65770.94510691756,-0.035625717539759794
65801.25944941994,-0.05745319875798081
65831.57379192233,-0.07570686512086844
65861.88813442472,-0.08962347758015263
65892.20247692711,-0.09870338801721529
65922.5168194295,-0.10269188845717447
65952.83116193188,-0.10155804699563571
65983.14550443427,-0.09550226031652922
66013.45984693666,-0.08490537118164548
66043.77418943903,-0.0703322964615094
66074.08853194141,-0.05248207549610945
66104.4028744438,-0.03217739997630846
66165.03155944857,0.01206607269923439
66195.34590195096,0.03402890763691287
66225.66024445335,0.054546445646316034
66255.97458695574,0.07264121667362608
66286.28892945813,0.08741670320374234
66316.60327196051,0.09806248779890317
66346.9176144629,0.10392986031586318
66377.23195696529,0.10452940612370167
66407.54629946768,0.09961164332005347
66437.86064197007,0.08920295467087722
66468.17498447245,0.07349180725672555
66498.48932697484,0.05315580518055538
66528.80366947722,0.029079289785164684
66559.11801197959,0.002400813971059004
66589.43235448198,-0.025254369631088805
66619.74669698437,-0.052368841413859814
66650.06103948675,-0.07699893596988427
66680.37538198914,-0.0972943215846961
66710.68972449153,-0.11176852299268761
66741.00406699392,-0.11883300071211686
66771.3184094963,-0.11772437126160984
66801.6327519987,-0.10803138841139379
66831.94709450108,-0.09024793190732991
66862.26143700347,-0.06542102156086034
66892.57577950585,-0.035385687157487154
66922.89012200822,-0.002405705964155655
66953.2044645106,0.030880715225279395
66983.518807013,0.061775195974821964
67013.83314951538,0.08786939881262733
67044.14749201777,0.10711386207155446
67074.46183452016,0.11821429415873434
67104.77617702255,0.1205110657469777
67135.09051952494,0.1141789804150033
67165.40486202732,0.1000397767321681
67195.71920452971,0.07943383283230455
67226.0335470321,0.05418014393582637
67256.34788953447,0.026130122702114702
67289.24200561587,-0.005041264307227607
67322.13612169726,-0.03482210154197987
67355.03023777864,-0.06104126559246993
67387.92435386003,-0.08220956934161612
67420.81846994141,-0.09715515468666354
67453.7125860228,-0.10529085063504036
67486.60670210418,-0.1064623942056235
67519.50081818557,-0.10094109652252636
67552.39493426695,-0.08936689550104057
67585.28905034834,-0.07264816934134297
67618.18316642972,-0.05192466990929253
67651.07728251112,-0.02847126349629716
67683.97139859252,-0.003647979502476686
67716.8655146739,0.021163914696051465
67749.75963075529,0.0446223822999047
67782.65374683667,0.06546371619280496
67815.54786291806,0.08256774875271328
67848.44197899944,0.09497562277367892
67881.33609508083,0.10195016061171985
67914.23021116223,0.10300325366355069
67947.12432724363,0.09793138200906104
67980.01844332501,0.08682723720689617
68012.9125594064,0.07013725647661158
68045.80667548778,0.048607578617917466
68078.70079156916,0.023358010228132962
68111.59490765055,-0.004175575650223265
68144.48902373193,-0.0323860591373751
68177.38313981332,-0.059265183237848705
68210.2772558947,-0.08295600096660623
68243.17137197609,-0.10140656440796778
68276.06548805747,-0.1129098268030854
68308.95960413887,-0.11608822719875103
68341.85372022027,-0.11012651235456276
68374.74783630166,-0.09494165601430388
68407.64195238304,-0.07126691374331207
68440.53606846443,-0.04087378338174514
68473.43018454581,-0.00602003999699216
68506.3243006272,0.03000370726553258
68539.21841670858,0.06400920768143585
68572.11253278996,0.09252814080756726
68605.00664887135,0.1128239393390226
68637.90076495273,0.1228598754191466
68670.79488103412,0.12175058223034593
68703.68899711552,0.10974148622908778
68736.58311319692,0.08831185301320228
68769.4772292783,0.05957307570351252
68802.37134535969,0.0266388492750204
68835.26546144107,-0.00773732472315577
68868.15957752246,-0.04024167988707803
68901.05369360384,-0.06863202911599191
68933.94780968523,-0.09067793555287584
68966.84192576662,-0.10524045238848978
68999.73604184802,-0.11159835583799843
69032.63015792941,-0.10984928498246929
69065.5242740108,-0.10058447332787251
69098.41839009218,-0.08482350777274777
69131.31250617356,-0.06398158794814877
69164.20662225495,-0.03956355424517981
69197.10073833633,-0.013286501236013867
69229.99485441772,0.013259347942171693
69262.8889704991,0.03846460012415488
69295.78308658049,0.060961065688094736
69328.67720266187,0.079511538801418
69361.57131874327,0.09317197829142901
69392.26204513834,0.10087843478294292
69422.95277153343,0.10337406582644731
69453.64349792851,0.10054029949656718
69484.3342243236,0.09249457756282235
69515.02495071868,0.07957694242831059
69545.71567711377,0.062352077788395535
69576.40640350885,0.04158944798241885
69607.09712990394,0.018264140365179708
69637.78785629902,-0.006519735748567792
69668.47858269411,-0.03146704405519133
69699.1693090892,-0.05525787853617125
69729.86003548426,-0.07649558824124118
69760.55076187933,-0.09380732940550605
69791.24148827442,-0.10601577566796686
69821.9322146695,-0.11202146589613315
69852.62294106459,-0.11111572069157838
69883.31366745968,-0.10288186286381196
69914.00439385476,-0.08748216339200314
69944.69512024985,-0.06550757801842072
69975.38584664493,-0.038112550122834106
70006.07657304002,-0.007193501717938816
70036.7672994351,0.025426047899965526
70067.45802583019,0.056892295179154236
70098.14875222526,0.08480256932423018
70128.83947862033,0.10666300438509134
70159.53020501541,0.1203264099052842
70190.2209314105,0.1246487320267996
70220.91165780558,0.11887805542259808
70251.60238420067,0.10347406022398085
70282.29311059575,0.07976899017250386
70312.98383699084,0.049785138904833236
70343.67456338592,0.01623427922284215
70374.36528978101,-0.018057222348457542
70405.0560161761,-0.05035463838155535
70435.74674257118,-0.07798015625796081
70466.43746896627,-0.09909831414973697
70497.12819536135,-0.112430457935328
70527.81892175644,-0.11739790630066593
70558.50964815152,-0.11410051191822546
70589.20037454659,-0.1032291871876597
70619.89110094166,-0.08593098432760585
70650.58182733675,-0.06371453269421978
70681.27255373183,-0.038215393177086485
70711.96328012692,-0.01113481720738216
70742.654006522,0.015770923773243427
70773.34473291709,0.04107161251290346
70804.03545931217,0.06337377606290423
70834.72618570726,0.08163793753247246
70865.41691210234,0.09500937559046116
70896.10763849743,0.1029233295562871
70926.79836489251,0.10518410471199544
70957.4890912876,0.10178889507501544
70988.17981768269,0.09299778501825809
71018.87054407777,0.07932958217145607
71049.56127047286,0.06149376291904565
71080.25199686793,0.040386045081000056
71110.942723263,0.017046580051235622
71141.63344965808,-0.007369884487790472
71172.32417605317,-0.03164025768206096
71203.01490244825,-0.05450818843026102
71233.70562884334,-0.07474200342767541
71264.39635523842,-0.09116966610739552
71295.08708163351,-0.10276719961968946
71325.7778080286,-0.10866014064154794
71359.04830800268,-0.10794603751158599
71392.31880797676,-0.09945929519530339
71425.58930795084,-0.08339936566342417
71458.85980792494,-0.060437337746611905
71492.13030789903,-0.031937410013182274
71525.40080787311,0.0001465322897347414
71558.6713078472,0.033535298116695214
71591.94180782128,0.06518286208239255
71625.21230779536,0.09243569790916564
71658.48280776944,0.11225523221167077
71691.75330774352,0.12248186971623576
71725.02380771762,0.12154853114944586
71758.29430769171,0.10912378892585162
71791.5648076658,0.08599667342961088
71824.83530763988,0.05432782700221718
71858.10580761396,0.017172668780860594
71891.37630758804,-0.021623634183480532
71924.64680756212,-0.05811518374930877
71957.9173075362,-0.08861613668654375
71991.1878075103,-0.11028757340043227
72024.4583074844,-0.12124721853006618
72057.72880745848,-0.12094214573614781
72090.99930743256,-0.10994356603399358
72124.26980740664,-0.08975441484939528
72157.54030738072,-0.06273286232945785
72190.8108073548,-0.031482328896747895
72224.08130732889,0.001174458920183735
72257.35180730297,0.0325776153334225
72290.62230727705,0.06048644973496826
72323.89280725113,0.08298465072332774
72357.16330722522,0.09886502551501207
72390.43380719931,0.1073285533193547
72423.70430717341,0.1082029732391978
72456.97480714749,0.10175820859461672
72490.24530712157,0.08868218872650216
72523.51580709565,0.07003257108759721
72556.78630706973,0.04709041921450285
72590.05680704382,0.02136686314004404
72656.59780699198,-0.03204468853267674
72689.86830696606,-0.05650254619913031
72723.13880694014,-0.07743990218922697
72756.40930691423,-0.0935430501385523
72789.67980688832,-0.10372906669055276
72822.95030686242,-0.10721470104435124
72856.2208068365,-0.10356960898322762
72889.49130681058,-0.09275979403836254
72922.76180678466,-0.07520126273478107
72956.03230675875,-0.0517965086181304
72989.30280673283,-0.023823641362540695
73022.57330670691,0.006813143337741101
73055.843806681,0.03807506871952531
73089.1143066551,0.06743717807715337
73122.38480662918,0.09236560537047467
73155.65530660326,0.11056089778750235
73188.92580657735,0.11980619343599558
73222.19630655143,0.11884003099158974
73255.46680652551,0.10688519005168123
73288.73730649959,0.08465913294810236
73322.00780647369,0.05323525998768826
73355.27830644778,0.017083934497747953
73388.54880642187,-0.021977948944889563
73421.81930639595,-0.059352880466795495
73455.08980637003,-0.09108646947404361
73486.15691665781,-0.11261531876370946
73517.2240269456,-0.12433848537017247
73548.29113723338,-0.12532282450573382
73579.35824752116,-0.11571643890069516
73610.42535780894,-0.09664024914030672
73641.49246809672,-0.0701419835164308
73672.5595783845,-0.03871552986921968
73703.62668867227,-0.00516143112269115
73734.69379896004,0.027761692617179437
73765.76090924782,0.057583287589402725
73796.8280195356,0.08222739465458179
73827.89512982339,0.10026304516393088
73858.96224011117,0.11080332441084895
73890.02935039895,0.1135657845407522
73921.09646068673,0.10878746425642123
73952.16357097452,0.09717831518319273
73983.2306812623,0.07976076878209137
74014.29779155008,0.05787801357381708
74045.36490183786,0.03296127410123485
74076.43201212565,0.0065648465304989165
74107.49912241343,-0.019770690154085613
74138.56623270121,-0.044612022040851074
74169.633342989,-0.06659438825897143
74200.70045327676,-0.0845904513005256
74231.76756356453,-0.0976563449879398
74262.83467385231,-0.10511077863106184
74293.9017841401,-0.10653816435696788
74324.96889442788,-0.1018152129267805
74356.03600471566,-0.09111989498281514
74387.10311500344,-0.07492578309521816
74418.17022529122,-0.054021203614731825
74449.237335579,-0.029438370556894106
74480.30444586679,-0.0025181758580842834
74511.37155615457,0.02519008297009038
74542.43866644235,0.05204844314645745
74573.50577673013,0.07633080992069571
74604.57288701792,0.09619877108293295
74635.6399973057,0.11012693080079591
74666.70710759348,0.11672778595468639
74697.77421788125,0.115097347250386
74728.84132816902,0.10481596474039094
74759.9084384568,0.08611921987806119
74790.97554874458,0.06015964718969799
74822.04265903236,0.028288070466267787
74853.10976932014,-0.006730950333679319
74884.17687960793,-0.04212124774397313
74915.24398989571,-0.07479658209165943
74946.31110018349,-0.10155022382250849
74977.37821047127,-0.11984478307181887
75008.44532075906,-0.12769999179196947
75039.51243104684,-0.12429435302549391
75070.57954133462,-0.10987866312596739
75101.6466516224,-0.08590573912941485
75132.71376191018,-0.05466432373324953
75163.78087219797,-0.019245945850175028
75194.84798248573,0.017136886295458842
75225.9150927735,0.05122117138513171
75256.98220306128,0.08022879676232231
75288.04931334907,0.10201671829237047
75319.11642363685,0.11519456257440129
75350.18353392463,0.11922682038769175
75381.25064421241,0.11433547037524654
75412.3177545002,0.10135232170824286
75443.38486478798,0.08171689961005273
75473.84297314455,0.05757425701180885
75504.30108150114,0.030487457874031825
75534.75918985772,0.0021852342314350303
75565.2172982143,-0.02548523899779392
75595.67540657087,-0.05099114256146248
75626.13351492745,-0.0729043045306117
75656.59162328404,-0.09014256740979205
75687.04973164061,-0.10187073323995623
75717.50783999718,-0.107592661093198
75747.96594835377,-0.1071105603916891
75778.42405671036,-0.10053885970413731
75808.88216506693,-0.08828353766231156
75839.3402734235,-0.07100646647032202
75869.79838178007,-0.04962985591982786
75900.25649013664,-0.025267028596028005
75930.71459849323,0.0007980279601034907
75961.17270684981,0.027148387333638432
75991.63081520639,0.05232929728094873
76022.08892356296,0.0748414519512842
76052.54703191953,0.09328048581071577
76083.0051402761,0.10636965167592412
76113.46324863269,0.11304572694767454
76143.92135698927,0.11257108364354364
76174.37946534585,0.10458083466323695
76204.83757370242,0.08925734787350571
76235.295682059,0.06698844779391831
76265.75379041559,0.03918910173061084
76296.21189877216,0.007674785120227151
76326.67000712873,-0.025432657312258716
76357.12811548532,-0.05801077397035894
76387.5862238419,-0.0867914413261806
76418.04433219848,-0.10925370468402082
76448.50244055505,-0.12336128730558972
76478.96054891164,-0.1273341135436229
76509.41865726822,-0.1204925748316546
76539.8767656248,-0.10315039649283443
76570.33487398137,-0.07669900937037474
76600.79298233795,-0.04341464650811186
76631.25109069454,-0.0064176948245699
76661.70919905111,0.030908930932257356
76692.16730740768,0.06518896953188483
76722.62541576427,0.09342593855844511
76753.08352412086,0.11329012690350378
76783.54163247743,0.12342290594993517
76813.999740834,0.12339533881650686
76844.45784919057,0.11368817089235332
76874.91595754714,0.09554888099167584
76905.37406590373,0.07086193772303345
76935.83217426031,0.04179246764435688
76966.29028261689,0.010656014519990455
76996.74839097346,-0.020185261347528224
77027.20649933003,-0.04874756853260212
77057.6646076866,-0.07324290366317839
77088.12271604319,-0.09230895908137834
77118.58082439977,-0.1050480841347016
77149.03893275635,-0.11095706440515461
77179.49704111292,-0.10991252789816457
77209.9551494695,-0.10223707642329292
77240.41325782609,-0.0885832930249415
77270.87136618266,-0.06984750880138829
77301.32947453923,-0.04717750508072102
77331.78758289582,-0.02187921003752056
77392.70379960898,0.030885462640133234
77425.74168154456,0.05738413947486257
77458.77956348014,0.0801084332721014
77491.81744541571,0.09747579475974086
77524.8553273513,0.10819517171934437
77557.89320928688,0.11130162108729895
77590.93109122245,0.10631307534645217
77623.96897315803,0.09321880640584547
77657.00685509361,0.07258024019162373
77690.0447370292,0.045639747198223
77723.08261896478,0.014045260437610722
77756.12050090036,-0.019826433999804646
77789.15838283594,-0.053247293808016655
77822.19626477153,-0.0831752452730608
77855.23414670711,-0.10678711921653114
77888.27202864268,-0.12132893405653392
77921.30991057826,-0.12481570971028076
77954.34779251384,-0.11623253026831133
77987.38567444941,-0.09582362052870964
78020.423556385,-0.06519518936837526
78053.46143832058,-0.027190731619242063
78086.49932025616,0.014157077432355237
78119.53720219174,0.054373157619013936
78152.57508412733,0.08899799588451084
78185.61296606291,0.11422113089932882
78218.65084799849,0.12734928236066223
78251.68872993407,0.12723091220548657
78284.72661186964,0.11429327671496256
78317.76449380523,0.09036182730962092
78350.80237574081,0.05835098275534939
78383.84025767638,0.021730235021668133
78416.87813961196,-0.01555853990920374
78449.91602154754,-0.0502508472815832
78482.95390348313,-0.07937294733869764
78515.99178541871,-0.10073724395850654
78549.02966735428,-0.11306467073864362
78582.06754928986,-0.11589036497272151
78615.10543122544,-0.1095145390150999
78648.14331316101,-0.09489067008787527
78681.1811950966,-0.07347939572702025
78714.21907703218,-0.04711596318842989
78747.25695896776,-0.01778214643233602
78780.29484090334,0.012345557559828912
78813.33272283891,0.04121168521965037
78846.37060477449,0.06691631432597112
78879.40848671008,0.08776179834447155
78912.44636864564,0.10236701014852156
78945.48425058123,0.10974753741159837
78978.52213251681,0.10933615855892906
79011.56001445239,0.1010351646103108
79044.59789638798,0.08523565206467462
79077.63577832354,0.06283804811839161
79110.67366025913,0.03519858861108173
79143.71154219471,0.0041775163807993496
79176.74942413028,-0.028095763873095203
79209.78730606586,-0.059062059645398096
79242.82518800144,-0.08621396019672507
79275.86306993703,-0.10699730792809706
79308.90095187261,-0.11917317170038891
79341.93883380819,-0.12112737043255908
79374.97671574377,-0.1119208865507667
79408.01459767936,-0.09181717820386516
79441.05247961494,-0.06192643749408768
79474.09036155051,-0.025043592577159275
79507.12824348609,0.015600548828390017
79537.96273573537,0.05299137590468349
79568.79722798464,0.08623826846532495
79599.63172023391,0.11195320280088893
79630.46621248318,0.12741961246652223
79661.30070473245,0.13101917760457749
79692.13519698173,0.1223480634643435
79722.96968923102,0.10233075148053891
79753.80418148029,0.07315357116395094
79784.63867372955,0.037782597760387476
79815.47316597884,-0.00030182555030288955
79846.30765822812,-0.03736062689795483
79877.14215047739,-0.07025285655666437
79907.97664272666,-0.09630838106143405
79938.81113497594,-0.11361692532393305
79969.64562722523,-0.12133786178627076
80000.4801194745,-0.1193354469047099
80031.31461172376,-0.1083382658944404
80062.14910397305,-0.08966720569930259
80092.98359622233,-0.06505890957341344
80123.8180884716,-0.036558927310063466
80154.65258072087,-0.006275691228300686
80185.48707297015,0.023696805866546926
80216.32156521943,0.05143330281440828
80247.1560574687,0.07525537265765259
80277.99054971797,0.09379509374024114
80308.82504196725,0.10604753728751343
80339.65953421654,0.1113913766005008
80370.4940264658,0.10959699556424117
80401.32851871508,0.10083371135975215
80432.16301096436,0.0856340349464244
80462.99750321364,0.0649015773901236
80493.83199546291,0.039823488000360265
80524.66648771218,0.011890867350748225
80555.50097996146,-0.01723412323667504
80586.33547221075,-0.0457195314506715
80617.16996446002,-0.07168548899466667
80648.00445670928,-0.09335368829888038
80678.83894895857,-0.10898701015836265
80709.67344120785,-0.11724077771510664
80740.50793345712,-0.11708195278561902
80771.34242570639,-0.10807500427825273
80802.17691795567,-0.09035626486515058
80833.01141020496,-0.06481480217001732
80863.84590245422,-0.033107119919390124
80894.6803947035,0.0025244162828298245
80925.51488695278,0.039040069799149875
80956.34937920206,0.0733491097035989
80987.18387145133,0.10193510105937027
81018.0183637006,0.12196002902592772
81048.85285594988,0.1309786952981523
81079.68734819916,0.12776781575297283
81110.52184044843,0.11229748733286513
81141.3563326977,0.08594785514214838
81172.19082494699,0.05130043307978651
81203.02531719627,0.011811683974475368
81233.85980944554,-0.02840328111639399
81264.6943016948,-0.06544635069720722
81295.52879394409,-0.09574094581791329
81326.36328619337,-0.11664351815202936
81357.19777844264,-0.12662602399187584
81388.03227069191,-0.1252598728820904
81418.86676294118,-0.11325031924539568
81449.70125519045,-0.09221121017264207
81480.53574743973,-0.06437206068040796
81513.95001326801,-0.029515213586977288
81547.36427909628,0.006747520198260091
81580.77854492456,0.041272016889775526
81614.19281075284,0.07116353803794104
81647.60707658112,0.09423156386427353
81681.0213424094,0.10896546427926604
81714.43560823768,0.1145513103004991
81747.84987406596,0.11092874938121375
81781.26413989424,0.09865975552701477
81814.67840572252,0.07886275216592736
81848.09267155078,0.0531415133436971
81881.50693737906,0.023432017805415567
81914.92120320734,-0.008075400220050393
81948.3354690356,-0.0390750228254249
81981.74973486389,-0.0672888466994476
82015.16400069217,-0.09053023742700872
82048.57826652045,-0.10693516540903727
82081.99253234873,-0.11502491328977443
82115.406798177,-0.11381365580454547
82148.82106400529,-0.1029729521144541
82182.23532983357,-0.08292546816571342
82215.64959566185,-0.05493627930676354
82249.06386149011,-0.02092857147702946
82282.47812731839,0.01626497001549599
82315.89239314667,0.05328200722099566
82349.30665897494,0.08633377550344848
82382.72092480322,0.11192172745905594
82416.1351906315,0.12672365436925798
82449.54945645978,0.1284001583552635
82482.96372228806,0.11605977577570871
82516.37798811634,0.09042224794768879
82549.79225394462,0.05400877153522213
82583.2065197729,0.01086653694962381
82616.62078560118,-0.03395821463889917
82650.03505142944,-0.07496123927460806
82683.44931725772,-0.10718006205972834
82716.863583086,-0.1268525383847237
82750.27784891427,-0.13191258242185555
82783.69211474255,-0.12222988751494733
82817.10638057083,-0.09945714742545984
82850.5206463991,-0.06683260419120711
82883.93491222739,-0.0282386977051066
82917.34917805567,0.011890911706070876
82950.76344388395,0.049472801233266035
82984.17770971222,0.08104726405163774
83017.5919755405,0.10397380126192995
83051.00624136877,0.11671908649973252
83084.42050719705,0.11873756214787495
83117.83477302533,0.11042244974269184
83151.2490388536,0.09296305043538829
83184.66330468188,0.06816405766208594
83218.07757051016,0.03826798049810344
83251.49183633843,0.005749966813316826
83284.90610216671,-0.026826754767115206
83318.320367995,-0.0569989109105738
83351.73463382327,-0.08249432876391023
83385.14889965155,-0.1014283933369721
83418.56316547983,-0.11233334217127916
83451.9774313081,-0.11429014637668596
83485.39169713638,-0.10698205955660667
83518.80596296466,-0.09073856290547086
83552.22022879292,-0.06657537354282339
83585.6344946212,-0.036138066369543184
83619.04876044948,-0.001754108509611019
83651.85402434657,0.03325845679676731
83684.65928824364,0.06639628244700815
83717.46455214071,0.09471393437272292
83750.26981603779,0.11520223406880864
83783.07507993486,0.12539438295083974
83815.88034383193,0.12363161854041563
83848.68560772901,0.10924652340659868
83881.49087162608,0.08311044238970185
83914.29613552315,0.04710531721794729
83947.10139942024,0.0051047506917136784
83979.9066633173,-0.03859013219627677
84012.71192721438,-0.07874901135188928
84045.51719111146,-0.11056829862586492
84078.32245500853,-0.12999551504515416
84111.1277189056,-0.13459809892187022
84143.93298280268,-0.12383452109808929
84176.73824669977,-0.09920886416167103
84209.54351059684,-0.06383039863094157
84242.3487744939,-0.022268313620410325
84275.15403839099,0.0208024392628787
84307.95930228806,0.060310727831399576
84340.76456618513,0.09253607842219834
84373.56983008221,0.1143703681047343
84406.37509397928,0.12436894322273714
84439.18035787635,0.12223047263619059
84471.98562177343,0.10885761746922734
84504.7908856705,0.08613134514770247
84537.59614956757,0.056508485736790896
84570.40141346466,0.022869365257597016
84603.20667736173,-0.011832732194467543
84636.0119412588,-0.044777474854533005
84668.81720515588,-0.07341859906247532
84701.62246905296,-0.09569601982156412
84734.42773295003,-0.11004756384181691
84767.2329968471,-0.11554136290405492
84800.03826074419,-0.11184971107894792
84832.84352464126,-0.09929240507437415
84865.64878853832,-0.07878777434725481
84898.45405243541,-0.05178296339590905
84931.25931633248,-0.020271890773603935
84964.06458022955,0.013425203677107023
84996.86984412663,0.04666872400366426
85029.6751080237,0.07672799159565595
85062.48037192077,0.10096007606328522
85095.28563581785,0.11693144771145578
85128.09089971492,0.12280330140664725
85160.896163612,0.11738333362753049
85193.70142750908,0.10050732702982977
85226.50669140616,0.07304409369661921
85259.31195530323,0.037289597724036616
85292.1172192003,-0.0039041343660580216
85324.92248309738,-0.0458914803216428
85357.72774699447,-0.08420050430122367
85390.53301089154,-0.11419044304271574
85423.3382747886,-0.13182445101256965
85456.14353868569,-0.13455810247030664
85488.94880258277,-0.12159959583003009
85521.75406647984,-0.09425340247603048
85554.55933037691,-0.05581928174550241
85587.364594274,-0.011051922734815044
85620.16985817107,0.03449628875714768
85652.97512206814,0.07536858680558742
85685.78038596522,0.10687180236454388
85718.58564986229,0.1258378942476332
85749.18752407306,0.1308226978948583
85779.78939828384,0.12365517524300405
85810.39127249461,0.10568428890723253
85840.99314670538,0.07901091525854212
85871.59502091615,0.04648189964420297
85902.19689512692,0.011098321775359868
85932.79876933769,-0.024140042313318656
85963.40064354846,-0.056414843275032586
85994.00251775923,-0.08349197199309669
86024.60439197,-0.1034887839839693
86055.20626618077,-0.11532379085863644
86085.80814039154,-0.11840698906330768
86116.41001460231,-0.11281075141974266
86147.01188881308,-0.0991295128035893
86177.61376302385,-0.07846987764351283
86208.21563723462,-0.052319522788603884
86238.81751144539,-0.022493144612138364
86269.41938565616,0.008980365716556242
86300.02125986693,0.039972353545699155
86330.6231340777,0.06834001854045849
86361.22500828847,0.09205716925250151
86391.82688249924,0.10935270170223096
86422.42875671001,0.11875788927890839
86453.03063092078,0.11930242177696268
86483.63250513155,0.11056904539298795
86514.23437934232,0.09277176736166765
86544.83625355309,0.06694248258945472
86575.43812776386,0.034611870608251195
86606.04000197463,-0.0017220854446618212
86636.6418761854,-0.03901266093103465
86667.24375039617,-0.07431288898585736
86697.84562460694,-0.10375054390684617
86728.44749881771,-0.12430755637620733
86759.04937302848,-0.13346623345149344
86789.65124723925,-0.12955747982438495
86820.25312145002,-0.11249321379186898
86850.85499566079,-0.08349291704533046
86881.45686987156,-0.0453473235881419
86912.05874408233,-0.0020231030194254943
86942.6606182931,0.04176401903531176
86973.26249250387,0.08116892361166708
87003.86436671464,0.11187167635325003
87034.46624092541,0.1306440684466111
87065.06811513618,0.13573608020940992
87095.66998934695,0.12702585215260176
87126.27186355772,0.10592804165454955
87156.8737377685,0.07505843369439037
87187.47561197927,0.03809074786211398
87218.07748619004,-0.001418630581479595
87248.67936040083,-0.03948518820227182
87279.2812346116,-0.07291329240000953
87309.88310882237,-0.09903165348797349
87340.48498303314,-0.11603036339865808
87371.0868572439,-0.12303146758002705
87401.68873145468,-0.11994155571585327
87432.29060566545,-0.1074758631894118
87462.89247987622,-0.08694890049427473
87493.49435408699,-0.060182490643739615
87524.09622829776,-0.029287671315487967
87554.69810250853,0.0033847196010532233
87585.2999767193,0.03551462878182742
87615.90185093007,0.06483343294969056
87646.50372514084,0.08930381606235711
87677.1055993516,0.10721185368461988
87710.28724714139,0.11769960495970239
87743.46889493115,0.11793421808995794
87776.65054272092,0.1076711536596861
87809.8321905107,0.08747605281814311
87843.01383830047,0.058813941235605946
87876.19548609023,0.023848061491272228
87909.37713388001,-0.014410702724398565
87942.55878166978,-0.052388350907597706
87975.74042945955,-0.08653794247602156
88008.92207724933,-0.11278938211120419
88042.1037250391,-0.12799446100494904
88075.28537282886,-0.12965900087015056
88108.46702061864,-0.11672128263841744
88141.64866840841,-0.08982703104716068
88174.83031619817,-0.05125922770296401
88208.01196398796,-0.005563166541800592
88241.19361177774,0.042068468159275146
88274.3752595675,0.08525079681997803
88307.55690735727,0.11819176269354954
88340.73855514705,0.13632321249239257
88373.92020293683,0.13714370411629961
88407.1018507266,0.12064744445243798
88440.28349851636,0.08928646896466774
88473.46514630615,0.047500842745755875
88506.64679409593,0.0009322964988235762
88539.8284418857,-0.044488389643404264
88573.01008967546,-0.0833944784716989
88606.19173746524,-0.11162974246251753
88639.373385255,-0.12677070428762977
88672.55503304477,-0.1278266506434105
88705.73668083455,-0.11557883438492207
88738.91832862432,-0.0920142922564987
88772.09997641409,-0.060087671258016895
88805.28162420387,-0.02322034128125015
88838.46327199363,0.014907205789947565
88871.6449197834,0.05080310591634564
88904.82656757318,0.08138041968307941
88938.00821536295,0.10410219268731512
88971.18986315271,0.11719694813092443
89004.3715109425,0.11967152603869437
89037.55315873228,0.11139575594260973
89070.73480652204,0.09306394588145867
89103.91645431181,0.06617533523422829
89137.09810210159,0.032925446110912665
89170.27974989137,-0.0038927149330529043
89203.46139768114,-0.041061405426564335
89236.6430454709,-0.07519797003818102
89269.82469326069,-0.10284808032098892
89303.00634105047,-0.12106044671341448
89336.18798884023,-0.12741180068407965
89369.36963663,-0.12053166228113474
89402.55128441978,-0.10025796863129013
89435.73293220955,-0.06808522693690733
89468.91457999931,-0.02684290926693472
89502.0962277891,0.019014791023268696
89535.27787557886,0.06406124958227825
89568.45952336863,0.1026064282359503
89601.64117115841,0.12910228068079144
89634.82281894817,0.13962620192969113
89668.00446673794,0.13218152326586488
89701.18611452772,0.1073799648836539
89734.36776231749,0.06848434644901531
89767.54941010725,0.02079270627943198
89800.73105789704,-0.029060253426341887
89831.7093160005,-0.07172371999897315
89862.68757410397,-0.1056078597014229
89893.66583220744,-0.12741567324795156
89924.6440903109,-0.135154855400772
89955.62234841437,-0.12877215304399903
89986.60060651784,-0.1096821010077293
90017.5788646213,-0.08038908834621925
90048.55712272477,-0.04439762143133187
90079.53538082824,-0.005332864788167681
90110.5136389317,0.03301906283631497
90141.49189703517,0.06736032269769651
90172.47015513864,0.094920010655323
90203.4484132421,0.11369327182811143
90234.42667134557,0.12248737443519006
90265.40492944905,0.12092485045419757
90296.38318755252,0.10942632580956395
90327.36144565599,0.08909846882281286
90358.33970375947,0.061660011617675134
90389.31796186294,0.029286181284677634
90420.2962199664,-0.005493633730158378
90451.27447806987,-0.040000647813661604
90482.25273617334,-0.07152312820115908
90513.2309942768,-0.09749407580500206
90544.20925238027,-0.11568747185400233
90575.18751048374,-0.12433126673783551
90606.1657685872,-0.12234881476193411
90637.14402669067,-0.10943764255579144
90668.12228479414,-0.086171263986745
90699.1005428976,-0.05422833770978
90730.07880100107,-0.015915971065646167
90761.05705910454,0.025152521969744757
90792.035317208,0.06513668793057648
90823.01357531147,0.09978893903986819
90853.99183341494,0.12490965448555187
90884.97009151841,0.1373552721411244
90915.94834962187,0.13481084503365168
90946.92660772534,0.11700507204951471
90977.90486582881,0.08531292064650768
91008.88312393229,0.043240440455983326
91039.86138203576,-0.004414303948177363
91070.83964013922,-0.05175244438444779
91101.8178982427,-0.09299672166056942
91132.79615634617,-0.12310094380864453
91163.77441444964,-0.13861021587501812
91194.7526725531,-0.13801551897448533
91225.73093065657,-0.12197145614300772
91256.70918876004,-0.09285146468527761
91287.6874468635,-0.0545893650217806
91318.66570496697,-0.011670408228526255
91349.64396307044,0.03108111413250367
91380.62222117391,0.06939762733966254
91411.60047927737,0.0997335666065172
91442.57873738084,0.11963098293765455
91473.55699548431,0.1278119629436177
91504.53525358778,0.12409902899655545
91535.51351169124,0.10937204819816301
91566.49176979471,0.08534227984651017
91597.47002789818,0.054350068369782706
91628.44828600164,0.01918432344257226
91659.42654410511,-0.01721088148380105
91690.40480220858,-0.05184909409419854
91721.38306031204,-0.08198250426598577
91752.36131841553,-0.10519852419517377
91783.33957651899,-0.11959666987843488
91813.70883269125,-0.12394651735948194
91844.07808886352,-0.11810796584286035
91874.44734503579,-0.10230308051675424
91904.81660120806,-0.07754864457127453
91935.18585738033,-0.04551461655879308
91965.55511355259,-0.008720929396191322
91995.92436972485,0.02989190841016966
92026.29362589712,0.06691729537196771
92056.66288206939,0.09873801720460973
92087.03213824164,0.12215382572648387
92117.4013944139,0.13414159290523528
92147.77065058617,0.1329191112005956
92178.13990675844,0.11768360864765277
92208.50916293071,0.08947630902168766
92238.87841910298,0.05053461090615882
92269.24767527524,0.004993801869403359
92299.6169314475,-0.042067071162390335
92329.98618761977,-0.08520625606481723
92360.35544379204,-0.11891726705909095
92390.72469996431,-0.13906638815764027
92421.09395613658,-0.14298869760394212
92451.46321230884,-0.130282620558818
92481.8324684811,-0.10269513059843806
92512.20172465337,-0.06379082429946929
92542.57098082564,-0.018443136004876317
92572.94023699789,0.027842884960379323
92603.30949317015,0.06996757396014182
92633.67874934242,0.10353002824335243
92664.04800551469,0.12538100907226724
92694.41726168696,0.13399432936676112
92724.78651785923,0.12917063360174916
92755.15577403149,0.1120937740269809
92785.52503020375,0.08506200172626045
92815.89428637602,0.050902285213500445
92846.26354254829,0.013093248430091069
92876.63279872056,-0.025083999114049862
92907.00205489283,-0.06027829786251733
92937.37131106509,-0.08975127801483675
92967.74056723734,-0.11117886995904669
92998.10982340961,-0.12302161954688692
93028.47907958188,-0.12443537365151636
93058.84833575414,-0.11538113858183316
93089.2175919264,-0.09658687628087177
93119.58684809867,-0.06948812543546459
93149.95610427094,-0.03620762594087362
93180.32536044321,0.0006781575921871999
93210.69461661548,0.03810112655810198
93241.06387278774,0.072884438222123
93271.43312896,0.10195540684220447
93301.80238513227,0.12233868131027559
93332.17164130454,0.131704033401775
93362.5408974768,0.1286012008255217
93392.91015364908,0.1125848293756069
93423.27940982133,0.08453051920718138
93453.64866599359,0.04675483087065425
93484.01792216586,0.0025962910614626845
93514.38717833813,-0.04323869293246679
93544.75643451039,-0.08550452053526882
93575.12569068265,-0.11912719082630926
93605.49494685492,-0.13955763777283658
93635.86420302719,-0.14382547245388036
93666.23345919946,-0.13093647679117837
93696.60271537173,-0.10220858925598321
93726.97197154399,-0.06111699031500709
93759.92100129524,-0.008542489794669601
93792.8700310465,0.04462951621201175
93825.81906079777,0.09080255480463004
93858.76809054904,0.12370778312128644
93891.71712030031,0.1393319976412133
93924.66615005158,0.13641518161772698
93957.61517980284,0.1163191893664493
93990.56420955411,0.08257296478076956
94023.51323930538,0.03999899479658385
94056.46226905665,-0.005901061152203804
94089.41129880791,-0.049627471044631596
94122.36032855918,-0.08656604236069318
94155.30935831045,-0.11306044137181293
94188.25838806172,-0.12678183012312436
94221.20741781298,-0.12684431541932553
94254.15644756425,-0.11361875102459579
94287.10547731552,-0.08883654935516495
94320.05450706679,-0.05507466388304048
94353.00353681805,-0.0157539282490011
94385.95256656932,0.02526709631223466
94418.90159632059,0.06392171461617092
94451.85062607186,0.09632429291235474
94484.79965582312,0.11903682463641435
94517.74868557439,0.12939904297435717
94550.69771532566,0.12584500221674222
94583.64674507693,0.10808444880760475
94616.5957748282,0.07744913824941531
94649.54480457946,0.03659257330513284
94682.49383433073,-0.010013253943942667
94715.442864082,-0.057174276815380065
94748.39189383326,-0.09865014353425668
94781.34092358453,-0.1287164433871736
94814.2899533358,-0.14239585376102543
94847.23898308707,-0.13690696170770267
94880.18801283833,-0.11190993116120446
94913.1370425896,-0.07042146600428542
94946.08607234087,-0.018000507931338405
94979.03510209214,0.037539517143098076
95011.9841318434,0.08780170287860853
95044.93316159467,0.12507320998592986
95077.88219134594,0.14393124668835583
95110.8312210972,0.1419622612689199
95143.78025084847,0.12011939620638545
95176.72928059974,0.08235011224153055
95209.67831035101,0.034638695424680704
95242.62734010228,-0.016194421604950892
95275.57636985354,-0.0632031276389392
95308.52539960481,-0.10086976936052315
95341.47442935608,-0.12509799999769522
95374.42345910735,-0.1337750301261426
95407.37248885861,-0.1267444888345733
95440.32151860988,-0.10556292506708118
95473.27054836115,-0.07308291627227989
95506.21957811242,-0.03326828557314047
95539.16860786368,0.009597044523508175
95572.11763761495,0.050930459274374645
95605.06666736622,0.08657810966037319
95638.01569711749,0.11289510297128649
95670.96472686875,0.1271880777780034
95703.91375662002,0.12785742421049012
95736.86278637129,0.11458590694014711
95769.81181612256,0.08841137496233425
95802.76084587383,0.051744966912227075
95835.70987562509,0.008198361244833221
95866.45551569006,-0.03454030076690069
95897.20115575501,-0.07484745381269886
95927.94679581997,-0.10851104260284951
95958.69243588494,-0.13129505934820174
95989.4380759499,-0.14004483101604756
96020.18371601487,-0.1328236073163652
96050.92935607984,-0.1096605242709289
96081.6749961448,-0.07228018510995705
96112.42063620975,-0.024930626742126684
96143.16627627471,0.026834100420902028
96173.91191633968,0.07623587924072779
96204.65755640465,0.11642896939984636
96235.40319646962,0.14180910952285447
96266.14883653457,0.1485898198747102
96296.89447659953,0.1358004947413447
96327.6401166645,0.10535771963260017
96358.38575672946,0.06161499080248949
96389.13139679443,0.010704592120534241
96419.8770368594,-0.04037891072868624
96450.62267692435,-0.08520244267291342
96481.3683169893,-0.11853879693652064
96512.11395705427,-0.13695338578974478
96542.85959711924,-0.13912905629145075
96573.60523718421,-0.12567464664743022
96604.35087724918,-0.09887431918396546
96635.09651731413,-0.062280571939185125
96665.84215737908,-0.020161052840467566
96696.58779744405,0.02302754675017846
96727.33343750902,0.06295172298668461
96758.07907757399,0.09588709768318304
96788.82471763896,0.11890535361953523
96819.57035770391,0.13005306176734038
96850.31599776886,0.12847018435837881
96881.06163783383,0.11442372044426882
96911.8072778988,0.08922028283821594
96942.55291796377,0.05515231221480819
96973.29855802873,0.015312377995187611
97004.04419809369,-0.026619260066992077
97034.78983815864,-0.06659405639184873
97065.53547822361,-0.10059681756486458
97096.28111828858,-0.1248698577469291
97127.02675835355,-0.13644919321923418
97157.77239841851,-0.1333647841893438
97188.51803848347,-0.11523127547527728
97219.26367854842,-0.08306100930642647
97250.00931861339,-0.04006567134784668
97280.75495867836,0.009344323975980569
97311.50059874333,0.05917134175458211
97342.2462388083,0.10284547157351989
97372.99187887325,0.13447484252159903
97403.7375189382,0.14887031747327495
97434.48315900317,0.14356075674561525
97465.22879906814,0.11869949707605257
97495.9744391331,0.07745322895600197
97526.72007919807,0.025568326235370507
97557.46571926303,-0.02949883391169271
97588.21135932798,-0.08007138426609295
97618.95699939295,-0.11916600564205801
97649.70263945792,-0.1418961987580709
97680.44827952288,-0.14588609926471718
97711.19391958785,-0.1314295662658296
97741.9395596528,-0.1012582402553345
97772.68519971776,-0.05990325230217412
97803.43083978273,-0.012732001086649236
97837.75220102337,0.03963270336602289
97872.073562264,0.08489783318182295
97906.39492350465,0.11737141265077762
97940.71628474529,0.13343971597416043
97975.03764598593,0.13179977859933018
98009.35900722657,0.11328928647935163
98043.6803684672,0.08062509792068784
98078.00172970784,0.03808867939197902
98112.32309094848,-0.009121586037976505
98146.64445218912,-0.055257847657043495
98180.96581342976,-0.09471315422550658
98215.2871746704,-0.12250988383372584
98249.60853591104,-0.13484026973714894
98283.92989715168,-0.12958109675905088
98318.25125839232,-0.10665081494367656
98352.57261963296,-0.06820151291781835
98386.8939808736,-0.018780233908396553
98421.21534211424,0.03517238465017592
98455.53670335488,0.08590058182644036
98489.85806459552,0.12509252262047219
98524.17942583616,0.1459196590311278
98558.5007870768,0.1434488943007355
98592.82214831744,0.11689554260034415
98627.14350955808,0.0696516434189304
98661.46487079872,0.009374773728191151
98695.78623203936,-0.05330346041918055
98730.10759328,-0.10701244322407293
98764.42895452064,-0.14183009240280692
98798.75031576128,-0.15164972859302808
98833.07167700192,-0.13527129537561622
98867.39303824256,-0.09640682816156282
98901.7143994832,-0.04267807947084568
98936.03576072384,0.01629474900383156
98970.35712196448,0.07081415042799284
99004.67848320512,0.11268645276814507
99038.99984444576,0.13636863705714036
99073.3212056864,0.13948760957260167
99107.64256692704,0.12274124092802396
99141.96392816768,0.0894301933989039
99176.28528940832,0.044709300617586684
99210.60665064896,-0.005165546174059165
99244.9280118896,-0.053605961443599054
99279.24937313024,-0.09452299362498263
99313.57073437088,-0.12283034293388745
99347.89209561152,-0.13498740988534363
99382.21345685216,-0.12934498182892581
99416.5348180928,-0.10633087482302402
99450.85617933344,-0.06850513670092767
99485.17754057408,-0.02041332169115307
99519.49890181472,0.0318464687033594
99553.82026305536,0.08108797796386943
99588.141624296,0.11994542478585589
99622.46298553664,0.14195399359704955
99656.78434677728,0.14251751054161232
99691.10570801792,0.12001862504941997
99725.42706925856,0.07687422891082334
99759.7484304992,0.01901958026910721
99794.06979173984,-0.043821066402389815
99828.39115298048,-0.10048162678375046
99862.71251422112,-0.14011555759480165
99897.03387546176,-0.15474071533800698
99931.3552367024,-0.14121068882397414
99965.67659794303,-0.10203928200960716
99999.99795918367,-0.04488244611516633
