0.002040816326530612,-0.00001143664680327235
30.671792055962676,-0.04154684837138525
61.341543295598825,-0.07770027023693334
92.01129453523498,-0.10456768663873421
122.68104577487112,-0.12032314883652018
153.35079701450726,-0.12522521587927196
184.02054825414342,-0.1209787386513646
214.69029949377955,-0.10993296918016052
245.3600507334157,-0.09448122582497412
276.02980197305186,-0.07671065737416162
306.699553212688,-0.0581751924316827
337.3693044523242,-0.04001328214459523
368.0390556919603,-0.022965218805563008
398.7088069315964,-0.007417739471793348
429.3785581712326,0.006376205451832006
460.04830941086874,0.018366451062095092
490.71806065050487,0.028581450802369554
521.387811890141,0.037106769687558036
552.0575631297772,0.04405895644207769
582.7273143694133,0.04956843666053317
613.3970656090495,0.05376886102103007
644.0668168486857,0.05679683739360143
674.7365680883217,0.0587635241271969
705.4063193279579,0.05978659187239399
736.0760705675941,0.05997484969885498
766.7458218072302,0.05942910120075691
797.4155730468664,0.058230665878535065
828.0853242865026,0.05645800483579276
858.7550755261386,0.054184540243098496
889.4248267657748,0.0514759543304221
920.094578005411,0.04840263036107708
950.7643292450471,0.044963125965469246
981.4340804846832,0.04128889718034085
1012.1038317243194,0.03735231298552525
1042.7735829639555,0.03323930198042635
1104.1130854432279,0.024572688701817978
1226.7920904017724,0.006416232983400325
1257.4618416414087,0.0018713664436949282
1288.1315928810448,-0.0026389698785401618
1349.4710953603171,-0.011425055218887283
1380.1408465999532,-0.015664747420300836
1410.8105978395893,-0.01976919751688595
1472.1501003188616,-0.027501471207697283
1502.8198515584977,-0.031086673811803554
1533.489602798134,-0.034459424297538475
1564.15935403777,-0.03760839121838419
1594.8291052774061,-0.040484800620635225
1625.4988565170424,-0.04310132496883604
1656.1686077566785,-0.04542192809459898
1686.8383589963146,-0.047419813410495615
1717.5081102359509,-0.0490912573356662
1748.177861475587,-0.05039319676163662
1778.847612715223,-0.051319340117531455
1809.5173639548593,-0.051834684779304606
1840.1871151944954,-0.05192473504739138
1870.8568664341315,-0.051559582512030175
1901.5266176737678,-0.05069133059528281
1932.1963689134038,-0.049357682273460636
1962.86612015304,-0.04744737313075498
1996.1156449716777,-0.044753832111782604
2029.3651697903158,-0.04138459014917382
2062.614694608954,-0.037154562258528534
2095.8642194275917,-0.032363676231582865
2129.1137442462295,-0.026597544631506823
2162.3632690648674,-0.020067335622119827
2195.612793883505,-0.012710916096448439
2228.862318702143,-0.004223673715623285
2262.111843520781,0.004678353082385759
2295.3613683394187,0.014772461778460437
2361.8604179766944,0.036826624953877354
2395.1099427953322,0.04876638609937865
2428.35946761397,0.06082015659211907
2461.608992432608,0.07263482393939877
2494.858517251246,0.0836133155508559
2528.1080420698845,0.09294100614639424
2561.3575668885223,0.09953422808341131
2594.60709170716,0.10203326603385499
2627.856616525798,0.09883257552924701
2661.106141344436,0.08827160529472483
2694.3556661630737,0.06896373603684357
2727.6051909817115,0.04037901792642372
2760.8547158003494,0.003665791839676854
2794.104240618987,-0.03821295592326335
2827.353765437625,-0.07955358800479617
2860.603290256263,-0.11394469291502957
2893.8528150749007,-0.13559193740123712
2927.1023398935386,-0.14143367876779334
2960.3518647121764,-0.13197341722707764
2993.6013895308142,-0.11064105526035872
3026.8509143494525,-0.08221915993927081
3060.100439168091,-0.05128214543604128
3093.3499639867287,-0.021374993713260623
3126.5994888053665,0.005224724560427045
3159.8490136240043,0.02744854309161234
3193.098538442642,0.04495680305649371
3226.34806326128,0.057985464178476435
3259.597588079918,0.06698598790106859
3292.8471128985557,0.07252647147090929
3326.0966377171935,0.07516893162062259
3359.3461625358314,0.07546045637185692
3392.595687354469,0.07385405222691126
3425.845212173107,0.07075580085899169
3459.094736991745,0.06650713490738813
3492.3442618103827,0.061379532901139754
3525.5937866290205,0.05561497803318194
3558.843311447659,0.04941252535601396
3592.092836266297,0.04290436873763705
3625.342361084935,0.036232827615370104
3691.8414107222106,0.022788670543240852
3725.0909355408485,0.016173706745352005
3758.3404603594863,0.009720064003412389
3824.839509996762,-0.0025764089974339988
3858.0890348154,-0.008294782019592944
3891.3385596340377,-0.013756824892077546
3924.5880844526755,-0.018865938569849923
3957.8376092713133,-0.023621526561095875
3991.087134089951,-0.02803435475807895
4024.336658908589,-0.03205293650720592
4057.586183727227,-0.035685344751019796
4090.835708545865,-0.03892062649755719
4121.8818436781985,-0.04156256048754041
4152.927978810532,-0.04385301382047285
4183.974113942866,-0.045764540044700645
4215.020249075199,-0.04730724797718931
4246.066384207532,-0.04846929294426898
4277.112519339866,-0.04924974880359517
4308.1586544721995,-0.0496451935941639
4339.204789604533,-0.04965256276156964
4370.250924736867,-0.049271087692035496
4401.2970598692,-0.048496942975215784
4432.343195001533,-0.047331468575495195
4463.389330133867,-0.0457732654428491
4494.4354652662005,-0.043816633070605654
4525.481600398534,-0.04147964968831434
4556.527735530868,-0.03872894334275258
4587.573870663201,-0.03562284932855316
4618.620005795534,-0.032104093157650324
4649.666140927868,-0.028217532402575497
4680.7122760602015,-0.0239770452119721
4711.758411192535,-0.019305847848980227
4742.804546324869,-0.014355894065603655
4773.850681457202,-0.00905350445046383
4835.942951721869,0.0025452942580893377
4866.9890868542025,0.008763146933780493
4898.035221986536,0.01538020759742865
4960.127492251203,0.028722635634799824
4991.173627383536,0.0357479897990195
5022.21976251587,0.04250331349111175
5084.312032780537,0.05603714636354891
5115.358167912871,0.062179890483828895
5146.404303045205,0.06794047245930948
5177.450438177539,0.07283881322152594
5208.496573309872,0.07671194308470217
5239.5427084422045,0.07918671607883832
5270.588843574538,0.07987199028244699
5301.634978706872,0.07828886299997082
5332.681113839206,0.07391246186531218
5363.72724897154,0.06616092780349164
5394.773384103873,0.05444296261376536
5425.819519236205,0.03827024575454521
5456.865654368539,0.01732548952360869
5487.911789500873,-0.008193270927368337
5518.957924633207,-0.03744902876496123
5550.004059765541,-0.06860967197765483
5581.050194897874,-0.09883194356023572
5612.096330030206,-0.1240230439622497
5643.14246516254,-0.1399127495399423
5674.188600294874,-0.14297491630338932
5705.234735427208,-0.13163932472275366
5736.280870559542,-0.10711670399226177
5767.327005691875,-0.07316872352991308
5798.373140824207,-0.03498154917759792
5829.419275956541,0.0025155862898875656
5860.465411088875,0.03536719659447013
5891.511546221209,0.061539824002554214
5922.557681353543,0.08016555270918674
5953.6038164858755,0.09170618180950968
5984.649951618208,0.09707844815972706
6015.696086750542,0.09744806602027357
6046.742221882876,0.09398834219114645
6077.78835701521,0.08774044452861306
6108.225490216341,0.07974327756475365
6138.662623417473,0.07056439164305867
6199.536889819735,0.05057146830042835
6229.974023020866,0.040442435632909335
6260.411156221997,0.030535120143084724
6321.28542262426,0.011932579515436824
6351.72255582539,0.00348001639432928
6382.159689026522,-0.004448584511422788
6412.596822227653,-0.01173644754457935
6443.033955428784,-0.01833504585570971
6473.471088629915,-0.024368994546349797
6503.908221831047,-0.029737077026062073
6534.345355032177,-0.03445063161719447
6564.782488233309,-0.038615264485258045
6595.21962143444,-0.04215424129447129
6625.656754635571,-0.045121892753309356
6656.093887836702,-0.04754285572324948
6686.531021037834,-0.04941803685016624
6716.968154238964,-0.050793068743516794
6747.405287440096,-0.051661388155054444
6777.842420641227,-0.052068760541276134
6808.279553842358,-0.05201704790450321
6838.716687043489,-0.05153318598845321
6869.153820244621,-0.05063687013659718
6899.590953445751,-0.04934456779748232
6930.028086646883,-0.04767850087983416
6960.465219848014,-0.04565648866114823
6990.902353049145,-0.043296115249932716
7021.339486250276,-0.04061634968168583
7051.776619451408,-0.037640623940490905
7082.2137526525385,-0.034379918634504306
7112.65088585367,-0.03085872917440459
7173.525152255932,-0.023109627735587467
7203.962285457063,-0.018912404190703204
7234.399418658195,-0.014549349917491633
7295.273685060457,-0.005337002193906128
7325.710818261588,-0.0005645948843967595
7356.147951462719,0.004330462142234646
7417.022217864982,0.014225750237049844
7538.770750669506,0.03383054323637639
7569.2078838706375,0.0384555488164556
7599.645017071769,0.04294724874687234
7630.0821502728995,0.04711754554916236
7660.519283474031,0.05102044410761935
7690.9564166751625,0.054596924563096026
7721.393549876293,0.05766023814821176
7751.8306830774245,0.06025802348233446
7782.267816278556,0.062232648768603835
7812.704949479687,0.06349791447198636
7843.142082680818,0.0639573076885184
7873.5792158819495,0.06337727172335907
7904.01634908308,0.061867844971725955
7934.4534822842115,0.05900827963391082
7964.890615485343,0.05463610739184816
7995.327748686474,0.048953302642491446
8025.764881887605,0.0412303264256729
8058.7817886677385,0.03072566468836937
8091.798695447871,0.01773992375418304
8124.815602228004,0.0021247012046188285
8157.832509008136,-0.01608694693427868
8190.84941578827,-0.036612934836669775
8223.866322568403,-0.0588049911508952
8256.883229348536,-0.08148877214980649
8289.900136128668,-0.10273840809479647
8322.9170429088,-0.11989662480032354
8355.933949688933,-0.12959207007902834
8388.950856469066,-0.12837117948978385
8421.9677632492,-0.11358170843108623
8454.984670029335,-0.0847913027132145
8488.001576809467,-0.04465756045689578
8521.0184835896,0.0012337640289016175
8554.035390369732,0.045807571089942205
8587.052297149865,0.08260648066849849
8620.069203929997,0.10782021953973718
8653.08611071013,0.12028494984949295
8686.103017490264,0.12139388816726404
8719.119924270399,0.11366432137677158
8752.136831050531,0.09993536912174175
8785.153737830664,0.08274608125530097
8818.170644610796,0.06410677965259957
8851.187551390929,0.045417602449718056
8884.204458171062,0.027639938109506913
8917.221364951194,0.011292219739693125
8950.238271731327,-0.0032912691332752098
8983.25517851146,-0.01600053476635823
9016.272085291592,-0.026837258813044454
9049.288992071724,-0.03591304947982713
9082.305898851859,-0.04330324652980128
9115.322805631993,-0.04910275199741207
9148.339712412126,-0.05355230161739358
9181.356619192258,-0.05668897661779833
9214.37352597239,-0.058657843465870316
9247.390432752523,-0.059593911600047886
9280.407339532656,-0.05962268375841269
9313.424246312788,-0.05882430923137415
9346.441153092921,-0.057300868160449964
9379.458059873054,-0.055129959050105364
9412.474966653186,-0.05240554302715153
9445.491873433319,-0.04918401947637943
9478.508780213453,-0.04553526755820795
9511.525686993587,-0.04153442361574248
9544.54259377372,-0.037199254994493655
9610.576407333985,-0.02782679614581545
9643.593314114118,-0.022875277536524068
9676.61022089425,-0.017788381134243914
9742.644034454517,-0.00741184450471292
9775.660941234652,-0.002186770698414209
9808.677848014784,0.0030101485156829835
9874.71166157505,0.013186617340117663
9907.728568355182,0.01810177744493981
9940.745475135314,0.022854551775959034
9973.762381915447,0.027418238091607254
10006.779288695581,0.03175682784753565
10039.796195475716,0.03582845686282648
10072.813102255848,0.039624681661702785
10105.83000903598,0.04306868030877421
10138.846915816113,0.046168298691649394
10169.660432909943,0.048693934029244
10200.47395000377,0.0508374981159592
10231.287467097598,0.05257994838974603
10262.100984191427,0.05386300412152496
10292.914501285257,0.054676945722998624
10323.728018379084,0.05495692913594774
10354.541535472912,0.05470870041830841
10385.355052566742,0.05384746238855072
10416.168569660571,0.0523210568783177
10446.982086754399,0.0501907915124493
10477.795603848226,0.04726030145291077
10508.609120942056,0.04355583362938384
10539.422638035885,0.039143843278687945
10570.236155129713,0.03371036780520555
10601.04967222354,0.027458575337557065
10631.86318931737,0.020358810059687208
10662.6767064112,0.012034004274187493
10693.490223505027,0.0029761576179383187
10724.303740598854,-0.007057416734856117
10755.117257692684,-0.01833784640849927
10785.930774786513,-0.030032585576408432
10816.74429188034,-0.04265614211651462
10878.371326067998,-0.06871259195833908
10909.184843161827,-0.08129400363384982
10939.998360255655,-0.09265385229551482
10970.811877349483,-0.10179526161138672
11001.625394443312,-0.10746085428309435
11032.438911537141,-0.10814489389290508
11063.252428630969,-0.10223525986429442
11094.065945724797,-0.08822546057658763
11124.879462818626,-0.06524915115988789
11155.692979912455,-0.03345858902301191
11186.506497006283,0.004995782268072643
11217.32001410011,0.04648698252912134
11248.13353119394,0.08549623768339587
11278.94704828777,0.11657451415532169
11309.760565381597,0.13546208747718852
11340.574082475425,0.1403992098536216
11371.387599569254,0.13231844030722856
11402.201116663084,0.11419740390304291
11433.014633756911,0.08965019500446911
11463.828150850739,0.062390171014870315
11494.641667944568,0.03519459660164744
11525.455185038398,0.009992279821189803
11556.268702132225,-0.012066554419422677
11587.082219226053,-0.030490617885154683
11617.895736319882,-0.04521103631629642
11648.709253413712,-0.05648325387209309
11679.52277050754,-0.06460608863709187
11710.336287601367,-0.06996528858836942
11741.149804695197,-0.07295641455932111
11771.963321789026,-0.07394559784883349
11802.776838882854,-0.07327865816530883
11833.590355976681,-0.07125434269229164
11864.40387307051,-0.06812250190144187
11895.21739016434,-0.06410598366466606
11926.030907258168,-0.059394360978121355
11956.844424351995,-0.054164448481976143
11987.657941445825,-0.04851849265520069
12018.471458539654,-0.042586290500217366
12049.284975633484,-0.03650138393601813
12110.91200982114,-0.024035124545128368
12144.305300493972,-0.01732731594851947
12177.698591166802,-0.010706429554852088
12244.48517251246,0.001992060066332162
12277.87846318529,0.008029330484248868
12311.271753858122,0.013735697776392407
12378.058335203783,0.024207279507658185
12411.451625876613,0.028894264744712815
12444.844916549444,0.033202180475099555
12478.238207222275,0.03708622163790411
12511.631497895105,0.04055906045631308
12545.024788567935,0.04357980999802852
12578.418079240764,0.04614605189431587
12611.811369913594,0.048240470465126806
12645.204660586425,0.04985229770151642
12678.597951259257,0.05097005465401978
12711.991241932086,0.051581740136833976
12745.384532604916,0.05168096287877564
12778.777823277745,0.05125232204666703
12812.171113950575,0.05030061755541045
12845.564404623407,0.0488015684502667
12878.957695296238,0.04676147417916289
12912.350985969068,0.044180755340439457
12945.744276641897,0.04100733530419852
12979.137567314729,0.037341733943801386
13012.53085798756,0.03308023582009792
13045.92414866039,0.028247802735500878
13079.31743933322,0.022942953453317295
13112.710730006049,0.01699348560132436
13179.49731135171,0.0037303100214445863
13212.890602024541,-0.003775015195892708
13246.28389269737,-0.011425731523892094
13313.07047404303,-0.02812642383561269
13346.46376471586,-0.036708734683045
13379.857055388691,-0.045574352196009395
13446.643636734352,-0.06239395907899702
13480.036927407182,-0.06999947407878086
13513.430218080013,-0.07672190747054454
13546.823508752845,-0.0819421181548256
13580.216799425674,-0.0852061491547077
13613.610090098504,-0.08572763287449336
13647.003380771333,-0.0827410432373734
13680.396671444163,-0.07530474935887681
13713.789962116995,-0.06250641188062295
13747.183252789826,-0.04353509296896303
13780.576543462656,-0.018057050045326817
13813.969834135485,0.013422603911440198
13847.363124808315,0.049157797002948124
13880.756415481144,0.08561110460170451
13914.149706153976,0.11760272672296485
13947.542996826807,0.13919473947848116
13980.936287499637,0.14542505214551255
14014.329578172466,0.13427668189322503
14047.722868845298,0.10764143040043864
14081.11615951813,0.070687072513242
14114.509450190959,0.030051244882050365
14147.902740863788,-0.008578652665915953
14181.296031536618,-0.041171640760055486
14214.689322209448,-0.06584037791990248
14248.08261288228,-0.08244841607962214
14280.866901623907,-0.0916408232746925
14313.651190365534,-0.09495349608890039
14346.435479107162,-0.09364135394575665
14379.21976784879,-0.08888953666206811
14412.004056590418,-0.08168343856235429
14444.788345332046,-0.07283847191099602
14477.572634073675,-0.06299496689755946
14510.356922815303,-0.05263953738789257
14543.141211556931,-0.04213816178819686
14575.92550029856,-0.0317612878255999
14608.709789040187,-0.02170532295701
14641.494077781816,-0.0121006055041516
14674.278366523444,-0.0030678289428002804
14707.062655265072,0.005339282712838313
14739.846944006698,0.01307112178572345
14772.631232748327,0.020152550502757126
14805.415521489955,0.026453178610831143
14838.199810231581,0.03214730153941324
14870.98409897321,0.03706294720391371
14903.768387714837,0.041337891426741304
14936.552676456466,0.04490574098766162
14969.336965198094,0.04781890183367345
15002.121253939722,0.05008982800201345
15034.90554268135,0.05172566100646536
15067.689831422978,0.05276670689323645
15100.474120164607,0.05321291357385751
15133.258408906235,0.0530997877750954
15166.042697647863,0.05244004897442621
15198.826986389491,0.05125756668525069
15231.61127513112,0.04957639738002974
15264.395563872746,0.04741293888667401
15297.179852614374,0.044796801220468724
15329.964141356002,0.04174347963247047
15362.748430097628,0.03828132654093434
15395.532718839257,0.034433955513611524
15428.317007580885,0.030217795825900506
15461.101296322513,0.02568057418736478
15493.885585064141,0.020787572778283442
15559.454162547398,0.010334835585432146
15592.238451289026,0.004710567863887689
15625.022740030654,-0.0010890112395196072
15690.59131751391,-0.013003986906408086
15821.728472480421,-0.0370499501173015
15854.51276122205,-0.04275545178825616
15887.297049963676,-0.048178753244896975
15920.081338705304,-0.05322420724068708
15952.865627446932,-0.05780403607973511
15985.64991618856,-0.06175392869241778
16018.434204930189,-0.06497394567458699
16051.218493671817,-0.06727039101761977
16084.002782413445,-0.0684549034827914
16116.787071155073,-0.06833943655360449
16149.571359896701,-0.06664923573362658
16182.35564863833,-0.0630964661988084
16215.139937379958,-0.0574794876069401
16247.924226121586,-0.04925856203134339
16280.708514863214,-0.03850470198299008
16313.49280360484,-0.0245441357810395
16346.277092346469,-0.0074528781316775174
16376.857991401794,0.011339741468135878
16407.438890457117,0.03265361250546327
16438.01978951244,0.055792547893442866
16468.600688567763,0.07957048337948247
16499.181587623087,0.10213895891633318
16529.76248667841,0.12094342914065564
16560.343385733733,0.1328857413741859
16590.924284789056,0.1347966531764194
16621.50518384438,0.12421992933458847
16652.086082899703,0.10050836217347875
16682.666981955026,0.06553675269163002
16713.24788101035,0.023545422918810927
16743.828780065673,-0.01965976239861905
16774.409679120996,-0.05849507758466296
16804.990578176323,-0.08891643400324004
16835.571477231646,-0.10869577747839115
16866.15237628697,-0.11813210312549584
16896.733275342296,-0.11847663895217156
16927.31417439762,-0.11181372559341277
16957.895073452943,-0.10023025830317496
16988.475972508266,-0.08560537410509836
17019.05687156359,-0.06944816798872062
17080.218669674236,-0.036699923949670143
17110.79956872956,-0.021415589764216703
17141.380467784882,-0.007346954356663651
17171.961366840205,0.0053520390986024685
17202.54226589553,0.016597276262796275
17233.12316495085,0.026399674157569723
17263.704064006175,0.034745916691564675
17294.2849630615,0.041706287235862845
17324.86586211682,0.04741649754716652
17355.446761172145,0.05195062663453164
17386.027660227468,0.05536139290565485
17416.60855928279,0.05774925611885075
17447.189458338114,0.059218715089172175
17477.770357393438,0.05984268669053009
17508.35125644876,0.05968625439238885
17538.932155504088,0.05883436270902572
17569.51305455941,0.057349387214377594
17600.093953614734,0.05529652411862464
17630.67485267006,0.05272196684192857
17661.255751725384,0.04969909430998876
17691.836650780708,0.046267517626335776
17722.41754983603,0.04247045140056261
17752.998448891354,0.038373646437887224
17814.160247002,0.029393251501874162
17844.741146057324,0.02459894813131314
17875.322045112647,0.019651263263321426
17936.483843223294,0.009441792300878207
18058.807439444587,-0.01128262401625257
18089.38833849991,-0.016338194789030275
18119.969237555233,-0.02126734122758064
18181.13103566588,-0.03066414772092456
18211.711934721203,-0.03502776552698455
18242.292833776526,-0.03915054453793547
18272.873732831853,-0.043003127891670025
18303.454631887176,-0.04648698193123737
18336.615304521503,-0.04986564041541266
18369.775977155827,-0.052774646256416195
18402.936649790154,-0.05510192053079562
18436.09732242448,-0.05685426952693658
18469.257995058804,-0.05792432337437772
18502.41866769313,-0.058275288604492784
18535.57934032746,-0.05780272329448437
18568.74001296178,-0.05648084313516434
18601.900685596105,-0.05416829631349694
18635.061358230432,-0.05084142285966601
18668.22203086476,-0.046380907213769765
18701.382703499083,-0.0406867384987206
18734.543376133406,-0.03372149469739033
18767.704048767733,-0.025403174372337904
18800.86472140206,-0.015567103988730922
18834.025394036384,-0.004423079896009132
18867.186066670707,0.008407929805193918
18900.346739305034,0.022301982606342988
18966.668084573685,0.053601352148005904
18999.828757208008,0.06994958837460237
19032.989429842335,0.08569668255304308
19066.150102476662,0.09958163164042991
19099.310775110986,0.10997583464177473
19132.47144774531,0.1147395288235466
19165.632120379636,0.11150126100029106
19198.792793013963,0.0979540418880592
19231.953465648287,0.07270996147092496
19265.11413828261,0.03622715064027814
19298.274810916937,-0.008261618622529575
19331.435483551264,-0.05475404309979154
19364.596156185587,-0.09590931328207385
19397.75682881991,-0.12505759608470146
19430.917501454238,-0.13843800434282238
19464.078174088565,-0.13593553284589766
19497.23884672289,-0.12057728268674679
19530.399519357212,-0.09675726391909185
19563.56019199154,-0.06892673060181116
19596.720864625866,-0.040534248334561575
19629.88153726019,-0.01409405772773327
19663.042209894513,0.009123894926246772
19696.20288252884,0.028489486792310947
19729.363555163167,0.04390294253510394
19762.52422779749,0.05558652580596283
19795.684900431814,0.06390591608534348
19828.84557306614,0.06927944406312216
19862.006245700468,0.07213026719017114
19895.16691833479,0.07285974114290063
19928.327590969115,0.07182782109516697
19961.48826360344,0.06935158407163788
19994.64893623777,0.06570201479792986
20027.809608872092,0.061138843451574165
20060.970281506416,0.05580420944057546
20094.130954140743,0.04997742125098504
20160.452299409393,0.037148280659170925
20193.612972043717,0.03035053592403744
20226.773644678044,0.023573036114654944
20293.094989946694,0.009982142274197962
20326.25566258102,0.0033264574264074524
20359.41633521535,-0.0030971433839129666
20425.737680484,-0.015254888799645858
20456.69496343202,-0.020527273034685593
20487.652246380043,-0.02548264626225609
20518.609529328063,-0.030126746189972874
20549.566812276084,-0.03440853353725108
20580.524095224104,-0.038328611211866016
20611.481378172124,-0.0418453313327903
20642.438661120144,-0.04495853989666467
20673.395944068165,-0.04763673185471404
20704.353227016185,-0.04986865396872644
20735.310509964205,-0.05163276012014724
20766.26779291223,-0.05291926163455205
20797.22507586025,-0.05370713047927746
20828.18235880827,-0.053987267561247866
20859.139641756294,-0.05373918006227181
20890.096924704314,-0.05296072929230235
20921.054207652334,-0.05161884814466455
20952.011490600355,-0.04973461061942633
20982.968773548375,-0.04726473255087234
21013.9260564964,-0.04420685479395695
21044.88333944442,-0.040598218002074665
21075.84062239244,-0.03633066015843256
21106.797905340463,-0.03151472299891363
21137.755188288484,-0.026120803623982447
21168.712471236504,-0.02001771456136574
21199.669754184524,-0.013480738391520244
21230.627037132545,-0.006290843726025957
21292.541603028585,0.009602479646475143
21323.498885976605,0.018312582675831107
21354.456168924626,0.02725421337859857
21416.37073482067,0.04595473184167492
21447.32801776869,0.055424609118905045
21478.285300716714,0.06443147303935715
21509.242583664734,0.07298792700316258
21540.199866612755,0.08050498899551561
21571.157149560775,0.08660762054623997
21602.114432508795,0.0906321618160509
21633.071715456816,0.09188456482911124
21664.028998404836,0.08949559098466786
21694.986281352856,0.0825420160341921
21725.943564300876,0.07012080932519338
21756.9008472489,0.051403642560349475
21787.85813019692,0.02615948772131122
21818.81541314494,-0.005139501796565395
21849.772696092965,-0.04072375626258637
21880.729979040985,-0.07745040761923402
21911.687261989005,-0.11074213171326919
21942.644544937026,-0.13529191373319535
21973.601827885046,-0.1466427962891201
22004.55911083307,-0.1424720818564475
22035.51639378109,-0.12358121938940966
22066.47367672911,-0.0935644315348799
22097.430959677135,-0.05757652833506726
22128.388242625155,-0.0205577682388935
22159.345525573175,0.013331279091087566
22190.302808521195,0.04173391200822606
22221.260091469216,0.06356794987475348
22252.217374417236,0.07883090135047918
22283.174657365256,0.0881141679498409
22314.131940313277,0.09230741378452734
22345.089223261297,0.0923780859098659
22376.04650620932,0.08924346346545496
22407.00378915734,0.0837098690065177
22437.352070174158,0.07660942992261185
22467.70035119098,0.0683732917732807
22498.048632207796,0.05941837473432818
22528.396913224613,0.05007348587419793
22558.745194241434,0.040594808502849924
22589.09347525825,0.031190816098210884
22649.79003729189,0.013101533815620788
22680.13831830871,0.004660137718329804
22710.486599325526,-0.00334178380754244
22740.834880342343,-0.010759294336892508
22771.183161359164,-0.017694672087573624
22801.531442375985,-0.023967700920284288
22831.8797233928,-0.02973770116603261
22862.22800440962,-0.034820579696456896
22892.57628542644,-0.039386759183885026
22922.92456644326,-0.043291906331843655
22953.272847460077,-0.04664135972080721
22983.621128476894,-0.04936144259829291
23013.969409493715,-0.051540107370408414
23044.317690510536,-0.05312328159894307
23074.665971527353,-0.054158782073244455
23105.01425254417,-0.05464050364385084
23135.36253356099,-0.054591768646408426
23165.71081457781,-0.054021009183134544
23196.059095594628,-0.05294569559871756
23226.407376611445,-0.05137877863454257
23256.755657628266,-0.04933803411356601
23287.103938645083,-0.046838449549148696
23317.4522196619,-0.04389712335519965
23347.80050067872,-0.040536129912809096
23378.148781695538,-0.03675706994774221
23408.497062712355,-0.03262432304105152
23438.845343729176,-0.02811450624855104
23499.54190576281,-0.018106052953913133
23529.89018677963,-0.012668207692595999
23560.238467796447,-0.0069265750527942125
23620.935029830085,0.00505465364673951
23651.283310846906,0.011360175695527623
23681.631591863723,0.01769535650657751
23742.32815389736,0.03050719481512052
23772.67643491418,0.036833183558655266
23803.024715931,0.042940296638613956
23833.372996947815,0.048927589676758886
23863.721277964636,0.05456284497782614
23894.069558981457,0.059644409473776146
23924.417839998274,0.064263951738495
23954.76612101509,0.06813216911659285
23985.11440203191,0.07103709387381252
24015.462683048732,0.07291503216452667
24045.81096406555,0.07334410989795309
24076.159245082366,0.07231173478800865
24106.507526099187,0.06939609458581264
24136.855807116008,0.06404445407696299
24167.204088132825,0.056436318668522126
24197.552369149642,0.045856105067944714
24227.900650166463,0.0321268405833602
24258.24893118328,0.015057776835495598
24288.597212200097,-0.0053464499492450815
24318.945493216917,-0.028762396115285763
24349.293774233734,-0.05436625992316382
24382.221828829555,-0.0828638075829097
24415.149883425373,-0.10938331569533044
24448.077938021193,-0.12971079371069927
24481.005992617014,-0.13940054763275259
24513.934047212835,-0.13443465938868415
24546.862101808656,-0.11308256962545808
24579.790156404477,-0.07714148668055956
24612.718211000298,-0.031934188416628095
24645.64626559612,0.015053821386352759
24678.57432019194,0.05687002187316366
24711.502374787757,0.08861018743504179
24744.430429383578,0.10819151714954578
24777.3584839794,0.11634228472222755
24810.286538575216,0.11493215108240824
24843.214593171037,0.10644850763124197
24876.142647766857,0.09328649036071504
24909.07070236268,0.07744260803383968
24941.9987569585,0.06044559764177444
24974.92681155432,0.04338994540280247
25007.85486615014,0.02701269753723112
25040.78292074596,0.011780647787803598
25073.710975341783,-0.00203233215404924
25106.6390299376,-0.014298892607464635
25139.56708453342,-0.024980017930137505
25172.49513912924,-0.034094536431395234
25205.42319372506,-0.0417050653748096
25238.35124832088,-0.04788940371948279
25271.2793029167,-0.05274728171654412
25304.20735751252,-0.05626155199520322
25337.135412108342,-0.05872400710721575
25370.063466704163,-0.06005388003164716
25402.991521299984,-0.060435851365257975
25435.919575895805,-0.0599139924316675
25468.847630491626,-0.05857995165936355
25501.775685087447,-0.05651900768047065
25534.703739683267,-0.053784292431127846
25567.63179427909,-0.050466896100121214
25600.55984887491,-0.04660980579053112
25633.487903470726,-0.04229205303864804
25666.415958066547,-0.0375606364017233
25699.34401266237,-0.032477195784645634
25732.272067258185,-0.027096646902613312
25798.128176449827,-0.015646002713690696
25929.84039483311,0.008584295142279827
25962.76844942893,0.01463252699644073
25995.696504024752,0.020562580706704747
26028.624558620573,0.026333560931254458
26061.552613216394,0.03191106394760899
26094.480667812215,0.03717236157371251
26127.408722408036,0.042144761082153495
26160.336777003853,0.046693656579163925
26193.264831599674,0.05079675473371768
26226.192886195495,0.054386175793395976
26259.120940791312,0.057337233145811115
26292.048995387133,0.05963578306064673
26324.977049982954,0.06114362931681876
26357.905104578775,0.06181295391214737
26390.833159174595,0.06148502132483813
26423.761213770416,0.06015027201639296
26456.689268366237,0.05754789709234704
26487.413933275755,0.054085609585381916
26518.13859818527,0.04925816185255438
26548.863263094783,0.04325150311939202
26579.5879280043,0.035710251569026914
26610.31259291382,0.026742389905240863
26641.037257823333,0.01619777355656485
26671.761922732847,0.003979495196336544
26702.486587642365,-0.009631944276625032
26733.211252551882,-0.024932524201584205
26763.935917461396,-0.04119976172832214
26794.66058237091,-0.05841112306883001
26825.38524728043,-0.0757111635593095
26856.109912189946,-0.09215453171349586
26886.83457709946,-0.10638745442317936
26917.559242008974,-0.11659180054236604
26948.283906918492,-0.12063228408488186
26979.00857182801,-0.11624236387601587
27009.733236737524,-0.10150386286472055
27040.457901647038,-0.07554028034575994
27071.182566556556,-0.03922713794370071
27101.907231466073,0.004105638937642657
27132.631896375588,0.04896541462230776
27163.3565612851,0.08905455127842637
27194.08122619462,0.11882429198585773
27224.805891104137,0.13496514258093725
27255.53055601365,0.13721776586051218
27286.255220923165,0.12751352134004698
27316.979885832683,0.1091661414815081
27347.7045507422,0.08574226115710962
27378.429215651715,0.06024715381950435
27409.15388056123,0.035088945105102326
27439.878545470747,0.011759055562103458
27470.603210380264,-0.008882821498669521
27501.32787528978,-0.026411909112570672
27532.052540199293,-0.04076675025925354
27562.77720510881,-0.052071975529572184
27593.50187001833,-0.06056409266778015
27624.226534927842,-0.06654369517783776
27654.951199837356,-0.07028264982875757
27685.675864746874,-0.07208222559793397
27716.400529656392,-0.07222841667677052
27747.125194565906,-0.07097334751743585
27777.84985947542,-0.06852655117493492
27808.574524384938,-0.06509766783623747
27839.299189294456,-0.06083745717674052
27870.02385420397,-0.05592404450189875
27900.748519113484,-0.050501975838777066
27931.473184023,-0.04465255667466308
27962.19784893252,-0.03851419455412537
27992.922513842033,-0.0321356301363077
28054.371843661065,-0.0191021930941375
28085.096508570583,-0.012541372026126594
28115.821173480097,-0.0060681913406533585
28177.27050329913,0.0065172427953503215
28207.995168208647,0.012501277652812314
28238.71983311816,0.018275474674580683
28269.444498027675,0.023733661611400766
28300.169162937193,0.02889365741581466
28330.89382784671,0.03369488443468299
28361.618492756228,0.038115332492416484
28392.343157665746,0.042126645082687035
28423.06782257526,0.04569882540477819
28456.372261063778,0.04904675227633569
28489.676699552292,0.05181761923532835
28522.98113804081,0.05397595951072941
28556.285576529328,0.05549613240118529
28589.590015017846,0.05634350494368827
28622.894453506364,0.056495322235906774
28656.19889199488,0.05590427883927932
28689.5033304834,0.0545904640945602
28722.807768971918,0.05248260193940482
28756.112207460435,0.04951929590881298
28789.416645948953,0.04582629715381792
28822.72108443747,0.04121892192563058
28856.02552292599,0.03576941509596859
28889.329961414507,0.029485803980498028
28922.634399903025,0.022170305943388393
28955.938838391543,0.014248138819300976
28989.24327688006,0.005256160230060928
29022.54771536858,-0.004314309567538126
29089.156592345615,-0.02574000149961514
29122.461030834133,-0.037334538516526836
29155.76546932265,-0.04895469997030513
29189.06990781117,-0.060702626139521584
29222.374346299686,-0.07180856293618937
29255.678784788204,-0.08199683072299195
29288.983223276722,-0.09033054975927289
29322.28766176524,-0.09598677659839785
29355.592100253758,-0.097760019540155
29388.896538742276,-0.09430643026521768
29422.200977230794,-0.08418694500752895
29455.50541571931,-0.06607979775488293
29488.80985420783,-0.039281462569231346
29522.114292696348,-0.004311246100427201
29555.418731184865,0.0366599081567815
29588.723169673383,0.07900457835141458
29622.0276081619,0.11597674091650062
29655.33204665042,0.1406742372115749
29688.636485138937,0.14802315927551898
29721.940923627455,0.13681705530061908
29755.245362115973,0.11003279458405378
29788.54980060449,0.07378456090083696
29821.85423909301,0.03437701609720192
29855.158677581527,-0.002820999095537853
29888.463116070045,-0.03425840498326543
29921.767554558563,-0.05858896265696903
29955.07199304708,-0.07561180554460306
29988.376431535595,-0.08595135407535018
30021.680870024113,-0.09063721429487859
30054.98530851263,-0.09076474496523729
30088.289747001145,-0.08738993301050821
30121.594185489663,-0.08139910875147448
30154.89862397818,-0.07355381490426473
30188.2030624667,-0.06447105586216623
30221.507500955217,-0.054637290541980174
30288.116377932252,-0.03408024827277545
30321.42081642077,-0.02385136233106548
30354.72525490929,-0.014052039320337573
30388.029693397806,-0.004522095106653494
30421.334131886324,0.004310638830345565
30454.638570374842,0.012696973065956645
30487.94300886336,0.02027834363333393
30521.247447351878,0.027295218075077593
30554.551885840396,0.03347326928068983
30587.24732239771,0.03891612969143269
30619.942758955025,0.04355578271768254
30652.638195512343,0.0475290109221458
30685.333632069658,0.05072753187141024
30718.029068626973,0.05323382689487745
30750.72450518429,0.054998668100323736
30783.419941741606,0.056065755179869135
30816.11537829892,0.05642545436546674
30848.810814856235,0.056098391050128336
30881.50625141355,0.05509743973743606
30914.201687970864,0.05343455726362493
30946.89712452818,0.05113207469128794
30979.592561085494,0.048202519674558734
31012.28799764281,0.044678402393642416
31044.983434200127,0.040560792831292776
31077.67887075744,0.03590649441228315
31110.374307314756,0.03071574071920323
31143.069743872074,0.025012948649062693
31208.460616986704,0.012295587477441135
31241.15605354402,0.005383517313466867
31273.851490101333,-0.001880909941229603
31339.242363215963,-0.01711926292680185
31371.937799773277,-0.025021485650419728
31404.633236330592,-0.032849227471231514
31437.32867288791,-0.04062190986865257
31470.024109445225,-0.04825706788659065
31502.71954600254,-0.055382266056568506
31535.414982559858,-0.06208976915022364
31568.110419117173,-0.06791236255796328
31600.805855674487,-0.07280093252714817
31633.501292231802,-0.07631224936796036
31666.196728789117,-0.07815777196764084
31698.892165346435,-0.07794087754917066
31731.58760190375,-0.07510446021831767
31764.283038461064,-0.06927444262329491
31796.978475018383,-0.059748638245512
31829.673911575697,-0.04614886010246902
31862.369348133012,-0.027958173277149626
31895.064784690327,-0.005185345705052136
31927.76022124764,0.021995842522962203
31960.45565780496,0.05232568543851575
31993.151094362274,0.08364356185173327
32025.84653091959,0.11240408244364798
32058.541967476907,0.13394166427573984
32091.237404034222,0.1432361899007639
32123.932840591537,0.13642010575252306
32156.62827714885,0.1124401444891194
32189.323713706166,0.07416082709008391
32222.019150263484,0.027867567931322383
32254.7145868208,-0.01890401474370108
32287.410023378114,-0.05908726780958411
32320.105459935432,-0.08897984171419918
32352.800896492747,-0.107208024840384
32385.49633305006,-0.11446249004139299
32418.191769607376,-0.11283198484755619
32450.88720616469,-0.10458363622922247
32483.582642722005,-0.09201442372694724
32516.27807927932,-0.07682645729206447
32548.973515836635,-0.06046654009845773
32581.66895239395,-0.04393725424035634
32647.059825508582,-0.012965730513533566
32677.55187237959,-0.000030799244389094656
32708.043919250602,0.011590767784725411
32738.535966121613,0.02183834913760279
32769.028012992625,0.030971271421502
32799.52005986364,0.03869893150163611
32830.01210673465,0.045195834904670905
32860.50415360566,0.05053119133706752
32890.99620047667,0.0546954168983673
32921.48824734768,0.05780986918098869
32951.980294218694,0.05992469818249104
32982.472341089706,0.06108380813534455
33012.96438796072,0.06139620626640422
33043.45643483173,0.06088671413186697
33073.94848170274,0.05963223426624454
33104.440528573745,0.057693838783671396
33134.93257544476,0.055115454407517216
33165.42462231577,0.05196892970539386
33195.91666918677,0.04829460708224453
33226.408716057784,0.04414956745122936
33256.900762928795,0.03958141109932907
33287.39280979981,0.03465048912024432
33317.88485667082,0.029380878273735547
33378.86895041284,0.018074029003528492
33409.36099728385,0.012122769009475311
33439.853044154865,0.0060304097052982855
33500.83713789689,-0.006367567745849527
33622.805325380934,-0.030619350041509084
33653.297372251945,-0.0363118573122556
33683.78941912296,-0.04161349466138146
33714.28146599397,-0.04662897972268286
33744.77351286498,-0.05126195915934885
33775.26555973599,-0.055331920154700176
33805.757606607,-0.05886986067097814
33836.24965347801,-0.061770187769011886
33866.74170034902,-0.06389379842993845
33897.23374722003,-0.06520670912719419
33927.725794091035,-0.06554274393995596
33958.21784096205,-0.06486496411234394
33988.70988783306,-0.06293032546892013
34019.20193470407,-0.059810912260910315
34049.69398157508,-0.05513116454638749
34080.18602844609,-0.04899426428146459
34110.678075317104,-0.04107788429192588
34141.170122188116,-0.03135614047616664
34171.66216905913,-0.019793824373264386
34202.15421593014,-0.006097031669898762
34232.64626280115,0.009219955101888694
34263.13830967216,0.026596455324424517
34293.63035654317,0.04510848717648351
34324.122403414185,0.06455388789359834
34354.6144502852,0.08383867862884997
34385.10649715621,0.1016104018280573
34415.59854402722,0.11595320960101949
34446.09059089823,0.12460553571883246
34476.58263776924,0.12493197042057749
34507.074684640254,0.11454648716094978
34537.566731511266,0.09211211442733531
34568.05877838227,0.05794140473370362
34598.55082525328,0.015080269542721
34631.62264570329,-0.03515512665998838
34664.694466153305,-0.08104808126672533
34697.76628660332,-0.11526890010050059
34730.838107053336,-0.13362116948095193
34763.90992750335,-0.1358059096254724
34796.98174795336,-0.12461037294718016
34830.05356840337,-0.10424950163630388
34863.12538885338,-0.07891011354053734
34896.1972093034,-0.05203990174870996
34929.26902975341,-0.026101310396375393
34962.34085020343,-0.0025999290163497
34995.41267065344,0.01768694788170331
35028.484491103445,0.03448282175042751
35061.55631155346,0.04782019532108857
35094.628132003476,0.057941805837251135
35127.69995245349,0.06506824936209275
35160.77177290351,0.06971315868320949
35193.843593353515,0.07196998006537807
35226.91541380352,0.07230463204576852
35259.98723425354,0.07098189334055494
35293.05905470355,0.06825603743210054
35326.13087515357,0.06437442694060547
35359.202695603584,0.05951410890334028
35392.27451605359,0.05389143824008626
35425.3463365036,0.04766781174314602
35458.418156953616,0.04097319031968817
35524.56179785365,0.02667466236101707
35656.84907965369,-0.0027932101973155163
35689.92090010371,-0.009847982561053528
35722.99272055372,-0.01665458430056723
35756.064541003725,-0.023144926977481693
35789.13636145374,-0.02925631396235786
35822.208181903756,-0.0349432970011205
35855.28000235377,-0.04015011337164336
35888.35182280379,-0.04483123379819006
35921.423643253795,-0.0489367426439908
35954.4954637038,-0.052424805980599204
35987.56728415382,-0.05524564684980307
36020.63910460383,-0.057355782881620423
36053.71092505385,-0.05871606354000945
36086.782745503864,-0.0592770645851884
36119.85456595387,-0.059000436867509776
36152.92638640388,-0.057844868994713236
36185.998206853896,-0.05577798626302009
36219.07002730391,-0.05271866528369989
36252.14184775392,-0.04873394346029501
36285.21366820393,-0.043628153989263924
36318.28548865394,-0.03758698892442
36351.35730910396,-0.030395484926817005
36384.42912955397,-0.022135187132722094
36417.50095000399,-0.012886141993545116
36450.572770454,-0.002396317318445128
36483.644590904005,0.008765609015018206
36516.71641135402,0.021077518581796708
36582.86005225405,0.047208655445254565
36615.931872704066,0.06044224868223391
36649.003693154074,0.07346693703836671
36682.07551360408,0.0851922282042273
36715.1473340541,0.09497631558485031
36746.01576481781,0.10119794272697943
36776.884195581515,0.10343221708232105
36807.752626345224,0.10037468905752187
36838.62105710893,0.09060596358347286
36869.48948787264,0.07291944000233425
36900.35791863635,0.04665323390125212
36931.22634940006,0.012333010403612892
36962.09478016377,-0.027844940503557018
36992.963210927475,-0.06972789641150806
37023.831641691184,-0.1075813254295885
37054.70007245489,-0.13537904600338438
37085.5685032186,-0.1483268556860839
37116.43693398231,-0.14458440854227347
37147.30536474602,-0.12579278027807161
37178.17379550973,-0.09612293435520675
37209.042226273436,-0.06080370916201308
37239.910657037144,-0.024872390212252748
37270.77908780085,0.00806365509860831
37301.64751856456,0.035928758305163094
37332.51594932827,0.05774364522349289
37363.38438009198,0.07349341477188212
37394.25281085569,0.08364720464731187
37425.121241619396,0.08896118854565355
37455.989672383104,0.09025568334414154
37486.85810314681,0.08832643339810992
37517.72653391052,0.08388874084238808
37548.59496467423,0.07757266417295615
37579.46339543794,0.06984893251584601
37610.33182620165,0.061193152943466333
37641.200256965356,0.0520009122037659
37702.937118492766,0.03271071416829312
37733.805549256474,0.023125618850184788
37764.673980020176,0.01374196472348168
37795.542410783884,0.004752167939517646
37826.41084154759,-0.0038578123747291283
37857.2792723113,-0.011951332577114988
37888.14770307501,-0.019453774501500987
37919.01613383872,-0.02641231225136227
37949.88456460243,-0.032685254924454274
37980.752995366136,-0.038349419976639695
38011.621426129845,-0.04329417954348325
38042.48985689355,-0.047577734572342184
38073.35828765726,-0.05114177155008211
38104.22671842097,-0.05400623610997663
38135.09514918468,-0.05615961148885269
38165.96357994839,-0.05760328493265756
38196.832010712096,-0.05833945618291455
38227.700441475805,-0.05837690141467496
38258.56887223951,-0.057718382644344604
38289.43730300322,-0.05637330578093487
38320.30573376693,-0.05435527012633701
38351.17416453064,-0.0516662160880839
38382.04259529435,-0.048347078532122445
38412.91102605806,-0.04438550262321854
38443.779456821765,-0.03981890198278643
38474.647887585474,-0.03467602712593881
38505.51631834918,-0.028931959748537475
38567.2531798766,-0.015988460663546207
38598.12161064031,-0.008825739577523837
38628.99004140402,-0.001293803307522288
38690.726902931434,0.014819440255154142
38724.175107274146,0.023849573053534162
38757.62331161686,0.0331355532154021
38791.07151595957,0.042134437261643315
38824.519720302276,0.05106134272878051
38857.96792464498,0.05943087184255161
38891.416128987694,0.06716459500900458
38924.864333330406,0.07378780126054624
38958.31253767312,0.07902826238779112
38991.76074201583,0.08232688454934625
39025.208946358536,0.08323245284902045
39058.65715070124,0.08097133384473883
39092.105355043954,0.07506115595602744
39125.553559386666,0.0645171089358609
39159.00176372938,0.04884425708615004
39192.44996807209,0.027471535680656137
39225.898172414796,0.00042728473745262674
39259.3463767575,-0.03153611118867993
39292.794581100214,-0.0663513619623114
39326.242785442926,-0.10040599412734934
39359.69098978564,-0.12849611316292828
39393.13919412835,-0.14460274462075628
39426.587398471056,-0.14358921994948842
39460.03560281376,-0.12340221569114243
39493.48380715647,-0.08649539568350498
39526.932011499186,-0.03946925555125625
39560.3802158419,0.009032906852864153
39593.82842018461,0.05171465296260902
39627.276624527316,0.08392188201114764
39660.72482887002,0.1040185999779206
39694.17303321273,0.11268127326359534
39727.621237555446,0.1120053137217143
39761.06944189816,0.10437882645708528
39794.51764624087,0.0920806823621373
39827.96585058358,0.07696748247554307
39861.414054926296,0.06050984174512092
39894.862259269,0.043767143588383385
39928.310463611706,0.02748113378953174
39961.75866795442,0.012186370734182866
39995.20687229713,-0.0019583684716264274
40028.65507663984,-0.014576091205528318
40062.103280982556,-0.02563532391252383
40095.55148532526,-0.03525413666412335
40128.999689667966,-0.04330061842719197
40162.44789401068,-0.049833988023558415
40195.89609835339,-0.05494676307471082
40229.3443026961,-0.058731771425144325
40262.792507038816,-0.061223354432709994
40296.24071138152,-0.06250404556213297
40329.688915724226,-0.06268623962162245
40363.13712006694,-0.061827931665150715
40396.58532440965,-0.060008486942019185
40430.03352875236,-0.05730647459209251
40463.481733095075,-0.053806994928670325
40496.92993743778,-0.049565981722184925
40530.378141780486,-0.04467358125131239
40563.8263461232,-0.03919780735795136
40597.27455046591,-0.03319939202671504
40630.72275480862,-0.026767732865663443
40697.61916349404,-0.012858988346582396
40831.41198086488,0.01702594435257534
40864.25118327639,0.02431620362047275
40897.0903856879,0.031474666067309025
40929.9295880994,0.03827074687620237
40962.76879051091,0.04476724845334569
40995.60799292242,0.05074171613695
41028.44719533392,0.056137086914693934
41061.28639774543,0.06083795145781895
41094.12560015694,0.06462646120041539
41126.96480256845,0.06745158059099865
41159.80400497996,0.06907268246281627
41192.64320739147,0.06937580050479378
41225.48240980298,0.0680659597107616
41258.32161221449,0.06509756537747935
41291.160814626,0.060018250748090474
41324.0000170375,0.05292330433947208
41356.83921944901,0.04317074819244329
41389.67842186052,0.031118086794184822
41422.51762427202,0.01599312805312783
41455.35682668353,-0.0014852035380813547
41488.19602909504,-0.021799255725532103
41521.03523150655,-0.044038309640073325
41553.874433918056,-0.06748683754959778
41586.713636329565,-0.09050586335025894
41619.552838741074,-0.11087829403222448
41652.39204115258,-0.12551301901091544
41685.23124356409,-0.13081171818719387
41718.070445975594,-0.12318981079141698
41750.9096483871,-0.10034013124950454
41783.74885079861,-0.06279369918401786
41816.588053210115,-0.014492371937311375
41849.427255621624,0.03693636450632256
41882.26645803313,0.08285438574309575
41915.10566044464,0.11618893529221327
41947.94486285615,0.1333697577507445
41980.78406526765,0.13463989155809566
42013.62326767916,0.1230780760555042
42046.46247009067,0.10285902864239684
42079.30167250217,0.07796916822531304
42112.14087491368,0.051663067311797164
42144.98007732519,0.02620456052723004
42177.8192797367,0.003034402226400737
42210.65848214821,-0.01710244479842025
42243.49768455972,-0.03390686804856864
42276.33688697123,-0.04737782236315592
42309.17608938274,-0.057686191608095835
42342.01529179425,-0.0651139857461248
42374.85449420575,-0.06989298816440045
42407.69369661726,-0.07242568482602538
42440.53289902877,-0.07293820758801611
42473.37210144027,-0.07173591575344936
42506.21130385178,-0.06906908671149867
42539.05050626329,-0.06517069162377963
42571.8897086748,-0.06025447957485658
42604.728911086306,-0.05446224167282677
42637.568113497815,-0.048008491827446285
42670.407315909324,-0.04106179437639652
42703.24651832083,-0.03365886724469649
42736.08572073234,-0.026024965176205752
42801.76412555535,-0.0103502051790084
42834.60332796686,-0.0025382696758681276
42867.442530378365,0.005188013742682759
42933.12093520138,0.019922254895917438
42963.756747926585,0.026355034077961047
42994.39256065179,0.032423206651094064
43025.02837337699,0.0380746175762691
43055.66418610219,0.04326312717975972
43086.299998827395,0.04793014969290588
43116.9358115526,0.052037735247534446
43147.5716242778,0.05550355665441219
43178.20743700301,0.05831861792000037
43208.84324972822,0.06040774944855745
43239.47906245342,0.061733507484177566
43270.114875178624,0.06224405609597199
43300.75068790383,0.06189016638750232
43331.38650062903,0.060638833216072066
43362.02231335423,0.058380787221893035
43392.658126079434,0.0552076699490609
43423.293938804636,0.05094071822388101
43453.92975152984,0.045552303621566675
43484.56556425504,0.03918585400748896
43515.20137698024,0.03152854224844194
43545.837189705446,0.02284223249736948
43576.47300243065,0.013000734352144824
43607.10881515585,0.001998011597650357
43637.74462788105,-0.00989074561295442
43668.38044060626,-0.022927307549120014
43699.01625333147,-0.03633013985118729
43729.652066056675,-0.0504774594222801
43760.28787878188,-0.0644061983645082
43790.92369150708,-0.07798939609557176
43821.55950423228,-0.09023994523878918
43852.195316957484,-0.10030054401869194
43882.83112968269,-0.10690525458292427
43913.46694240789,-0.1086200537711933
43944.10275513309,-0.10384340211066123
43974.738567858294,-0.09100506359040395
44005.3743805835,-0.06898563281328397
44036.0101933087,-0.03765980672896965
44066.6460060339,0.0015951494303520324
44097.281818759104,0.045337745434384936
44127.917631484306,0.08800236601513813
44158.553444209516,0.12297277507935367
44189.189256934726,0.14446649598677425
44219.82506965993,0.14926140299708007
44250.46088238513,0.1376062327308333
44281.09669511033,0.11282040989763575
44311.732507835535,0.07992780677269895
44342.36832056074,0.04414471067886906
44373.00413328594,0.009728811874801235
44403.63994601114,-0.020668326824857874
44434.275758736345,-0.045568834862568165
44464.91157146155,-0.06463091993790701
44495.54738418675,-0.0778067758421778
44526.18319691196,-0.08592099493791044
44556.81900963717,-0.08961547456305466
44587.45482236237,-0.08967830557243284
44618.090635087574,-0.08682390319446279
44648.726447812776,-0.0816947389070133
44679.36226053798,-0.0748541536378013
44709.99807326318,-0.06673382615507287
44740.63388598838,-0.05777368299697434
44771.269698713586,-0.0483208157144155
44893.8129496144,-0.009314073851521209
44927.02853591861,0.0005831382168029454
44960.24412222281,0.009925369764293913
44993.459708527014,0.018699481527535908
45026.67529483122,0.026728230800648574
45059.89088113543,0.03396950035251414
45093.10646743963,0.040440868330416845
45126.32205374384,0.04602778229895452
45159.537640048045,0.050762504558407924
45192.75322635225,0.05458573544205041
45225.96881265646,0.05749602367760135
45259.18439896066,0.05948462160894415
45292.39998526486,0.06054110790252105
45325.61557156907,0.06066699410610203
45358.83115787327,0.05986468751182498
45392.046744177474,0.05813673610883136
45425.26233048168,0.055503590024578435
45458.47791678589,0.0519579537364757
45491.69350309009,0.04755350255448177
45524.9090893943,0.04228223888576249
45558.124675698506,0.03616795051930583
45591.34026200271,0.029322268534939376
45624.55584830692,0.02165107771831083
45690.98702091532,0.004468688887333183
45724.20260721953,-0.0050487183404050884
45757.41819352373,-0.01482429004136095
45823.84936613214,-0.035327434140393625
45857.06495243635,-0.045578236647386625
45890.28053874055,-0.05561881891844997
45923.49612504476,-0.06490088910669271
45956.711711348966,-0.0733752298252616
45989.92729765317,-0.08033683566009708
46023.14288395738,-0.08542495375287952
46056.358470261584,-0.08792845556941613
46089.57405656579,-0.08703835597333473
46122.78964287,-0.0821131881100038
46156.0052291742,-0.07201360046565135
46189.2208154784,-0.05611502074270932
46222.43640178261,-0.0337076077037855
46255.651988086815,-0.004860563526861386
46288.86757439101,0.02960694189961975
46322.08316069522,0.11903730052979478
46355.298746999426,0.10333282185062163
46388.51433330363,0.1325300979610232
46421.72991960784,0.14804494446037597
46454.945505912045,0.14490288056632336
46488.16109221625,0.12181305562807886
46521.37667852046,0.08245078780798279
46554.59226482466,0.034275243731966644
46587.80785112887,-0.013989875542601015
46621.023437433076,-0.05555015707385867
46654.23902373728,-0.08601375806564548
46687.45461004149,-0.10459673867198067
46720.67019634569,-0.11223970856847743
46753.88578264989,-0.11094447303168381
46787.1013689541,-0.10303574814372396
46820.3169552583,-0.09065187322270855
46853.532541562505,-0.07556771496518705
46886.74812786671,-0.05916245708858029
46919.96371417092,-0.042450673723849565
46953.17930047512,-0.02616058753200926
46986.39488677933,-0.01077525202457461
47019.610473083536,0.003391530641817047
47050.622669701435,0.015347327800945085
47081.634866319335,0.02602946998312142
47112.647062937234,0.035344257594038406
47143.65925955514,0.043295470607856316
47174.67145617305,0.04990902524732923
47205.68365279095,0.05518593763742142
47236.69584940885,0.05927135668683933
47267.708046026746,0.0620880934560464
47298.720242644646,0.06383081487231043
47329.732439262545,0.06445421101226773
47360.744635880445,0.06407747669959846
47391.756832498344,0.06273672011678845
47422.76902911624,0.06051991318545824
47453.78122573414,0.05746184366652524
47484.79342235204,0.0536603266544027
47515.80561896995,0.04914575910011561
47546.817815587856,0.044006549225472535
47577.830012205755,0.038297920010722575
47639.854405441554,0.025439824877370218
47670.866602059454,0.01842170675227818
47701.87879867735,0.011101304277977633
47763.90319191315,-0.004134684144604358
47794.91538853105,-0.011977219678078629
47825.92758514895,-0.01964390031255629
47887.95197838476,-0.03480144527035152
47918.964175002664,-0.04206328853784539
47949.97637162056,-0.04871749637865748
47980.98856823846,-0.054965077815258154
48012.00076485636,-0.060598190325000606
48043.01296147426,-0.06531808991220865
48074.02515809216,-0.06916159033491076
48105.03735471006,-0.07184314915580217
48136.04955132797,-0.07320823258987942
48167.061747945874,-0.07303049843454432
48198.073944563774,-0.07113335535377498
48229.08614118167,-0.0672197421241386
48260.09833779957,-0.0610708996103151
48291.11053441747,-0.05250794692516585
48322.12273103537,-0.04109039998919545
48353.13492765327,-0.027076360611802026
48384.14712427117,-0.009822914052425002
48415.15932088907,0.009954228312665315
48446.17151750697,0.032363610755624765
48508.195910742776,0.08093940911685676
48539.20810736068,0.10389799993318802
48570.22030397858,0.12255486267906221
48601.23250059648,0.1335789578593925
48632.24469721438,0.13343762088568978
48663.25689383228,0.11925780741828179
48694.26909045018,0.09018530992700582
48725.28128706808,0.04835659118031099
48756.29348368598,-0.0008717258200108338
48787.30568030388,-0.05000022917939656
48818.31787692178,-0.0915599184902754
48849.33007353968,-0.12031641282838056
48880.342270157584,-0.1340479351370205
48911.35446677549,-0.1337212012088694
48942.36666339339,-0.12224619647044485
48973.37886001129,-0.10316203696774938
49004.39105662919,-0.07983258491591584
49034.794251315885,-0.05551864968356223
49065.19744600258,-0.03165058631338287
49095.600640689285,-0.009461140584764237
49126.00383537598,0.010319743229940533
49156.40703006268,0.027334327096789186
49186.81022474938,0.04147781595619622
49217.21341943608,0.05280127392208686
49247.61661412277,0.06146002994383764
49278.01980880948,0.06771675859232544
49308.42300349617,0.07172833072859162
49338.82619818287,0.07374242486985338
49369.22939286957,0.07400561759369717
49399.63258755627,0.07273650694458036
49430.035782242965,0.07013195717453617
49460.43897692967,0.0663683559949
49490.842171616365,0.061629011287647424
49521.24536630306,0.056086832889006975
49551.648560989765,0.04985807365910899
49612.45495036316,0.03589414988946187
49642.85814504986,0.02837606384940114
49673.26133973656,0.020673969688468952
49734.06772910996,0.004995639144851773
49764.47092379665,-0.002804439414521149
49794.87411848335,-0.010442760144465752
49825.27731317005,-0.017877219917354213
49855.68050785675,-0.0250055505428191
49886.083702543445,-0.031782841091152134
49916.48689723015,-0.03811999491087818
49946.890091916845,-0.04396585812451391
49977.29328660354,-0.049234172012835524
50007.69648129024,-0.053882193596670194
50038.09967597693,-0.057830417458302086
50068.50287066364,-0.061011779359902256
50098.90606535033,-0.06337880070124934
50129.30926003703,-0.06484046784780557
50159.71245472373,-0.06535893093493698
50190.11564941043,-0.06483806700808802
50220.518844097125,-0.06326734546662008
50250.92203878383,-0.06050291835915307
50281.325233470525,-0.05658286878643372
50311.72842815722,-0.051390782511003874
50342.131622843925,-0.044800501241021654
50372.53481753062,-0.03705409591696381
50402.93801221732,-0.027746874525055053
50433.34120690402,-0.017216207085894837
50463.74440159072,-0.005341326836289854
50494.14759627741,0.008026404842586557
50524.55079096412,0.02204152001238393
50585.35718033751,0.052873984582205845
50615.76037502421,0.0684447751232317
50646.16356971091,0.083474112992869
50676.566764397605,0.09665017877043143
50706.96995908431,0.10699440328324525
50737.373153771005,0.11287996172788799
50767.7763484577,0.11254969868569717
50798.179543144404,0.10417749248643654
50828.5827378311,0.08616869083822287
50858.9859325178,0.057853519656363206
50889.3891272045,0.020019403725589018
50919.7923218912,-0.02442945105611165
50950.19551657789,-0.07010305531741165
50983.17848484359,-0.11323361101406501
51016.16145310929,-0.141715880069325
51049.14442137499,-0.15042912033240619
51082.12738964069,-0.13927369462504346
51115.11035790639,-0.11247183511247391
51148.09332617209,-0.07645393383538786
51181.07629443779,-0.03770449900720874
51214.05926270349,-0.0012903487717393532
51247.04223096919,0.02991260680725003
51280.02519923489,0.05445830012823012
51313.00816750059,0.07214099522619784
51345.99113576629,0.08346679978091534
51378.97410403199,0.08926284241196239
51411.95707229769,0.09046439828781587
51444.94004056339,0.08798300858785663
51477.92300882909,0.08265026207063722
51510.90597709479,0.0751491672610086
51543.88894536049,0.0660919145620386
51576.87191362619,0.056012754923471124
51609.85488189189,0.04529331517664201
51642.83785015759,0.034204892383200076
51675.82081842329,0.02311937662416398
51741.78675495469,0.0016560461281685396
51774.769723220394,-0.008386771459804876
51807.752691486094,-0.01777269971069077
51840.735659751794,-0.026495952746400535
51873.718628017494,-0.03436365563922525
51906.701596283194,-0.04141880884014641
51939.684564548894,-0.04751948592180035
51972.667532814594,-0.05268079095669312
52005.6505010803,-0.05683926676639808
52038.63346934601,-0.059979367778397845
52071.61643761171,-0.06208103021218635
52104.59940587741,-0.0631269600460348
52137.58237414311,-0.06311100949784135
52170.56534240881,-0.0620304983846946
52203.54831067451,-0.05988304664765643
52236.53127894021,-0.05667944170378377
52269.51424720591,-0.05243783733345128
52302.49721547161,-0.04714179932539717
52335.48018373731,-0.04091035121728002
52368.46315200301,-0.03365159182079557
52401.44612026871,-0.025548784431456795
52434.42908853441,-0.016568716121040165
52467.41205680011,-0.0067689930751895794
52533.37799333151,0.014628849917154792
52566.36096159721,0.025866166413991996
52599.34392986291,0.037425695445220765
52632.32689812861,0.04891583038600797
52665.30986639431,0.05992884964289809
52698.29283466001,0.0703632639172081
52731.27580292571,0.07933683267627828
52764.25877119141,0.08661230569205933
52797.24173945711,0.09126980450470587
52830.22470772281,0.09255089172226283
52863.20767598851,0.0894784734754093
52896.19064425421,0.08098532383042484
52929.17361251991,0.06607863672148122
52962.15658078561,0.04400784758446039
52995.13954905131,0.014593093938950863
53028.12251731701,-0.02125693832201775
53061.10548558271,-0.06093991485903757
53091.88506416211,-0.09754805895139369
53122.6646427415,-0.12839818086437949
53153.4442213209,-0.14768318955837353
53184.2237999003,-0.1506614149236996
53215.00337847969,-0.13537848430058752
53245.782957059084,-0.1037534037252603
53276.562535638484,-0.06112426993281892
53307.34211421788,-0.014676707724237006
53338.12169279727,0.02890949119641081
53368.90127137667,0.06488041795290078
53399.680849956065,0.09078986626793782
53430.46042853546,0.10625442753490025
53461.24000711486,0.11245936399982456
53492.01958569425,0.1110484059187791
53522.799164273645,0.10386036173162021
53553.578742853046,0.09261667723161976
53584.358321432446,0.07877821043011086
53615.13790001184,0.06351230361132577
53676.69705717063,0.03202752095364825
53707.47663575003,0.0169203200817256
53738.25621432942,0.0027177993636405516
53769.03579290882,-0.01027876889203105
53799.815371488214,-0.02196366145797905
53830.59495006761,-0.032366296638097064
53861.37452864701,-0.041303668161899926
53892.1541072264,-0.04881731462973973
53922.933685805794,-0.05498986948285209
53953.713264385195,-0.05977240576175198
53984.49284296459,-0.0632349551625257
54015.27242154398,-0.06545755995401625
54046.05200012338,-0.06646734356275495
54076.83157870278,-0.06633583177287607
54107.611157282176,-0.06512504521617568
54138.39073586157,-0.06291216915264804
54169.17031444097,-0.05974171906980999
54199.94989302036,-0.05571515174607462
54230.729471599756,-0.050871541397443876
54261.50905017916,-0.045293793555394174
54292.28862875855,-0.03906593923687933
54323.06820733794,-0.03224690174564973
54353.84778591734,-0.02491928782283066
54415.40694307613,-0.009073349508873505
54538.52525739372,0.024941612811480312
54569.30483597311,0.03333866100252245
54600.084414552504,0.041402038063298355
54630.863993131905,0.04913865854810629
54661.6435717113,0.056253488990117215
54692.42315029069,0.062604164370211
54723.20272887009,0.06814637213726266
54753.982307449485,0.07257525478984837
54784.76188602888,0.07556229034709747
54815.54146460828,0.07711496604568518
54846.32104318767,0.07677247558262
54877.100621767066,0.07423970971662738
54907.880200346466,0.06957235137762918
54938.65977892586,0.06205548609314084
54969.43935750525,0.05123480803559662
55000.21893608465,0.03775954576347323
55030.99851466405,0.020632747678970817
55064.35786682245,-0.0016720674400585098
55097.71721898085,-0.027417600437586724
55131.076571139245,-0.05566278639723307
55164.43592329764,-0.084357283081422
55197.79527545604,-0.11079707539551059
55231.154627614436,-0.13051075622933717
55264.51397977283,-0.1388245053771342
55297.87333193123,-0.1311834909748871
55331.23268408963,-0.10499410375296832
55364.592036248025,-0.06184790462027982
55397.95138840642,-0.008087770316880728
55431.31074056482,0.04671389587380338
55464.670092723216,0.09261393732550648
55498.02944488161,0.12280252324858842
55531.38879704001,0.13526388445562615
55564.74814919841,0.13167545801347336
55598.107501356804,0.11614339520230532
55631.4668535152,0.09314680754715948
55664.8262056736,0.06660525908562376
55698.185557831996,0.039659677451425124
55731.54490999039,0.014223651266009212
55764.90426214879,-0.008493849441322879
55798.26361430719,-0.02789101137145807
55831.622966465584,-0.04376457893009986
55864.98231862398,-0.05615809141078834
55898.34167078238,-0.06526845960682187
55931.701022940775,-0.07136842115042788
55965.06037509917,-0.0747692630462271
55998.41972725757,-0.07576453546242032
56031.77907941597,-0.07467428043241617
56065.13843157436,-0.07178199628510386
56098.49778373277,-0.06735509829567826
56131.85713589117,-0.061644025894462245
56165.21648804957,-0.05483599777189666
56198.57584020797,-0.04718337716576873
56231.93519236636,-0.03888358634699423
56265.29454452476,-0.030028528297741938
56298.65389668316,-0.020916160965588584
56365.37260099995,-0.0021772673590818065
56398.73195315835,0.007106968676160197
56432.091305316746,0.016164925904972725
56465.45065747514,0.024873287897245338
56498.81000963354,0.033118127740470606
56532.16936179194,0.04078010367120444
56565.528713950334,0.04773928151281412
56598.88806610873,0.05390013004787296
56632.24741826713,0.059116509446150836
56665.606770425526,0.0633222396986149
56698.96612258392,0.06634824854409478
56732.32547474232,0.06812956451272126
56765.68482690072,0.06851445873473944
56799.044179059114,0.06746584669241322
56832.40353121751,0.06476082472799197
56865.76288337591,0.06024605866667336
56899.122235534305,0.054211969415828745
56932.4815876927,0.04616482518833833
56965.8409398511,0.03590976669624069
56999.2002920095,0.024012661624123764
57032.55964416789,0.010305048708928614
57065.91899632629,-0.005620867353971489
57099.27834848469,-0.02316338440540704
57165.99705280149,-0.06067119343033375
57198.74740302868,-0.07903036948088166
57231.497753255884,-0.09576421961952343
57264.24810348308,-0.10913122177101986
57296.99845371027,-0.1169433940680081
57329.748803937466,-0.116649900327272
57362.49915416466,-0.10567599375464243
57395.24950439185,-0.0820665509177817
57427.99985461905,-0.04535005753258463
57460.75020484624,0.001780040348197641
57493.500555073435,0.05340272535835271
57526.250905300636,0.10127566687691875
57559.00125552783,0.13593073798787075
57591.751605755024,0.1511028012423381
57624.501955982225,0.14536105663197785
57657.25230620942,0.12209393154574377
57690.00265643661,0.08771786747578274
57722.75300666381,0.04888105446657175
57755.503356891,0.011033229635802902
57788.2537071182,-0.022280451752548572
57821.004057345395,-0.04901340333154825
57853.75440757259,-0.0688446275049479
57886.50475779979,-0.08206475402002195
57919.255108026984,-0.08940328869302559
57952.00545825418,-0.09176877967329942
57984.75580848137,-0.09008228873262263
58017.506158708566,-0.0851957269926216
58050.25650893576,-0.0778663601698344
58083.00685916295,-0.06874225511417308
58115.75720939015,-0.05836470942303507
58148.50755961734,-0.047220983076353404
58214.008260071736,-0.023888394413257366
58246.75861029893,-0.012349010655473041
58279.50896052613,-0.00111510224582891
58312.259310753325,0.009596614147028984
58345.00966098052,0.019615996642402652
58377.76001120771,0.02887457209720921
58410.51036143491,0.037263737461122444
58443.2607116621,0.044668595406142424
58476.011061889294,0.05106000231618407
58508.76141211649,0.05637315591800652
58541.51176234368,0.06054744114159067
58574.26211257088,0.06356677101985414
58607.01246279808,0.06538979339935724
58639.76281302527,0.0660004358748167
58672.51316325247,0.06538311507811001
58705.263513479666,0.0635345601244466
58738.01386370686,0.060448347964843344
58770.76421393405,0.056142339805156344
58803.51456416125,0.050629137746214324
58836.26491438845,0.04392565549088587
58869.01526461564,0.03611528629956298
58901.765614842836,0.027096178500097094
58934.51596507004,0.01732556931125464
58967.26631529723,0.006487704752086397
59000.016665524425,-0.005312961852783283
59032.76701575162,-0.01734645873063801
59065.51736597881,-0.0299534660976841
59098.267716206006,-0.042934706042251164
59131.0180664332,-0.05542818724278707
59163.768416660394,-0.06734612427774204
59196.51876688759,-0.07834788195319126
59229.26911711479,-0.08736883861802669
59262.01946734198,-0.09384862702541269
59292.56642788288,-0.09671860076004404
59323.113388423764,-0.09560623053793497
59353.66034896466,-0.08955083070419792
59384.20730950555,-0.07759238689338403
59414.75427004644,-0.0589266195747262
59445.301230587334,-0.03316358080440536
59475.84819112823,-0.0006863694371079566
59506.395151669116,0.03691256456474601
59536.94211221,0.0764470212940237
59567.4890727509,0.11304935698130548
59598.03603329179,0.14069600657152193
59628.58299383268,0.1543606377198659
59659.129954373566,0.14780986723012568
59689.67691491446,0.12364179636508367
59720.223875455355,0.08496162374940844
59750.77083599624,0.038789012783462355
59781.31779653713,-0.007848215971484225
59811.86475707802,-0.04839179335921331
59842.41171761892,-0.07981122011003686
59872.958678159805,-0.1006360725373237
59903.50563870069,-0.11138405647861582
59934.052599241586,-0.1135032895615131
59964.59955978248,-0.10878288927804138
59995.14652032337,-0.09907390324398004
60025.693480864255,-0.08597991096153756
60056.24044140515,-0.07083436529976156
60117.33436248693,-0.038346079572782084
60147.88132302782,-0.022402684763608367
60178.42828356871,-0.007259542528371641
60208.975244109606,0.006825368656586154
60239.52220465049,0.01960131942673446
60270.06916519138,0.030949084313695134
60300.616125732275,0.04077516326306677
60331.16308627317,0.04919816600435157
60361.710046814056,0.05596504720593589
60392.25700735494,0.06134543914920273
60422.80396789584,0.06524820062373397
60453.35092843673,0.06773544313723
60483.89788897762,0.06889717741666415
60514.444849518506,0.06876482277580188
60544.9918100594,0.06742602889488417
60575.538770600295,0.06493974394005134
60606.08573114118,0.061390199047450494
60636.63269168207,0.05684108063743702
60667.17965222296,0.05139713038827304
60697.72661276386,0.04509929234606496
60728.273573304745,0.03807047097018865
60758.82053384563,0.03038147371680621
60789.367494386526,0.022137086874650883
60850.46141546831,0.004363924970909452
60881.008376009195,-0.004965608512869303
60911.55533655009,-0.014480611634482134
60972.64925763187,-0.03318770612906668
61003.19621817276,-0.0423102690182746
61033.74317871365,-0.050772123765374724
61064.29013925455,-0.058728561438868385
61094.83709979543,-0.0658927639844056
61125.38406033632,-0.0718438214201986
61155.931020877215,-0.07658262565758567
61186.47798141811,-0.07968779501731359
61217.024941958996,-0.08094796737808561
61250.15167607889,-0.07970767881716581
61283.27841019878,-0.07557536545067
61316.405144318676,-0.06775678912230186
61349.53187843857,-0.0562046155032678
61382.65861255846,-0.040233816836936664
61415.785346678356,-0.019831870619142843
61448.91208079825,0.004929330356961468
61482.03881491814,0.033368521283284984
61515.16554903803,0.06407995970490916
61548.29228315792,0.09449331542390131
61581.41901727782,0.12090818206151671
61614.54575139771,0.13826695182682477
61647.6724855176,0.14132931765479687
61680.7992196375,0.12583011719167436
61713.92595375739,0.09085825851100168
61747.05268787728,0.04051973988983551
61780.17942199717,-0.016467469263554795
61813.30615611706,-0.06943287065950368
61846.43289023696,-0.10942014237304636
61879.55962435685,-0.13173843045787526
61912.68635847674,-0.13630318509951211
61945.81309259664,-0.12627078058648572
61978.93982671653,-0.10617962182706922
62012.06656083642,-0.08055358546362176
62045.19329495631,-0.052909362534634255
62078.3200290762,-0.025838272284242066
62111.4467631961,-0.0009857042007762164
62144.57349731599,0.020654190200603127
62177.70023143588,0.03873007259863333
62210.82696555578,0.05316943365697611
62243.95369967567,0.06404120515452869
62277.08043379556,0.07158767005237224
62310.207167915454,0.07610752909081041
62343.333902035345,0.07792562234688355
62376.46063615524,0.07735239341642933
62409.587370275134,0.07471909217669497
62442.714104395025,0.07031967251829749
62475.84083851492,0.06438756156502098
62508.967572634814,0.057232379470993404
62542.094306754705,0.049062318849657956
62575.221040874596,0.04008510489612937
62608.34777499449,0.030563711515354655
62674.601243234276,0.010424006725533822
62707.72797735417,0.00020538034028503085
62740.854711474065,-0.009887477230158405
62807.10817971385,-0.029115820634467875
62840.23491383374,-0.03795084918989024
62873.36164795363,-0.046077218377194334
62906.48838207353,-0.05333628491955048
62939.61511619342,-0.05960537845314261
62972.74185031331,-0.0647285802692225
63005.86858443321,-0.06856880639357094
63038.9953185531,-0.07098201275685931
63072.12205267299,-0.07183201888063256
63105.24878679288,-0.07094503315909932
63138.37552091277,-0.06826342285338198
63171.50225503266,-0.0635588983862675
63204.62898915255,-0.05673341151746227
63237.75572327244,-0.04782550488329621
63270.882457392334,-0.03640135641906851
63304.00919151223,-0.023030634381725736
63337.13592563212,-0.007179770626315153
63368.059270065714,0.009253926077530068
63398.9826144993,0.027332999559716423
63429.90595893289,0.04640421913864145
63460.82930336648,0.06579515565038947
63491.752647800065,0.08461749619303069
63522.67599223366,0.10137659125232995
63553.59933666725,0.114334195293953
63584.52268110083,0.12127018872753534
63615.44602553442,0.11969258526739351
63646.36936996801,0.10720032445241424
63677.2927144016,0.0821489948981537
63708.21605883518,0.044677180132893755
63739.13940326877,-0.0024355886791504397
63770.06274770236,-0.05349255424259223
63800.98609213595,-0.10052166955661457
63831.909436569535,-0.1352487235093956
63862.83278100312,-0.15190091609572554
63893.75612543671,-0.14888584697455712
63924.6794698703,-0.1288221626923185
63955.602814303886,-0.09713340766174514
63986.52615873747,-0.059966726994006146
64017.44950317106,-0.02245902281887093
64048.37284760465,0.011691248130658537
64079.29619203824,0.040335506911093895
64110.21953647182,0.06258534160398213
64141.14288090541,0.07842333807993083
64172.066225339004,0.0883446792751236
64202.98956977259,0.0930889101249321
64233.91291420618,0.09347939654160217
64264.83625863977,0.09032442926739949
64295.759603073355,0.08436332829745338
64326.682947506946,0.07622708967826473
64357.60629194054,0.0665469363771749
64388.52963637412,0.055717774442713044
64450.376325241305,0.03237738522315568
64481.29966967489,0.02047740805053431
64512.22301410848,0.008767892686874423
64574.069702975656,-0.013402804539267954
64604.99304740924,-0.023527191250196575
64635.91639184283,-0.03284262385985969
64666.83973627642,-0.04121601367035879
64697.76308071001,-0.048639065746771876
64728.68642514359,-0.05495108382169887
64759.60976957718,-0.06018475631805215
64790.533114010774,-0.06421909033363843
64821.45645844436,-0.06703971051273558
64852.37980287794,-0.06861239639636117
64883.30314731153,-0.06891283369354559
64914.226491745125,-0.06792322605359727
64945.14983617871,-0.06564257809112364
64976.07318061229,-0.062026316707002725
65006.996525045884,-0.05720960041393025
65037.919869479476,-0.05110757870014327
65068.84321391306,-0.04369646809183041
65099.766558346644,-0.03508647599539372
65130.689902780236,-0.02552157138171978
65161.61324721383,-0.014790062592674638
65192.53659164741,-0.00307421455699392
65223.459936081,0.009159870277402211
65254.383280514594,0.022201946011386798
65316.22996938177,0.048817750843564926
65346.54431188415,0.06168688635776273
65376.85865438654,0.07354193628016853
65407.17299688893,0.08423353167668453
65437.487339391315,0.09280964388036275
65467.8016818937,0.09863088008709313
65498.116024396084,0.10065078683660306
65528.430366898465,0.09789610907255819
65558.74470940085,0.08921225995920175
65589.05905190323,0.07362618482926465
65619.37339440561,0.050466390326847646
65649.687736908,0.0195993907483761
65680.00207941039,-0.017692719339498286
65710.31642191278,-0.05878595208939716
65740.63076441517,-0.09911032685202362
65770.94510691756,-0.1326028037104211
65801.25944941994,-0.15269637922063098
65831.57379192233,-0.1544355167780961
65861.88813442472,-0.13634739853701283
65892.20247692711,-0.10133693259486976
65922.5168194295,-0.05582540431293971
65952.83116193188,-0.007577875746014791
65983.14550443427,0.03656702922978197
66013.45984693666,0.07205622145538136
66043.77418943903,0.09685488577850473
66074.08853194141,0.11093537094035359
66104.4028744438,0.11552069988867064
66134.71721694618,0.11241122069307041
66165.03155944857,0.10352037428393934
66195.34590195096,0.09059366280858137
66225.66024445335,0.07513923209194148
66255.97458695574,0.05832851044649788
66286.28892945813,0.04112299955746461
66316.60327196051,0.024211556027484624
66346.9176144629,0.008068189488370757
66377.23195696529,-0.006992486081167749
66407.54629946768,-0.0206566252765779
66437.86064197007,-0.03277298320778506
66468.17498447245,-0.0432755377432618
66498.48932697484,-0.05212116281484375
66528.80366947722,-0.05927528070470678
66559.11801197959,-0.06479670367672634
66589.43235448198,-0.06867600281156476
66619.74669698437,-0.07100736320019649
66650.06103948675,-0.07181790547362876
66680.37538198914,-0.07120091908762431
66710.68972449153,-0.06922281198712293
66741.00406699392,-0.06596323966148644
66771.3184094963,-0.06152155112247537
66801.6327519987,-0.05596823905440767
66831.94709450108,-0.04942223377496969
66862.26143700347,-0.04196504117599904
66892.57577950585,-0.03372278099089579
66922.89012200822,-0.024779294241795563
66953.2044645106,-0.015288474526972965
67013.83314951538,0.00492228440590266
67044.14749201777,0.015297791165152851
67074.46183452016,0.025755744711293813
67104.77617702255,0.035942558405599366
67135.09051952494,0.045834294228226366
67165.40486202732,0.05515552900809104
67195.71920452971,0.0636231101917551
67226.0335470321,0.0711222865160876
67256.34788953447,0.0771820912994885
67289.24200561587,0.08195721633143759
67322.13612169726,0.08429656823802496
67355.03023777864,0.0838342394624103
67387.92435386003,0.07986650023638173
67420.81846994141,0.07221460997248703
67453.7125860228,0.05993559166264213
67486.60670210418,0.043090574390099695
67519.50081818557,0.021185501408650487
67552.39493426695,-0.005504117777700802
67585.28905034834,-0.036113270289508004
67618.18316642972,-0.06881828534087035
67651.07728251112,-0.10075466832816447
67683.97139859252,-0.12724903254893022
67716.8655146739,-0.1430363745181984
67749.75963075529,-0.14229779710981713
67782.65374683667,-0.12137556933843122
67815.54786291806,-0.08061156437704334
67848.44197899944,-0.025939681604712786
67881.33609508083,0.03267562782808745
67914.23021116223,0.08403431320550264
67947.12432724363,0.11984009429762825
67980.01844332501,0.13683251727533186
68012.9125594064,0.1361570953563579
68045.80667548778,0.1217620729582776
68078.70079156916,0.09844467404779364
68111.59490765055,0.07067626005253577
68144.48902373193,0.04185037860739293
68177.38313981332,0.014363532745632686
68210.2772558947,-0.010315318332818055
68243.17137197609,-0.03143264410011576
68276.06548805747,-0.048618539570512695
68308.95960413887,-0.06188785459131716
68341.85372022027,-0.07144233918942203
68374.74783630166,-0.077462621276255
68407.64195238304,-0.08041387577150874
68440.53606846443,-0.08056720343631951
68473.43018454581,-0.07828283785356299
68506.3243006272,-0.07390472461597147
68539.21841670858,-0.06777098691723937
68572.11253278996,-0.06012777772069392
68605.00664887135,-0.051302078988629554
68637.90076495273,-0.04157282583492583
68703.68899711552,-0.02020026735020726
68736.58311319692,-0.009031381633601333
68769.4772292783,0.00215711811638611
68835.26546144107,0.023875886310512573
68868.15957752246,0.034022713097253604
68901.05369360384,0.04345104151691982
68933.94780968523,0.05199201456657722
68966.84192576662,0.05944001639539316
68999.73604184802,0.06565310554581114
69032.63015792941,0.07046514357715648
69065.5242740108,0.07362881880877434
69098.41839009218,0.07506328847231693
69131.31250617356,0.07452344947401686
69164.20662225495,0.07187035673781886
69197.10073833633,0.06699048303117519
69229.99485441772,0.05957127966931948
69262.8889704991,0.04986164802044346
69295.78308658049,0.037326411859774825
69328.67720266187,0.022419502389592734
69361.57131874327,0.0049502698454223885
69392.26204513834,-0.013501163208126613
69422.95277153343,-0.03312626484353912
69453.64349792851,-0.05399104242112487
69484.3342243236,-0.07469262273856633
69515.02495071868,-0.09414845246104724
69545.71567711377,-0.11054597569916605
69576.40640350885,-0.1216712548372732
69607.09712990394,-0.12490524114622918
69637.78785629902,-0.11766098614582281
69668.47858269411,-0.09754790756733517
69699.1693090892,-0.06391924932311202
69729.86003548426,-0.0186576125174849
69760.55076187933,0.033546278840587036
69791.24148827442,0.08474702142655187
69821.9322146695,0.12605275573848948
69852.62294106459,0.15024352009859548
69883.31366745968,0.15393906088050768
69914.00439385476,0.1385590729055919
69944.69512024985,0.10911314161917109
69975.38584664493,0.07177110873253938
70006.07657304002,0.03248297599181571
70036.7672994351,-0.0041727820274337635
70067.45802583019,-0.035588394189854156
70098.14875222526,-0.06039903273121913
70128.83947862033,-0.07834670268110203
70159.53020501541,-0.0898320815852552
70190.2209314105,-0.09558200507326112
70220.91165780558,-0.09646420338137988
70251.60238420067,-0.09335974139006792
70282.29311059575,-0.08708990508719407
70312.98383699084,-0.07836364518631274
70343.67456338592,-0.06791959248352566
70374.36528978101,-0.056135693789684235
70405.0560161761,-0.043671128226135766
70466.43746896627,-0.017867079451325867
70497.12819536135,-0.005210730172776783
70527.81892175644,0.007020863618280925
70558.50964815152,0.018529037222552208
70589.20037454659,0.029255475062344525
70619.89110094166,0.03898526829553364
70650.58182733675,0.04761950070460075
70681.27255373183,0.05507563524487164
70711.96328012692,0.06126068968860382
70742.654006522,0.0661064929767688
70773.34473291709,0.0695572284661512
70804.03545931217,0.07157032986615337
70834.72618570726,0.07211214566752389
70865.41691210234,0.07115878236807213
70896.10763849743,0.06870361864599447
70926.79836489251,0.06472243097791808
70957.4890912876,0.0593119689534227
70988.17981768269,0.05239947315687733
71018.87054407777,0.043973498081390464
71049.56127047286,0.0343770898598633
71080.25199686793,0.023451229795779422
71110.942723263,0.011224534946351774
71141.63344965808,-0.0017007254222614447
71203.01490244825,-0.030121691738277646
71233.70562884334,-0.04448254910313908
71264.39635523842,-0.05888509994834996
71295.08708163351,-0.07241492922067333
71325.7778080286,-0.08460878788937856
71359.04830800268,-0.09529804287260125
71392.31880797676,-0.10218895150583956
71425.58930795084,-0.103824519791417
71458.85980792494,-0.09865875337941753
71492.13030789903,-0.08504300093809533
71525.40080787311,-0.061762424782517866
71558.6713078472,-0.028424230887155278
71591.94180782128,0.013649105232886247
71625.21230779536,0.06100936122151655
71658.48280776944,0.1067396037259905
71691.75330774352,0.14206440239606966
71725.02380771762,0.15800131809670706
71758.29430769171,0.14918244420328208
71791.5648076658,0.11648523353605915
71824.83530763988,0.06712782788208453
71858.10580761396,0.012157303611027917
71891.37630758804,-0.03865963473612525
71924.64680756212,-0.07851831713945537
71957.9173075362,-0.10436169744485335
71991.1878075103,-0.11668908306563822
72024.4583074844,-0.11750362620624644
72057.72880745848,-0.10950603042438328
72090.99930743256,-0.0953648872929003
72124.26980740664,-0.07743187145682225
72157.54030738072,-0.05755762995588093
72190.8108073548,-0.03717547463737254
72224.08130732889,-0.017303614190223297
72257.35180730297,0.0013375829904820362
72290.62230727705,0.018263408096202312
72323.89280725113,0.03318147303280053
72357.16330722522,0.045919287194056274
72390.43380719931,0.05630125052963608
72423.70430717341,0.06434509949668137
72456.97480714749,0.07013761103990811
72490.24530712157,0.07365652564458582
72523.51580709565,0.07503788819998124
72556.78630706973,0.07437190915944117
72590.05680704382,0.07178198174861439
72623.3273070179,0.06739666916472199
72656.59780699198,0.06137034967215394
72689.86830696606,0.05384849353059863
72723.13880694014,0.04500925885826603
72756.40930691423,0.03500457686077878
72789.67980688832,0.024031744001793618
72822.95030686242,0.012303662658855179
72856.2208068365,0.000018778286435364687
72922.76180678466,-0.025227363402509886
72956.03230675875,-0.03772681093179041
72989.30280673283,-0.049553264583893517
73022.57330670691,-0.06063422818107012
73055.843806681,-0.07031928777112204
73089.1143066551,-0.07840101406266109
73122.38480662918,-0.08423676942913512
73155.65530660326,-0.08741415963219643
73188.92580657735,-0.0872353017634028
73222.19630655143,-0.08327351709389413
73255.46680652551,-0.07459396172100581
73288.73730649959,-0.06114321379189097
73322.00780647369,-0.04198602084392636
73355.27830644778,-0.01734277164124473
73388.54880642187,0.056426492073726284
73421.81930639595,0.04627367161515246
73455.08980637003,0.08142433979070189
73486.15691665781,0.11189339750558591
73517.2240269456,0.13552494885721156
73548.29113723338,0.14705073092087656
73579.35824752116,0.14161581546526408
73610.42535780894,0.11667462435550657
73641.49246809672,0.07361489416816319
73672.5595783845,0.018584675431005712
73703.62668867227,-0.038701422526242396
73734.69379896004,-0.08827863010923229
73765.76090924782,-0.12287246417924629
73796.8280195356,-0.13952779790204095
73827.89512982339,-0.13916779081414002
73858.96224011117,-0.12531725929655374
73890.02935039895,-0.10249397284783265
73921.09646068673,-0.0748422408565553
73952.16357097452,-0.04573880375007052
73983.2306812623,-0.017611637356570498
74014.29779155008,0.007955069167219721
74045.36490183786,0.030065541925408334
74076.43201212565,0.04830746060709651
74107.49912241343,0.0626309065287309
74138.56623270121,0.07310270743567542
74169.633342989,0.08000319477824892
74200.70045327676,0.0835801264221793
74231.76756356453,0.08420257623166569
74262.83467385231,0.08224668883979275
74293.9017841401,0.07805162244274255
74324.96889442788,0.07192254644336588
74356.03600471566,0.06417950625116993
74387.10311500344,0.055151987322910476
74418.17022529122,0.04504524869724273
74449.237335579,0.03419079140334121
74480.30444586679,0.022804555469593552
74511.37155615457,0.011110870655171565
74573.50577673013,-0.012259583023442672
74604.57288701792,-0.023536084689594918
74635.6399973057,-0.034259306519535945
74666.70710759348,-0.04426350038760291
74697.77421788125,-0.05331563190231274
74728.84132816902,-0.061282042059156376
74759.9084384568,-0.06791998058547434
74790.97554874458,-0.07310124158539531
74822.04265903236,-0.0766021007760993
74853.10976932014,-0.078263511676266
74884.17687960793,-0.07793320357409275
74915.24398989571,-0.07541216024982314
74946.31110018349,-0.07050710462282692
74977.37821047127,-0.0632785595601898
75008.44532075906,-0.05332030874142776
75039.51243104684,-0.040837782331998085
75070.57954133462,-0.02578119234708167
75101.6466516224,-0.0080818933152106
75132.71376191018,0.011567016310513758
75194.84798248573,0.055638895836911645
75225.9150927735,0.0780626807002272
75256.98220306128,0.09871370804157897
75288.04931334907,0.11552521756659274
75319.11642363685,0.12582585833311236
75350.18353392463,0.12666598812386923
75381.25064421241,0.11497923356420572
75412.3177545002,0.0888676268274876
75443.38486478798,0.04837916691650715
75473.84297314455,-0.0018411448731746466
75504.30108150114,-0.05650511688001312
75534.75918985772,-0.10607405355817104
75565.2172982143,-0.14160506863195493
75595.67540657087,-0.15707899405455494
75626.13351492745,-0.15111253003428404
75656.59162328404,-0.12713175179547376
75687.04973164061,-0.09126044801909575
75717.50783999718,-0.050300388167544965
75747.96594835377,-0.01006073152396712
75778.42405671036,0.025704013102052413
75808.88216506693,0.054767423472903864
75839.3402734235,0.07643076413828984
75869.79838178007,0.09072467704736882
75900.25649013664,0.09843415335809871
75930.71459849323,0.10042819266240322
75961.17270684981,0.09771894627556424
75991.63081520639,0.09126044386961521
76022.08892356296,0.08192638397784524
76052.54703191953,0.07046500680038716
76083.0051402761,0.057650703945630426
76113.46324863269,0.043789874915625526
76174.37946534585,0.015420098017284006
76204.83757370242,0.0015765028937949604
76235.295682059,-0.011691497191958111
76265.75379041559,-0.024116987540094028
76296.21189877216,-0.03547277195796415
76326.67000712873,-0.0456882323001052
76357.12811548532,-0.05453691930877125
76387.5862238419,-0.06193901240554166
76418.04433219848,-0.06780611512028514
76448.50244055505,-0.07206232307268129
76478.96054891164,-0.07464909148868289
76509.41865726822,-0.07552345755670942
76539.8767656248,-0.07465845014050836
76570.33487398137,-0.07205113140323
76600.79298233795,-0.06768461958136542
76631.25109069454,-0.06162221458009475
76661.70919905111,-0.053800806971782286
76692.16730740768,-0.04452413242605014
76722.62541576427,-0.03363855890099228
76753.08352412086,-0.02120868512555359
76783.54163247743,-0.00782294231918108
76813.999740834,0.006716919732108924
76844.45784919057,0.022104740051516057
76905.37406590373,0.053351387571584405
76935.83217426031,0.06833001535009617
76966.29028261689,0.08205899665572514
76996.74839097346,0.0937916005296798
77027.20649933003,0.10224904198193648
77057.6646076866,0.1065615430394257
77088.12271604319,0.10527966105090082
77118.58082439977,0.09703669711491542
77149.03893275635,0.0806775272189724
77179.49704111292,0.05526842661312796
77209.9551494695,0.021089042302955774
77240.41325782609,-0.020286219174220965
77270.87136618266,-0.06579437312708031
77301.32947453923,-0.10913061759078718
77331.78758289582,-0.14285497752462717
77362.2456912524,-0.15963466980204888
77392.70379960898,-0.15457702044040988
77425.74168154456,-0.12432736653044091
77458.77956348014,-0.0751286532180705
77491.81744541571,-0.017835135572821435
77524.8553273513,0.03638268838129519
77557.89320928688,0.07917413207684518
77590.93109122245,0.10731419681249012
77623.96897315803,0.12066498102269628
77657.00685509361,0.12129623136624804
77690.0447370292,0.11216943823108745
77723.08261896478,0.09636221532214484
77756.12050090036,0.07645776603828813
77789.15838283594,0.054596289112443394
77822.19626477153,0.03236431774034143
77855.23414670711,0.010891926084985858
77888.27202864268,-0.008996510411150283
77921.30991057826,-0.02680480992459753
77954.34779251384,-0.04205027690386109
77987.38567444941,-0.05478020819465329
78020.423556385,-0.06474311211054014
78053.46143832058,-0.07198925008372123
78086.49932025616,-0.07661039331421764
78119.53720219174,-0.07865173671784265
78152.57508412733,-0.07826912144262577
78185.61296606291,-0.07560269577403511
78218.65084799849,-0.07082928185388693
78251.68872993407,-0.06410618745515652
78284.72661186964,-0.05566157952232714
78317.76449380523,-0.0456878723634217
78350.80237574081,-0.034404106291968065
78383.84025767638,-0.022073026548852702
78449.91602154754,0.0047469631901898264
78482.95390348313,0.018640943007985723
78515.99178541871,0.03245131972851786
78549.02966735428,0.04575231133892567
78582.06754928986,0.05821870235811094
78615.10543122544,0.06947680981071865
78648.14331316101,0.07875198622348889
78681.1811950966,0.08585101736158957
78714.21907703218,0.08996105155634826
78747.25695896776,0.09058130493989164
78780.29484090334,0.08688527294503293
78813.33272283891,0.07850805002278971
78846.37060477449,0.0644502236588841
78879.40848671008,0.04472996647985402
78912.44636864564,0.018924140632650868
78945.48425058123,-0.012313473623534646
78978.52213251681,-0.04756235136210904
79011.56001445239,-0.08394070204953882
79044.59789638798,-0.11727141397645735
79077.63577832354,-0.1412814362051938
79110.67366025913,-0.1493152912928745
79143.71154219471,-0.1356723611742897
79176.74942413028,-0.09871847613268071
79209.78730606586,-0.042989209845456636
79242.82518800144,0.020864215524650395
79275.86306993703,0.0795497154068965
79308.90095187261,0.1220267470183394
79341.93883380819,0.14288326782001134
79374.97671574377,0.14247689367095429
79408.01459767936,0.12542856612058778
79441.05247961494,0.09774124729608435
79474.09036155051,0.06496838435184905
79507.12824348609,0.03147363255833172
79537.96273573537,0.002168829339132504
79568.79722798464,-0.02358488103709716
79599.63172023391,-0.045163449671664115
79630.46621248318,-0.06221458935640202
79661.30070473245,-0.0747873964672742
79692.13519698173,-0.08311490533587529
79722.96968923102,-0.08755249986285411
79753.80418148029,-0.0884729304207643
79784.63867372955,-0.08634111353066319
79815.47316597884,-0.08156253567231463
79846.30765822812,-0.07450976723670683
79877.14215047739,-0.06563213469955032
79907.97664272666,-0.05525964190766664
79938.81113497594,-0.043737010446897887
80000.4801194745,-0.01857765929524787
80031.31461172376,-0.005520527375591514
80062.14910397305,0.007461193829325815
80092.98359622233,0.020145586244139087
80123.8180884716,0.032252778659507736
80154.65258072087,0.04355488222789709
80185.48707297015,0.05380487305818454
80216.32156521943,0.06278618388066072
80247.1560574687,0.07026794368153855
80277.99054971797,0.07603567225426566
80308.82504196725,0.07988341398088193
80339.65953421654,0.08158706855085379
80370.4940264658,0.08100722351402422
80401.32851871508,0.07788318786958714
80432.16301096436,0.07209365355923955
80462.99750321364,0.0636274447827776
80493.83199546291,0.05210734267016153
80524.66648771218,0.03784262869288672
80555.50097996146,0.020797785041246516
80586.33547221075,0.0010006016014756855
80617.16996446002,-0.020660151275933937
80648.00445670928,-0.04410722817668829
80678.83894895857,-0.0677238250427665
80709.67344120785,-0.09043992002196784
80740.50793345712,-0.11012534663273901
80771.34242570639,-0.12418004413053679
80802.17691795567,-0.12959843907269625
80833.01141020496,-0.12323451569493452
80863.84590245422,-0.08256671212903843
80894.6803947035,-0.06643354025451327
80925.51488695278,-0.017087832199265865
80956.34937920206,0.03964901471887313
80987.18387145133,0.09440241286313324
81018.0183637006,0.13685919743982045
81048.85285594988,0.15865192490929256
81079.68734819916,0.156652144423162
81110.52184044843,0.1334452696653124
81141.3563326977,0.09596726675606539
81172.19082494699,0.05170454317153798
81203.02531719627,0.007727589014203465
81233.85980944554,-0.03112993470501011
81264.6943016948,-0.062167099614845414
81295.52879394409,-0.08452250466000466
81326.36328619337,-0.09839658587477297
81357.19777844264,-0.10466867721298684
81388.03227069191,-0.10451647437662975
81418.86676294118,-0.09918278144497866
81449.70125519045,-0.08983256186955699
81480.53574743973,-0.07753394344582079
81513.95001326801,-0.061945655685213
81547.36427909628,-0.044953846675580306
81614.19281075284,-0.01007976283604584
81647.60707658112,0.006797553141680823
81681.0213424094,0.022466338669543104
81714.43560823768,0.03670541310935035
81747.84987406596,0.04922088023412341
81781.26413989424,0.059741415115600674
81814.67840572252,0.06813390114776291
81848.09267155078,0.0742324999959873
81881.50693737906,0.07794329675261352
81914.92120320734,0.07920160173158523
81948.3354690356,0.07797436004498562
81981.74973486389,0.07426239388311498
82015.16400069217,0.06807711709017614
82048.57826652045,0.05952442971961654
82081.99253234873,0.04866920209802231
82115.406798177,0.03571160037894644
82148.82106400529,0.0208517820920971
82182.23532983357,0.004356001155619935
82215.64959566185,-0.013304249588492382
82282.47812731839,-0.050340949328725695
82315.89239314667,-0.06812186150133659
82349.30665897494,-0.08441275202584736
82382.72092480322,-0.0975083457636995
82416.1351906315,-0.10636040098706673
82449.54945645978,-0.10899931891181927
82482.96372228806,-0.10364036350641098
82516.37798811634,-0.08844300115805884
82549.79225394462,-0.06205116793079115
82583.2065197729,-0.024351854110139952
82616.62078560118,0.02278345885254205
82650.03505142944,0.07425567047170142
82683.44931725772,0.12158230294437808
82716.863583086,0.15409463368472848
82750.27784891427,0.1620376710928338
82783.69211474255,0.14120115581195955
82817.10638057083,0.09550205562339426
82850.5206463991,0.035782061171424434
82883.93491222739,-0.024595635106822424
82917.34917805567,-0.07456016237443487
82950.76344388395,-0.10849691771447094
82984.17770971222,-0.12515418082825197
83017.5919755405,-0.126559716970589
83051.00624136877,-0.11627065012195315
83084.42050719705,-0.09798853045093846
83117.83477302533,-0.07501266339755831
83151.2490388536,-0.04998495829536119
83184.66330468188,-0.02488376302663577
83218.07757051016,-0.0011121772928238977
83251.49183633843,0.020394425286279556
83284.90610216671,0.039046079450594955
83318.320367995,0.054503623466594035
83351.73463382327,0.06661141706143338
83385.14889965155,0.0753506820228553
83418.56316547983,0.08079076351603637
83451.9774313081,0.08299823898554992
83485.39169713638,0.08223689151327881
83518.80596296466,0.07865826439985175
83552.22022879292,0.07257742636282206
83585.6344946212,0.06413403298880119
83619.04876044948,0.053730755244315344
83651.85402434657,0.04182978336512841
83684.65928824364,0.02860779028445412
83750.26981603779,-0.000571408498207888
83783.07507993486,-0.015831260069615723
83815.88034383193,-0.030987974886428172
83848.68560772901,-0.04558837808443846
83881.49087162608,-0.05931252470482507
83914.29613552315,-0.07135177208014867
83947.10139942024,-0.08146787573251192
83979.9066633173,-0.08891526537838687
84012.71192721438,-0.09296151928244216
84045.51719111146,-0.0930463707659062
84078.32245500853,-0.08843143148467997
84111.1277189056,-0.07843662001884315
84143.93298280268,-0.06245382130866682
84176.73824669977,-0.0403397064071323
84209.54351059684,-0.011952805871490014
84242.3487744939,0.021662307404237812
84275.15403839099,0.058715043488589004
84307.95930228806,0.09564412137638034
84340.76456618513,0.12742419850241735
84373.56983008221,0.14741953265038565
84406.37509397928,0.14875536370670908
84439.18035787635,0.12642647654279798
84471.98562177343,0.08064887334325979
84504.7908856705,0.018297384365492032
84537.59614956757,-0.047811830589946314
84570.40141346466,-0.10354641443714516
84603.20667736173,-0.1387598198756006
84636.0119412588,-0.149962482991636
84668.81720515588,-0.13970887140583013
84701.62246905296,-0.11401945414756115
84734.42773295003,-0.07970990202056932
84767.2329968471,-0.04266328750506541
84800.03826074419,-0.007206405988583349
84832.84352464126,0.024124015115755796
84865.64878853832,0.04990336438213961
84898.45405243541,0.06952403637985814
84931.25931633248,0.08307701118952857
84964.06458022955,0.09094762122339832
84996.86984412663,0.09370415035895793
85029.6751080237,0.09200014958545075
85062.48037192077,0.08651644749844332
85095.28563581785,0.07786710377733301
85128.09089971492,0.06673816658307619
85160.896163612,0.05372488418407119
85193.70142750908,0.03926149506615212
85226.50669140616,0.02399819572195698
85259.31195530323,0.008330743070275676
85292.1172192003,-0.0072831541847396646
85324.92248309738,-0.02243123412373034
85357.72774699447,-0.03669237273064113
85390.53301089154,-0.04975491435241328
85423.3382747886,-0.06122583958010074
85456.14353868569,-0.07079643778533638
85488.94880258277,-0.0781392389236483
85521.75406647984,-0.08295168484779514
85554.55933037691,-0.08496766848951454
85587.364594274,-0.08391527401716345
85620.16985817107,-0.07956752470549433
85652.97512206814,-0.07179399057837559
85685.78038596522,-0.06041223185044336
85718.58564986229,-0.045371100076094545
85749.18752407306,-0.028357837092141777
85779.78939828384,-0.008238832371572262
85810.39127249461,0.013932404089884469
85840.99314670538,0.03795324021679001
85871.59502091615,0.0627127246399044
85902.19689512692,0.08651612251113705
85932.79876933769,0.1076207348890848
85963.40064354846,0.12334669524713607
85994.00251775923,0.13070075354174204
86024.60439197,0.12644997419147833
86055.20626618077,0.10785896627586682
86085.80814039154,0.07339205605623975
86116.41001460231,0.02468377405057233
86147.01188881308,-0.032737322868674576
86177.61376302385,-0.09010304302195643
86208.21563723462,-0.13606288835248356
86238.81751144539,-0.16122217497630972
86269.41938565616,-0.1611335620905869
86300.02125986693,-0.13764686379361088
86330.6231340777,-0.0975860470378623
86361.22500828847,-0.049884882884226225
86391.82688249924,-0.0023540654952749337
86422.42875671001,0.03929781082046967
86453.03063092078,0.0719208850669093
86483.63250513155,0.09444758828680214
86514.23437934232,0.10723357562845208
86544.83625355309,0.1114178300912769
86575.43812776386,0.10847522304302563
86606.04000197463,0.09993716417453875
86636.6418761854,0.08724257189374589
86667.24375039617,0.07167208575009633
86697.84562460694,0.05431618095151661
86728.44749881771,0.03603768860694967
86759.04937302848,0.01763798814551161
86789.65124723925,-0.0002626933708081182
86820.25312145002,-0.017134840293911217
86850.85499566079,-0.03274019888217073
86881.45686987156,-0.04648913016223036
86912.05874408233,-0.05833947721200737
86942.6606182931,-0.06805680419202632
86973.26249250387,-0.07542861247415834
87003.86436671464,-0.0804329167980621
87034.46624092541,-0.08294701614740148
87065.06811513618,-0.08296488971720291
87095.66998934695,-0.0804837100736313
87126.27186355772,-0.07553611296581697
87156.8737377685,-0.06819163090283616
87187.47561197927,-0.05858048294711138
87218.07748619004,-0.04674311664830817
87248.67936040083,-0.03312380124557298
87279.2812346116,-0.01768734196654823
87309.88310882237,-0.0009218121707685006
87340.48498303314,0.016773955559552262
87371.0868572439,0.03516435486998886
87401.68873145468,0.05311973747187332
87432.29060566545,0.07046139588512136
87462.89247987622,0.08599814621498153
87493.49435408699,0.0987231597617942
87524.09622829776,0.10749825760366732
87554.69810250853,0.11079490070076528
87585.2999767193,0.10722399801044025
87615.90185093007,0.09528360297537905
87646.50372514084,0.07384857784006878
87677.1055993516,0.042360190395643954
87710.28724714139,-0.0019527090099133657
87743.46889493115,-0.05338789845417431
87776.65054272092,-0.10458597492488185
87809.8321905107,-0.1452162905943064
87843.01383830047,-0.16435700943789894
87876.19548609023,-0.154245933525769
87909.37713388001,-0.11505035962537408
87942.55878166978,-0.05569681490068831
87975.74042945955,0.009694081933074751
88008.92207724933,0.0674556787801087
88042.1037250391,0.10863843825180061
88075.28537282886,0.13012545968110978
88108.46702061864,0.13348611212212105
88141.64866840841,0.12260474194704628
88174.83031619817,0.10196840758306497
88208.01196398796,0.07570542687835935
88241.19361177774,0.047171329314858346
88274.3752595675,0.01884710570713493
88307.55690735727,-0.0075412278476299326
88340.73855514705,-0.03087173886792607
88373.92020293683,-0.05042354284442478
88407.1018507266,-0.06606423879106207
88440.28349851636,-0.07738736517869278
88473.46514630615,-0.08463166757026885
88506.64679409593,-0.08789871716844798
88539.8284418857,-0.08743520816314158
88573.01008967546,-0.08355665294517407
88606.19173746524,-0.07660277598580133
88639.373385255,-0.06689513826562737
88672.55503304477,-0.05487835583988514
88705.73668083455,-0.04094432841167149
88738.91832862432,-0.025507971911488223
88772.09997641409,-0.009060102830084446
88805.28162420387,0.007957616937012187
88838.46327199363,0.025051891128922213
88871.6449197834,0.041582416070047375
88904.82656757318,0.057118323906494975
88938.00821536295,0.07089520275830834
88971.18986315271,0.08237562039983565
89004.3715109425,0.09079498170873171
89037.55315873228,0.09541990062748874
89070.73480652204,0.09555286155310616
89103.91645431181,0.09028231272329226
89137.09810210159,0.07921911132748982
89170.27974989137,0.06140112835620486
89203.46139768114,0.0371440207874989
89236.6430454709,0.006339155059280736
89269.82469326069,-0.029647640862756265
89303.00634105047,-0.06840616693435186
89336.18798884023,-0.10568792384629117
89369.36963663,-0.1357463789887313
89402.55128441978,-0.15103233848193398
89435.73293220955,-0.1445347906696024
89468.91457999931,-0.11205797261002062
89502.0962277891,-0.05603293110999684
89535.27787557886,0.013361555694099227
89568.45952336863,0.08057524330799692
89601.64117115841,0.13050928368216447
89634.82281894817,0.15416734908631877
89668.00446673794,0.15098418223685642
89701.18611452772,0.12668917643121866
89734.36776231749,0.08951961136493167
89767.54941010725,0.04740283892328827
89800.73105789704,0.0064257857867677445
89831.7093160005,-0.027329660954523327
89862.68757410397,-0.05498199759652421
89893.66583220744,-0.07587646583554827
89924.6440903109,-0.09002214889226672
89955.62234841437,-0.09785158052726568
89986.60060651784,-0.10002498190468194
90017.5788646213,-0.09730398211901273
90048.55712272477,-0.090456152164801
90079.53538082824,-0.0803164895548443
90110.5136389317,-0.06747296604445477
90141.49189703517,-0.05279093412095021
90172.47015513864,-0.03672613020856914
90203.4484132421,-0.020006427836256113
90234.42667134557,-0.003052157870768553
90296.38318755252,0.02946516953817811
90327.36144565599,0.04417284989326194
90358.33970375947,0.05733260730863922
90389.31796186294,0.06858921885454368
90420.2962199664,0.07761003773943223
90451.27447806987,0.08408847286488862
90482.25273617334,0.08775768247719885
90513.2309942768,0.08836197811223585
90544.20925238027,0.08568857173588969
90575.18751048374,0.07963052069440467
90606.1657685872,0.06997447232516543
90637.14402669067,0.056891910385397884
90668.12228479414,0.040193822590796735
90699.1005428976,0.020485625727893746
90730.07880100107,-0.0022208285614565768
90761.05705910454,-0.02694103463852542
90792.035317208,-0.052754521532713
90823.01357531147,-0.07832397042994127
90853.99183341494,-0.101471855987782
90884.97009151841,-0.11983546684578117
90915.94834962187,-0.1302597223822777
90946.92660772534,-0.12937822888794642
90977.90486582881,-0.11402015875808254
91008.88312393229,-0.08223176624995243
91039.86138203576,-0.03480982264407348
91070.83964013922,0.02385342752985511
91101.8178982427,0.08464190058464838
91132.79615634617,0.13512147539190872
91163.77441444964,0.16423366852568047
91194.7526725531,0.16541159968054436
91225.73093065657,0.13980627008081517
91256.70918876004,0.09491944342041837
91287.6874468635,0.041199305316997586
91318.66570496697,-0.01147759297514701
91349.64396307044,-0.05602812836225658
91380.62222117391,-0.08902093904209601
91411.60047927737,-0.10950813672579855
91442.57873738084,-0.11833749476756499
91473.55699548431,-0.11727864381021726
91504.53525358778,-0.10842686223341859
91535.51351169124,-0.09385516246759212
91566.49176979471,-0.07543021659299377
91597.47002789818,-0.05473363564943973
91628.44828600164,-0.03305072771614229
91659.42654410511,-0.011482632656765916
91690.40480220858,0.009127733985142987
91721.38306031204,0.028125169218226838
91752.36131841553,0.04494992317106994
91783.33957651899,0.0594601832758653
91813.70883269125,0.07086265448882655
91844.07808886352,0.07938854524939973
91874.44734503579,0.08507391729566106
91904.81660120806,0.08769385414682791
91935.18585738033,0.08730372480290446
91965.55511355259,0.08393593524790517
91995.92436972485,0.07770081051460542
92026.29362589712,0.06870197795315544
92056.66288206939,0.05720006806367432
92087.03213824164,0.043323277688114586
92117.4013944139,0.027497977681567094
92147.77065058617,0.010026352019524915
92178.13990675844,-0.00878999969998453
92208.50916293071,-0.02795799906531838
92238.87841910298,-0.04735990032271017
92269.24767527524,-0.06591437389929239
92299.6169314475,-0.08274162746043331
92329.98618761977,-0.09696148343188736
92360.35544379204,-0.10703234495797531
92390.72469996431,-0.11189055322649152
92421.09395613658,-0.10987423570710612
92451.46321230884,-0.09969409396325991
92481.8324684811,-0.08007354955981212
92512.20172465337,-0.050446486664720507
92542.57098082564,-0.011457920691386734
92572.94023699789,0.034872594337741106
92603.30949317015,0.08358714652044723
92633.67874934242,0.12750699532785012
92664.04800551469,0.1579181313733158
92694.41726168696,0.16611039541796863
92724.78651785923,0.14744361944301343
92755.15577403149,0.10364890515152674
92785.52503020375,0.04332831944165515
92815.89428637602,-0.021065880918211773
92846.26354254829,-0.07752017119037823
92876.63279872056,-0.11767061340303825
92907.00205489283,-0.13852510299068632
92937.37131106509,-0.14126276912680882
92967.74056723734,-0.129398358025194
92998.10982340961,-0.10733665015578554
93028.47907958188,-0.07932649650461636
93058.84833575414,-0.04872778522949548
93089.2175919264,-0.01850809054830934
93119.58684809867,0.00971657143986457
93149.95610427094,0.034580237288787764
93180.32536044321,0.05537596088410056
93210.69461661548,0.07173484545375605
93241.06387278774,0.08355642241721781
93271.43312896,0.09091089515480447
93301.80238513227,0.09404439140516417
93332.17164130454,0.09321622420474554
93362.5408974768,0.08878841913950365
93392.91015364908,0.0811688839330936
93423.27940982133,0.070768169803567
93453.64866599359,0.05801134874452786
93484.01792216586,0.04338015771632589
93514.38717833813,0.027318565426369273
93544.75643451039,0.010309870453895822
93575.12569068265,-0.007126441280920711
93605.49494685492,-0.024546424940475053
93635.86420302719,-0.04132875727318696
93666.23345919946,-0.057043654309914205
93696.60271537173,-0.07105322118225775
93726.97197154399,-0.08279023673423166
93759.92100129524,-0.09232835888760997
93792.8700310465,-0.09766024495954859
93825.81906079777,-0.09811604915494088
93858.76809054904,-0.09293979514007024
93891.71712030031,-0.08149235994529946
93924.66615005158,-0.06325161182398562
93957.61517980284,-0.038345170404311395
93990.56420955411,-0.006857068889687455
94023.51323930538,0.029537285025648313
94056.46226905665,0.06858664758225497
94089.41129880791,0.10600784454959136
94122.36032855918,0.13591671940410077
94155.30935831045,0.15117192638908583
94188.25838806172,0.14445709074239294
94221.20741781298,0.11144916687297116
94254.15644756425,0.05381391688724695
94287.10547731552,-0.018242099276845655
94320.05450706679,-0.08837754516707402
94353.00353681805,-0.13974270451475423
94385.95256656932,-0.16207762739777298
94418.90159632059,-0.1543101965463633
94451.85062607186,-0.12321215026830004
94484.79965582312,-0.07867235307586279
94517.74868557439,-0.030496931453144777
94550.69771532566,0.014452774190635858
94583.64674507693,0.05183782461808527
94616.5957748282,0.07977790581619092
94649.54480457946,0.09777312202720742
94682.49383433073,0.10653595094236658
94715.442864082,0.10718120500332391
94748.39189383326,0.10106013692530552
94781.34092358453,0.0895595826766466
94814.2899533358,0.07397023503111155
94847.23898308707,0.055578201637738286
94880.18801283833,0.035467390165728474
94913.1370425896,0.014553090146207759
94946.08607234087,-0.0061768518186190195
94979.03510209214,-0.025990522429824938
95011.9841318434,-0.044224788937685035
95044.93316159467,-0.06022522295066367
95077.88219134594,-0.0734750187472849
95110.8312210972,-0.08350128532603349
95143.78025084847,-0.0899127587130345
95176.72928059974,-0.09235533052317003
95209.67831035101,-0.09060182005212945
95242.62734010228,-0.08439868610770287
95275.57636985354,-0.07383594505432087
95308.52539960481,-0.058719093688710707
95341.47442935608,-0.03958710107650052
95374.42345910735,-0.016558736323874966
95407.37248885861,0.009445422712089743
95440.32151860988,0.03736041595254742
95473.27054836115,0.06584392262940082
95506.21957811242,0.09230358672389503
95539.16860786368,0.11441253304167563
95572.11763761495,0.12841861588644693
95605.06666736622,0.13045912097533863
95638.01569711749,0.11659448791701005
95670.96472686875,0.08433531295878542
95703.91375662002,0.0336531560516311
95736.86278637129,-0.029999554869970333
95769.81181612256,-0.09556236810172071
95802.76084587383,-0.14769192185444133
95835.70987562509,-0.17194100423267367
95866.45551569006,-0.16299773244154633
95897.20115575501,-0.1263936182491262
95927.94679581997,-0.07169140651112593
95958.69243588494,-0.011495457137838446
95989.4380759499,0.04347860680101645
96020.18371601487,0.08633742051675632
96050.92935607984,0.11413547560835215
96081.6749961448,0.12689219320906872
96112.42063620975,0.12673588490917775
96143.16627627471,0.11631501307956497
96173.91191633968,0.09855579469155912
96204.65755640465,0.0760791224425958
96235.40319646962,0.05109485546485387
96266.14883653457,0.025414609246985954
96296.89447659953,0.0005080299150370775
96327.6401166645,-0.022787323612900014
96358.38575672946,-0.04332580568979345
96389.13139679443,-0.0608128654868625
96419.8770368594,-0.0746977992441345
96450.62267692435,-0.08481813533125362
96481.3683169893,-0.09104430048012747
96512.11395705427,-0.09334529981778406
96542.85959711924,-0.09181306775510888
96573.60523718421,-0.08657553366517189
96604.35087724918,-0.07785686356593277
96635.09651731413,-0.06591654289104575
96665.84215737908,-0.05117642039580847
96696.58779744405,-0.03395549663318637
96727.33343750902,-0.01487321107374449
96758.07907757399,0.005620316125137497
96819.57035770391,0.04766376228343236
96850.31599776886,0.06746322297502115
96881.06163783383,0.08526173523555217
96911.8072778988,0.09961738877132557
96942.55291796377,0.10940142826749302
96973.29855802873,0.11300540839896922
97004.04419809369,0.10916430019520046
97034.78983815864,0.09620126507702005
97065.53547822361,0.07350073426106915
97096.28111828858,0.04051021987689553
97127.02675835355,-0.001640779042099881
97157.77239841851,-0.04990341568379683
97188.51803848347,-0.09900816556501534
97219.26367854842,-0.14049941023436963
97250.00931861339,-0.16471831141198706
97280.75495867836,-0.16335817431200442
97311.50059874333,-0.13253149829263688
97342.2462388083,-0.07646466159247814
97372.99187887325,-0.006998626768686979
97403.7375189382,0.06103678598819538
97434.48315900317,0.11383768338585663
97465.22879906814,0.1442300456333055
97495.9744391331,0.15135366819782012
97526.72007919807,0.13882264895554464
97557.46571926303,0.11241393709429255
97588.21135932798,0.07820311412823767
97618.95699939295,0.041249832848765725
97649.70263945792,0.005305757610715837
97680.44827952288,-0.026965537747921507
97711.19391958785,-0.05402880528322332
97741.9395596528,-0.07509583238463927
97772.68519971776,-0.08989237466351079
97803.43083978273,-0.09865888957068866
97837.75220102337,-0.10161329632438314
97872.073562264,-0.09813803284565265
97906.39492350465,-0.08910555958079257
97940.71628474529,-0.0754734841287081
97975.03764598593,-0.0581448265978364
98009.35900722657,-0.038173794714612144
98078.00172970784,0.005847498807720728
98112.32309094848,0.027948852080804408
98146.64445218912,0.04876227586563242
98180.96581342976,0.06738282264661563
98215.2871746704,0.08282497914856336
98249.60853591104,0.0940813435920768
98283.92989715168,0.10029246044138415
98318.25125839232,0.10053725925783719
98352.57261963296,0.09399296880800086
98386.8939808736,0.08025749341646225
98421.21534211424,0.05861536385411131
98455.53670335488,0.030024513407056374
98489.85806459552,-0.005392765920418395
98524.17942583616,-0.04516981845542802
98558.5007870768,-0.085792504020132
98592.82214831744,-0.12177506762844378
98627.14350955808,-0.1457785738315942
98661.46487079872,-0.1495121473657948
98695.78623203936,-0.12589611157424865
98730.10759328,-0.07336093773706484
98764.42895452064,0.0011920535259129558
98798.75031576128,0.07996622506485102
98833.07167700192,0.14161421631141516
98867.39303824256,0.16941493597020266
98901.7143994832,0.15938263730675536
98936.03576072384,0.11934238343415911
98970.35712196448,0.06362339618054628
99004.67848320512,0.005480235444002342
99038.99984444576,-0.04496648445034845
99073.3212056864,-0.0828667197177083
99107.64256692704,-0.10658746660934353
99141.96392816768,-0.11674473314883765
99176.28528940832,-0.11529307009792908
99210.60665064896,-0.10456972316289116
99244.9280118896,-0.08699760331141568
99279.24937313024,-0.06465474467342443
99313.57073437088,-0.03975790039848368
99347.89209561152,-0.01387505247540757
99382.21345685216,0.011500139142843268
99416.5348180928,0.035054059152135976
99450.85617933344,0.055925945264667584
99485.17754057408,0.07311632198109926
99519.49890181472,0.08601648888826385
99553.82026305536,0.09407728336734977
99588.141624296,0.09691244192931703
99622.46298553664,0.0942872172646134
99656.78434677728,0.08608973225139988
99691.10570801792,0.07245439746158268
99725.42706925856,0.05361466744784092
99759.7484304992,0.030149458617671415
99794.06979173984,0.0029523052525380865
99828.39115298048,-0.026857008475354615
99862.71251422112,-0.057287553083071284
99897.03387546176,-0.08631905067820941
99931.3552367024,-0.11058171684530191
99965.67659794303,-0.12665270372656995
99999.99795918367,-0.13014927029074463
