0.002040816326530612,0.0000189351282440761
30.671792055962676,-0.027171596585598628
61.341543295598825,-0.052387078262500976
92.01129453523498,-0.07402375622299909
122.68104577487112,-0.09079897889645477
153.35079701450726,-0.10192051602282774
184.02054825414342,-0.10712442023120335
214.69029949377955,-0.10661196798667363
245.3600507334157,-0.10097182208235171
276.02980197305186,-0.09103456128612097
306.699553212688,-0.07778965831193813
337.3693044523242,-0.06222276178269866
368.0390556919603,-0.0453054184624077
398.7088069315964,-0.027880535821957826
429.3785581712326,-0.010687259465166927
460.04830941086874,0.005684402436218805
490.71806065050487,0.020785216012063564
521.387811890141,0.03428836556410309
552.0575631297772,0.04596213291326949
582.7273143694133,0.05569158420804575
613.3970656090495,0.06341217289913581
644.0668168486857,0.06913834728437193
674.7365680883217,0.07291975143099606
705.4063193279579,0.07484575749605991
736.0760705675941,0.07502948562476305
766.7458218072302,0.07360281527834854
797.4155730468664,0.07070694853905285
828.0853242865026,0.06649636853095688
858.7550755261386,0.06112892179211786
889.4248267657748,0.05474997682587318
920.094578005411,0.04752499486073282
950.7643292450471,0.03961013158004847
981.4340804846832,0.031143086392442846
1012.1038317243194,0.022282095494254132
1042.7735829639555,0.01317178194864708
1104.1130854432279,-0.005263178908117544
1134.782836682864,-0.014315977211970362
1165.4525879225002,-0.023087624307756544
1226.7920904017724,-0.03929693289887865
1257.4618416414087,-0.04650203099979845
1288.1315928810448,-0.05295356491539918
1318.8013441206808,-0.05855589146450988
1349.4710953603171,-0.06318797673722704
1380.1408465999532,-0.06677234883465542
1410.8105978395893,-0.06920736560928077
1441.4803490792256,-0.07041382515818269
1472.1501003188616,-0.07031531400305083
1502.8198515584977,-0.06884999646179132
1533.489602798134,-0.06596876106770673
1564.15935403777,-0.06161419108519664
1594.8291052774061,-0.055819639492314665
1625.4988565170424,-0.04852980356084247
1656.1686077566785,-0.039824448719219044
1686.8383589963146,-0.029740612130731953
1717.5081102359509,-0.01841226251578113
1748.177861475587,-0.0059612349945028145
1778.847612715223,0.0073705632693761985
1840.1871151944954,0.035576999037121484
1870.8568664341315,0.0496916250056815
1901.5266176737678,0.06317267328431701
1932.1963689134038,0.07544837249017619
1962.86612015304,0.08589028714259991
1996.1156449716777,0.09432950031920914
2029.3651697903158,0.09890797198667423
2062.614694608954,0.09879270809672352
2095.8642194275917,0.09330401855345659
2129.1137442462295,0.08206585694921124
2162.3632690648674,0.06507498999236713
2195.612793883505,0.042869860788075725
2228.862318702143,0.016636177961138542
2262.111843520781,-0.011902931950523995
2295.3613683394187,-0.04063555323406678
2328.6108931580566,-0.0671252851462166
2361.8604179766944,-0.08910026028608894
2395.1099427953322,-0.10470903127993075
2428.35946761397,-0.11277239625336158
2461.608992432608,-0.11293422295855605
2494.858517251246,-0.10563221389025453
2528.1080420698845,-0.09196240399086376
2561.3575668885223,-0.07349815588858598
2594.60709170716,-0.051953847018747244
2627.856616525798,-0.029014177014512556
2661.106141344436,-0.006216286838574989
2694.3556661630737,0.015202988152672575
2727.6051909817115,0.03429226908721228
2760.8547158003494,0.05047020927597722
2794.104240618987,0.06339008837599848
2827.353765437625,0.07292925256857452
2860.603290256263,0.07913880708115176
2893.8528150749007,0.082196408062481
2927.1023398935386,0.08236590212088839
2960.3518647121764,0.07996307927965914
2993.6013895308142,0.0753324229939379
3026.8509143494525,0.06882153484660294
3060.100439168091,0.06077630807614994
3093.3499639867287,0.05153966933565263
3126.5994888053665,0.04141825547307213
3159.8490136240043,0.030697234585067547
3193.098538442642,0.019665684409848803
3226.34806326128,0.008559205359081664
3292.8471128985557,-0.013006181152718026
3326.0966377171935,-0.02308546887447759
3359.3461625358314,-0.032463926320345
3392.595687354469,-0.040998711314191374
3425.845212173107,-0.04857389431981027
3459.094736991745,-0.05506601023613769
3492.3442618103827,-0.060384561808896516
3525.5937866290205,-0.0644469968798403
3558.843311447659,-0.06718862621119585
3592.092836266297,-0.06854687636036234
3625.342361084935,-0.06849774104348261
3658.591885903573,-0.06700735298696528
3691.8414107222106,-0.06405963974719392
3725.0909355408485,-0.05970274902144839
3758.3404603594863,-0.053930279792598415
3791.589985178124,-0.0467689798129039
3824.839509996762,-0.03835784538423779
3858.0890348154,-0.028748468611989764
3891.3385596340377,-0.01808696778020809
3957.8376092713133,0.005719325117736672
3991.087134089951,0.018419946922758213
4024.336658908589,0.031283286123296575
4090.835708545865,0.05605651124421659
4121.8818436781985,0.06644565233121097
4152.927978810532,0.07552950253668328
4183.974113942866,0.08288012724060236
4215.020249075199,0.08803258324152322
4246.066384207532,0.09051712416145773
4277.112519339866,0.08988460223071983
4308.1586544721995,0.08573767115746551
4339.204789604533,0.07777755839389189
4370.250924736867,0.06585005739977981
4401.2970598692,0.050025780414117205
4432.343195001533,0.030642761364457916
4463.389330133867,0.008355715108395861
4494.4354652662005,-0.015869339916393048
4525.481600398534,-0.04068419423993884
4556.527735530868,-0.06442322276690485
4587.573870663201,-0.08539324938627128
4618.620005795534,-0.10189341319607007
4649.666140927868,-0.11248943287870002
4680.7122760602015,-0.11619226419800768
4711.758411192535,-0.11264083246722315
4742.804546324869,-0.10214188671037719
4773.850681457202,-0.08562794601088872
4804.896816589535,-0.06451709910266429
4835.942951721869,-0.040515031451059114
4866.9890868542025,-0.01539808910115897
4898.035221986536,0.00917913707821245
4929.08135711887,0.0318248954364978
4960.127492251203,0.051520455757519464
4991.173627383536,0.06747457607928517
5022.21976251587,0.07941749043237327
5053.2658976482035,0.08727833895172873
5084.312032780537,0.09120034958765114
5115.358167912871,0.09149535217992326
5146.404303045205,0.08859191064767875
5177.450438177539,0.08296454521785114
5208.496573309872,0.07510958944492302
5239.5427084422045,0.06550907630841366
5270.588843574538,0.05463767190662346
5332.681113839206,0.030696941314459207
5363.72724897154,0.018337530715179483
5394.773384103873,0.006150133877754373
5425.819519236205,-0.005626683837666563
5456.865654368539,-0.0167967375430813
5487.911789500873,-0.027150449745284154
5518.957924633207,-0.03658158750912241
5550.004059765541,-0.04494504348468821
5581.050194897874,-0.05215811572203985
5612.096330030206,-0.058162708998302684
5643.14246516254,-0.06289644977629749
5674.188600294874,-0.06634223584985802
5705.234735427208,-0.06848039960614136
5736.280870559542,-0.06931318664019691
5767.327005691875,-0.06885745847808725
5798.373140824207,-0.06713863856338968
5829.419275956541,-0.06419833940306119
5860.465411088875,-0.06008555476021164
5891.511546221209,-0.05486413688233305
5922.557681353543,-0.04860288441460753
5953.6038164858755,-0.0413983538432227
5984.649951618208,-0.03332645923988321
6015.696086750542,-0.024523099643053527
6077.78835701521,-0.005154166283325276
6108.225490216341,0.0049015886362255645
6138.662623417473,0.015184249038436771
6199.536889819735,0.03543654359298779
6229.974023020866,0.045147426873886426
6260.411156221997,0.054215275678083555
6290.848289423128,0.06245941532455718
6321.28542262426,0.06965869112441782
6351.72255582539,0.07550827295983395
6382.159689026522,0.07976517986158416
6412.596822227653,0.08215819203960927
6443.033955428784,0.08242642997194069
6473.471088629915,0.08032494130627338
6503.908221831047,0.07564057357242525
6534.345355032177,0.06821424570859624
6564.782488233309,0.05796510882685871
6595.21962143444,0.044896957832542314
6625.656754635571,0.029166527448646104
6656.093887836702,0.011107854623426599
6686.531021037834,-0.008745097589049067
6716.968154238964,-0.029671389332874575
6747.405287440096,-0.05079163214216392
6777.842420641227,-0.07068336330437887
6808.279553842358,-0.08843396255719653
6838.716687043489,-0.10233189450728647
6869.153820244621,-0.11126831650989398
6899.590953445751,-0.11418425343529079
6930.028086646883,-0.11045278267212544
6960.465219848014,-0.09998624914676628
6990.902353049145,-0.08329952444600734
7021.339486250276,-0.0614877492581172
7051.776619451408,-0.036134761805814604
7082.2137526525385,-0.00908153821589522
7112.65088585367,0.017763449678358075
7143.088019054801,0.042608201395749806
7173.525152255932,0.06400723827396711
7203.962285457063,0.08095491512107762
7234.399418658195,0.09288684974876205
7264.8365518593255,0.09965645936119036
7295.273685060457,0.10147131999254029
7325.710818261588,0.0988062866709439
7356.147951462719,0.09230533227017494
7386.5850846638505,0.08269572716981649
7417.022217864982,0.07072839213139072
7447.4593510661125,0.057123128744804935
7477.896484267244,0.04256225943252663
7538.770750669506,0.012777129762155236
7569.2078838706375,-0.0015360628983194895
7599.645017071769,-0.014983405888920146
7630.0821502728995,-0.02729396064090582
7660.519283474031,-0.03831356958361343
7690.9564166751625,-0.04786973893181096
7721.393549876293,-0.055889417682694544
7751.8306830774245,-0.06232905969023058
7782.267816278556,-0.06716256526286157
7812.704949479687,-0.07041672107954884
7843.142082680818,-0.07212463627260683
7873.5792158819495,-0.07234129074918642
7904.01634908308,-0.07113980488177264
7934.4534822842115,-0.0686042402006791
7964.890615485343,-0.06483209955405733
7995.327748686474,-0.05991457677000117
8025.764881887605,-0.053979579877803746
8058.7817886677385,-0.046504665005284836
8091.798695447871,-0.03811709786604234
8157.832509008136,-0.01923307073290271
8190.84941578827,-0.009076648933271416
8223.866322568403,0.0013162879895944658
8289.900136128668,0.022090034548611165
8322.9170429088,0.03209993327150978
8355.933949688933,0.04156529187014546
8388.950856469066,0.0503272861892332
8421.9677632492,0.05814316247403652
8454.984670029335,0.06483290592074163
8488.001576809467,0.07017190170730028
8521.0184835896,0.0739425215485924
8554.035390369732,0.07598928749491773
8587.052297149865,0.07607852175954982
8620.069203929997,0.07404013243794215
8653.08611071013,0.06974937664909062
8686.103017490264,0.06308383847103
8719.119924270399,0.054002856651396244
8752.136831050531,0.04251550778635087
8785.153737830664,0.028725592899125244
8818.170644610796,0.012872272025230048
8851.187551390929,-0.004682084161203758
8884.204458171062,-0.02341767330083832
8917.221364951194,-0.0426125627031968
8950.238271731327,-0.0613466007730008
8983.25517851146,-0.0785235224064622
9016.272085291592,-0.09290974929264655
9049.288992071724,-0.10319970455803561
9082.305898851859,-0.10814287350090716
9115.322805631993,-0.10668235686705076
9148.339712412126,-0.09818606588286832
9181.356619192258,-0.08262168040704132
9214.37352597239,-0.060637612424693677
9247.390432752523,-0.033652604614628205
9280.407339532656,-0.0037297020708568366
9313.424246312788,0.026651764648181094
9346.441153092921,0.05492356644060534
9379.458059873054,0.07876795655798183
9412.474966653186,0.09645397527557749
9445.491873433319,0.1069869125388706
9478.508780213453,0.1101346367379318
9511.525686993587,0.10635151323791332
9544.54259377372,0.09662061552659718
9577.559500553853,0.08222872039641058
9610.576407333985,0.06458463037521413
9643.593314114118,0.045064757928512444
9676.61022089425,0.02490739150939098
9709.627127674383,0.0051599439995614095
9742.644034454517,-0.013355153682389521
9775.660941234652,-0.03002415596626475
9808.677848014784,-0.04443889377440944
9841.694754794917,-0.05633132161898152
9874.71166157505,-0.06559626882220648
9907.728568355182,-0.07222758671991271
9940.745475135314,-0.0762999788111818
9973.762381915447,-0.07794441709788245
10006.779288695581,-0.07733975828151543
10039.796195475716,-0.07469178255447184
10072.813102255848,-0.07022339942804001
10105.83000903598,-0.06417065910340078
10138.846915816113,-0.056775345497323104
10169.660432909943,-0.04884457420424192
10200.47395000377,-0.040156959130062245
10262.100984191427,-0.021150047360770655
10292.914501285257,-0.011185650780248121
10323.728018379084,-0.0011679915241464426
10385.355052566742,0.018465278365331572
10416.168569660571,0.02776656570003448
10446.982086754399,0.036525240547152484
10477.795603848226,0.04460816378429472
10508.609120942056,0.051886322290777206
10539.422638035885,0.05822699182809738
10570.236155129713,0.06351239784032246
10601.04967222354,0.06765442884450883
10631.86318931737,0.07053891602738205
10662.6767064112,0.07205657451744527
10693.490223505027,0.07212966297622947
10724.303740598854,0.07073253082573212
10755.117257692684,0.06778595052437415
10785.930774786513,0.06322737253361556
10816.74429188034,0.05702288518115051
10847.557808974168,0.049329616899141004
10878.371326067998,0.04010556073874652
10909.184843161827,0.02939643292482541
10939.998360255655,0.01732584649508149
10970.811877349483,0.004212217649420957
11001.625394443312,-0.009819376278898128
11032.438911537141,-0.02442094142890875
11063.252428630969,-0.03920222772814432
11094.065945724797,-0.05369167463724626
11124.879462818626,-0.06733631990609157
11155.692979912455,-0.0795066411790136
11186.506497006283,-0.08950070494472094
11217.32001410011,-0.09658933294279838
11248.13353119394,-0.10004249868704125
11278.94704828777,-0.09918299298256027
11309.760565381597,-0.09348592246584968
11340.574082475425,-0.08265118943260297
11371.387599569254,-0.0666725054054316
11402.201116663084,-0.04599259216242538
11433.014633756911,-0.02151038129845522
11463.828150850739,0.0054055394074721
11494.641667944568,0.033013469964708594
11525.455185038398,0.05932475640298506
11556.268702132225,0.08233153725030583
11587.082219226053,0.10023418603916975
11617.895736319882,0.11169323535506298
11648.709253413712,0.11598257546659083
11679.52277050754,0.11305309416078507
11710.336287601367,0.10349771971089733
11741.149804695197,0.0884238421108834
11771.963321789026,0.06924450344661133
11802.776838882854,0.047519355572088896
11864.40387307051,0.0023017291361154234
11895.21739016434,-0.018720072608719253
11926.030907258168,-0.037498296869263065
11956.844424351995,-0.05346103169038368
11987.657941445825,-0.06627198284772383
12018.471458539654,-0.07580106749935797
12049.284975633484,-0.08208336786688462
12080.098492727313,-0.085274853500452
12110.91200982114,-0.08561812279667995
12144.305300493972,-0.08310950757257189
12177.698591166802,-0.07800816782828732
12211.091881839631,-0.07075225568435986
12244.48517251246,-0.061750051775220305
12277.87846318529,-0.051418164297752894
12311.271753858122,-0.04013969258753632
12378.058335203783,-0.01612907539050024
12411.451625876613,-0.004012464450841111
12444.844916549444,0.00781495580935378
12478.238207222275,0.019108244220174035
12511.631497895105,0.02967426169959403
12545.024788567935,0.039326267135251475
12578.418079240764,0.047897071229164735
12611.811369913594,0.055265006035056095
12645.204660586425,0.06129716510078688
12678.597951259257,0.06591383079797941
12711.991241932086,0.06902894880034863
12745.384532604916,0.0705883742516708
12778.777823277745,0.07055344924810204
12812.171113950575,0.06890449143250273
12845.564404623407,0.06564346749236602
12878.957695296238,0.060796364316863805
12912.350985969068,0.05438834919145323
12945.744276641897,0.046538633768099885
12979.137567314729,0.03728644111143725
13012.53085798756,0.026806098165672542
13045.92414866039,0.015250805911388506
13079.31743933322,0.002743427372187893
13112.710730006049,-0.010253467357366685
13179.49731135171,-0.03708256573931435
13212.890602024541,-0.0500545296464034
13246.28389269737,-0.06217619165927127
13279.6771833702,-0.07292515163845124
13313.07047404303,-0.08174484991208712
13346.46376471586,-0.08804390191330451
13379.857055388691,-0.09121753970964003
13413.250346061523,-0.09068919865046914
13446.643636734352,-0.085948089226122
13480.036927407182,-0.0766348394170572
13513.430218080013,-0.06254649683679091
13546.823508752845,-0.043919949411213174
13580.216799425674,-0.021238994507755148
13613.610090098504,0.004471132961295566
13647.003380771333,0.03168110499588687
13680.396671444163,0.05843823139657417
13713.789962116995,0.08253981367604663
13747.183252789826,0.10170458194293544
13780.576543462656,0.11392091497708672
13813.969834135485,0.11779070777176959
13847.363124808315,0.11278635143051392
13880.756415481144,0.09934450520788739
13914.149706153976,0.07882219222400613
13947.542996826807,0.053267086840380104
13980.936287499637,0.02507264521946292
14014.329578172466,-0.0033567241355327883
14047.722868845298,-0.02989598624026999
14081.11615951813,-0.05289682652944178
14114.509450190959,-0.07126243039556655
14147.902740863788,-0.08443207722526075
14181.296031536618,-0.09231456470125107
14214.689322209448,-0.09516349515918276
14248.08261288228,-0.09348422494800933
14280.866901623907,-0.08806619569558845
14313.651190365534,-0.079597208490298
14346.435479107162,-0.0687658250462762
14379.21976784879,-0.056236033649853884
14412.004056590418,-0.04260725700984414
14444.788345332046,-0.02843061912335996
14510.356922815303,-0.00026899578599544425
14543.141211556931,0.01296672023622764
14575.92550029856,0.025270390904832272
14608.709789040187,0.036395794786084665
14641.494077781816,0.046170291682248905
14674.278366523444,0.0544791386643243
14707.062655265072,0.06120184806068646
14739.846944006698,0.06631032947952858
14772.631232748327,0.06974773381088799
14805.415521489955,0.07152048989863216
14838.199810231581,0.07164316076011276
14870.98409897321,0.07015422556159717
14903.768387714837,0.06711356296626692
14936.552676456466,0.06259303443030936
14969.336965198094,0.056687883749077586
15002.121253939722,0.04950572203113669
15034.90554268135,0.0411735281235756
15067.689831422978,0.03182689509973872
15100.474120164607,0.02164026673621822
15166.042697647863,-0.0005707796207957113
15198.826986389491,-0.012199087030548589
15231.61127513112,-0.023825565708070415
15297.179852614374,-0.046184682190571716
15329.964141356002,-0.05628029992571154
15362.748430097628,-0.06531841258585927
15395.532718839257,-0.07293015243415542
15428.317007580885,-0.07871606132906746
15461.101296322513,-0.08239015434789244
15493.885585064141,-0.08359257563634517
15526.66987380577,-0.08200620814912352
15559.454162547398,-0.07734735095560896
15592.238451289026,-0.0694041599778449
15625.022740030654,-0.058094611436939836
15657.807028772282,-0.04341100965039107
15690.59131751391,-0.025617116679436197
15723.375606255539,-0.005167526445010912
15756.159894997167,0.01718508926944721
15788.944183738793,0.04039009688775065
15821.728472480421,0.06306045558736437
15854.51276122205,0.08358269475442894
15887.297049963676,0.10020689374367447
15920.081338705304,0.1112521226226018
15952.865627446932,0.11521526857142622
15985.64991618856,0.11117231265826458
16018.434204930189,0.09894394325500667
16051.218493671817,0.07920631323717424
16084.002782413445,0.053471947508789294
16116.787071155073,0.023980314834625392
16149.571359896701,-0.006696373079489979
16182.35564863833,-0.03599267110026989
16215.139937379958,-0.061668660089000696
16247.924226121586,-0.08204176284075505
16280.708514863214,-0.09610722160323633
16313.49280360484,-0.10351861134750055
16346.277092346469,-0.10458524261396034
16376.857991401794,-0.10045719603949302
16407.438890457117,-0.09216477558879554
16438.01978951244,-0.08057925552954984
16468.600688567763,-0.0666084368825343
16499.181587623087,-0.051092046969126795
16529.76248667841,-0.03477803584484356
16590.924284789056,-0.0023758499013988273
16621.50518384438,0.012724511244552105
16652.086082899703,0.02656471332058554
16682.666981955026,0.03890930399504021
16713.24788101035,0.04956578399072885
16743.828780065673,0.0584108258677251
16774.409679120996,0.06540951033196342
16804.990578176323,0.07052022637790012
16835.571477231646,0.07378769940925803
16866.15237628697,0.07525629388274596
16896.733275342296,0.07500656149502846
16927.31417439762,0.07313933061681593
16957.895073452943,0.06976954546181381
16988.475972508266,0.06501532859115641
17019.05687156359,0.059024276416799505
17049.637770618912,0.05193166433293844
17080.218669674236,0.04388983977778243
17110.79956872956,0.03505829276044424
17141.380467784882,0.025588281997669
17202.54226589553,0.0054092829599660065
17233.12316495085,-0.0049680367232214275
17263.704064006175,-0.015304620730006028
17324.86586211682,-0.035165948452868794
17355.446761172145,-0.04432148399997688
17386.027660227468,-0.052744913597887605
17416.60855928279,-0.06021230614293628
17447.189458338114,-0.06656868487678795
17477.770357393438,-0.07166279063307472
17508.35125644876,-0.07529419330799941
17538.932155504088,-0.07726725955966118
17569.51305455941,-0.07747054265483991
17600.093953614734,-0.0757669915486168
17630.67485267006,-0.07200575459692074
17661.255751725384,-0.06612701647279191
17691.836650780708,-0.058099700814136186
17722.41754983603,-0.04789112679210528
17752.998448891354,-0.03562669168746342
17783.579347946677,-0.021430169959209697
17814.160247002,-0.005565885963452054
17844.741146057324,0.011591273188346548
17875.322045112647,0.02953619226873833
17905.90294416797,0.04762075927321753
17936.483843223294,0.06504496654843633
17967.064742278617,0.08088633376557863
17997.64564133394,0.0941210194293436
18028.226540389263,0.10371325774821649
18058.807439444587,0.10855729357622629
18089.38833849991,0.10783370783550199
18119.969237555233,0.10091337959685018
18150.550136610556,0.08764906491611854
18181.13103566588,0.06840040246911
18211.711934721203,0.04412216258063275
18242.292833776526,0.016361131167331313
18272.873732831853,-0.012932862657519697
18303.454631887176,-0.04155454285919494
18336.615304521503,-0.06932375988254835
18369.775977155827,-0.09140248116137245
18402.936649790154,-0.10614958190239202
18436.09732242448,-0.1128039875839787
18469.257995058804,-0.11147853186036358
18502.41866769313,-0.10301508753107719
18535.57934032746,-0.08878011726020589
18568.74001296178,-0.07032047702776031
18601.900685596105,-0.04932698084385441
18635.061358230432,-0.02732567745164152
18668.22203086476,-0.00562306571028315
18701.382703499083,0.014732404035405548
18734.543376133406,0.0329576587394491
18767.704048767733,0.04854365682451767
18800.86472140206,0.061172191485856606
18834.025394036384,0.07070614306592359
18867.186066670707,0.07716191796785228
18900.346739305034,0.08064905043440584
18933.50741193936,0.08135750706921911
18966.668084573685,0.07952751317715512
18999.828757208008,0.07543151660461926
19032.989429842335,0.06936873853864473
19066.150102476662,0.0616227498779714
19099.310775110986,0.052513868825761555
19132.47144774531,0.04233299370188698
19165.632120379636,0.03135545268558938
19231.953465648287,0.008155040185794143
19265.11413828261,-0.003558444621106968
19298.274810916937,-0.015018600941164795
19331.435483551264,-0.02601101959810285
19364.596156185587,-0.03630920881218884
19397.75682881991,-0.04571500498010755
19430.917501454238,-0.05404797696222778
19464.078174088565,-0.061129967633704346
19497.23884672289,-0.0668076745669133
19530.399519357212,-0.07092186374136393
19563.56019199154,-0.07336499802965415
19596.720864625866,-0.07401553991640625
19629.88153726019,-0.07279134480277107
19663.042209894513,-0.06963771550141608
19696.20288252884,-0.06448676180816289
19729.363555163167,-0.05740143162456874
19762.52422779749,-0.048385591932675956
19795.684900431814,-0.03748574496707464
19828.84557306614,-0.024965413266494617
19862.006245700468,-0.010960056528080625
19895.16691833479,0.004267594710606625
19928.327590969115,0.02022723584187259
19961.48826360344,0.03652162593457658
19994.64893623777,0.05252378785652947
20027.809608872092,0.06752611603583739
20060.970281506416,0.0807607739118852
20094.130954140743,0.0912947875773143
20127.29162677507,0.09821961222886587
20160.452299409393,0.10061445743193267
20193.612972043717,0.09768794369105671
20226.773644678044,0.08877036513310829
20259.93431731237,0.07375085210129279
20293.094989946694,0.052899104133152484
20326.25566258102,0.026950967331406804
20359.41633521535,-0.0022817315721729587
20392.57700784967,-0.03275348835829138
20425.737680484,-0.061963982335143275
20456.69496343202,-0.08562561761142137
20487.652246380043,-0.10378926208523667
20518.609529328063,-0.11499089253019917
20549.566812276084,-0.11840669463028375
20580.524095224104,-0.11400174183902362
20611.481378172124,-0.10245519531719893
20642.438661120144,-0.08502535200333143
20673.395944068165,-0.06343510396237453
20704.353227016185,-0.03943070043865511
20735.310509964205,-0.014724428319428263
20766.26779291223,0.009159887068295345
20797.22507586025,0.030999014702232153
20828.18235880827,0.04990157484491598
20859.139641756294,0.06529901246976486
20890.096924704314,0.07689881200729126
20921.054207652334,0.0847297038036697
20952.011490600355,0.08884478284050779
20982.968773548375,0.08956771367156637
21013.9260564964,0.08723461032202046
21044.88333944442,0.08224713717411103
21075.84062239244,0.07502707237635196
21106.797905340463,0.06599793196879497
21137.755188288484,0.05557929019247618
21168.712471236504,0.04414621028326083
21199.669754184524,0.03206696241579086
21230.627037132545,0.019693427295671185
21292.541603028585,-0.004871181398627149
21323.498885976605,-0.0165485588490342
21354.456168924626,-0.027500166981116847
21385.41345187265,-0.037589828273357065
21416.37073482067,-0.046623327052665836
21447.32801776869,-0.054495371212195526
21478.285300716714,-0.061073315706835954
21509.242583664734,-0.06628117367094374
21540.199866612755,-0.07003733269006462
21571.157149560775,-0.07229722133340286
21602.114432508795,-0.07302140511727515
21633.071715456816,-0.07219419791511203
21664.028998404836,-0.06982698756607922
21694.986281352856,-0.06593391213797709
21725.943564300876,-0.06055529738960299
21756.9008472489,-0.05376439306035423
21787.85813019692,-0.04561597701371465
21818.81541314494,-0.03626456582100953
21849.772696092965,-0.025814364693740877
21911.687261989005,-0.002290980055635753
21942.644544937026,0.010351534190262541
21973.601827885046,0.02328983385060095
22004.55911083307,0.03610443055383934
22035.51639378109,0.04857585444479719
22066.47367672911,0.06029952624889444
22097.430959677135,0.07081423902037233
22128.388242625155,0.079720130160895
22159.345525573175,0.08651528058579784
22190.302808521195,0.09072320588756365
22221.260091469216,0.09186936609437765
22252.217374417236,0.08951100264308734
22283.174657365256,0.08328036461085249
22314.131940313277,0.07300280403117368
22345.089223261297,0.05849943363050951
22376.04650620932,0.040150396202671815
22407.00378915734,0.01830764915462449
22437.352070174158,-0.005549086055065221
22467.70035119098,-0.03065468335455316
22498.048632207796,-0.0556300196488648
22528.396913224613,-0.07854172396949788
22558.745194241434,-0.0978487972538589
22589.09347525825,-0.11166278230939528
22619.441756275068,-0.11867234952951389
22649.79003729189,-0.1180713362760679
22680.13831830871,-0.10972754265823764
22710.486599325526,-0.09424250036627649
22740.834880342343,-0.0728885181350763
22771.183161359164,-0.0475006228830318
22801.531442375985,-0.020019937426001187
22831.8797233928,0.007520161212208138
22862.22800440962,0.033192758666437325
22892.57628542644,0.055639936036646034
22922.92456644326,0.07384780338783611
22953.272847460077,0.08723221790002782
22983.621128476894,0.09561725524215778
23013.969409493715,0.09915474681589026
23044.317690510536,0.09826669168419502
23074.665971527353,0.0935043902574044
23105.01425254417,0.08550826180900686
23135.36253356099,0.07495020864708993
23165.71081457781,0.06249182639832482
23196.059095594628,0.04876036966231118
23256.755657628266,0.019645836886165436
23287.103938645083,0.005197552492739205
23317.4522196619,-0.008670243492879278
23347.80050067872,-0.021674510972166036
23378.148781695538,-0.033545757365556754
23408.497062712355,-0.04411690931617443
23438.845343729176,-0.05323654847172758
23469.193624745993,-0.06079898150388993
23499.54190576281,-0.06673866156577384
23529.89018677963,-0.07102476446588955
23560.238467796447,-0.07364168364162789
23590.586748813264,-0.07461200836227476
23620.935029830085,-0.0739688953785004
23651.283310846906,-0.07176695395551452
23681.631591863723,-0.06808566402679575
23711.97987288054,-0.06300279803572154
23742.32815389736,-0.05662752656434321
23772.67643491418,-0.04908584457467039
23803.024715931,-0.04049597057468813
23833.372996947815,-0.030999411018739743
23863.721277964636,-0.0207827918584388
23894.069558981457,-0.009980538868872766
23924.417839998274,0.001203940078228849
23985.11440203191,0.023944094479928173
24015.462683048732,0.035015773438835225
24045.81096406555,0.045632913232524386
24076.159245082366,0.05549805134248924
24106.507526099187,0.06434730504756192
24136.855807116008,0.07193803736970916
24167.204088132825,0.07794192688108917
24197.552369149642,0.08211949420083889
24227.900650166463,0.0841722249488433
24258.24893118328,0.08385090268801906
24288.597212200097,0.08091757686633022
24318.945493216917,0.0751812044883872
24349.293774233734,0.06652357844452837
24382.221828829555,0.05378507996224631
24415.149883425373,0.03768218060711325
24448.077938021193,0.018537258385535202
24481.005992617014,-0.003060103154045205
24513.934047212835,-0.026224790590878615
24546.862101808656,-0.04975190150006774
24579.790156404477,-0.07212790706437572
24612.718211000298,-0.09160041242346074
24645.64626559612,-0.10639210796319677
24678.57432019194,-0.11467019669885264
24711.502374787757,-0.11510416030332464
24744.430429383578,-0.10695810593162922
24777.3584839794,-0.09037476152646857
24810.286538575216,-0.06637655157465638
24843.214593171037,-0.03700834015165269
24876.142647766857,-0.004831394251361724
24909.07070236268,0.027045692220305055
24941.9987569585,0.05604868696357826
24974.92681155432,0.07986123316511168
25007.85486615014,0.0969420938923821
25040.78292074596,0.10655271988336036
25073.710975341783,0.10882607491636816
25106.6390299376,0.10441762916534417
25139.56708453342,0.09439062705555475
25172.49513912924,0.08003577273767216
25205.42319372506,0.06271986579034813
25238.35124832088,0.04367898595707742
25271.2793029167,0.024002973340996214
25304.20735751252,0.004737801484774241
25337.135412108342,-0.013427750912528125
25370.063466704163,-0.02991320593685546
25402.991521299984,-0.04427663517772336
25435.919575895805,-0.05625908462753043
25468.847630491626,-0.06571951812813581
25501.775685087447,-0.07259587528266623
25534.703739683267,-0.07690799798960128
25567.63179427909,-0.07874764360516767
25600.55984887491,-0.07824659622096954
25633.487903470726,-0.07556731072553521
25666.415958066547,-0.07090751948082662
25699.34401266237,-0.06448156982195813
25732.272067258185,-0.05651323442608864
25765.200121854006,-0.047244835911815185
25798.128176449827,-0.03691838557865168
25831.056231045648,-0.025782432657006058
25863.98428564147,-0.014095820185758164
25929.84039483311,0.009928678228135347
25962.76844942893,0.021756431834046464
25995.696504024752,0.03311935698141318
26028.624558620573,0.043751466027237715
26061.552613216394,0.05343804513761329
26094.480667812215,0.06187660128077803
26127.408722408036,0.06887908208635087
26160.336777003853,0.07417853729495463
26193.264831599674,0.07757480589665455
26226.192886195495,0.07885140316478206
26259.120940791312,0.07784374411024014
26292.048995387133,0.07438565357175987
26324.977049982954,0.06839602931240545
26357.905104578775,0.0598136174262516
26390.833159174595,0.0486475566390219
26423.761213770416,0.035058790032563215
26456.689268366237,0.019223224062105793
26487.413933275755,0.0027670084557686915
26518.13859818527,-0.014898205127166674
26548.863263094783,-0.03321548976080403
26579.5879280043,-0.05148333703849694
26610.31259291382,-0.0688644317765389
26641.037257823333,-0.08438645213692196
26671.761922732847,-0.09698435377216853
26702.486587642365,-0.1055596320085998
26733.211252551882,-0.10907685509965931
26763.935917461396,-0.10663920215782513
26794.66058237091,-0.09776263890768033
26825.38524728043,-0.08232946564998606
26856.109912189946,-0.06079819176523764
26886.83457709946,-0.034449173471843814
26917.559242008974,-0.004870348352753629
26948.283906918492,0.025669544149881776
26979.00857182801,0.05472035194367899
27009.733236737524,0.07998170848808395
27040.457901647038,0.09949918466264598
27071.182566556556,0.11190356346344779
27101.907231466073,0.11664218354946614
27132.631896375588,0.11386253373977137
27163.3565612851,0.1043351954737279
27194.08122619462,0.08932520071791067
27224.805891104137,0.07032880730780704
27255.53055601365,0.048860196056293624
27286.255220923165,0.02638767074344448
27316.979885832683,0.004202041392101192
27347.7045507422,-0.016620301367280273
27378.429215651715,-0.03530364499942475
27409.15388056123,-0.05136640731356072
27439.878545470747,-0.06439636689768717
27470.603210380264,-0.07427775113939125
27501.32787528978,-0.081010658000416
27532.052540199293,-0.084695273827807
27562.77720510881,-0.08551813069358517
27593.50187001833,-0.08372950386161565
27624.226534927842,-0.0796061779245088
27654.951199837356,-0.07345648676313261
27685.675864746874,-0.06559040555911305
27716.400529656392,-0.05631073368527251
27747.125194565906,-0.04595795718700928
27808.574524384938,-0.02305990651825931
27839.299189294456,-0.01111353975950288
27870.02385420397,0.0008399878200130706
27931.473184023,0.02379723107594263
27962.19784893252,0.03436740559747001
27992.922513842033,0.04409948649018576
28023.647178751547,0.052784355174216153
28054.371843661065,0.0602906899996114
28085.096508570583,0.06646164090132117
28115.821173480097,0.07116492119641826
28146.54583838961,0.07430427645117345
28177.27050329913,0.07577689300986888
28207.995168208647,0.07552216490708001
28238.71983311816,0.07347276657672175
28269.444498027675,0.06961915230376278
28300.169162937193,0.06396592842790885
28330.89382784671,0.05650828314228423
28361.618492756228,0.04736110785586538
28392.343157665746,0.03660960139660348
28423.06782257526,0.02436076128952052
28456.372261063778,0.009741741830228252
28489.676699552292,-0.006024434072052122
28522.98113804081,-0.022513221616956756
28556.285576529328,-0.039131014060087004
28589.590015017846,-0.055298738743322064
28622.894453506364,-0.07024855794227505
28656.19889199488,-0.08313642149292154
28689.5033304834,-0.09308744457948613
28722.807768971918,-0.09911849612075861
28756.112207460435,-0.10032925434914874
28789.416645948953,-0.09594497513506242
28822.72108443747,-0.08547549662757976
28856.02552292599,-0.06863108466924317
28889.329961414507,-0.04603551655787911
28922.634399903025,-0.01854929916610438
28955.938838391543,0.012015906252366043
28989.24327688006,0.04314914736307819
29022.54771536858,0.07229781089679592
29055.852153857097,0.09645437440086947
29089.156592345615,0.1131241512293856
29122.461030834133,0.12060682246610377
29155.76546932265,0.11823501344814584
29189.06990781117,0.10651424839287452
29222.374346299686,0.0869578468136957
29255.678784788204,0.06176912876026615
29288.983223276722,0.033483386310549534
29322.28766176524,0.004609556225482318
29355.592100253758,-0.02261332971248108
29388.896538742276,-0.04651664159287857
29422.200977230794,-0.06601651569876867
29455.50541571931,-0.08048862231403592
29488.80985420783,-0.0897572502879669
29522.114292696348,-0.09399912015586412
29555.418731184865,-0.09363298521913803
29588.723169673383,-0.0892380292307208
29622.0276081619,-0.08147692536771062
29655.33204665042,-0.07101053085466458
29688.636485138937,-0.05853499269660989
29721.940923627455,-0.044678984396473546
29755.245362115973,-0.03000351532132675
29788.54980060449,-0.015054351166917446
29821.85423909301,-0.0003012218711377734
29855.158677581527,0.01389343663762831
29888.463116070045,0.02713531600259785
29921.767554558563,0.03920158925203872
29955.07199304708,0.0497756068988746
29988.376431535595,0.05871475107880898
30021.680870024113,0.06585566504923165
30054.98530851263,0.07108869768698983
30088.289747001145,0.07433923075922666
30121.594185489663,0.07556257407409064
30154.89862397818,0.07475255120408959
30188.2030624667,0.07193442140503968
30221.507500955217,0.06715646896505717
30254.811939443734,0.060514390989304945
30288.116377932252,0.052114740082336505
30321.42081642077,0.04211667554617647
30354.72525490929,0.030724814707003674
30388.029693397806,0.018113040484768778
30421.334131886324,0.0046105147026070745
30454.638570374842,-0.009484363122374788
30487.94300886336,-0.023881168772128786
30554.551885840396,-0.051704109959547016
30587.24732239771,-0.06399365101382251
30619.942758955025,-0.07471181081360312
30652.638195512343,-0.08331613437198629
30685.333632069658,-0.08922665909226969
30718.029068626973,-0.09190010955794331
30750.72450518429,-0.09080017802140908
30783.419941741606,-0.08547810321704877
30816.11537829892,-0.0756294883910423
30848.810814856235,-0.06114056283005317
30881.50625141355,-0.04218723047406199
30914.201687970864,-0.019311569723341894
30946.89712452818,0.006511451745718242
30979.592561085494,0.03384065848072168
31012.28799764281,0.060791052280526336
31044.983434200127,0.0851244870421521
31077.67887075744,0.1046354919821909
31110.374307314756,0.11699882641902032
31143.069743872074,0.12067733717298412
31175.76518042939,0.11485717808790294
31208.460616986704,0.09978898425481855
31241.15605354402,0.07681082972736969
31273.851490101333,0.04814450119479087
31306.546926658648,0.01654864423624254
31339.242363215963,-0.015092664664418595
31371.937799773277,-0.04420800367342926
31404.633236330592,-0.06856726885841047
31437.32867288791,-0.08695658177442835
31470.024109445225,-0.09875045567135457
31502.71954600254,-0.1039201518945542
31535.414982559858,-0.10294059143642367
31568.110419117173,-0.09664863821752545
31600.805855674487,-0.08603492916642984
31633.501292231802,-0.07216819252893587
31666.196728789117,-0.05606538540630664
31731.58760190375,-0.020921494942542442
31764.283038461064,-0.0034392962670651314
31796.978475018383,0.013179571935313574
31829.673911575697,0.028429944290488104
31862.369348133012,0.041962915947984326
31895.064784690327,0.05353437249087314
31927.76022124764,0.06294157845770064
31960.45565780496,0.07009183834938137
31993.151094362274,0.07494772934279689
32025.84653091959,0.07750230134071723
32058.541967476907,0.07781515821070902
32091.237404034222,0.07597684222869272
32123.932840591537,0.07211371425763635
32156.62827714885,0.0663586345063283
32189.323713706166,0.05889742588146084
32222.019150263484,0.04992743771789789
32254.7145868208,0.03964790512384718
32287.410023378114,0.028316977908677158
32320.105459935432,0.01614969800164301
32385.49633305006,-0.009526889303532201
32418.191769607376,-0.02244968680337435
32450.88720616469,-0.03503792426310649
32483.582642722005,-0.04697738363579935
32516.27807927932,-0.057847745906287086
32548.973515836635,-0.06737597978168085
32581.66895239395,-0.07519867847032084
32614.364388951268,-0.08091867849077619
32647.059825508582,-0.08422954142229926
32677.55187237959,-0.08483776493784687
32708.043919250602,-0.08282855041098434
32738.535966121613,-0.07798560177590358
32769.028012992625,-0.07020493650622309
32799.52005986364,-0.059420487906711714
32830.01210673465,-0.04567859532786426
32860.50415360566,-0.029196909765700156
32890.99620047667,-0.010339330014295562
32921.48824734768,0.010350274404972843
32951.980294218694,0.03206080668104514
32982.472341089706,0.05380805877254331
33012.96438796072,0.07434053052906178
33043.45643483173,0.09226022667026637
33073.94848170274,0.10608192912690084
33104.440528573745,0.11437717780460087
33134.93257544476,0.11596135008926477
33165.42462231577,0.11004680051654124
33195.91666918677,0.0964746732136246
33226.408716057784,0.07581161483692607
33256.900762928795,0.04935859712735387
33287.39280979981,0.019141050534929458
33317.88485667082,-0.012412877955037423
33348.37690354183,-0.042751031565553516
33378.86895041284,-0.06951121345089623
33409.36099728385,-0.09079410748198226
33439.853044154865,-0.10533588659626425
33470.345091025876,-0.11260437482077809
33500.83713789689,-0.11278365745725667
33531.3291847679,-0.10654341417473999
33561.82123163891,-0.09493865912678648
33592.31327850992,-0.07926037642838282
33622.805325380934,-0.06077694610263322
33653.297372251945,-0.040740218148743915
33683.78941912296,-0.020277341982300936
33714.28146599397,-0.00034012070347732345
33744.77351286498,0.018288049104654373
33775.26555973599,0.03508592893280027
33805.757606607,0.04960931928889005
33836.24965347801,0.061608442001230064
33866.74170034902,0.07095317175637378
33897.23374722003,0.07759126228537391
33927.725794091035,0.08157290813701114
33958.21784096205,0.08300984273966745
33988.70988783306,0.08205475799561779
34019.20193470407,0.07890218106601352
34049.69398157508,0.07375487425762577
34080.18602844609,0.06687465322650195
34110.678075317104,0.05846395457340145
34141.170122188116,0.04881672936207082
34171.66216905913,0.03816330007861379
34232.64626280115,0.014891341732860348
34263.13830967216,0.0027649006744000057
34293.63035654317,-0.009331499516127134
34354.6144502852,-0.032551762811198086
34385.10649715621,-0.043180753209800755
34415.59854402722,-0.05287113135851318
34446.09059089823,-0.06139519483393972
34476.58263776924,-0.06854120898363647
34507.074684640254,-0.0741366373254954
34537.566731511266,-0.0779789158040428
34568.05877838227,-0.07992332447898413
34598.55082525328,-0.07981271449603577
34631.62264570329,-0.0772604238024702
34664.694466153305,-0.07205047204942329
34697.76628660332,-0.06416596022762774
34730.838107053336,-0.0536178334561388
34763.90992750335,-0.04050038948035699
34796.98174795336,-0.02508883428842488
34830.05356840337,-0.0076662659828431005
34863.12538885338,0.01123676294379186
34896.1972093034,0.030945291402942193
34929.26902975341,0.05068139638059981
34962.34085020343,0.06936703250202776
34995.41267065344,0.08577789767461155
35028.484491103445,0.09869985152768708
35061.55631155346,0.10670960791630252
35094.628132003476,0.10855737902648552
35127.69995245349,0.10324793377298397
35160.77177290351,0.09026248611928792
35193.843593353515,0.06976465059609005
35226.91541380352,0.042580608149693645
35259.98723425354,0.010770265636885136
35293.05905470355,-0.023081386536247188
35326.13087515357,-0.055781087290131384
35359.202695603584,-0.0841860193853311
35392.27451605359,-0.10545733705515811
35425.3463365036,-0.11770618722666785
35458.418156953616,-0.12011767990154537
35491.48997740363,-0.1130221369292548
35524.56179785365,-0.09777532902044922
35557.63361830366,-0.07639490419156125
35590.70543875367,-0.051134543283859066
35656.84907965369,0.0021941679373737874
35689.92090010371,0.026575633386837733
35722.99272055372,0.04773444672124327
35756.064541003725,0.0649024550727142
35789.13636145374,0.07769703981527154
35822.208181903756,0.0860368598559091
35855.28000235377,0.09006630041183318
35888.35182280379,0.09011237406859737
35921.423643253795,0.08660024923301762
35954.4954637038,0.08001589980082656
35987.56728415382,0.07087970975308017
36020.63910460383,0.059743470996470434
36053.71092505385,0.047057038831636616
36086.782745503864,0.03337677514060064
36119.85456595387,0.019127498988271454
36185.998206853896,-0.009365851189026761
36219.07002730391,-0.022880674157496034
36252.14184775392,-0.035448471908629126
36285.21366820393,-0.046809673585530856
36318.28548865394,-0.05669777764120071
36351.35730910396,-0.06490233268986827
36384.42912955397,-0.07123620987411193
36417.50095000399,-0.07555130642778879
36450.572770454,-0.07772896282843622
36483.644590904005,-0.07768213156781692
36516.71641135402,-0.07537278488096597
36549.788231804036,-0.07078353723495664
36582.86005225405,-0.06395243498414216
36615.931872704066,-0.054978242252710516
36649.003693154074,-0.043946680374347735
36682.07551360408,-0.031137915360281578
36715.1473340541,-0.016734214368476587
36746.01576481781,-0.002153036865749884
36776.884195581515,0.013117428674282868
36807.752626345224,0.028767202261079285
36838.62105710893,0.044269561467916566
36869.48948787264,0.059081926816834045
36900.35791863635,0.07261667816424212
36931.22634940006,0.08418911351248437
36962.09478016377,0.09307376301640861
36992.963210927475,0.09855385123572658
37023.831641691184,0.09992982239186751
37054.70007245489,0.09657932623706024
37085.5685032186,0.08802975314881939
37116.43693398231,0.07412758855630838
37147.30536474602,0.05497957268321218
37178.17379550973,0.03117868980235682
37209.042226273436,0.003936289379673136
37239.910657037144,-0.02536580254486333
37270.77908780085,-0.05435972396550767
37301.64751856456,-0.08087843543762004
37332.51594932827,-0.10248876065103385
37363.38438009198,-0.11709204661385568
37394.25281085569,-0.12321074340197495
37425.121241619396,-0.12020278699400701
37455.989672383104,-0.10839362284915025
37486.85810314681,-0.08900470271047016
37517.72653391052,-0.06398041679242608
37548.59496467423,-0.03558464823963849
37579.46339543794,-0.006210860547034492
37610.33182620165,0.021906641273993756
37641.200256965356,0.046984775380792404
37672.06868772906,0.06781237272575136
37702.937118492766,0.08360760159782575
37733.805549256474,0.0940583763730772
37764.673980020176,0.09921893095125447
37795.542410783884,0.09949013738675232
37826.41084154759,0.09541773421179396
37857.2792723113,0.08768020605106681
37888.14770307501,0.07698591103749873
37919.01613383872,0.06405141099124079
37949.88456460243,0.04957703686723378
37980.752995366136,0.034197077275025405
38011.621426129845,0.018459299365556132
38042.48985689355,0.0028926201026634405
38073.35828765726,-0.012072682621606379
38104.22671842097,-0.02609367486789406
38135.09514918468,-0.038820449590325906
38165.96357994839,-0.05007752179258884
38196.832010712096,-0.05960940767517105
38227.700441475805,-0.06730292096327847
38258.56887223951,-0.07304641077690979
38289.43730300322,-0.07678096542987715
38320.30573376693,-0.07848334755787804
38351.17416453064,-0.07815903097125126
38382.04259529435,-0.07584801711313298
38412.91102605806,-0.07161597074735308
38443.779456821765,-0.06556827025286019
38474.647887585474,-0.057823537654037874
38505.51631834918,-0.04852467649807144
38536.38474911289,-0.03786700499970269
38567.2531798766,-0.026063105558098577
38598.12161064031,-0.013311463823215446
38628.99004140402,0.0000966738273544879
38690.726902931434,0.027616890558496483
38724.175107274146,0.04221397448482151
38757.62331161686,0.0558523458484167
38791.07151595957,0.06813398849641224
38824.519720302276,0.07844779947207427
38857.96792464498,0.08617857496015337
38891.416128987694,0.09078507221266084
38924.864333330406,0.09168264617845963
38958.31253767312,0.08839219462027927
38991.76074201583,0.08052960351608329
39025.208946358536,0.06786924863238314
39058.65715070124,0.050476832631996364
39092.105355043954,0.02874323709876262
39125.553559386666,0.0034712389502341255
39159.00176372938,-0.024045125294519534
39192.44996807209,-0.05201669046331914
39225.898172414796,-0.0782157745883883
39259.3463767575,-0.10015053071935359
39292.794581100214,-0.11527600924153003
39326.242785442926,-0.12158932214644774
39359.69098978564,-0.11765942585862824
39393.13919412835,-0.10335140139550554
39426.587398471056,-0.0797162011061646
39460.03560281376,-0.049091132633745926
39493.48380715647,-0.014646110035197588
39526.932011499186,0.020104879408353857
39560.3802158419,0.05186121615534088
39593.82842018461,0.07796949423016451
39627.276624527316,0.09668848774007377
39660.72482887002,0.10725402382831771
39694.17303321273,0.10977785051099231
39727.621237555446,0.10504990419285917
39761.06944189816,0.09429458529456046
39794.51764624087,0.07892886609804776
39827.96585058358,0.06041773114291913
39861.414054926296,0.04015157487415966
39894.862259269,0.019362824315508887
39928.310463611706,-0.0009305471386897683
39961.75866795442,-0.019900415192342293
39995.20687229713,-0.03690778342556847
40028.65507663984,-0.05150843758187934
40062.103280982556,-0.06338222076103951
40095.55148532526,-0.07237238117849204
40128.999689667966,-0.07840300531786576
40162.44789401068,-0.08150404386636861
40195.89609835339,-0.08177149109965723
40229.3443026961,-0.07935465559196762
40262.792507038816,-0.07446299563442413
40296.24071138152,-0.0673244640799135
40329.688915724226,-0.05821907793533459
40363.13712006694,-0.04743148092882359
40396.58532440965,-0.0352836419114925
40430.03352875236,-0.02210466806720486
40463.481733095075,-0.008237720018798482
40496.92993743778,0.005935575502998588
40563.8263461232,0.03378150233374849
40597.27455046591,0.046647109266684895
40630.72275480862,0.05832909719645469
40664.170959151335,0.06838900283026296
40697.61916349404,0.07644731714541035
40731.067367836746,0.082153690972645
40764.51557217946,0.08511233305756985
40797.96377652217,0.0850407639127238
40831.41198086488,0.08164692936539425
40864.25118327639,0.07490133672307786
40897.0903856879,0.06469764541442147
40929.9295880994,0.051044827614866194
40962.76879051091,0.034179109410162035
40995.60799292242,0.014509832540673673
41028.44719533392,-0.007415971439635988
41094.12560015694,-0.05383599493369831
41126.96480256845,-0.07567014092931805
41159.80400497996,-0.09440963191047531
41192.64320739147,-0.10824002222462076
41225.48240980298,-0.11533889156819263
41258.32161221449,-0.11433155535617522
41291.160814626,-0.10438948636604733
41324.0000170375,-0.08534592883626516
41356.83921944901,-0.058467733927212474
41389.67842186052,-0.018753547200123538
41422.51762427202,0.009623736900249502
41455.35682668353,0.04435695528150373
41488.19602909504,0.07497245334379551
41521.03523150655,0.09860846013036959
41553.874433918056,0.11341077948340166
41586.713636329565,0.11858499285522678
41619.552838741074,0.11454781542210976
41652.39204115258,0.10251606433355412
41685.23124356409,0.08425631964246105
41718.070445975594,0.06180303681976436
41750.9096483871,0.037152687464656976
41783.74885079861,0.012208583068381056
41816.588053210115,-0.011634273388708035
41849.427255621624,-0.03319144854609737
41882.26645803313,-0.05164896885912374
41915.10566044464,-0.06646875674863385
41947.94486285615,-0.07743623547097439
41980.78406526765,-0.0845033913466225
42013.62326767916,-0.08779540369065558
42046.46247009067,-0.08754845364927694
42079.30167250217,-0.084085951172374
42112.14087491368,-0.07778390773647748
42144.98007732519,-0.06905993264358627
42177.8192797367,-0.05834158135740846
42210.65848214821,-0.04605212822098827
42243.49768455972,-0.032649518178272705
42276.33688697123,-0.018512102731337535
42309.17608938274,-0.004088788161535411
42342.01529179425,0.010248751098894011
42374.85449420575,0.024122940853505026
42407.69369661726,0.037178110546736906
42440.53289902877,0.04908704920484689
42473.37210144027,0.05953703267474745
42506.21130385178,0.06825055884284154
42539.05050626329,0.07495402105870354
42571.8897086748,0.07944029275437631
42604.728911086306,0.08150087484530402
42637.568113497815,0.08098847166130917
42670.407315909324,0.07779477750535721
42703.24651832083,0.07183864970587303
42736.08572073234,0.06319262193381717
42768.924923143844,0.051871747534455864
42801.76412555535,0.038056485823287245
42834.60332796686,0.02209863147365733
42867.442530378365,0.004303457970344846
42933.12093520138,-0.0343780638700899
42963.756747926585,-0.05246861445117719
42994.39256065179,-0.06950648745516735
43025.02837337699,-0.08454629848735426
43055.66418610219,-0.096672237944606
43086.299998827395,-0.10475324072082269
43116.9358115526,-0.10783073680478733
43147.5716242778,-0.10506956705283554
43178.20743700301,-0.09583521246234039
43208.84324972822,-0.079989250764708
43239.47906245342,-0.05793484703079183
43270.114875178624,-0.03053311306321653
43300.75068790383,0.00023421060382684258
43331.38650062903,0.032491249112083585
43362.02231335423,0.06324974496405045
43392.658126079434,0.08985480254125378
43423.293938804636,0.10989843105240808
43453.92975152984,0.12152781244197931
43484.56556425504,0.12387108385320149
43515.20137698024,0.11703681396377213
43545.837189705446,0.10205172634650599
43576.47300243065,0.08059790001631838
43607.10881515585,0.05487509241943655
43668.38044060626,-0.0005677956393897246
43699.01625333147,-0.026512515045080794
43729.652066056675,-0.04918597791023255
43760.28787878188,-0.06782924380464547
43790.92369150708,-0.08189586138775418
43821.55950423228,-0.09119635497487856
43852.195316957484,-0.09586086681956472
43882.83112968269,-0.09620871095850528
43913.46694240789,-0.09268500581415683
43944.10275513309,-0.08581977258053777
43974.738567858294,-0.07620554572056831
44005.3743805835,-0.06440887732295755
44036.0101933087,-0.05100986851789556
44066.6460060339,-0.03655648819115388
44097.281818759104,-0.02152760839343653
44158.553444209516,0.00838839488435696
44189.189256934726,0.022462212471450353
44219.82506965993,0.03560256816459868
44250.46088238513,0.04741793449211141
44281.09669511033,0.05768122277028673
44311.732507835535,0.06623237604754814
44342.36832056074,0.07288545204321638
44373.00413328594,0.07752531370646297
44403.63994601114,0.08006069094091729
44434.275758736345,0.08043595257838143
44464.91157146155,0.07863632377227305
44495.54738418675,0.07467788720286846
44526.18319691196,0.06861896040433937
44556.81900963717,0.06053306027773504
44587.45482236237,0.05060415090374999
44618.090635087574,0.03894545340474192
44648.726447812776,0.02583599118722384
44679.36226053798,0.011531818326804496
44709.99807326318,-0.00368684149737601
44740.63388598838,-0.019357002796820143
44771.269698713586,-0.03505960212083373
44801.90551143879,-0.050347107888540674
44832.54132416399,-0.06460193205298079
44863.17713688919,-0.07723844007918608
44893.8129496144,-0.08759751913382534
44927.02853591861,-0.09546777436589535
44960.24412222281,-0.09903296201562288
44993.459708527014,-0.09749698802031827
45026.67529483122,-0.09024924320019177
45059.89088113543,-0.07696440875523129
45093.10646743963,-0.057578979572028816
45126.32205374384,-0.03288685798239894
45159.537640048045,-0.0036966085133421766
45192.75322635225,0.02770215182568286
45225.96881265646,0.059041827194307436
45259.18439896066,0.08727912291454898
45292.39998526486,0.10926911949184924
45325.61557156907,0.12244734972709655
45358.83115787327,0.12488075914629895
45392.046744177474,0.11599256700806555
45425.26233048168,0.09660999139720391
45458.47791678589,0.06895955325763795
45491.69350309009,0.03609088319877452
45524.9090893943,0.0014625450222603472
45558.124675698506,-0.03159979203496759
45591.34026200271,-0.06026935108847418
45624.55584830692,-0.08263451875418626
45657.77143461112,-0.09773869795286212
45690.98702091532,-0.10533747932846976
45724.20260721953,-0.10583248932698039
45757.41819352373,-0.10008385109508328
45790.633779827935,-0.0892118709234039
45823.84936613214,-0.07443582169157811
45857.06495243635,-0.05695002858977271
45890.28053874055,-0.03794558300930213
45956.711711348966,0.0008218769441019052
45989.92729765317,0.0189633415118098
46023.14288395738,0.03546550873963979
46056.358470261584,0.04987548275912811
46089.57405656579,0.06184411167858189
46122.78964287,0.07117861833024491
46156.0052291742,0.07771510414280736
46189.2208154784,0.08142521832487642
46222.43640178261,0.08229694115366117
46255.651988086815,0.08043043264006842
46288.86757439101,0.07594682387794087
46322.08316069522,0.06903677568916475
46355.298746999426,0.059905326652008276
46388.51433330363,0.04884260510580705
46421.72991960784,0.036125935014876626
46454.945505912045,0.02211871731736317
46488.16109221625,0.007180882461813355
46521.37667852046,-0.008272096462055532
46554.59226482466,-0.023785871513000226
46587.80785112887,-0.03892684812048561
46621.023437433076,-0.05309460110782471
46654.23902373728,-0.06586659346858761
46687.45461004149,-0.07664709923156976
46720.67019634569,-0.08486188158223007
46753.88578264989,-0.09001745911683465
46787.1013689541,-0.09156592662128582
46820.3169552583,-0.08906584790737562
46853.532541562505,-0.08215882008587101
46886.74812786671,-0.07066599588573565
46919.96371417092,-0.0545847970343278
46953.17930047512,-0.03423100085597576
46986.39488677933,-0.010219001183348963
47019.610473083536,0.01623689155124153
47050.622669701435,0.04205453840863874
47081.634866319335,0.06698205416857095
47112.647062937234,0.08951661683480511
47143.65925955514,0.10734083084710522
47174.67145617305,0.11868151642925057
47205.68365279095,0.12186711825260027
47236.69584940885,0.11584543319712672
47267.708046026746,0.10056664204372218
47298.720242644646,0.07690845690625998
47329.732439262545,0.04671020102304112
47360.744635880445,0.012757109581561205
47391.756832498344,-0.02185894749100466
47422.76902911624,-0.05405728259269446
47453.78122573414,-0.08100910472010589
47484.79342235204,-0.10089162639920188
47515.80561896995,-0.11267331154457366
47546.817815587856,-0.11616643726906448
47577.830012205755,-0.11194848464680274
47608.842208823655,-0.10115118579535162
47639.854405441554,-0.08519206569209575
47670.866602059454,-0.06562854732223516
47701.87879867735,-0.04401636713318683
47763.90319191315,0.000223759911331437
47794.91538853105,0.020718873573509784
47825.92758514895,0.039065721709102844
47856.93978176685,0.054780362032152086
47887.95197838476,0.06749460962965384
47918.964175002664,0.0770475110183103
47949.97637162056,0.08338553561592439
47980.98856823846,0.08655423600638928
48012.00076485636,0.08670087888260568
48043.01296147426,0.08401809903718956
48074.02515809216,0.07875072175781506
48105.03735471006,0.07120924755245871
48136.04955132797,0.06164499665575211
48167.061747945874,0.05043557722489172
48198.073944563774,0.03794273025028117
48260.09833779957,0.010408189890777597
48291.11053441747,-0.003892825385579213
48322.12273103537,-0.018088233200048407
48353.13492765327,-0.03178394549380701
48384.14712427117,-0.04466941250068474
48415.15932088907,-0.056372420293434033
48446.17151750697,-0.0665701543945703
48477.18371412487,-0.07495152271546408
48508.195910742776,-0.08118398794277946
48539.20810736068,-0.08502626756281681
48570.22030397858,-0.08620708200992244
48601.23250059648,-0.08455402118954156
48632.24469721438,-0.07989083333810973
48663.25689383228,-0.07211205800886743
48694.26909045018,-0.06132136803712929
48725.28128706808,-0.047557451775225704
48756.29348368598,-0.03104800538038967
48787.30568030388,-0.012195875437194376
48818.31787692178,0.008411159503245644
48849.33007353968,0.030015495089387015
48880.342270157584,0.0516934749270534
48911.35446677549,0.07214313522180929
48942.36666339339,0.09017044415651053
48973.37886001129,0.10423830462801843
49004.39105662919,0.11289692237693844
49034.794251315885,0.11485910888024817
49065.19744600258,0.10938823141997982
49095.600640689285,0.09605520728192282
49126.00383537598,0.07517958580883964
49156.40703006268,0.047688965089697895
49186.81022474938,0.015545649700522838
49217.21341943608,-0.018663021471425404
49247.61661412277,-0.05197493582317956
49278.01980880948,-0.08136761087696617
49308.42300349617,-0.10422024767729368
49338.82619818287,-0.11866805805480798
49369.22939286957,-0.1237886723016577
49399.63258755627,-0.11969356325400314
49430.035782242965,-0.1073861220325288
49460.43897692967,-0.08848802932263504
49490.842171616365,-0.06498214226353483
49521.24536630306,-0.038937563227373864
49551.648560989765,-0.012356158786552314
49582.05175567646,0.013141672979653914
49612.45495036316,0.03627859334029828
49642.85814504986,0.05608035990318609
49673.26133973656,0.07191763311867402
49703.66453442325,0.08354600996493144
49734.06772910996,0.09090037798282406
49764.47092379665,0.09412081766393526
49794.87411848335,0.0934990691601016
49825.27731317005,0.08941853875750282
49855.68050785675,0.08231696640287006
49886.083702543445,0.07270078229469838
49916.48689723015,0.061015936971810535
49946.890091916845,0.04781291433500387
49977.29328660354,0.03351671191597891
50007.69648129024,0.01863072953062898
50038.09967597693,0.0035602280150680166
50068.50287066364,-0.011276583458152698
50098.90606535033,-0.025504337659395502
50129.30926003703,-0.03878836974055401
50159.71245472373,-0.05080497825798673
50190.11564941043,-0.06128467103508167
50220.518844097125,-0.06997451952302847
50250.92203878383,-0.07666584453157084
50281.325233470525,-0.0811806677203688
50311.72842815722,-0.0833732287924516
50342.131622843925,-0.08315274593350382
50372.53481753062,-0.08045143241793669
50402.93801221732,-0.07524081782567428
50433.34120690402,-0.06761024428004277
50463.74440159072,-0.05760587252387206
50494.14759627741,-0.04536082182418982
50524.55079096412,-0.031198628785083588
50554.95398565081,-0.01536643397323502
50585.35718033751,0.001779620354987623
50615.76037502421,0.019690455230107873
50646.16356971091,0.03778941699402571
50676.566764397605,0.05541599224878533
50706.96995908431,0.07176872093528189
50737.373153771005,0.08596068875612552
50767.7763484577,0.09710520928287361
50798.179543144404,0.1042231839980022
50828.5827378311,0.10642813421726653
50858.9859325178,0.10292949644285414
50889.3891272045,0.09322962648282121
50919.7923218912,0.07712268376748149
50950.19551657789,0.054948980121447506
50983.17848484359,0.025155927587810926
51016.16145310929,-0.008763499651687028
51049.14442137499,-0.04362877489311665
51082.12738964069,-0.07641104961568634
51115.11035790639,-0.10320704960256166
51148.09332617209,-0.12095105490761719
51181.07629443779,-0.12752412491096704
51214.05926270349,-0.12217801085266425
51247.04223096919,-0.1057128977608721
51280.02519923489,-0.08026812050511681
51313.00816750059,-0.049041158233797205
51345.99113576629,-0.015290037723703919
51378.97410403199,0.017752064853923104
51411.95707229769,0.047266326641694834
51444.94004056339,0.07137279897190407
51477.92300882909,0.08900276614642508
51510.90597709479,0.09971120470610215
51543.88894536049,0.10365101017932297
51576.87191362619,0.1014385192000032
51609.85488189189,0.0939353750357104
51642.83785015759,0.08213616111559244
51675.82081842329,0.06710803749075345
51708.80378668899,0.04985448086728317
51741.78675495469,0.03135713982665252
51774.769723220394,0.012482404900403043
51807.752691486094,-0.006044853983466507
51840.735659751794,-0.023534512176261537
51873.718628017494,-0.03945665582986297
51906.701596283194,-0.053382203538553025
51939.684564548894,-0.0649275208760024
51972.667532814594,-0.07390188820404592
52005.6505010803,-0.08005831504976636
52038.63346934601,-0.08331741121708779
52071.61643761171,-0.08364956596076303
52104.59940587741,-0.08108212527602938
52137.58237414311,-0.07570423589654637
52170.56534240881,-0.06767278140060871
52203.54831067451,-0.057203046615099465
52236.53127894021,-0.04454660793037241
52269.51424720591,-0.030094757029188773
52302.49721547161,-0.014168575325840163
52335.48018373731,0.0026962563872776485
52368.46315200301,0.020043750341070966
52401.44612026871,0.03723807179017674
52434.42908853441,0.053630037827056075
52467.41205680011,0.06856285535323157
52500.39502506581,0.08121569200508988
52533.37799333151,0.09084042231759377
52566.36096159721,0.09667797082584784
52599.34392986291,0.09796706484788113
52632.32689812861,0.094086654545227
52665.30986639431,0.08458472242467305
52698.29283466001,0.06926087477897841
52731.27580292571,0.04835402590975547
52764.25877119141,0.022525773347506384
52797.24173945711,-0.006942209539108651
52830.22470772281,-0.03812268495326768
52863.20767598851,-0.0684978433292788
52896.19064425421,-0.09514574974292606
52929.17361251991,-0.11500456146584072
52962.15658078561,-0.12548264698414496
52995.13954905131,-0.12492796397596909
53028.12251731701,-0.11205035083695265
53061.10548558271,-0.08862978368063143
53091.88506416211,-0.05916865176090705
53122.6646427415,-0.025277109233276637
53153.4442213209,0.009804924094239324
53184.2237999003,0.042913568440574326
53215.00337847969,0.07125831178490871
53245.782957059084,0.09308456172585874
53276.562535638484,0.10721713609541979
53307.34211421788,0.11344410978563484
53338.12169279727,0.11219188145375993
53368.90127137667,0.10438161605900739
53399.680849956065,0.09126472246006515
53430.46042853546,0.07417574349430421
53461.24000711486,0.05447283638976981
53492.01958569425,0.03345140128796035
53553.578742853046,-0.008394598660002818
53584.358321432446,-0.02742037946962284
53615.13790001184,-0.044385139180737325
53645.91747859123,-0.05880094775198984
53676.69705717063,-0.07038787587913675
53707.47663575003,-0.07898131707927276
53738.25621432942,-0.08450018699036081
53769.03579290882,-0.08696719248066079
53799.815371488214,-0.08647868270028904
53830.59495006761,-0.08319206187012237
53861.37452864701,-0.07730304729289914
53892.1541072264,-0.06908921874041288
53922.933685805794,-0.05879512936954341
53953.713264385195,-0.04676338160179962
53984.49284296459,-0.033359023283965346
54046.05200012338,-0.0037923828860895086
54076.83157870278,0.011512466490582709
54107.611157282176,0.026680085361640307
54138.39073586157,0.041212162745722994
54169.17031444097,0.054716359360928196
54199.94989302036,0.06675591904622002
54230.729471599756,0.07683451198049983
54261.50905017916,0.08459314200413154
54292.28862875855,0.08960656629036869
54323.06820733794,0.09147963627433481
54353.84778591734,0.0899344683208056
54384.62736449674,0.08469925049542304
54415.40694307613,0.07563199658076389
54446.18652165553,0.06272081695387127
54476.966100234924,0.046119761392070885
54507.74567881432,0.026220544923683486
54538.52525739372,0.0036192298182847298
54569.30483597311,-0.02079503995154479
54600.084414552504,-0.04580057033501864
54630.863993131905,-0.0698599021415381
54661.6435717113,-0.09133197193368457
54692.42315029069,-0.10816678597140832
54723.20272887009,-0.11867626789867276
54753.982307449485,-0.12113344218928104
54784.76188602888,-0.11444764527789006
54815.54146460828,-0.09846569518343808
54846.32104318767,-0.07376765335267518
54877.100621767066,-0.042234255738452325
54907.880200346466,-0.006613944107614098
54938.65977892586,0.029818330280677856
54969.43935750525,0.06349577200564942
55000.21893608465,0.0913779102948606
55030.99851466405,0.11108142082464667
55064.35786682245,0.12173665623377722
55097.71721898085,0.1211550121047244
55131.076571139245,0.11041884323993226
55164.43592329764,0.09162137526611085
55197.79527545604,0.06720103581102468
55231.154627614436,0.03971285159204809
55264.51397977283,0.011537871347641906
55297.87333193123,-0.015289888553623366
55331.23268408963,-0.03931151598563145
55364.592036248025,-0.05945515752277825
55397.95138840642,-0.07508552502595484
55431.31074056482,-0.08587685841627092
55464.670092723216,-0.09184477854120254
55498.02944488161,-0.09318808374604949
55531.38879704001,-0.09027268765423949
55564.74814919841,-0.08356789199900214
55598.107501356804,-0.07362765840926881
55631.4668535152,-0.0610425895659658
55664.8262056736,-0.04640373806737095
55698.185557831996,-0.030365375769531702
55731.54490999039,-0.013465804000601198
55764.90426214879,0.0036393629693479623
55798.26361430719,0.020401246878627714
55831.622966465584,0.036296324118190545
55864.98231862398,0.050787107924443034
55898.34167078238,0.06343385071500718
55931.701022940775,0.07376941998990813
55965.06037509917,0.08143599645306558
55998.41972725757,0.08607812303415424
56031.77907941597,0.08743800128360868
56065.13843157436,0.0852997700281149
56098.49778373277,0.07956899456302072
56131.85713589117,0.07019158519568383
56165.21648804957,0.057344331188042164
56198.57584020797,0.04121738309898704
56231.93519236636,0.02222110226131556
56265.29454452476,0.0010520466103415942
56298.65389668316,-0.021533119582648842
56332.013248841555,-0.044492684547143425
56365.37260099995,-0.0664795118433545
56398.73195315835,-0.08600353722257555
56432.091305316746,-0.101404783439378
56465.45065747514,-0.11098519951901771
56498.81000963354,-0.11313386362456182
56532.16936179194,-0.10661449367225008
56565.528713950334,-0.09081627579873415
56598.88806610873,-0.06604109196732287
56632.24741826713,-0.03374240359695865
56665.606770425526,0.003474355145667519
56698.96612258392,0.042011231183752364
56732.32547474232,0.0774487052697613
56765.68482690072,0.10569690319649802
56799.044179059114,0.12341259449550512
56832.40353121751,0.12864934620935306
56865.76288337591,0.12123841693992526
56899.122235534305,0.10259125567669979
56932.4815876927,0.0756841492564028
56965.8409398511,0.04359402825557364
56999.2002920095,0.009898299236761787
57032.55964416789,-0.022274306752148254
57065.91899632629,-0.050480969129685735
57099.27834848469,-0.07314549363459928
57132.637700643085,-0.0893646895068192
57165.99705280149,-0.09886916766316178
57198.74740302868,-0.10189298744524994
57231.497753255884,-0.0992310088211763
57264.24810348308,-0.09164652358246526
57296.99845371027,-0.08001650301319536
57329.748803937466,-0.0652831474254787
57362.49915416466,-0.04836604792333023
57427.99985461905,-0.011358226390812742
57460.75020484624,0.007164839002897451
57493.500555073435,0.02480569010000383
57526.250905300636,0.04095862613998813
57559.00125552783,0.055238886865124175
57591.751605755024,0.06714656753595828
57624.501955982225,0.07637169429797659
57657.25230620942,0.082698379069116
57690.00265643661,0.08593086172579942
57722.75300666381,0.08598196131948738
57755.503356891,0.0828180138207966
57788.2537071182,0.07651461385945847
57821.004057345395,0.06717764026692033
57853.75440757259,0.05505997295026678
57886.50475779979,0.04043358344859657
57919.255108026984,0.023726521202094293
57952.00545825418,0.005429058462024075
57984.75580848137,-0.01387537144837818
58017.506158708566,-0.033395339515263814
58050.25650893576,-0.052400894179012024
58083.00685916295,-0.06991443767141779
58115.75720939015,-0.08492174925480249
58148.50755961734,-0.09638840156054249
58181.25790984454,-0.1032294105066557
58214.008260071736,-0.10443151660235221
58246.75861029893,-0.09916128852518
58279.50896052613,-0.08689164042197609
58312.259310753325,-0.06754328015365646
58345.00966098052,-0.04166491895894396
58377.76001120771,-0.010564787850611674
58410.51036143491,0.023616876766594092
58443.2607116621,0.05792418280335305
58476.011061889294,0.08903449415026864
58508.76141211649,0.11318815423891422
58541.51176234368,0.1272942753559472
58574.26211257088,0.12928108040306865
58607.01246279808,0.11854824643561328
58639.76281302527,0.09621795117508739
58672.51316325247,0.06493993794436774
58705.263513479666,0.02853612919216367
58738.01386370686,-0.00903860872737659
58770.76421393405,-0.04400620527534793
58803.51456416125,-0.07319077597169377
58836.26491438845,-0.09469014898841213
58869.01526461564,-0.10762821894861202
58901.765614842836,-0.11198267959386046
58934.51596507004,-0.10847349577435181
58967.26631529723,-0.09830681635932283
59000.016665524425,-0.08291998326935149
59032.76701575162,-0.06382851189326265
59065.51736597881,-0.042525992444267524
59098.267716206006,-0.020326361320057662
59131.0180664332,0.0016236086313970188
59163.768416660394,0.022310301367022632
59196.51876688759,0.0409752540751136
59229.26911711479,0.057014543082838126
59262.01946734198,0.06997629109472742
59292.56642788288,0.07905757009985334
59323.113388423764,0.0850814510560442
59353.66034896466,0.08800994920079536
59384.20730950555,0.0878805567228732
59414.75427004644,0.0847847985154701
59445.301230587334,0.0789035353099668
59475.84819112823,0.07043352277264016
59506.395151669116,0.05964995448483912
59536.94211221,0.04689773863472936
59567.4890727509,0.03249356934790924
59628.58299383268,0.0004498588001009057
59659.129954373566,-0.016301652889418206
59689.67691491446,-0.032844052734957656
59720.223875455355,-0.048652268973259694
59750.77083599624,-0.06319742313730164
59781.31779653713,-0.07583780839181625
59811.86475707802,-0.08603441876745764
59842.41171761892,-0.09322319258425105
59872.958678159805,-0.09682983469527434
59903.50563870069,-0.09639492021324463
59934.052599241586,-0.09152110484615758
59964.59955978248,-0.0819509185538537
59995.14652032337,-0.06766072594234916
60025.693480864255,-0.04878489473816758
60056.24044140515,-0.025889699256996537
60086.78740194604,0.00021043774878558123
60117.33436248693,0.028097161073843815
60147.88132302782,0.056262861007043044
60178.42828356871,0.08236424268752825
60208.975244109606,0.1043888308830747
60239.52220465049,0.11970624770130138
60270.06916519138,0.12649773424049582
60300.616125732275,0.12320545365778515
60331.16308627317,0.10935129341818542
60361.710046814056,0.08573820232238617
60392.25700735494,0.05424053563432218
60422.80396789584,0.01785575493375135
60453.35092843673,-0.019812313371383665
60483.89788897762,-0.05517950325180038
60514.444849518506,-0.08476919567644381
60544.9918100594,-0.10643349238316349
60575.538770600295,-0.11883629240863963
60606.08573114118,-0.12166600276724836
60636.63269168207,-0.11568995297727802
60667.17965222296,-0.10224237800961489
60697.72661276386,-0.08314502085553632
60728.273573304745,-0.06022951934198419
60758.82053384563,-0.035329727238306644
60789.367494386526,-0.010142436379423985
60819.91445492742,0.01395996111186186
60850.46141546831,0.035888490876484755
60881.008376009195,0.05484191685745772
60911.55533655009,0.07023522700207624
60942.10229709098,0.08178421238227389
60972.64925763187,0.08934451607590824
61003.19621817276,0.09296043956560571
61033.74317871365,0.09279743229026112
61064.29013925455,0.08911704288061023
61094.83709979543,0.08224990308912118
61125.38406033632,0.07260533703996588
61155.931020877215,0.06060297484878398
61186.47798141811,0.04672699127636068
61217.024941958996,0.031429156471297924
61250.15167607889,0.01386113319950549
61283.27841019878,-0.004174506777777079
61316.405144318676,-0.022004776130022365
61349.53187843857,-0.03897760606547882
61382.65861255846,-0.05454197070284426
61415.785346678356,-0.06805910292842192
61448.91208079825,-0.07901392757943977
61482.03881491814,-0.08688312258376157
61515.16554903803,-0.09119827304395114
61548.29228315792,-0.09160332315502588
61581.41901727782,-0.08780423791741632
61614.54575139771,-0.07966855717954943
61647.6724855176,-0.06714872630371665
61680.7992196375,-0.05048486599422293
61713.92595375739,-0.030084544051411248
61747.05268787728,-0.006618290604213783
61780.17942199717,0.018830285803142208
61813.30615611706,0.044962231621269
61846.43289023696,0.07003983359229235
61879.55962435685,0.09211006454338688
61912.68635847674,0.10890193007894776
61945.81309259664,0.11836820802232413
61978.93982671653,0.1185529224592054
62012.06656083642,0.10813350413615012
62045.19329495631,0.08709272859080774
62078.3200290762,0.05630446387221189
62111.4467631961,0.018541372329882986
62144.57349731599,-0.02234580004518284
62177.70023143588,-0.061790558338640694
62210.82696555578,-0.09499419895683385
62243.95369967567,-0.11809812501530399
62277.08043379556,-0.12872356635398166
62310.207167915454,-0.12626474114822084
62343.333902035345,-0.11189720441425438
62376.46063615524,-0.08807092019611788
62409.587370275134,-0.05800170199550271
62442.714104395025,-0.025235993683949742
62475.84083851492,0.007250498863832563
62508.967572634814,0.036921894178110336
62542.094306754705,0.06190900037288953
62575.221040874596,0.08103688079727155
62608.34777499449,0.0938161710992011
62641.474509114385,0.10021966620416717
62674.601243234276,0.1005972181187379
62707.72797735417,0.09556137825859175
62740.854711474065,0.08590334258792866
62773.981445593956,0.0724801573380984
62807.10817971385,0.05623330463223841
62840.23491383374,0.03804799831071593
62873.36164795363,0.018807141924150235
62906.48838207353,-0.0006530449761378331
62939.61511619342,-0.019603809287840585
62972.74185031331,-0.03732173198286462
63005.86858443321,-0.053223418531352075
63038.9953185531,-0.06673393464116212
63072.12205267299,-0.07744315103896386
63105.24878679288,-0.08494446189366657
63138.37552091277,-0.08895551661701354
63171.50225503266,-0.08928692308526039
63204.62898915255,-0.08583941816354902
63237.75572327244,-0.07861535567303357
63270.882457392334,-0.06773471815181173
63304.00919151223,-0.05346233190831964
63337.13592563212,-0.03613177667252544
63368.059270065714,-0.01776974697593542
63398.9826144993,0.0021997368989742296
63429.90595893289,0.023078077015272085
63460.82930336648,0.04393780509646338
63491.752647800065,0.06385979772188334
63522.67599223366,0.081747273990324
63553.59933666725,0.0963610358964761
63584.52268110083,0.1065219972812728
63615.44602553442,0.11100289297820701
63646.36936996801,0.10879959918682613
63677.2927144016,0.09916593927548414
63708.21605883518,0.08183414234288006
63739.13940326877,0.05726941467558454
63770.06274770236,0.026475823024948733
63800.98609213595,-0.008190147816202415
63831.909436569535,-0.04430699205852019
63862.83278100312,-0.0779596973166635
63893.75612543671,-0.10600656157803684
63924.6794698703,-0.12495711061047823
63955.602814303886,-0.13259076208398962
63986.52615873747,-0.1279805049824107
64017.44950317106,-0.11171799098161035
64048.37284760465,-0.0857609693243706
64079.29619203824,-0.053232917138516675
64110.21953647182,-0.01763652243062068
64141.14288090541,0.017656764352581723
64172.066225339004,0.04956578982823143
64202.98956977259,0.07578165713392208
64233.91291420618,0.09505218205642035
64264.83625863977,0.10674368416010134
64295.759603073355,0.11091121595642402
64326.682947506946,0.1081898431667793
64357.60629194054,0.0995132600008168
64388.52963637412,0.08601768191046964
64419.45298080771,0.06892076730166408
64450.376325241305,0.04938876425176652
64481.29966967489,0.028599496824384462
64512.22301410848,0.007546560479227181
64543.14635854207,-0.012902763530622443
64574.069702975656,-0.0319440534662428
64604.99304740924,-0.04897588303754945
64635.91639184283,-0.06349242222322449
64666.83973627642,-0.07510571266805727
64697.76308071001,-0.08356540347860865
64728.68642514359,-0.08868856708177487
64759.60976957718,-0.09041877182333483
64790.533114010774,-0.08876150509772784
64821.45645844436,-0.08383103750368857
64852.37980287794,-0.07578859862903953
64883.30314731153,-0.06491168957345579
64914.226491745125,-0.051504708177142526
64945.14983617871,-0.035954144036151665
64976.07318061229,-0.01880040145087843
65006.996525045884,-0.00048263660698309014
65068.84321391306,0.03698632486825535
65099.766558346644,0.05480314785982406
65130.689902780236,0.07091114558649034
65161.61324721383,0.08459918954703508
65192.53659164741,0.09501290069956522
65223.459936081,0.10134066286055667
65254.383280514594,0.1028669733812947
65285.30662494818,0.0989512083545243
65316.22996938177,0.08921437711302685
65346.54431188415,0.07382882371926808
65376.85865438654,0.052964944972783604
65407.17299688893,0.027179370440689535
65437.487339391315,-0.002122416496957203
65467.8016818937,-0.03353007729247705
65498.116024396084,-0.06432560535192912
65528.430366898465,-0.09235222719470436
65558.74470940085,-0.11427943708625164
65589.05905190323,-0.127858625651801
65619.37339440561,-0.13083002430217378
65649.687736908,-0.12227394453038853
65680.00207941039,-0.10252684194802171
65710.31642191278,-0.07331099058914439
65740.63076441517,-0.03754176944190886
65770.94510691756,0.001009480506489501
65801.25944941994,0.03853971707894594
65831.57379192233,0.07147722579544075
65861.88813442472,0.0970288021062862
65892.20247692711,0.11369812191829876
65922.5168194295,0.12088924866976467
65952.83116193188,0.11896578580738959
65983.14550443427,0.10908135331086338
66013.45984693666,0.09278523946082128
66043.77418943903,0.07190066764545533
66074.08853194141,0.048179097948208696
66104.4028744438,0.02328212027590264
66134.71721694618,-0.001318807103129361
66165.03155944857,-0.024403580392220948
66195.34590195096,-0.045061912060214565
66225.66024445335,-0.06254579303217372
66255.97458695574,-0.07640926158804384
66286.28892945813,-0.08639737511444641
66316.60327196051,-0.09237996996311348
66346.9176144629,-0.0944121490866645
66377.23195696529,-0.0926532320507977
66407.54629946768,-0.08735903961902106
66437.86064197007,-0.07886534618567421
66468.17498447245,-0.06758574490482178
66498.48932697484,-0.05393806814881055
66528.80366947722,-0.03844061872711007
66559.11801197959,-0.02162583031408085
66589.43235448198,-0.004005738103961925
66619.74669698437,0.013810674657365215
66650.06103948675,0.031278493905434385
66680.37538198914,0.04781532346151905
66710.68972449153,0.06278945983556583
66741.00406699392,0.07569453250688454
66771.3184094963,0.08594020833715621
66801.6327519987,0.09302997897359438
66831.94709450108,0.09649871150878422
66862.26143700347,0.09594962298570793
66892.57577950585,0.09111267606540231
66922.89012200822,0.08179145788346043
66953.2044645106,0.06804645765431658
66983.518807013,0.050084224498634915
67013.83314951538,0.028335337771849538
67044.14749201777,0.0036158383595262487
67074.46183452016,-0.022991312147022283
67104.77617702255,-0.050045044279381085
67135.09051952494,-0.07575762188632398
67165.40486202732,-0.09810125901004882
67195.71920452971,-0.11492250166868598
67226.0335470321,-0.12415748974446068
67256.34788953447,-0.12411145334026372
67289.24200561587,-0.11243990754647508
67322.13612169726,-0.08858440076873399
67355.03023777864,-0.05452881424370881
67387.92435386003,-0.01356887895226563
67420.81846994141,0.02961292858821688
67453.7125860228,0.06965221615354535
67486.60670210418,0.10178208484766255
67519.50081818557,0.12246364348079657
67552.39493426695,0.12988857156061953
67585.28905034834,0.1241624648245069
67618.18316642972,0.1070643743398491
67651.07728251112,0.08143321939281481
67683.97139859252,0.050666656151722694
67716.8655146739,0.017896491441402165
67749.75963075529,-0.013902025757880607
67782.65374683667,-0.04247122252373233
67815.54786291806,-0.06618303320539265
67848.44197899944,-0.08403751189956973
67881.33609508083,-0.09567499680687505
67914.23021116223,-0.10098314150820893
67947.12432724363,-0.10037258205803135
67980.01844332501,-0.09442630469858315
68012.9125594064,-0.08388624112666622
68045.80667548778,-0.06961023045483691
68078.70079156916,-0.05247679109937561
68111.59490765055,-0.03341411580321266
68144.48902373193,-0.013317059872651537
68177.38313981332,0.006957437176218761
68210.2772558947,0.026594720578319807
68243.17137197609,0.04482494204445934
68276.06548805747,0.06095952437850597
68308.95960413887,0.0743792885579174
68341.85372022027,0.08454168310795607
68374.74783630166,0.09099745103023288
68407.64195238304,0.09339718013270529
68440.53606846443,0.0915074712344473
68473.43018454581,0.08521047639364844
68506.3243006272,0.0745639490394858
68539.21841670858,0.059756093076405156
68572.11253278996,0.04119611066611896
68605.00664887135,0.01951106514803666
68637.90076495273,-0.004472919250100089
68670.79488103412,-0.02958973629570406
68703.68899711552,-0.05449650057224946
68736.58311319692,-0.07756318914757025
68769.4772292783,-0.09690287016680996
68802.37134535969,-0.11069658586952005
68835.26546144107,-0.11696660713212213
68868.15957752246,-0.1141393269766403
68901.05369360384,-0.10126795928694331
68933.94780968523,-0.07817398587019925
68966.84192576662,-0.04597570893466982
68999.73604184802,-0.007344633817498874
69032.63015792941,0.03430682784165103
69065.5242740108,0.07378342376087896
69098.41839009218,0.10635852162399227
69131.31250617356,0.1276739054841362
69164.20662225495,0.13488816081593505
69197.10073833633,0.12729971468302295
69229.99485441772,0.10633499616691695
69262.8889704991,0.07524485864340376
69295.78308658049,0.03817175055070688
69328.67720266187,-0.00045973633089411645
69361.57131874327,-0.036645205490126675
69392.26204513834,-0.06533864175840273
69422.95277153343,-0.08757928535494386
69453.64349792851,-0.10248186863036221
69484.3342243236,-0.10985559725515893
69515.02495071868,-0.11009116140167688
69545.71567711377,-0.10396545143531422
69576.40640350885,-0.09249128653306647
69607.09712990394,-0.07680951539512891
69637.78785629902,-0.05808295784143958
69668.47858269411,-0.03747370141110659
69699.1693090892,-0.016047002216554244
69729.86003548426,0.0052363650104662665
69760.55076187933,0.025512610423293582
69791.24148827442,0.044037343844635674
69821.9322146695,0.060212070503060384
69852.62294106459,0.07352096599705818
69883.31366745968,0.0836062512721717
69914.00439385476,0.09017915657943835
69944.69512024985,0.09308594334164057
69975.38584664493,0.0922623182170304
70006.07657304002,0.08775028484648804
70036.7672994351,0.07968631227454018
70067.45802583019,0.06831471865909403
70098.14875222526,0.05394634728738919
70128.83947862033,0.03709259059893695
70159.53020501541,0.018217405717263668
70220.91165780558,-0.022885950707973033
70251.60238420067,-0.04346139787237258
70282.29311059575,-0.06291221949732595
70312.98383699084,-0.08020774589007032
70343.67456338592,-0.09425406758514812
70374.36528978101,-0.10402698114090944
70405.0560161761,-0.10851424530586058
70435.74674257118,-0.10682501649259858
70466.43746896627,-0.09838300774010113
70497.12819536135,-0.08275921216778973
70527.81892175644,-0.060340097013250896
70558.50964815152,-0.03177917114061998
70589.20037454659,0.0011672755717365155
70619.89110094166,0.03630261222734995
70650.58182733675,0.07055913007656202
70681.27255373183,0.10043396627405751
70711.96328012692,0.1225991301705896
70742.654006522,0.13392471163438346
70773.34473291709,0.13263794080943692
70804.03545931217,0.11833641444726622
70834.72618570726,0.09232309487705735
70865.41691210234,0.05754341881141955
70896.10763849743,0.01794495318890473
70926.79836489251,-0.0221708036991369
70957.4890912876,-0.05865381306480108
70988.17981768269,-0.08818886880889276
71018.87054407777,-0.1088035815994661
71049.56127047286,-0.1195583201017042
71080.25199686793,-0.1205896206914383
71110.942723263,-0.11292040678759188
71141.63344965808,-0.09807423704674453
71172.32417605317,-0.0778725444604901
71203.01490244825,-0.05420813096529365
71233.70562884334,-0.028824309405230272
71264.39635523842,-0.0033277932005048123
71295.08708163351,0.020916837499018334
71325.7778080286,0.04284515483346132
71359.04830800268,0.06301958713409328
71392.31880797676,0.07874547008981397
71425.58930795084,0.08957306714129007
71458.85980792494,0.09533762901167007
71492.13030789903,0.09604728869198492
71525.40080787311,0.09192998246349424
71558.6713078472,0.08336542591790888
71591.94180782128,0.07085652355804763
71625.21230779536,0.05502336824082663
71658.48280776944,0.03657796323906197
71691.75330774352,0.01631309188900797
71725.02380771762,-0.004921972658713589
71758.29430769171,-0.026202861916994998
71791.5648076658,-0.04661224522665659
71824.83530763988,-0.0651001263798222
71858.10580761396,-0.08079503403806472
71891.37630758804,-0.09271144506618129
71924.64680756212,-0.09991402297122427
71957.9173075362,-0.10168031893086027
71991.1878075103,-0.09737284324689341
72024.4583074844,-0.08662328325602647
72057.72880745848,-0.0694193049425497
72090.99930743256,-0.0461032121908121
72124.26980740664,-0.01773768608632845
72157.54030738072,0.014252776263855653
72190.8108073548,0.04742404124140516
72224.08130732889,0.07911859063225318
72257.35180730297,0.1057258845032911
72290.62230727705,0.1238777626687175
72323.89280725113,0.1304344308066334
72357.16330722522,0.12326094749284422
72390.43380719931,0.10187038865083231
72423.70430717341,0.06805518010584288
72456.97480714749,0.025430923824579458
72490.24530712157,-0.020562383374219787
72523.51580709565,-0.06389951845408814
72556.78630706973,-0.0990325475652146
72590.05680704382,-0.12196449112045843
72623.3273070179,-0.13070011974920875
72656.59780699198,-0.12546281974598386
72689.86830696606,-0.10818386749805135
72723.13880694014,-0.0819100065166039
72756.40930691423,-0.05030809877189555
72789.67980688832,-0.01671814049967134
72822.95030686242,0.015850559447921957
72856.2208068365,0.04496140632239322
72889.49130681058,0.06894735305641439
72922.76180678466,0.08677516354974203
72956.03230675875,0.09797327213297852
72989.30280673283,0.10254902760990728
73022.57330670691,0.10084816418571145
73055.843806681,0.09349935662574428
73089.1143066551,0.08130545555666022
73122.38480662918,0.06518087647716075
73155.65530660326,0.046121179838717205
73188.92580657735,0.025173114858894622
73222.19630655143,0.0032856589580630155
73255.46680652551,-0.01847258411138822
73288.73730649959,-0.03913424839502308
73322.00780647369,-0.05783833019335231
73355.27830644778,-0.07371607660990376
73388.54880642187,-0.08604128134273806
73421.81930639595,-0.09415155524771364
73455.08980637003,-0.09751800499487938
73486.15691665781,-0.09604935822050249
73517.2240269456,-0.08995781742447732
73548.29113723338,-0.079221068413457
73579.35824752116,-0.06401074498759601
73610.42535780894,-0.044740718213755054
73641.49246809672,-0.021992985541626077
73672.5595783845,0.0032504129428267336
73703.62668867227,0.029811351223934333
73734.69379896004,0.05626494041426702
73765.76090924782,0.08074491407133415
73796.8280195356,0.1013308768570262
73827.89512982339,0.11591385843827548
73858.96224011117,0.12253212716208689
73890.02935039895,0.11956642423351352
73921.09646068673,0.10608184402665008
73952.16357097452,0.082144278767538
73983.2306812623,0.04896932631270238
74014.29779155008,0.009293033811348465
74045.36490183786,-0.03286590092150256
74076.43201212565,-0.07290413296534126
74107.49912241343,-0.10606190618410452
74138.56623270121,-0.1282440591746048
74169.633342989,-0.13693910117783156
74200.70045327676,-0.13148290220818973
74231.76756356453,-0.11312854751437049
74262.83467385231,-0.08461370791654325
74293.9017841401,-0.0497181363709259
74324.96889442788,-0.012463432289096485
74356.03600471566,0.02362884355369555
74387.10311500344,0.05554560340768921
74418.17022529122,0.08107111977682238
74449.237335579,0.09910994891226874
74480.30444586679,0.1092204300580924
74511.37155615457,0.11160489102469257
74542.43866644235,0.10695636429586718
74573.50577673013,0.09625325727532
74604.57288701792,0.08072316656611142
74635.6399973057,0.061594527221453296
74666.70710759348,0.040091142274114804
74697.77421788125,0.01748027491156253
74728.84132816902,-0.005192999035789762
74759.9084384568,-0.02686726139099512
74790.97554874458,-0.04671153269138646
74822.04265903236,-0.06394753041817249
74853.10976932014,-0.07797676035865761
74884.17687960793,-0.08830810775272525
74915.24398989571,-0.09459679055030594
74946.31110018349,-0.09661323518844075
74977.37821047127,-0.09428202623761578
75008.44532075906,-0.08763154671790777
75039.51243104684,-0.07688056587920418
75070.57954133462,-0.062317188104156845
75101.6466516224,-0.04444378689542015
75132.71376191018,-0.0238828099267085
75163.78087219797,-0.001376311851618535
75194.84798248573,0.022038427873491813
75225.9150927735,0.045364112896695896
75256.98220306128,0.06732935740784542
75288.04931334907,0.08657159474252914
75319.11642363685,0.10172075430744876
75350.18353392463,0.11133030138929483
75381.25064421241,0.11412677333084209
75412.3177545002,0.10905014806701184
75443.38486478798,0.09547793076075883
75473.84297314455,0.07394186885176904
75504.30108150114,0.04499022237971935
75534.75918985772,0.0102374679524973
75565.2172982143,-0.027590907361940958
75595.67540657087,-0.06507547064938875
75626.13351492745,-0.09843150797178905
75656.59162328404,-0.12346032300661763
75687.04973164061,-0.13685067213649219
75717.50783999718,-0.13655316385718022
75747.96594835377,-0.12221921766611377
75778.42405671036,-0.0954418071674942
75808.88216506693,-0.059456454545678314
75839.3402734235,-0.01857122821703812
75869.79838178007,0.022582828970924822
75900.25649013664,0.05977944611842514
75930.71459849323,0.08968746969503785
75961.17270684981,0.11026633113755405
75991.63081520639,0.12073672995486912
76022.08892356296,0.12132222844402196
76052.54703191953,0.11306882379934752
76083.0051402761,0.0975822909691391
76113.46324863269,0.07668155088853748
76143.92135698927,0.05230190106856009
76174.37946534585,0.02616363383798582
76204.83757370242,-5.531437215940127e-7
76235.295682059,-0.024792534498609894
76265.75379041559,-0.047155963604814166
76296.21189877216,-0.0661395637917148
76326.67000712873,-0.08112929184297378
76357.12811548532,-0.09171104227395549
76387.5862238419,-0.09766385104439301
76418.04433219848,-0.09895680877248819
76448.50244055505,-0.09571433306106944
76478.96054891164,-0.08820326726680694
76509.41865726822,-0.07680524479719407
76539.8767656248,-0.06202614280689867
76570.33487398137,-0.04446461185798789
76600.79298233795,-0.024794219289837664
76661.70919905111,0.017721023861280646
76692.16730740768,0.0388685692497575
76722.62541576427,0.05869613370944888
76753.08352412086,0.07629837812021167
76783.54163247743,0.09067255276405999
76813.999740834,0.1009439920231333
76844.45784919057,0.10624163351883584
76874.91595754714,0.10585449065953528
76905.37406590373,0.09924282198377123
76935.83217426031,0.08615729511706424
76966.29028261689,0.06671228165625644
76996.74839097346,0.04144008595500302
77027.20649933003,0.01146664013084571
77057.6646076866,-0.021467200039699923
77088.12271604319,-0.05501131004034756
77118.58082439977,-0.08632360249850454
77149.03893275635,-0.11213378167790891
77179.49704111292,-0.1292520370310578
77209.9551494695,-0.1349964235431598
77240.41325782609,-0.12756196561031602
77270.87136618266,-0.10690209612722756
77301.32947453923,-0.07462391003611915
77331.78758289582,-0.03401396969659513
77362.2456912524,0.010254844123224088
77392.70379960898,0.053021144660727035
77425.74168154456,0.09212221913905791
77458.77956348014,0.11911552944792302
77491.81744541571,0.13145307686638166
77524.8553273513,0.12909307486747632
77557.89320928688,0.11375796122884989
77590.93109122245,0.08848057775907399
77623.96897315803,0.05687302413919314
77657.00685509361,0.02256906668128394
77690.0447370292,-0.011216307040106864
77723.08261896478,-0.04182532876028633
77756.12050090036,-0.06741057523285635
77789.15838283594,-0.08679060134039049
77822.19626477153,-0.09917503373378185
77855.23414670711,-0.10459727991227928
77888.27202864268,-0.10329177000366367
77921.30991057826,-0.09585141745329714
77954.34779251384,-0.08309580621488659
77987.38567444941,-0.06599749101401407
78020.423556385,-0.04561870577325354
78053.46143832058,-0.023109436450537924
78086.49932025616,0.00037379688197039014
78119.53720219174,0.023688245713002463
78152.57508412733,0.04569871672968858
78185.61296606291,0.06532397038678826
78218.65084799849,0.08158253419555159
78251.68872993407,0.09355286044056924
78284.72661186964,0.1004816167234166
78317.76449380523,0.10174362868538167
78350.80237574081,0.09695062410716007
78383.84025767638,0.08592156409319726
78416.87813961196,0.06885366395540407
78449.91602154754,0.046235420900110805
78482.95390348313,0.019014902998420014
78515.99178541871,-0.011315182414489902
78549.02966735428,-0.04291481743954592
78582.06754928986,-0.0731760986104875
78615.10543122544,-0.09945011351575095
78648.14331316101,-0.11852722451839964
78681.1811950966,-0.12749305841782857
78714.21907703218,-0.12398837330869683
78747.25695896776,-0.10677582936141528
78780.29484090334,-0.07639434928223644
78813.33272283891,-0.03538584753282462
78846.37060477449,0.011855441919197589
78879.40848671008,0.058936417703100645
78912.44636864564,0.09935021231065135
78945.48425058123,0.12733761051429165
78978.52213251681,0.1391422915984509
79011.56001445239,0.1337276525202951
79044.59789638798,0.11279257857633707
79077.63577832354,0.08013667621390022
79110.67366025913,0.04075919990968875
79143.71154219471,-0.00027597623421320855
79176.74942413028,-0.038542284715588224
79209.78730606586,-0.07063217753089454
79242.82518800144,-0.09436099247543137
79275.86306993703,-0.10870922065678146
79308.90095187261,-0.11363255536344305
79341.93883380819,-0.10984131825545008
79374.97671574377,-0.09846052082788227
79408.01459767936,-0.08109008243802825
79441.05247961494,-0.05927372026351868
79474.09036155051,-0.03469652167472509
79507.12824348609,-0.00895287815202422
79537.96273573537,0.014820704109606727
79568.79722798464,0.03722152448048102
79599.63172023391,0.05729433759851691
79630.46621248318,0.07422865183083133
79661.30070473245,0.08734033715401682
79692.13519698173,0.09611260762983356
79722.96968923102,0.1001758360889326
79753.80418148029,0.09932934179936724
79784.63867372955,0.09353104753853057
79815.47316597884,0.08292650973932192
79846.30765822812,0.06783362404307604
79877.14215047739,0.048759455529234906
79907.97664272666,0.026457978707765496
79938.81113497594,0.0017959164745309734
80000.4801194745,-0.04962158446451696
80031.31461172376,-0.07355714315965083
80062.14910397305,-0.09408439284525347
80092.98359622233,-0.10950658765334143
80123.8180884716,-0.11808084553274836
80154.65258072087,-0.11836330164888548
80185.48707297015,-0.10924883544434344
80216.32156521943,-0.09027908453556922
80247.1560574687,-0.06202339044023335
80277.99054971797,-0.02614459612675263
80308.82504196725,0.014748958955017693
80339.65953421654,0.05639506079355837
80370.4940264658,0.09410994154482759
80401.32851871508,0.12323236532088351
80432.16301096436,0.13945473377610063
80462.99750321364,0.14029852973997187
80493.83199546291,0.12541801132615796
80524.66648771218,0.09672922825544883
80555.50097996146,0.058123773709473615
80586.33547221075,0.014618965684065352
80617.16996446002,-0.028534346444432784
80648.00445670928,-0.06669441396609221
80678.83894895857,-0.0964333790888256
80709.67344120785,-0.1156864287439686
80740.50793345712,-0.12383877984798372
80771.34242570639,-0.12146492781698433
80802.17691795567,-0.10992031417739398
80833.01141020496,-0.09108135383322143
80863.84590245422,-0.06711004141560928
80894.6803947035,-0.040108631295121204
80925.51488695278,-0.011939351993814153
80956.34937920206,0.0154666491501122
80987.18387145133,0.040635896898258486
81018.0183637006,0.0625256511235689
81048.85285594988,0.08011522774022481
81079.68734819916,0.09282940246835221
81110.52184044843,0.1003082461394361
81141.3563326977,0.10241553290614387
81172.19082494699,0.09923618823654635
81203.02531719627,0.09104179363542195
81233.85980944554,0.07827939063715332
81264.6943016948,0.06154771738319102
81295.52879394409,0.041582261234745
81326.36328619337,0.019280034189733904
81357.19777844264,-0.004406529877957648
81388.03227069191,-0.02837348538828871
81418.86676294118,-0.05144682563141028
81449.70125519045,-0.07244928800330042
81480.53574743973,-0.09005575408061861
81513.95001326801,-0.10396375389379664
81547.36427909628,-0.11105079530397743
81580.77854492456,-0.11010985740816644
81614.19281075284,-0.10031370516799609
81647.60707658112,-0.08135817218458159
81681.0213424094,-0.05377898913197211
81714.43560823768,-0.019044913102276323
81747.84987406596,0.020270220051180704
81781.26413989424,0.060452325023649
81814.67840572252,0.09684303877681646
81848.09267155078,0.12434843434187123
81881.50693737906,0.13824609550840766
81914.92120320734,0.1352158388779723
81948.3354690356,0.11427718869873624
81981.74973486389,0.07750612806287902
82015.16400069217,0.029950638300682647
82048.57826652045,-0.021401622572656105
82081.99253234873,-0.06894029861413983
82115.406798177,-0.1060819065202408
82148.82106400529,-0.12845991992273087
82182.23532983357,-0.13443264059447244
82215.64959566185,-0.12490174747314
82249.06386149011,-0.1026628604846317
82282.47812731839,-0.0716367666513465
82315.89239314667,-0.03595012270426565
82349.30665897494,0.0005206935287629371
82382.72092480322,0.034502231859156275
82416.1351906315,0.06350583658328665
82449.54945645978,0.08585166725597568
82482.96372228806,0.1005856988503431
82516.37798811634,0.10741151165927348
82549.79225394462,0.1065713565405202
82583.2065197729,0.0986519805047109
82616.62078560118,0.08459078718110319
82650.03505142944,0.06552015810824471
82683.44931725772,0.04273986151414899
82716.863583086,0.017638015022245577
82750.27784891427,-0.00835400488674009
82783.69211474255,-0.03379308106411302
82817.10638057083,-0.05727604461160274
82850.5206463991,-0.07743806295561698
82883.93491222739,-0.09306464584612689
82917.34917805567,-0.10304517389762657
82950.76344388395,-0.10650486335136827
82984.17770971222,-0.10280045466773077
83017.5919755405,-0.0916649762248622
83051.00624136877,-0.07320448772975148
83084.42050719705,-0.0480498840938745
83117.83477302533,-0.017485786885983033
83151.2490388536,0.0166887204085114
83184.66330468188,0.05175836669306362
83218.07757051016,0.08453024796694272
83251.49183633843,0.11133717644605562
83284.90610216671,0.12831805880119798
83318.320367995,0.13211288504171692
83351.73463382327,0.1204971480352139
83385.14889965155,0.09312801112731704
83418.56316547983,0.05219274039338937
83451.9774313081,0.00248686759800473
83485.39169713638,-0.04895245043832864
83518.80596296466,-0.09441072878328693
83552.22022879292,-0.1268823874031987
83585.6344946212,-0.14166158199212797
83619.04876044948,-0.13726153248680895
83651.85402434657,-0.11606708605289977
83684.65928824364,-0.08224608433600818
83717.46455214071,-0.04112462834706736
83750.26981603779,0.0017864899882829837
83783.07507993486,0.04164046144934013
83815.88034383193,0.07476162093862854
83848.68560772901,0.09878445642678955
83881.49087162608,0.1127302092406834
83914.29613552315,0.11656537901631064
83947.10139942024,0.11108193944813481
83979.9066633173,0.09758811228419732
84012.71192721438,0.07780896008058802
84045.51719111146,0.05354677296444296
84078.32245500853,0.026651990494192195
84111.1277189056,-0.0010573582129348282
84143.93298280268,-0.027914972554839608
84176.73824669977,-0.0524362805018001
84209.54351059684,-0.07330740691953565
84242.3487744939,-0.08947848773233376
84275.15403839099,-0.10007426925408627
84307.95930228806,-0.10451804846671726
84340.76456618513,-0.10250653152776854
84373.56983008221,-0.09399887399002184
84406.37509397928,-0.07925321369651717
84439.18035787635,-0.05887247883450313
84471.98562177343,-0.03379136716669809
84504.7908856705,-0.0052858501188645275
84537.59614956757,0.02494512493896092
84570.40141346466,0.05495445569842214
84603.20667736173,0.08235976340632903
84636.0119412588,0.10467865912837154
84668.81720515588,0.11940724450977615
84701.62246905296,0.12410707661713433
84734.42773295003,0.1169872239509284
84767.2329968471,0.09719609071895188
84800.03826074419,0.06529479270023379
84832.84352464126,0.023610389341912345
84865.64878853832,-0.02380821191895608
84898.45405243541,-0.07053840717143528
84931.25931633248,-0.1106284741298167
84964.06458022955,-0.13703316300322443
84996.86984412663,-0.14540672083046857
85029.6751080237,-0.13404638873130337
85062.48037192077,-0.10476662926431529
85095.28563581785,-0.06237171095066705
85128.09089971492,-0.013535016686601085
85160.896163612,0.034678291678600606
85193.70142750908,0.07612775542997181
85226.50669140616,0.10647216135938768
85259.31195530323,0.123464205447373
85292.1172192003,0.1269024533597334
85324.92248309738,0.11803221657012855
85357.72774699447,0.09910212825111617
85390.53301089154,0.0729081419330631
85423.3382747886,0.04237784947238298
85456.14353868569,0.010274826755282929
85488.94880258277,-0.020939715777153232
85521.75406647984,-0.04917103734649947
85554.55933037691,-0.07280702132408784
85587.364594274,-0.09067136922971131
85620.16985817107,-0.10199149632215306
85652.97512206814,-0.10639076415058969
85685.78038596522,-0.10386239610401153
85718.58564986229,-0.09471503148634079
85749.18752407306,-0.08074581769719988
85779.78939828384,-0.06224959103308919
85810.39127249461,-0.04012019052593537
85840.99314670538,-0.015415354854112282
85871.59502091615,0.010651508801866272
85902.19689512692,0.036741366682076504
85932.79876933769,0.061422575270313196
85963.40064354846,0.08319057879034064
85994.00251775923,0.10053575034952457
86024.60439197,0.11203655095515463
86055.20626618077,0.11637752549945196
86085.80814039154,0.11256653860179547
86116.41001460231,0.09997025591227723
86147.01188881308,0.07861111104037971
86177.61376302385,0.04921462659770727
86208.21563723462,0.013445603114663064
86238.81751144539,-0.0261425792745337
86269.41938565616,-0.06587873947095349
86300.02125986693,-0.10143470263792456
86330.6231340777,-0.12822266274614152
86361.22500828847,-0.14207235490254833
86391.82688249924,-0.14009305336880978
86422.42875671001,-0.1213675379332172
86453.03063092078,-0.08757051462657124
86483.63250513155,-0.042833577964256346
86514.23437934232,0.006939396421176868
86544.83625355309,0.05512518668969581
86575.43812776386,0.09554640008814862
86606.04000197463,0.12355311049620976
86636.6418761854,0.13683029935420013
86667.24375039617,0.13514396258339115
86697.84562460694,0.12011394898611216
86728.44749881771,0.09470857509463453
86759.04937302848,0.0624079365629656
86789.65124723925,0.026825012233279735
86820.25312145002,-0.00871365074706634
86850.85499566079,-0.041417756449760354
86881.45686987156,-0.06917854472545103
86912.05874408233,-0.09055784351506131
86942.6606182931,-0.10473775789112763
86973.26249250387,-0.11137389895020727
87003.86436671464,-0.11066984121611252
87034.46624092541,-0.10313636744304452
87065.06811513618,-0.08958541789609645
87095.66998934695,-0.07104163294420235
87126.27186355772,-0.04867234086399126
87156.8737377685,-0.02378807792355212
87187.47561197927,0.0023264091158868485
87218.07748619004,0.02826778172001648
87248.67936040083,0.052651008126054014
87279.2812346116,0.07422222732582208
87309.88310882237,0.09174334930798406
87340.48498303314,0.10411691981950946
87371.0868572439,0.11041871691180918
87401.68873145468,0.10993826594874717
87432.29060566545,0.10226946526246258
87462.89247987622,0.08733489466967152
87493.49435408699,0.06553648465371181
87524.09622829776,0.03771450741376367
87554.69810250853,0.005354155107019889
87585.2999767193,-0.029527468948912502
87615.90185093007,-0.06417043709909986
87646.50372514084,-0.09555136239151663
87677.1055993516,-0.12008073848139023
87710.28724714139,-0.13504267812980467
87743.46889493115,-0.13446029523121178
87776.65054272092,-0.11641901356060752
87809.8321905107,-0.08160745153072604
87843.01383830047,-0.0337342068757637
87876.19548609023,0.02081402124754106
87909.37713388001,0.0734285383456683
87942.55878166978,0.11558754381701258
87975.74042945955,0.1406353987337516
88008.92207724933,0.14513280684067784
88042.1037250391,0.1295013968151324
88075.28537282886,0.09749360283173288
88108.46702061864,0.05499438338922905
88141.64866840841,0.008534092768802534
88174.83031619817,-0.035807886650822185
88208.01196398796,-0.07318681665297276
88241.19361177774,-0.10057620636203458
88274.3752595675,-0.11644099045577144
88307.55690735727,-0.12061264743966144
88340.73855514705,-0.11397589164150587
88373.92020293683,-0.09817023112640191
88407.1018507266,-0.07525259478044682
88440.28349851636,-0.04748528438335866
88473.46514630615,-0.017200963269674758
88506.64679409593,0.01338937698372343
88539.8284418857,0.04224485983513923
88573.01008967546,0.06756118242831788
88606.19173746524,0.08780177651629706
88639.373385255,0.1017748859674994
88672.55503304477,0.10858023513948734
88705.73668083455,0.10772787160945646
88738.91832862432,0.09908827170090631
88772.09997641409,0.0829925802205664
88805.28162420387,0.06014728274259771
88838.46327199363,0.03182800438994619
88871.6449197834,-0.0002942117788610806
88904.82656757318,-0.034008936604459666
88938.00821536295,-0.06664106027049678
88971.18986315271,-0.09525877561080567
89004.3715109425,-0.1165852046664797
89037.55315873228,-0.12764799182581885
89070.73480652204,-0.12579565039193982
89103.91645431181,-0.10951166305731772
89137.09810210159,-0.07886723102144441
89170.27974989137,-0.03583963203539085
89203.46139768114,0.014600495890620329
89236.6430454709,0.06605296918692216
89269.82469326069,0.11043384641022368
89303.00634105047,0.14003196673025686
89336.18798884023,0.14926975465523143
89369.36963663,0.13617911797085613
89402.55128441978,0.10303172278495457
89435.73293220955,0.0557731128986928
89468.91457999931,0.0024621197298167873
89502.0962277891,-0.04851517047773072
89535.27787557886,-0.09027328700414372
89568.45952336863,-0.1183650196873508
89601.64117115841,-0.13084465374146975
89634.82281894817,-0.12810951920690328
89668.00446673794,-0.11224410503601616
89701.18611452772,-0.08636926073364462
89734.36776231749,-0.05400620551162527
89767.54941010725,-0.01871834953658154
89800.73105789704,0.016285616487187703
89831.7093160005,0.04626997672899935
89862.68757410397,0.07183782221312932
89893.66583220744,0.09162531629966005
89924.6440903109,0.10474953020204048
89955.62234841437,0.11073024044810668
89986.60060651784,0.10945918770899023
90017.5788646213,0.10119018315971251
90048.55712272477,0.08650171087612207
90079.53538082824,0.06625501912563844
90110.5136389317,0.04160385917996298
90141.49189703517,0.013889535297060114
90172.47015513864,-0.015285480851083479
90203.4484132421,-0.044191448317082056
90234.42667134557,-0.07098202841265441
90265.40492944905,-0.09370291601162084
90296.38318755252,-0.11051310231493662
90327.36144565599,-0.11965491686691884
90358.33970375947,-0.11969743643548755
90389.31796186294,-0.10966352184360903
90420.2962199664,-0.08930878755868776
90451.27447806987,-0.05926895703137541
90482.25273617334,-0.021339141383693826
90513.2309942768,0.02150375564237269
90544.20925238027,0.06496676703742503
90575.18751048374,0.10387697006098962
90606.1657685872,0.13272959006636828
90637.14402669067,0.14659674886203064
90668.12228479414,0.14222602536218787
90699.1005428976,0.11887312246719398
90730.07880100107,0.07917203014692085
90761.05705910454,0.02854756919049231
90792.035317208,-0.025580314542653124
90823.01357531147,-0.07532106095470652
90853.99183341494,-0.11385685240042792
90884.97009151841,-0.13664081660061592
90915.94834962187,-0.14207716034331297
90946.92660772534,-0.131091649247152
90977.90486582881,-0.10660310283329577
91008.88312393229,-0.07269671700942341
91039.86138203576,-0.03394490074444126
91070.83964013922,0.0055423366645071205
91101.8178982427,0.04214102277747426
91132.79615634617,0.07305788783215339
91163.77441444964,0.09637325393190088
91194.7526725531,0.11106946773123208
91225.73093065657,0.11678934820102092
91256.70918876004,0.11381046693018865
91287.6874468635,0.10289439373872908
91318.66570496697,0.0851760585135013
91349.64396307044,0.06207464321072438
91380.62222117391,0.0351820778299948
91411.60047927737,0.006223603724570383
91442.57873738084,-0.02302247717207572
91473.55699548431,-0.050821758482206165
91504.53525358778,-0.0754511902067781
91535.51351169124,-0.09529373322072655
91566.49176979471,-0.10899540229725999
91597.47002789818,-0.11535808830799807
91628.44828600164,-0.11357251680143998
91659.42654410511,-0.1031950604318576
91690.40480220858,-0.08434193820926059
91721.38306031204,-0.05771470940575081
91752.36131841553,-0.024648318889267967
91783.33957651899,-0.016853909827068442
91813.70883269125,0.05039049329998374
91844.07808886352,0.08594618931266843
91874.44734503579,0.11540864768357763
91904.81660120806,0.13487836551702695
91935.18585738033,0.14083551367682923
91965.55511355259,0.13094812687575846
91995.92436972485,0.10474841068141863
92026.29362589712,0.06417488943811318
92056.66288206939,0.013759011664423825
92087.03213824164,-0.04002636349486381
92117.4013944139,-0.08931134581238909
92147.77065058617,-0.1269135068792322
92178.13990675844,-0.1474570888103917
92208.50916293071,-0.14850886118514195
92238.87841910298,-0.1308564625400812
92269.24767527524,-0.09814862933831682
92299.6169314475,-0.055683692994810574
92329.98618761977,-0.009410700329881982
92360.35544379204,0.03508736474007934
92390.72469996431,0.0732969601637858
92421.09395613658,0.10204018011056952
92451.46321230884,0.11974275070092796
92481.8324684811,0.125991829386024
92512.20172465337,0.12141282098983067
92542.57098082564,0.10740164225708096
92572.94023699789,0.08580552553214311
92603.30949317015,0.05876782305235265
92633.67874934242,0.028525016811628934
92664.04800551469,-0.0027463699934689775
92694.41726168696,-0.03300422792115484
92724.78651785923,-0.0603922613112984
92755.15577403149,-0.08333597939632387
92785.52503020375,-0.10052550777597435
92815.89428637602,-0.11098184819288245
92846.26354254829,-0.11407370897282196
92876.63279872056,-0.1095018461851045
92907.00205489283,-0.09740177547881045
92937.37131106509,-0.07824903034857802
92967.74056723734,-0.0530000810542373
92998.10982340961,-0.02300811804182852
93028.47907958188,0.009956468853206404
93058.84833575414,0.043637158612311745
93089.2175919264,0.07550268142365676
93119.58684809867,0.10280073101303276
93149.95610427094,0.12257978232842612
93180.32536044321,0.1321674826655106
93210.69461661548,0.12936489194487188
93241.06387278774,0.11294652816071091
93271.43312896,0.08307246604670515
93301.80238513227,0.04169403740553852
93332.17164130454,-0.0073166692390302535
93362.5408974768,-0.05812122103654975
93392.91015364908,-0.10376412055137207
93423.27940982133,-0.13721651643867072
93453.64866599359,-0.1529255449616036
93484.01792216586,-0.14791772984319834
93514.38717833813,-0.12277617037701608
93544.75643451039,-0.0815097514841417
93575.12569068265,-0.030638109294696073
93605.49494685492,0.022238259228168016
93635.86420302719,0.06993915780728224
93666.23345919946,0.10687327717993146
93696.60271537173,0.12965823008537683
93726.97197154399,0.13718113430124096
93759.92100129524,0.12913951241306737
93792.8700310465,0.10706244211479783
93825.81906079777,0.07493661153220611
93858.76809054904,0.037134485078075444
93891.71712030031,-0.002133770639961601
93924.66615005158,-0.03915457940163756
93957.61517980284,-0.07097137762047181
93990.56420955411,-0.09531959833329827
94023.51323930538,-0.11073166634966441
94056.46226905665,-0.11648421710414594
94089.41129880791,-0.11252331847699043
94122.36032855918,-0.0994080837938538
94155.30935831045,-0.07824725092673716
94188.25838806172,-0.05061019150885278
94221.20741781298,-0.01848454443802828
94254.15644756425,0.015724664756751848
94287.10547731552,0.049501090412337405
94320.05450706679,0.08000851002343902
94353.00353681805,0.1045040802513314
94385.95256656932,0.12031926596625547
94418.90159632059,0.12517677814925232
94451.85062607186,0.11746820435375746
94484.79965582312,0.09655031841556155
94517.74868557439,0.06316840686427042
94550.69771532566,0.019771091353653097
94583.64674507693,-0.02942432463533022
94616.5957748282,-0.07825693871663222
94649.54480457946,-0.1193985557591104
94682.49383433073,-0.14540685903730155
94715.442864082,-0.1502998053977004
94748.39189383326,-0.13133721879488985
94781.34092358453,-0.09035697761415733
94814.2899533358,-0.03385100810169023
94847.23898308707,0.028196305999694395
94880.18801283833,0.0846765540145844
94913.1370425896,0.12602342362739297
94946.08607234087,0.14630616388694123
94979.03510209214,0.14413536991566778
95011.9841318434,0.12200976754977944
95044.93316159467,0.08515998588886528
95077.88219134594,0.0400820495048141
95110.8312210972,-0.006747537822891437
95143.78025084847,-0.049759329390792584
95176.72928059974,-0.08473399920883887
95209.67831035101,-0.10903556488500754
95242.62734010228,-0.12134559594988108
95275.57636985354,-0.12158656149692026
95308.52539960481,-0.11067446033201579
95341.47442935608,-0.09025677693118939
95374.42345910735,-0.06249921187314357
95407.37248885861,-0.029907629883762228
95440.32151860988,0.004837239733079425
95473.27054836115,0.038987987223675066
95506.21957811242,0.06991438997179412
95539.16860786368,0.09511626665883982
95572.11763761495,0.11247008711306561
95605.06666736622,0.1202211692600611
95638.01569711749,0.11721558359029219
95670.96472686875,0.10300246805038685
95703.91375662002,0.07798137791888929
95736.86278637129,0.04365085896105097
95769.81181612256,0.002536878657993088
95802.76084587383,-0.04160816814546269
95835.70987562509,-0.08386707130859204
95866.45551569006,-0.11666917555524617
95897.20115575501,-0.13828893521156857
95927.94679581997,-0.14456760143317826
95958.69243588494,-0.13280264800671662
95989.4380759499,-0.10261579843493294
96020.18371601487,-0.05661787973728552
96050.92935607984,-0.0006380060181159872
96081.6749961448,0.05741015881849408
96112.42063620975,0.10778634694427812
96143.16627627471,0.14241095506065476
96173.91191633968,0.15576946569623001
96204.65755640465,0.1463332702519261
96235.40319646962,0.11673794408308834
96266.14883653457,0.07268838923470668
96296.89447659953,0.021506166657170818
96327.6401166645,-0.029403684523349682
96358.38575672946,-0.07375551116505205
96389.13139679443,-0.10708271430406652
96419.8770368594,-0.12690741732537272
96450.62267692435,-0.13266864475047008
96481.3683169893,-0.12524939820964986
96512.11395705427,-0.10660435708924419
96542.85959711924,-0.07936600718553885
96573.60523718421,-0.04650629702294493
96604.35087724918,-0.011007506239746319
96635.09651731413,0.02422727036036075
96665.84215737908,0.05658466026184061
96696.58779744405,0.08385341058344839
96727.33343750902,0.10421504040783439
96758.07907757399,0.11635608354148141
96788.82471763896,0.11947037662714362
96819.57035770391,0.1132885534709654
96850.31599776886,0.09807440008630725
96881.06163783383,0.07465406320800652
96911.8072778988,0.044545027322918276
96942.55291796377,0.009645116318181591
96973.29855802873,-0.027502251827762184
97004.04419809369,-0.06389900703374553
97034.78983815864,-0.0961645306149517
97065.53547822361,-0.12088770591886974
97096.28111828858,-0.13466987324757393
97127.02675835355,-0.13480928987507718
97157.77239841851,-0.11957934614161692
97188.51803848347,-0.08895285421917651
97219.26367854842,-0.045036071399009184
97250.00931861339,0.007674798232415977
97280.75495867836,0.06255213616436905
97311.50059874333,0.11113656726134571
97342.2462388083,0.14527798535997571
97372.99187887325,0.15833757493253942
97403.7375189382,0.14737455381794853
97434.48315900317,0.1138713558741801
97465.22879906814,0.06358576944445314
97495.9744391331,0.005175181959084504
97526.72007919807,-0.05183254811723096
97557.46571926303,-0.09904568217663781
97588.21135932798,-0.13062460312291993
97618.95699939295,-0.1438596279768009
97649.70263945792,-0.13898340037117568
97680.44827952288,-0.11856490041812226
97711.19391958785,-0.086493491672015
97741.9395596528,-0.047346408517911755
97772.68519971776,-0.0057034918908249535
97803.43083978273,0.03427818273131689
97837.75220102337,0.07288066133373777
97872.073562264,0.10173043886448857
97906.39492350465,0.11864418148368103
97940.71628474529,0.1227023689036508
97975.03764598593,0.11412456202635086
98009.35900722657,0.09411288370185211
98043.6803684672,0.06473268747558439
98078.00172970784,0.028704461143842036
98112.32309094848,-0.010655634375853668
98146.64445218912,-0.049717168854340826
98180.96581342976,-0.08459995143885513
98215.2871746704,-0.11151945274281043
98249.60853591104,-0.1269934006798876
98283.92989715168,-0.12825803445731643
98318.25125839232,-0.11366810325462484
98352.57261963296,-0.08326536441793081
98386.8939808736,-0.0391975646236955
98421.21534211424,0.01401729558646913
98455.53670335488,0.0690907739429285
98489.85806459552,0.1169753583823416
98524.17942583616,0.14801359779504664
98558.5007870768,0.15419379505013706
98592.82214831744,0.13171332950533432
98627.14350955808,0.08297305779225296
98661.46487079872,0.01687043888871731
98695.78623203936,-0.05272643515830873
98730.10759328,-0.11112267109537069
98764.42895452064,-0.14679845520157223
98798.75031576128,-0.15420755406576156
98833.07167700192,-0.13437828518397235
98867.39303824256,-0.0935446368480461
98901.7143994832,-0.040769216791386814
98936.03576072384,0.014436367723716145
98970.35712196448,0.06386388776548907
99004.67848320512,0.10155439939848097
99038.99984444576,0.12406097607158412
99073.3212056864,0.13026515293099525
99107.64256692704,0.1209597260015601
99141.96392816768,0.09839121838514095
99176.28528940832,0.06577860876263066
99210.60665064896,0.02693392145332566
99244.9280118896,-0.014086307262128742
99279.24937313024,-0.05323037729571815
99313.57073437088,-0.08672050661710878
99347.89209561152,-0.11125704976445389
99382.21345685216,-0.12417942828726833
99416.5348180928,-0.1237395084019956
99450.85617933344,-0.10923200844000008
99485.17754057408,-0.08128742501002349
99519.49890181472,-0.04196051730155462
99553.82026305536,0.0050247062032749475
99588.141624296,0.05445536055795506
99622.46298553664,0.09960096621221293
99656.78434677728,0.1331790604047301
99691.10570801792,0.1480688634268849
99725.42706925856,0.13909780487899243
99759.7484304992,0.10473814609262824
99794.06979173984,0.04866076347265222
99828.39115298048,-0.019798491055327022
99862.71251422112,-0.08698100696710946
99897.03387546176,-0.13798284916736064
99931.3552367024,-0.16128722099508605
99965.67659794303,-0.15199770742461863
99999.99795918367,-0.11329203794398462
