0.002040816326530612,0.002976514614631235
30.671792055962676,-0.06643623908436869
61.341543295598825,-0.11813722195593418
92.01129453523498,-0.1444028533529909
122.68104577487112,-0.14851403150148754
153.35079701450726,-0.13828932689058734
184.02054825414342,-0.12096646568543562
214.69029949377955,-0.10139186039266425
245.3600507334157,-0.08225305621259676
276.02980197305186,-0.06470942043850356
306.699553212688,-0.049245857111184545
337.3693044523242,-0.035878932433664405
368.0390556919603,-0.024461036392135503
398.7088069315964,-0.01458803110761902
429.3785581712326,-0.0063186967350346325
460.04830941086874,0.0008504441387480466
490.71806065050487,0.00690684169183808
521.387811890141,0.012066080341301341
552.0575631297772,0.016532209861649626
582.7273143694133,0.0202170350698004
613.3970656090495,0.023498767749078806
644.0668168486857,0.026301873254429804
674.7365680883217,0.02863447510564158
705.4063193279579,0.030580672626692163
736.0760705675941,0.0322684043690264
766.7458218072302,0.033701939745784185
797.4155730468664,0.03486311518530935
828.0853242865026,0.035794648739538255
858.7550755261386,0.03655067703270978
889.4248267657748,0.037158689062458436
920.094578005411,0.03758496758929612
950.7643292450471,0.03787521580489616
981.4340804846832,0.038056891155639636
1012.1038317243194,0.03810912290879019
1042.7735829639555,0.03806135954662661
1073.4433342035918,0.037923300806724146
1104.1130854432279,0.037692879740344326
1134.782836682864,0.037384189339554924
1165.4525879225002,0.0370023864818791
1196.1223391621363,0.036552857046598955
1226.7920904017724,0.03603898084967865
1257.4618416414087,0.03546754028795836
1288.1315928810448,0.034841746996098974
1349.4710953603171,0.033443704152498616
1380.1408465999532,0.032685751562569795
1410.8105978395893,0.03187382877060664
1472.1501003188616,0.030156224492710708
1502.8198515584977,0.029255909898851948
1533.489602798134,0.028311658969914926
1594.8291052774061,0.02635836150456776
1717.5081102359509,0.022189071445446365
1962.86612015304,0.013158042745014309
1996.1156449716777,0.011895828119326806
2029.3651697903158,0.010624280157663344
2095.8642194275917,0.00809422575712611
2228.862318702143,0.0030396169152848602
2262.111843520781,0.001795087887121129
2295.3613683394187,0.0005509151906904191
2361.8604179766944,-0.0019027198694454156
2494.858517251246,-0.006665087798345652
2528.1080420698845,-0.007817717872014709
2561.3575668885223,-0.008948437830939038
2627.856616525798,-0.011160663900153434
2760.8547158003494,-0.01531233041411396
2794.104240618987,-0.016289230689136278
2827.353765437625,-0.017238169293687957
2893.8528150749007,-0.01905341475534842
2927.1023398935386,-0.019916798687722642
2960.3518647121764,-0.02074900918101892
3026.8509143494525,-0.022317310037770287
3060.100439168091,-0.02305065587016826
3093.3499639867287,-0.023749618316121837
3126.5994888053665,-0.024413210933061442
3159.8490136240043,-0.02504059620123431
3193.098538442642,-0.025628583747303646
3226.34806326128,-0.026178995303795968
3259.597588079918,-0.02669057406998836
3292.8471128985557,-0.02716197348132951
3326.0966377171935,-0.02759126586631601
3359.3461625358314,-0.027979040669129863
3392.595687354469,-0.028324462274925438
3425.845212173107,-0.028625844865578384
3459.094736991745,-0.028881953382899565
3492.3442618103827,-0.029094291222528525
3525.5937866290205,-0.02926063162574316
3558.843311447659,-0.02937888225055727
3592.092836266297,-0.02944687452397523
3625.342361084935,-0.029471516271239506
3658.591885903573,-0.02944718592687139
3691.8414107222106,-0.029370381609609045
3725.0909355408485,-0.029238471606483903
3758.3404603594863,-0.0290547623982291
3791.589985178124,-0.02883305506185987
3824.839509996762,-0.028555048153986642
3858.0890348154,-0.028217448215967156
3891.3385596340377,-0.02781700387425442
3924.5880844526755,-0.027350556137999207
3957.8376092713133,-0.026859130775875775
3991.087134089951,-0.026317501975537706
4024.336658908589,-0.025708467242869744
4057.586183727227,-0.02502793700450937
4090.835708545865,-0.024272092961386486
4121.8818436781985,-0.023513915491115922
4152.927978810532,-0.022755449684524462
4215.020249075199,-0.021028948340920988
4246.066384207532,-0.02005347710404306
4277.112519339866,-0.019014184028740874
4339.204789604533,-0.016908553815971852
4370.250924736867,-0.01572759593339258
4401.2970598692,-0.014456662586545876
4463.389330133867,-0.01186030512552757
4587.573870663201,-0.0058924517232857385
4618.620005795534,-0.004253027953386598
4649.666140927868,-0.0024905258633540796
4711.758411192535,0.0010597229819636015
4835.942951721869,0.009034567163930779
4866.9890868542025,0.011290064600327608
4898.035221986536,0.013409780552462818
4960.127492251203,0.01811407384923394
5084.312032780537,0.02802341828958072
5115.358167912871,0.030710878606486348
5146.404303045205,0.03341039934451805
5208.496573309872,0.038932146093728894
5239.5427084422045,0.041669712670799344
5270.588843574538,0.044542464647189
5332.681113839206,0.0500646791841749
5363.72724897154,0.05267792984474498
5394.773384103873,0.05522662484427896
5425.819519236205,0.05759203130060025
5456.865654368539,0.059670372725522024
5487.911789500873,0.061312418091880753
5518.957924633207,0.06251983442082425
5550.004059765541,0.06294181529204694
5581.050194897874,0.06213955338401804
5612.096330030206,0.06009790145879789
5643.14246516254,0.05613517344915127
5674.188600294874,0.04916059765577312
5705.234735427208,0.038559205001829966
5736.280870559542,0.02309390781304089
5767.327005691875,0.0011708286788023325
5798.373140824207,-0.028452553361617533
5829.419275956541,-0.06611522471351847
5860.465411088875,-0.10985002750583046
5891.511546221209,-0.15269462033452771
5922.557681353543,-0.18211047454661433
5953.6038164858755,-0.1839626071361307
5984.649951618208,-0.1522607037598439
6015.696086750542,-0.09614279012532258
6046.742221882876,-0.03359312444481822
6077.78835701521,0.0196108844209157
6108.225490216341,0.05698864502227776
6138.662623417473,0.08011445734135422
6169.099756618603,0.09210444669316975
6199.536889819735,0.09640225385708998
6229.974023020866,0.09576897778334165
6260.411156221997,0.09215440469619791
6290.848289423128,0.08685591106813555
6321.28542262426,0.08068758159100049
6351.72255582539,0.0742105324349028
6382.159689026522,0.06763213202533204
6443.033955428784,0.055105251881622505
6473.471088629915,0.049327568325972064
6503.908221831047,0.043668912653921754
6564.782488233309,0.03350801965338267
6595.21962143444,0.028943531426386934
6625.656754635571,0.024648948164171285
6656.093887836702,0.02052036355143072
6686.531021037834,0.016689539834213868
6716.968154238964,0.01312405238001007
6747.405287440096,0.009796832184082213
6808.279553842358,0.003651032076553082
6838.716687043489,0.0008501224522442646
6869.153820244621,-0.0017071327247998938
6899.590953445751,-0.004221328088509783
6930.028086646883,-0.006527248179868078
6960.465219848014,-0.008669199493612847
6990.902353049145,-0.010746209402770174
7051.776619451408,-0.0144384273498652
7082.2137526525385,-0.01613338367052962
7112.65088585367,-0.017685522335611957
7143.088019054801,-0.019171178219181597
7173.525152255932,-0.02054046736460515
7203.962285457063,-0.02182258054876278
7234.399418658195,-0.022993453341760395
7295.273685060457,-0.02509718110984487
7325.710818261588,-0.026050026337144212
7356.147951462719,-0.02688462274637489
7386.5850846638505,-0.027676868440308706
7417.022217864982,-0.028372015875055657
7447.4593510661125,-0.029008619123658066
7477.896484267244,-0.029569535085241808
7508.333617468375,-0.030063671422009407
7538.770750669506,-0.030495757425861972
7569.2078838706375,-0.030858224390171645
7599.645017071769,-0.031166921977893305
7630.0821502728995,-0.03140364310720772
7660.519283474031,-0.031598056891664235
7690.9564166751625,-0.031727046308371296
7721.393549876293,-0.031797224901500484
7751.8306830774245,-0.031820676505308336
7782.267816278556,-0.03178794813731194
7812.704949479687,-0.03170324737102481
7843.142082680818,-0.03157065670962238
7873.5792158819495,-0.03138787762109198
7904.01634908308,-0.031158705091298578
7934.4534822842115,-0.03088339084866051
7964.890615485343,-0.03056164017046712
7995.327748686474,-0.03019819494723022
8025.764881887605,-0.029791990207785467
8058.7817886677385,-0.029302017134960917
8091.798695447871,-0.02876806038632466
8124.815602228004,-0.028186936789965516
8157.832509008136,-0.02755961774391362
8190.84941578827,-0.026893249066937713
8223.866322568403,-0.026182276465820102
8289.900136128668,-0.02464444198034576
8322.9170429088,-0.023817581404547275
8355.933949688933,-0.022952373281999998
8421.9677632492,-0.02113000462903296
8554.035390369732,-0.017106334892411455
8587.052297149865,-0.01603185294296138
8620.069203929997,-0.014931234175764904
8686.103017490264,-0.012666511047888377
8818.170644610796,-0.007903484334095712
9082.305898851859,0.0022061706460195004
9115.322805631993,0.003499667424770617
9148.339712412126,0.004781584551412412
9214.37352597239,0.007350108733742651
9346.441153092921,0.012400894571862428
9379.458059873054,0.013640020983255707
9412.474966653186,0.014870178671156115
9478.508780213453,0.01729177574130967
9610.576407333985,0.02180563781520976
9643.593314114118,0.022882421898320494
9676.61022089425,0.02392940722027984
9742.644034454517,0.025879451312447534
9775.660941234652,0.026812020224764053
9808.677848014784,0.027707888386327553
9874.71166157505,0.02935608886624068
9907.728568355182,0.03010128350363884
9940.745475135314,0.030804109436691866
9973.762381915447,0.03145489197861601
10006.779288695581,0.032043315994449866
10039.796195475716,0.03255854568945891
10072.813102255848,0.033022236054425724
10105.83000903598,0.0334256322309457
10138.846915816113,0.03375110882541416
10169.660432909943,0.03397121165813386
10200.47395000377,0.034098694162174564
10231.287467097598,0.03421796928623927
10262.100984191427,0.034249841730573605
10292.914501285257,0.03417702534504572
10323.728018379084,0.03398231184285796
10354.541535472912,0.033705581212067647
10385.355052566742,0.033412031910594525
10416.168569660571,0.032974378136502086
10446.982086754399,0.03236964759317504
10477.795603848226,0.03167795450537596
10508.609120942056,0.03096406295959289
10539.422638035885,0.03003753799865421
10570.236155129713,0.0288705754611503
10601.04967222354,0.027728190833493045
10631.86318931737,0.026414801864121262
10662.6767064112,0.024784533826278404
10693.490223505027,0.023123595806004774
10724.303740598854,0.02128922170755855
10755.117257692684,0.019027379146259647
10785.930774786513,0.01678439324942473
10816.74429188034,0.014224707167031007
10847.557808974168,0.011223534074850768
10878.371326067998,0.008304653093629641
10909.184843161827,0.0046554425874483635
10939.998360255655,0.0010591285598516784
10970.811877349483,-0.0031252657427103606
11001.625394443312,-0.007788824306717436
11032.438911537141,-0.012665076196171396
11063.252428630969,-0.018267860784957707
11094.065945724797,-0.024161400390054863
11124.879462818626,-0.030812350793568095
11155.692979912455,-0.03806643216679814
11186.506497006283,-0.045722182767776884
11248.13353119394,-0.06337864558872111
11278.94704828777,-0.07294288708421937
11309.760565381597,-0.08306742998575613
11340.574082475425,-0.09267805248568214
11371.387599569254,-0.1015867114721635
11402.201116663084,-0.10821408761244805
11433.014633756911,-0.11045473397120337
11463.828150850739,-0.10506807055852067
11494.641667944568,-0.08773826718957096
11525.455185038398,-0.05390041043724218
11556.268702132225,-0.001427263274031268
11587.082219226053,0.06410315350003312
11617.895736319882,0.12789039574895794
11648.709253413712,0.17079344706449123
11679.52277050754,0.18176639578007636
11710.336287601367,0.16433603566693059
11741.149804695197,0.13064497640005096
11771.963321789026,0.09250545454733977
11802.776838882854,0.05714816125081025
11833.590355976681,0.027522601976009517
11864.40387307051,0.004181688854626622
11895.21739016434,-0.013771809666719925
11926.030907258168,-0.027089979947383352
11956.844424351995,-0.03686231611355428
11987.657941445825,-0.04393231245106825
12018.471458539654,-0.04885402392482682
12049.284975633484,-0.052139593995061656
12080.098492727313,-0.05418527072412117
12110.91200982114,-0.05530946476173031
12144.305300493972,-0.05574724159992581
12177.698591166802,-0.05551030274535965
12211.091881839631,-0.05478326807626463
12244.48517251246,-0.053680309282795775
12277.87846318529,-0.05229026887447367
12311.271753858122,-0.050680565267097084
12344.665044530953,-0.04890303456882379
12378.058335203783,-0.04700079142481196
12411.451625876613,-0.04501810908758533
12444.844916549444,-0.04291865253779479
12511.631497895105,-0.03865183968956333
12645.204660586425,-0.029868135604704152
12678.597951259257,-0.02764982542662815
12711.991241932086,-0.02546892252599796
12778.777823277745,-0.021157874233724384
12912.350985969068,-0.012842978070946672
12945.744276641897,-0.010863587646304684
12979.137567314729,-0.008875405085604273
13045.92414866039,-0.005052903453778619
13179.49731135171,0.002118012904283517
13212.890602024541,0.003798379410306485
13246.28389269737,0.0054268208175853195
13313.07047404303,0.008579436111380075
13346.46376471586,0.010082820796546403
13379.857055388691,0.01154563459569297
13446.643636734352,0.014302637336171254
13480.036927407182,0.015610484603881574
13513.430218080013,0.016851674142174616
13580.216799425674,0.019217522824425
13613.610090098504,0.02031121880921523
13647.003380771333,0.021362416767888616
13713.789962116995,0.023287422292164614
13747.183252789826,0.024172028079993857
13780.576543462656,0.02499564768406916
13813.969834135485,0.025767798935824024
13847.363124808315,0.026485912269938253
13880.756415481144,0.02714365283662274
13914.149706153976,0.027742535557312153
13947.542996826807,0.02828936136410347
13980.936287499637,0.028778234388622984
14014.329578172466,0.02920780620604818
14047.722868845298,0.029579113664184142
14081.11615951813,0.02989429667304512
14114.509450190959,0.03015083042445856
14147.902740863788,0.03034867349819669
14181.296031536618,0.03048839944739418
14214.689322209448,0.030569924350650854
14248.08261288228,0.03059280440402011
14280.866901623907,0.030558464767345195
14313.651190365534,0.030467981301455005
14346.435479107162,0.030321070658778176
14379.21976784879,0.030118390796357097
14412.004056590418,0.029859522756427108
14444.788345332046,0.029544237087486838
14477.572634073675,0.029173372070073873
14510.356922815303,0.02874868320058223
14543.141211556931,0.028267774011105577
14575.92550029856,0.02773009588186075
14608.709789040187,0.02713818412432274
14641.494077781816,0.026496324958858602
14674.278366523444,0.025798077750093743
14707.062655265072,0.025042633615866488
14772.631232748327,0.023379683158945317
14805.415521489955,0.022478169855104032
14838.199810231581,0.021519762896384506
14903.768387714837,0.01942833696639085
14936.552676456466,0.018286045089628045
14969.336965198094,0.01715387744468148
15034.90554268135,0.014717981614384115
15067.689831422978,0.013411811800332008
15100.474120164607,0.012045947622015492
15166.042697647863,0.009197053215975467
15297.179852614374,0.003081188591133181
15329.964141356002,0.0014014741697600738
15362.748430097628,-0.0002861847554486482
15428.317007580885,-0.0036091166870765787
15559.454162547398,-0.010935207206781325
15592.238451289026,-0.012716856991069912
15625.022740030654,-0.014570299347048657
15690.59131751391,-0.01845182835863879
15821.728472480421,-0.026087567134154704
15854.51276122205,-0.02804110590001921
15887.297049963676,-0.02984840489269108
15952.865627446932,-0.03358666245301173
15985.64991618856,-0.0353537580915364
16018.434204930189,-0.037079036232387494
16084.002782413445,-0.04039513481530918
16116.787071155073,-0.04189885790649452
16149.571359896701,-0.04331561307431862
16182.35564863833,-0.0445815811493369
16215.139937379958,-0.045724196437006086
16247.924226121586,-0.046600611630023894
16280.708514863214,-0.047372349373183506
16313.49280360484,-0.04776157611626007
16346.277092346469,-0.04794801790831573
16376.857991401794,-0.04766727497613283
16407.438890457117,-0.04703709581277095
16438.01978951244,-0.04597340826904185
16468.600688567763,-0.04411127429351221
16499.181587623087,-0.041853046003289665
16529.76248667841,-0.03846965281226649
16560.343385733733,-0.03424125506559324
16590.924284789056,-0.02863348419775555
16621.50518384438,-0.02139814927727321
16652.086082899703,-0.01249061158048477
16682.666981955026,-0.0007117401891648806
16713.24788101035,0.01311584222576101
16743.828780065673,0.031319318993885625
16774.409679120996,0.05233301358525779
16804.990578176323,0.07740144156750935
16835.571477231646,0.10537875184198511
16866.15237628697,0.13375023791015644
16896.733275342296,0.15709954521731728
16927.31417439762,0.16670657141020823
16957.895073452943,0.15227020099513425
16988.475972508266,0.10848198550032939
17019.05687156359,0.04188765031945109
17049.637770618912,-0.029159914091620286
17080.218669674236,-0.08637473075914114
17110.79956872956,-0.12080884708247898
17141.380467784882,-0.13420024781830736
17171.961366840205,-0.13269785745313303
17202.54226589553,-0.1225985007866749
17233.12316495085,-0.10844612312412671
17263.704064006175,-0.09304515089196805
17294.2849630615,-0.07793885882730299
17324.86586211682,-0.06386713063344461
17355.446761172145,-0.05103503809731546
17386.027660227468,-0.03967371048580243
17416.60855928279,-0.029652384496663117
17447.189458338114,-0.020675679875121922
17477.770357393438,-0.01279014050834315
17508.35125644876,-0.00587073176321367
17538.932155504088,0.00011588030659717002
17569.51305455941,0.005390038188669125
17600.093953614734,0.010165557539234028
17630.67485267006,0.014330359225398367
17661.255751725384,0.017967605130927287
17691.836650780708,0.021145115204633854
17722.41754983603,0.023920988082719634
17752.998448891354,0.0263150350871635
17783.579347946677,0.02854035157019853
17814.160247002,0.030378552715287548
17844.741146057324,0.03195805920034753
17875.322045112647,0.03336097314661762
17905.90294416797,0.03449658538448314
17936.483843223294,0.03547477700818294
17967.064742278617,0.03627285353515262
17997.64564133394,0.036882142975824116
18028.226540389263,0.03738055292021385
18058.807439444587,0.03772067420209382
18089.38833849991,0.03793006967819912
18119.969237555233,0.03803378213150334
18150.550136610556,0.0380126597979433
18181.13103566588,0.037896801772792095
18211.711934721203,0.037680186939720445
18242.292833776526,0.03737486731495239
18272.873732831853,0.03698342294373573
18303.454631887176,0.036515687208056036
18336.615304521503,0.035918864555028816
18369.775977155827,0.03524818250481867
18402.936649790154,0.034490307086009905
18436.09732242448,0.03367372326468505
18469.257995058804,0.03277542653639776
18502.41866769313,0.03182924411090103
18568.74001296178,0.029750819788974273
18601.900685596105,0.028629070993778087
18635.061358230432,0.02746107567336923
18701.382703499083,0.02501009437337463
18834.025394036384,0.01967432743621711
18867.186066670707,0.018282170183201486
18900.346739305034,0.01684664836058755
18966.668084573685,0.01394297955599546
19099.310775110986,0.007953224611683008
19364.596156185587,-0.004115789495941036
19397.75682881991,-0.005585940488757306
19430.917501454238,-0.0070442718227887524
19497.23884672289,-0.009909499328795524
19629.88153726019,-0.015357998219531592
19663.042209894513,-0.016650980921984585
19696.20288252884,-0.017912710200645103
19762.52422779749,-0.02032622990626679
19795.684900431814,-0.021477694005680174
19828.84557306614,-0.02259043602508485
19895.16691833479,-0.024679753899209664
19928.327590969115,-0.025655398680566106
19961.48826360344,-0.02658442342958376
19994.64893623777,-0.027463326827671226
20027.809608872092,-0.02828306703082266
20060.970281506416,-0.0290490608729823
20094.130954140743,-0.029759931566873087
20127.29162677507,-0.030411103118515147
20160.452299409393,-0.030997289704195907
20193.612972043717,-0.0315202644186477
20226.773644678044,-0.03197867085906304
20259.93431731237,-0.03236650264458124
20293.094989946694,-0.03267458887345093
20326.25566258102,-0.03292227253950032
20359.41633521535,-0.033096012358364416
20392.57700784967,-0.033187781498542915
20425.737680484,-0.03318928498661028
20456.69496343202,-0.03310177914374425
20487.652246380043,-0.03296393120340871
20518.609529328063,-0.03276260614759095
20549.566812276084,-0.03247212060473804
20580.524095224104,-0.03208326209097098
20611.481378172124,-0.03158699318026731
20642.438661120144,-0.030999720692474753
20673.395944068165,-0.030409395505046198
20704.353227016185,-0.029705538060429557
20735.310509964205,-0.028875634263776484
20766.26779291223,-0.027907973811404353
20797.22507586025,-0.026791953487765606
20828.18235880827,-0.02573138636959988
20859.139641756294,-0.024544703112202856
20890.096924704314,-0.02318745793097195
20921.054207652334,-0.02164634871404291
20952.011490600355,-0.019988052474613348
20982.968773548375,-0.018416661336437903
21013.9260564964,-0.01662091716925341
21044.88333944442,-0.014586271168767373
21075.84062239244,-0.012303471486160586
21106.797905340463,-0.010203836963562826
21168.712471236504,-0.005230761056594181
21199.669754184524,-0.0023984388125831164
21230.627037132545,0.0002656590661137548
21261.584320080565,0.0033428563453294542
21292.541603028585,0.006818656381120981
21323.498885976605,0.010042521546842684
21354.456168924626,0.013640385011397207
21416.37073482067,0.021453838287421145
21447.32801776869,0.025788107702385203
21478.285300716714,0.030321961284062168
21540.199866612755,0.03998173838916071
21571.157149560775,0.04482157080681821
21602.114432508795,0.05033582249779069
21664.028998404836,0.06114141451941671
21694.986281352856,0.06649090302413674
21725.943564300876,0.07178485262787741
21756.9008472489,0.0766821585692743
21787.85813019692,0.08075774930501485
21818.81541314494,0.0835781366010308
21849.772696092965,0.08439645258153711
21880.729979040985,0.08181231241808498
21911.687261989005,0.07444102022572024
21942.644544937026,0.060011364434924615
21973.601827885046,0.03587485194481163
22004.55911083307,-0.0004651621321618976
22035.51639378109,-0.04916938990241414
22066.47367672911,-0.10584465231716332
22097.430959677135,-0.15825745017813986
22128.388242625155,-0.18874250876248755
22159.345525573175,-0.18510504590265833
22190.302808521195,-0.1498115163069826
22221.260091469216,-0.09775078355308477
22252.217374417236,-0.04505956392167035
22283.174657365256,-0.0010739872750068213
22314.131940313277,0.03147175362849208
22345.089223261297,0.05352511325598877
22376.04650620932,0.06726742298254784
22407.00378915734,0.07495173916426053
22437.352070174158,0.07832543587892013
22467.70035119098,0.07897856039857473
22498.048632207796,0.07772852968548935
22528.396913224613,0.07524697462121221
22558.745194241434,0.07196839634513373
22589.09347525825,0.06822963645843552
22649.79003729189,0.05993459452200717
22680.13831830871,0.05566569443736835
22710.486599325526,0.051413261990832695
22771.183161359164,0.04311549512867072
22892.57628542644,0.027886738854075766
22922.92456644326,0.024366477909490154
22953.272847460077,0.021000042370020993
23013.969409493715,0.014688073497505429
23044.317690510536,0.011664975654418971
23074.665971527353,0.008777365366589528
23135.36253356099,0.003384906116598644
23165.71081457781,0.0008708536747514886
23196.059095594628,-0.0015634593742950079
23256.755657628266,-0.006088658319495274
23287.103938645083,-0.008193758656542559
23317.4522196619,-0.010209941094963437
23378.148781695538,-0.013944588484856413
23408.497062712355,-0.015671683634813163
23438.845343729176,-0.01730806547940603
23469.193624745993,-0.01885607198158736
23499.54190576281,-0.020307436855651187
23529.89018677963,-0.021699220852155664
23560.238467796447,-0.022969536215102233
23620.935029830085,-0.025310886737209243
23651.283310846906,-0.026337455275118136
23681.631591863723,-0.02730716549414447
23711.97987288054,-0.028194472494288733
23742.32815389736,-0.02898877962360404
23772.67643491418,-0.02972630720639467
23803.024715931,-0.030381383888801745
23833.372996947815,-0.030953237346302467
23863.721277964636,-0.03146646921749379
23894.069558981457,-0.03190031681003414
23924.417839998274,-0.03225927802682951
23954.76612101509,-0.03255572114965078
23985.11440203191,-0.03277826862653117
24015.462683048732,-0.03293216714032007
24045.81096406555,-0.03302087558111368
24076.159245082366,-0.033041426182227024
24106.507526099187,-0.03299753599053905
24136.855807116008,-0.03288878870676163
24167.204088132825,-0.03271547614351914
24197.552369149642,-0.032480547147170094
24227.900650166463,-0.03218674272748979
24258.24893118328,-0.031828391203965876
24288.597212200097,-0.031410766731826106
24318.945493216917,-0.030936034203762394
24349.293774233734,-0.030406194088425313
24382.221828829555,-0.029764571562584705
24415.149883425373,-0.02905746917456937
24448.077938021193,-0.028288347961358283
24481.005992617014,-0.027459008025599883
24513.934047212835,-0.026566515994000464
24546.862101808656,-0.025615564506597327
24612.718211000298,-0.02354406994347399
24645.64626559612,-0.022426177500805073
24678.57432019194,-0.021256735458257927
24744.430429383578,-0.01876237353659653
24876.142647766857,-0.013225308393642677
24909.07070236268,-0.011744230102023245
24941.9987569585,-0.010223648122999961
25007.85486615014,-0.007056720073344191
25139.56708453342,-0.0004282280634813184
25402.991521299984,0.013735224063279369
25435.919575895805,0.01558790171789419
25468.847630491626,0.017285676493837478
25534.703739683267,0.020746107642241846
25567.63179427909,0.022490381914194554
25600.55984887491,0.02422820525310719
25666.415958066547,0.027546171564019874
25699.34401266237,0.029107262536642645
25732.272067258185,0.03065735108335634
25765.200121854006,0.032174065217501054
25798.128176449827,0.03363213117374707
25831.056231045648,0.03496802953878315
25863.98428564147,0.0362443981508817
25896.91234023729,0.037460935076719416
25929.84039483311,0.03857669035070107
25962.76844942893,0.03954778439413283
25995.696504024752,0.040429727049095504
26028.624558620573,0.04118786467286653
26061.552613216394,0.04175730246731597
26094.480667812215,0.04214754305026897
26127.408722408036,0.04244722534513586
26160.336777003853,0.04246020224126442
26193.264831599674,0.042088302559383985
26226.192886195495,0.04175034829796551
26259.120940791312,0.04095063941002425
26292.048995387133,0.03969961052374435
26324.977049982954,0.03836261170002786
26357.905104578775,0.036213167723869844
26390.833159174595,0.03383952151483126
26423.761213770416,0.030723305089570465
26456.689268366237,0.026996797998048105
26487.413933275755,0.022803226889945974
26518.13859818527,0.017663998976995124
26548.863263094783,0.011831752132952546
26579.5879280043,0.004829316742176008
26610.31259291382,-0.0034895206231793235
26641.037257823333,-0.012934972086654374
26671.761922732847,-0.02455430360766473
26702.486587642365,-0.037177130388310886
26733.211252551882,-0.052824279946234995
26763.935917461396,-0.06932938759444018
26794.66058237091,-0.08812327116164058
26825.38524728043,-0.1076710600341553
26856.109912189946,-0.1261527180273423
26886.83457709946,-0.14010092015342912
26917.559242008974,-0.14370902680946457
26948.283906918492,-0.12943159451290415
26979.00857182801,-0.09068035137198162
27009.733236737524,-0.02774730932443377
27040.457901647038,0.04646843241826992
27071.182566556556,0.11133310225963261
27101.907231466073,0.150746040122629
27132.631896375588,0.1616394706728187
27163.3565612851,0.1514070249613632
27194.08122619462,0.12972542780094687
27224.805891104137,0.10408785024592868
27255.53055601365,0.07888290241396362
27286.255220923165,0.05609700901340056
27316.979885832683,0.03651229383884798
27347.7045507422,0.02000289401441953
27378.429215651715,0.006315735133822845
27409.15388056123,-0.004838385047649288
27439.878545470747,-0.013998624718910592
27470.603210380264,-0.021535750426091134
27501.32787528978,-0.02760277795078723
27532.052540199293,-0.03245884024358581
27562.77720510881,-0.036409515678975574
27593.50187001833,-0.039438687779575994
27624.226534927842,-0.04177014182261911
27654.951199837356,-0.04366690717574012
27685.675864746874,-0.04498643811785017
27716.400529656392,-0.04585322963263662
27747.125194565906,-0.04642983878354104
27777.84985947542,-0.04667560235805429
27808.574524384938,-0.046636169727034396
27839.299189294456,-0.046374869922555184
27870.02385420397,-0.04591652235348583
27900.748519113484,-0.045270180315186676
27931.473184023,-0.044470371232779825
27962.19784893252,-0.04353758498163051
27992.922513842033,-0.042474215794825625
28023.647178751547,-0.04130964065401812
28054.371843661065,-0.04005150270994875
28085.096508570583,-0.03869925194754838
28115.821173480097,-0.03729581254457058
28177.27050329913,-0.03425859207151842
28207.995168208647,-0.03265639544550646
28238.71983311816,-0.03102561661159168
28300.169162937193,-0.027650613799599665
28423.06782257526,-0.02054515398573014
28456.372261063778,-0.018606503541219954
28489.676699552292,-0.016621796031090732
28556.285576529328,-0.012684327055042698
28689.5033304834,-0.004868098270234674
28722.807768971918,-0.0029438385371386216
28756.112207460435,-0.0010452160791729805
28822.72108443747,0.002680612194059376
28955.938838391543,0.00974850721205046
28989.24327688006,0.011416816527513036
29022.54771536858,0.013041892213905892
29089.156592345615,0.016173147390741265
29122.461030834133,0.017656075012295602
29155.76546932265,0.01909512414563102
29222.374346299686,0.02180325490168318
29255.678784788204,0.023069048761669743
29288.983223276722,0.02427685483339804
29322.28766176524,0.02542049466679029
29355.592100253758,0.02649876323922628
29388.896538742276,0.02751115320065337
29422.200977230794,0.0284544427782472
29455.50541571931,0.029327513280996177
29488.80985420783,0.030128579806715426
29522.114292696348,0.030853531015861694
29555.418731184865,0.03150355684330817
29588.723169673383,0.03207599153466384
29622.0276081619,0.03256746269644635
29655.33204665042,0.03297794872856334
29688.636485138937,0.033306951834402576
29721.940923627455,0.03355067446311773
29755.245362115973,0.03370503982833785
29788.54980060449,0.033767728663461546
29821.85423909301,0.03375093736453545
29855.158677581527,0.033643116649116636
29888.463116070045,0.0334386796167284
29921.767554558563,0.0331318754003333
29955.07199304708,0.03271690599257408
29988.376431535595,0.03223770307785981
30021.680870024113,0.03165465998790366
30054.98530851263,0.030958973721542993
30088.289747001145,0.030143204977420512
30121.594185489663,0.029241139330485565
30154.89862397818,0.02826118617822358
30188.2030624667,0.027152963002332255
30221.507500955217,0.025907499876036785
30288.116377932252,0.023151277802506892
30321.42081642077,0.021601183098054283
30354.72525490929,0.019890553570267394
30388.029693397806,0.018124842439598284
30421.334131886324,0.0162565872992691
30454.638570374842,0.01420535587545463
30487.94300886336,0.012017318409568604
30554.551885840396,0.0074174097104407945
30587.24732239771,0.004908107962487165
30619.942758955025,0.0024022549320129247
30685.333632069658,-0.003211283676923967
30718.029068626973,-0.0060684328252644665
30750.72450518429,-0.00920468835424432
30816.11537829892,-0.01567366828963974
30848.810814856235,-0.019212065852312908
30881.50625141355,-0.022645443228561473
30946.89712452818,-0.03008159560958834
31077.67887075744,-0.04589978223874804
31110.374307314756,-0.04996935754966986
31143.069743872074,-0.05392932588612903
31175.76518042939,-0.05775210329215137
31208.460616986704,-0.06139331412717357
31241.15605354402,-0.06467692161001587
31273.851490101333,-0.0674246204574304
31306.546926658648,-0.06939088241482924
31339.242363215963,-0.07018912969502995
31371.937799773277,-0.06927451873396828
31404.633236330592,-0.06607400171631041
31437.32867288791,-0.05971869047039647
31470.024109445225,-0.04872297254166318
31502.71954600254,-0.0313075747182096
31535.414982559858,-0.005704394506098047
31568.110419117173,0.029631304241259312
31600.805855674487,0.07460708321911809
31633.501292231802,0.12501705963999565
31666.196728789117,0.1690697235591398
31698.892165346435,0.18898802116297006
31731.58760190375,0.17095387804265377
31764.283038461064,0.11795482011387654
31796.978475018383,0.04994937646713712
31829.673911575697,-0.012006062131667952
31862.369348133012,-0.05705114580748683
31895.064784690327,-0.08436094806194702
31927.76022124764,-0.0975815114818041
31960.45565780496,-0.10132030734023263
31993.151094362274,-0.09915040639777861
32025.84653091959,-0.0935911372544769
32058.541967476907,-0.08626129150276067
32091.237404034222,-0.07807759353294096
32123.932840591537,-0.06968156501950612
32156.62827714885,-0.06143538564367503
32189.323713706166,-0.05353444720039898
32222.019150263484,-0.04602004902477389
32254.7145868208,-0.038882840773659125
32287.410023378114,-0.032242784062768835
32320.105459935432,-0.02606982431003067
32385.49633305006,-0.014998830703412678
32418.191769607376,-0.010057599176482466
32450.88720616469,-0.005441219702452997
32483.582642722005,-0.0012073745775490127
32516.27807927932,0.0026730103425999813
32548.973515836635,0.006346395527212761
32581.66895239395,0.009725607091058498
32614.364388951268,0.012808002659722423
32647.059825508582,0.015621696383035451
32677.55187237959,0.018113153821424408
32708.043919250602,0.020374613917517045
32738.535966121613,0.0224372221869047
32769.028012992625,0.024354039961842502
32799.52005986364,0.026077500402778123
32830.01210673465,0.027671250500262194
32860.50415360566,0.02908520288107142
32890.99620047667,0.030382067930556235
32921.48824734768,0.031512926159225726
32951.980294218694,0.03253497309846142
32982.472341089706,0.033404897419127944
33012.96438796072,0.034171717010991795
33043.45643483173,0.034799821397121976
33073.94848170274,0.03533023192036694
33104.440528573745,0.03573654416628032
33134.93257544476,0.03603458484439375
33165.42462231577,0.03623648390567838
33195.91666918677,0.03632889967741148
33226.408716057784,0.036328661340114365
33256.900762928795,0.0362318428374704
33287.39280979981,0.03604324556172972
33317.88485667082,0.03576658214639471
33348.37690354183,0.035403015921753475
33378.86895041284,0.034959150845032705
33409.36099728385,0.03443064481104594
33439.853044154865,0.03382767230444934
33470.345091025876,0.03314918473891955
33500.83713789689,0.03239565172007087
33531.3291847679,0.03157755777146597
33561.82123163891,0.030686210295154323
33622.805325380934,0.028715551479842095
33653.297372251945,0.027643460832255322
33683.78941912296,0.02650436692904804
33744.77351286498,0.02407532578790358
33866.74170034902,0.01863037798322613
33897.23374722003,0.017159908020564395
33927.725794091035,0.01565298869253953
33988.70988783306,0.012537887122839667
34110.678075317104,0.005959804521453709
34141.170122188116,0.004262999550988217
34171.66216905913,0.002548235549930681
34232.64626280115,-0.0009493722712877279
34354.6144502852,-0.007935714730976874
34385.10649715621,-0.009701049463534032
34415.59854402722,-0.011466888019391597
34476.58263776924,-0.014904658164946672
34598.55082525328,-0.02162062009410965
34631.62264570329,-0.023327713683573725
34664.694466153305,-0.025006031011461524
34730.838107053336,-0.0282610836852547
34763.90992750335,-0.029811072056938087
34796.98174795336,-0.031242260479322943
34863.12538885338,-0.03395020739411887
34896.1972093034,-0.03517257824987605
34929.26902975341,-0.036294647616067925
34962.34085020343,-0.037325183012265645
34995.41267065344,-0.03823500080647976
35028.484491103445,-0.03902219832431795
35061.55631155346,-0.039686922533353576
35094.628132003476,-0.0401868469928281
35127.69995245349,-0.04055339402520411
35160.77177290351,-0.04075276586733566
35193.843593353515,-0.04071168248729003
35226.91541380352,-0.04055385092026043
35259.98723425354,-0.04015081533080291
35293.05905470355,-0.03939730058406134
35326.13087515357,-0.038574739680128554
35359.202695603584,-0.03732630730529133
35392.27451605359,-0.035848921522663425
35425.3463365036,-0.03396671383820132
35458.418156953616,-0.031706291050698304
35491.48997740363,-0.029033688918864282
35524.56179785365,-0.02592105957731671
35557.63361830366,-0.02216060773328079
35590.70543875367,-0.01802552408821757
35623.77725920368,-0.012878314850978435
35656.84907965369,-0.007419874491550366
35689.92090010371,-0.0009046143675311737
35722.99272055372,0.006746730038662583
35756.064541003725,0.014980034484559028
35789.13636145374,0.0246134801670339
35822.208181903756,0.035563109542506355
35855.28000235377,0.04793648334866693
35888.35182280379,0.061613972973302907
35921.423643253795,0.0762884489997728
35954.4954637038,0.09175141938848083
35987.56728415382,0.10697601806386786
36020.63910460383,0.11992301627343398
36053.71092505385,0.12694522087276408
36086.782745503864,0.12236985527648901
36119.85456595387,0.09889787510715158
36152.92638640388,0.05076565460079832
36185.998206853896,-0.020638356462737734
36219.07002730391,-0.09813902786586315
36252.14184775392,-0.15585983008549842
36285.21366820393,-0.17719434189026306
36318.28548865394,-0.16470665073480323
36351.35730910396,-0.13270297830428363
36384.42912955397,-0.09482352570347836
36417.50095000399,-0.05921580308220047
36450.572770454,-0.029221762147705645
36483.644590904005,-0.005349171792542677
36516.71641135402,0.013073725754652606
36549.788231804036,0.026791274104767813
36582.86005225405,0.037007215751934594
36615.931872704066,0.04439602559544878
36649.003693154074,0.04954685742219484
36682.07551360408,0.05298028544861071
36715.1473340541,0.05513506883646548
36746.01576481781,0.05620467100474831
36776.884195581515,0.05655261219255643
36807.752626345224,0.05632498192736649
36838.62105710893,0.0556368723104008
36869.48948787264,0.0545740858771266
36900.35791863635,0.053213906668543885
36931.22634940006,0.051603215522177025
36962.09478016377,0.049794430972419104
36992.963210927475,0.04782925535833332
37023.831641691184,0.04574007959214369
37085.5685032186,0.04124699934483285
37209.042226273436,0.03159579598100785
37239.910657037144,0.029109548296610117
37270.77908780085,0.026625565600686248
37332.51594932827,0.02165322640392913
37455.989672383104,0.011894727277793438
37486.85810314681,0.009524765905268791
37517.72653391052,0.007183334773925784
37579.46339543794,0.0026122246669017003
37702.937118492766,-0.00593419596946218
37733.805549256474,-0.00794761870023718
37764.673980020176,-0.009912297799824766
37826.41084154759,-0.013631902933316186
37857.2792723113,-0.015408492961776899
37888.14770307501,-0.017103023758572172
37949.88456460243,-0.02031943540362948
37980.752995366136,-0.02181069959164651
38011.621426129845,-0.023242607565053516
38042.48985689355,-0.024597521738447918
38073.35828765726,-0.02587064859885646
38104.22671842097,-0.027076158187160845
38135.09514918468,-0.028200463189761958
38196.832010712096,-0.03020784739039427
38227.700441475805,-0.03109163017038049
38258.56887223951,-0.031890362715321696
38289.43730300322,-0.03260425969980212
38320.30573376693,-0.033234510875363096
38351.17416453064,-0.033778627275822176
38382.04259529435,-0.034235251620245856
38412.91102605806,-0.03460367989850431
38443.779456821765,-0.03488295511196021
38474.647887585474,-0.035072391706040165
38505.51631834918,-0.03517181169669275
38536.38474911289,-0.0351795288115553
38567.2531798766,-0.035093620412795234
38598.12161064031,-0.034915448024619086
38628.99004140402,-0.034647402384760925
38659.858472167725,-0.03428392496541169
38690.726902931434,-0.03382207067341182
38724.175107274146,-0.033210435494037585
38757.62331161686,-0.03250319773586688
38791.07151595957,-0.03167813609042434
38824.519720302276,-0.030730134440428276
38857.96792464498,-0.0296578729804445
38891.416128987694,-0.028510930060436358
38924.864333330406,-0.027237560599509946
38958.31253767312,-0.02583145155239166
38991.76074201583,-0.024285826202854008
39025.208946358536,-0.022705068771595074
39092.105355043954,-0.019120923668278524
39125.553559386666,-0.017105585481657054
39159.00176372938,-0.015091142447090384
39225.898172414796,-0.010619556473092333
39259.3463767575,-0.008138109115080682
39292.794581100214,-0.005705275494049439
39359.69098978564,-0.00038652617185105584
39493.48380715647,0.011454030503537584
39526.932011499186,0.014788764456017183
39560.3802158419,0.017932597311800302
39627.276624527316,0.024749865709630385
39761.06944189816,0.03869795098212596
39794.51764624087,0.04221397983061392
39827.96585058358,0.045713524534756696
39861.414054926296,0.04902988047788634
39894.862259269,0.05232810577945535
39928.310463611706,0.055293453070043984
39961.75866795442,0.05803067156327822
39995.20687229713,0.06037510300628189
40028.65507663984,0.06207037133263347
40062.103280982556,0.06323708035212851
40095.55148532526,0.06315846238276333
40128.999689667966,0.061927236169281856
40162.44789401068,0.058952512829075224
40195.89609835339,0.053183814518604655
40229.3443026961,0.04459511383432957
40262.792507038816,0.03179575503152791
40296.24071138152,0.012946696408830505
40329.688915724226,-0.01258606311152849
40363.13712006694,-0.04607644336651191
40396.58532440965,-0.08713648905941071
40430.03352875236,-0.13137441249552825
40463.481733095075,-0.1690451486741729
40496.92993743778,-0.1828820251313532
40530.378141780486,-0.15839175153923585
40563.8263461232,-0.09701367308360928
40597.27455046591,-0.020203320004780003
40630.72275480862,0.04690470376348654
40664.170959151335,0.09140637515104748
40697.61916349404,0.11341429611206988
40731.067367836746,0.11895911123023489
40764.51557217946,0.11444862137802458
40797.96377652217,0.10459095157197158
40831.41198086488,0.09243446360860773
40864.25118327639,0.07974477072140049
40897.0903856879,0.06740711210536726
40929.9295880994,0.055868435757182644
40962.76879051091,0.04465411549455126
40995.60799292242,0.03500083052659042
41028.44719533392,0.026050509488288756
41061.28639774543,0.01793901981747513
41094.12560015694,0.010597479177852247
41126.96480256845,0.004046164382467306
41159.80400497996,-0.0018432603015370447
41192.64320739147,-0.0071217098311828625
41225.48240980298,-0.011846397907020658
41258.32161221449,-0.01606772086993987
41291.160814626,-0.019839099956542993
41324.0000170375,-0.023123777207767843
41356.83921944901,-0.026126677503051934
41389.67842186052,-0.02874167702043308
41422.51762427202,-0.030990052689165437
41455.35682668353,-0.03297618227882346
41488.19602909504,-0.03468078637227208
41521.03523150655,-0.03609912842312877
41553.874433918056,-0.03728437100336034
41586.713636329565,-0.03825476519608536
41619.552838741074,-0.038977926502361496
41652.39204115258,-0.03953431504656559
41685.23124356409,-0.03987379168350554
41718.070445975594,-0.04005380923069964
41750.9096483871,-0.040050563846065264
41783.74885079861,-0.03989684161750687
41816.588053210115,-0.039586742072057424
41849.427255621624,-0.039135486304695107
41882.26645803313,-0.03854995914576779
41915.10566044464,-0.03783297006041328
41947.94486285615,-0.037000140178015506
41980.78406526765,-0.0360452532235191
42013.62326767916,-0.03498554203022962
42046.46247009067,-0.03383233251218233
42079.30167250217,-0.03256591802577804
42144.98007732519,-0.02978963495414614
42177.8192797367,-0.02826932856841323
42210.65848214821,-0.026686613356297316
42276.33688697123,-0.023300245791247037
42407.69369661726,-0.01586956064685663
42440.53289902877,-0.013889431861056081
42473.37210144027,-0.011881887645191744
42539.05050626329,-0.007775833477034616
42670.407315909324,0.0006506030690144361
42933.12093520138,0.017293868262755946
42963.756747926585,0.019124178414124806
42994.39256065179,0.020925201314150405
43055.66418610219,0.0243794569537652
43086.299998827395,0.026027499623070702
43116.9358115526,0.027629395988451426
43178.20743700301,0.030633155095161325
43208.84324972822,0.032020628262383756
43239.47906245342,0.03334171682638906
43270.114875178624,0.034582997371561675
43300.75068790383,0.03572171364750622
43331.38650062903,0.03676268398447237
43362.02231335423,0.03771143555363432
43392.658126079434,0.03854843513649647
43423.293938804636,0.03925689305805056
43453.92975152984,0.039855190448088704
43484.56556425504,0.04032084609633507
43515.20137698024,0.04062576708862034
43545.837189705446,0.040794550849308296
43576.47300243065,0.0408236826673182
43607.10881515585,0.04064898815414515
43637.74462788105,0.04026049133048008
43668.38044060626,0.0397710425476209
43699.01625333147,0.03901351265041219
43729.652066056675,0.03799184043678733
43760.28787878188,0.03685857906408023
43790.92369150708,0.035353726003939906
43821.55950423228,0.03358864777100675
43852.195316957484,0.03161593436613806
43882.83112968269,0.029124128808598514
43913.46694240789,0.026578365972281928
43944.10275513309,0.02341393724844554
43974.738567858294,0.02000288614778398
44005.3743805835,0.0161070707892452
44036.0101933087,0.011607025243231216
44066.6460060339,0.006804087047745717
44097.281818759104,0.0012963493332298973
44127.917631484306,-0.004799538138812308
44158.553444209516,-0.011486400060335251
44189.189256934726,-0.019182866529421846
44219.82506965993,-0.027208719533657555
44250.46088238513,-0.036206437607376275
44281.09669511033,-0.04636744561064223
44311.732507835535,-0.056827051415458144
44342.36832056074,-0.06812221482528472
44403.63994601114,-0.09189231478987575
44434.275758736345,-0.1030270789210946
44464.91157146155,-0.11194024858424813
44495.54738418675,-0.1164768508312421
44526.18319691196,-0.11325855492637228
44556.81900963717,-0.09755662627665844
44587.45482236237,-0.0649246947216739
44618.090635087574,-0.011854624203288325
44648.726447812776,0.05582175466058038
44679.36226053798,0.1239271314335341
44709.99807326318,0.17158068413187183
44740.63388598838,0.18534721506830887
44771.269698713586,0.167380506420632
44801.90551143879,0.1304925825849557
44832.54132416399,0.08794627310866318
44863.17713688919,0.048374644799938665
44893.8129496144,0.015432696766526796
44927.02853591861,-0.012073776317209031
44960.24412222281,-0.032037808052478384
44993.459708527014,-0.04586834957998767
45026.67529483122,-0.055242371876676355
45059.89088113543,-0.061052298258118684
45093.10646743963,-0.0643021646501023
45126.32205374384,-0.0657040687822716
45159.537640048045,-0.0656768962075823
45192.75322635225,-0.06466447485713446
45225.96881265646,-0.06287001989060538
45259.18439896066,-0.0605128931623479
45292.39998526486,-0.057747239476532
45325.61557156907,-0.05468800902314673
45358.83115787327,-0.05139650810525161
45425.26233048168,-0.044498441653626306
45458.47791678589,-0.04087638785993768
45491.69350309009,-0.037265515331773226
45558.124675698506,-0.03007943667338913
45690.98702091532,-0.01610438899536322
45724.20260721953,-0.012833423826575917
45757.41819352373,-0.009537996778558901
45823.84936613214,-0.0033076844935039694
45956.711711348966,0.008008569779184382
45989.92729765317,0.010585900716146542
46023.14288395738,0.0130431478242965
46089.57405656579,0.017635296003710072
46122.78964287,0.01977105389650024
46156.0052291742,0.02175850738427332
46222.43640178261,0.025441674977648713
46255.651988086815,0.027072572588996095
46288.86757439101,0.028615705553954623
46322.08316069522,0.030019016783813236
46355.298746999426,0.03128805969839642
46388.51433330363,0.03244664619302381
46421.72991960784,0.03347254841794458
46454.945505912045,0.03436644783368147
46488.16109221625,0.03513760807273474
46521.37667852046,0.03577802696516464
46554.59226482466,0.03628749473314289
46587.80785112887,0.036668436419103716
46621.023437433076,0.036918460658953496
46654.23902373728,0.03703773913756457
46687.45461004149,0.03702630782320382
46720.67019634569,0.036884076670544934
46753.88578264989,0.03661069397844059
46787.1013689541,0.03620573545041841
46820.3169552583,0.03567257854748205
46853.532541562505,0.03500733941271016
46886.74812786671,0.034203839578778594
46919.96371417092,0.03328882499802427
46953.17930047512,0.03224229972751312
46986.39488677933,0.031060731347191253
47019.610473083536,0.02974068017885237
47050.622669701435,0.028392860750780846
47081.634866319335,0.02697302600639471
47112.647062937234,0.02543451926363973
47143.65925955514,0.023773274914041423
47174.67145617305,0.021985993694163045
47205.68365279095,0.020092974457279887
47267.708046026746,0.016109730147932197
47298.720242644646,0.013924765653523314
47329.732439262545,0.011608142302031945
47391.756832498344,0.006875559851886925
47515.80561896995,-0.0037892873372226306
47546.817815587856,-0.006677982287035353
47577.830012205755,-0.009661096808736912
47639.854405441554,-0.015627167694190414
47763.90319191315,-0.028329756000451935
47794.91538853105,-0.03143147074349619
47825.92758514895,-0.03466245900511827
47887.95197838476,-0.04094723618798608
47918.964175002664,-0.04407420632192884
47949.97637162056,-0.04697256920435452
47980.98856823846,-0.049843007070014156
48012.00076485636,-0.05246205607309085
48043.01296147426,-0.05490535317509232
48074.02515809216,-0.05701600763610613
48105.03735471006,-0.058766600915115284
48136.04955132797,-0.06005096102487845
48167.061747945874,-0.060624846719088646
48198.073944563774,-0.060598982700007784
48229.08614118167,-0.05950849852082103
48260.09833779957,-0.05697562652972764
48291.11053441747,-0.05325013721333491
48322.12273103537,-0.047376224894559754
48353.13492765327,-0.03863914411313867
48384.14712427117,-0.026892506863479333
48415.15932088907,-0.011269309789245938
48446.17151750697,0.009292268972873503
48477.18371412487,0.03561524680698875
48508.195910742776,0.06771296153056619
48539.20810736068,0.10420657561276578
48570.22030397858,0.14104865612641448
48601.23250059648,0.16953122676354848
48632.24469721438,0.17706644303104446
48663.25689383228,0.1521080458577405
48694.26909045018,0.09446970005303733
48725.28128706808,0.019798613723917894
48756.29348368598,-0.04968090238539675
48787.30568030388,-0.09870302413435389
48818.31787692178,-0.12428895618855357
48849.33007353968,-0.13127172021191483
48880.342270157584,-0.12614276506212038
48911.35446677549,-0.1143737940296532
48942.36666339339,-0.09962889190523344
49004.39105662919,-0.06900389400309553
49034.794251315885,-0.05523317563449194
49065.19744600258,-0.04248984160128579
49095.600640689285,-0.03122369310959891
49126.00383537598,-0.02095026319303779
49156.40703006268,-0.01175313377316958
49186.81022474938,-0.0037037888537928693
49217.21341943608,0.0033460585869488114
49247.61661412277,0.009572631537793995
49278.01980880948,0.015202578299999072
49308.42300349617,0.020074963671684883
49338.82619818287,0.0242942946704106
49369.22939286957,0.02794398288800401
49399.63258755627,0.031182500582450014
49430.035782242965,0.033961210473862205
49460.43897692967,0.03626249935591838
49490.842171616365,0.0382477842297569
49521.24536630306,0.039881246524881536
49551.648560989765,0.04115348132208386
49582.05175567646,0.04220748035801509
49612.45495036316,0.04295986318934592
49642.85814504986,0.04345716112781351
49673.26133973656,0.04374470364522558
49703.66453442325,0.04380641974100984
49734.06772910996,0.04367484126312329
49764.47092379665,0.04335583650573847
49794.87411848335,0.042866286996863213
49825.27731317005,0.042218931228872436
49855.68050785675,0.04141483428386636
49886.083702543445,0.04047837601987665
49916.48689723015,0.03940376001055128
49946.890091916845,0.03821264913164129
49977.29328660354,0.0369052850666704
50007.69648129024,0.03549143426312903
50038.09967597693,0.03398350491360533
50098.90606535033,0.030699165873532604
50129.30926003703,0.02892106415649928
50159.71245472373,0.027087946892646004
50220.518844097125,0.023221916161532113
50250.92203878383,0.021208240199544717
50281.325233470525,0.019162850037057033
50342.131622843925,0.01489666822078992
50463.74440159072,0.006071905493030098
50494.14759627741,0.00381812904702051
50524.55079096412,0.001565211691585069
50585.35718033751,-0.0029352037935982695
50706.96995908431,-0.011773392880620327
50737.373153771005,-0.01391867707722678
50767.7763484577,-0.016032498303313457
50828.5827378311,-0.020124424557906025
50858.9859325178,-0.022090194727052502
50889.3891272045,-0.02400694777665597
50950.19551657789,-0.0276519169192143
50983.17848484359,-0.029487207488406494
51016.16145310929,-0.03124212114617597
51049.14442137499,-0.032903173033242514
51082.12738964069,-0.034452966651200935
51115.11035790639,-0.03585835231881332
51148.09332617209,-0.03715402393614401
51181.07629443779,-0.03831953909941645
51214.05926270349,-0.03933223871632646
51247.04223096919,-0.04018479386986219
51280.02519923489,-0.04088386683109724
51313.00816750059,-0.04139919653964835
51345.99113576629,-0.04171490495556354
51378.97410403199,-0.04186909065847987
51411.95707229769,-0.04179444833951723
51444.94004056339,-0.04144700236447203
51477.92300882909,-0.040934571848064476
51510.90597709479,-0.04015389415538304
51543.88894536049,-0.03901868732505487
51576.87191362619,-0.03772875747743477
51609.85488189189,-0.036065245098615924
51642.83785015759,-0.03395946516464697
51675.82081842329,-0.03172886881858282
51708.80378668899,-0.028918224524451638
51741.78675495469,-0.025855953305906943
51774.769723220394,-0.02225390892667747
51807.752691486094,-0.018180974951500867
51840.735659751794,-0.013654613732025745
51873.718628017494,-0.008542581138405066
51906.701596283194,-0.0028265233649861395
51939.684564548894,0.0034640703028860353
51972.667532814594,0.010569446633892771
52005.6505010803,0.018225270397311824
52038.63346934601,0.0269489793281414
52071.61643761171,0.03613700663897993
52137.58237414311,0.0572143562222927
52170.56534240881,0.06867115813678652
52203.54831067451,0.08036526605071789
52236.53127894021,0.09184474232291721
52269.51424720591,0.1021104959652189
52302.49721547161,0.10942264793954523
52335.48018373731,0.11107247420783861
52368.46315200301,0.10292759383800108
52401.44612026871,0.07965941965949688
52434.42908853441,0.03618027938128731
52467.41205680011,-0.02797028928520736
52500.39502506581,-0.1024002469989852
52533.37799333151,-0.1639345339332475
52566.36096159721,-0.18955977131916396
52599.34392986291,-0.1739383124553357
52632.32689812861,-0.1308857388732735
52665.30986639431,-0.07963158389689087
52698.29283466001,-0.03282159868037244
52731.27580292571,0.004223424278552962
52764.25877119141,0.031260432167850516
52797.24173945711,0.049791725694864036
52830.22470772281,0.061794720319419454
52863.20767598851,0.06882373620189483
52896.19064425421,0.0723123001563969
52929.17361251991,0.0733505478789223
52962.15658078561,0.07255218782424805
52995.13954905131,0.07047061809035227
53028.12251731701,0.06751098459628929
53061.10548558271,0.06393296534450757
53091.88506416211,0.06021796302632848
53122.6646427415,0.056261191958236034
53184.2237999003,0.04791979209259618
53307.34211421788,0.030973218538713786
53338.12169279727,0.02685266787254103
53368.90127137667,0.022842881828187042
53430.46042853546,0.015029922647129268
53553.578742853046,0.0008248793393660775
53584.358321432446,-0.0023894469752593246
53615.13790001184,-0.005533742537359228
53676.69705717063,-0.011368064612128154
53707.47663575003,-0.014077369690383337
53738.25621432942,-0.01666439822790785
53799.815371488214,-0.021423279628479293
53830.59495006761,-0.023562165278021623
53861.37452864701,-0.025612685528779138
53892.1541072264,-0.027497913508676152
53922.933685805794,-0.029233790033648215
53953.713264385195,-0.03085042374958783
53984.49284296459,-0.032306753308044146
54015.27242154398,-0.0336297946249567
54046.05200012338,-0.03481138141443289
54076.83157870278,-0.03584239061583516
54107.611157282176,-0.03674205217308923
54138.39073586157,-0.037494062269686525
54169.17031444097,-0.0381041026378268
54199.94989302036,-0.03857446599686376
54230.729471599756,-0.03890177308784707
54261.50905017916,-0.03908928025167642
54292.28862875855,-0.03913553364463061
54323.06820733794,-0.03904226635471128
54353.84778591734,-0.03881140452742138
54384.62736449674,-0.038439791691485925
54415.40694307613,-0.03793235547464996
54446.18652165553,-0.03728844426587833
54476.966100234924,-0.03650800408288058
54507.74567881432,-0.035593523906111604
54538.52525739372,-0.03454966372924454
54569.30483597311,-0.03337049218297855
54600.084414552504,-0.032054479720115076
54630.863993131905,-0.03062493452595928
54661.6435717113,-0.0290675261863282
54692.42315029069,-0.027374451720713466
54723.20272887009,-0.02554577136896222
54784.76188602888,-0.021597947273951926
54815.54146460828,-0.019420033917052625
54846.32104318767,-0.01712698977215959
54907.880200346466,-0.012293637457953616
55030.99851466405,-0.0013631604641719235
55064.35786682245,0.0019066473464702128
55097.71721898085,0.0051598138428362835
55164.43592329764,0.011999084446180376
55297.87333193123,0.02634377236265837
55331.23268408963,0.029921440602953188
55364.592036248025,0.03360986998529059
55431.31074056482,0.04067746713459393
55464.670092723216,0.04412208041086261
55498.02944488161,0.04737383732380977
55531.38879704001,0.050519422378893376
55564.74814919841,0.05332792073658263
55598.107501356804,0.05586390217690542
55631.4668535152,0.0580049471891246
55664.8262056736,0.05958573137285831
55698.185557831996,0.060590449095996465
55731.54490999039,0.060692260733047836
55764.90426214879,0.05969338558152923
55798.26361430719,0.05755245724670597
55831.622966465584,0.05359282490290398
55864.98231862398,0.0471886799504089
55898.34167078238,0.03840444835919579
55931.701022940775,0.026088771896990014
55965.06037509917,0.009357791195797119
55998.41972725757,-0.0127895166069983
56031.77907941597,-0.041093973057715644
56065.13843157436,-0.07540771098384491
56098.49778373277,-0.11377352509084207
56131.85713589117,-0.15029324855398687
56165.21648804957,-0.17328434460320713
56198.57584020797,-0.16704874629398003
56231.93519236636,-0.12114123263011259
56265.29454452476,-0.044047190503528094
56298.65389668316,0.03800116658447691
56332.013248841555,0.09956372111378983
56365.37260099995,0.13153540269430283
56398.73195315835,0.13870594845367362
56432.091305316746,0.13018671256212277
56465.45065747514,0.11375312224381502
56498.81000963354,0.09444683565573572
56532.16936179194,0.0750576503351717
56565.528713950334,0.05685348105563162
56598.88806610873,0.04060276065746059
56632.24741826713,0.02627483707555272
56665.606770425526,0.01378753965150488
56698.96612258392,0.0028994439587512535
56732.32547474232,-0.006416083484513703
56765.68482690072,-0.014343602986544121
56799.044179059114,-0.02108986887258772
56832.40353121751,-0.026792123852523907
56865.76288337591,-0.03157787288466017
56899.122235534305,-0.035556104113358786
56932.4815876927,-0.038842582110978324
56965.8409398511,-0.04145290367204815
56999.2002920095,-0.04348174932250681
57032.55964416789,-0.045073689746364234
57065.91899632629,-0.04617378695860842
57099.27834848469,-0.0468481506379253
57132.637700643085,-0.04716354723690258
57165.99705280149,-0.0471428865331114
57198.74740302868,-0.04681758015770812
57231.497753255884,-0.04622003789062525
57264.24810348308,-0.04538028313669398
57296.99845371027,-0.044309180832939145
57329.748803937466,-0.043035630752686765
57362.49915416466,-0.04157002714127521
57395.24950439185,-0.039932737645028735
57427.99985461905,-0.03813869351857807
57460.75020484624,-0.036198160942663135
57493.500555073435,-0.03413243035118006
57559.00125552783,-0.02965458311964561
57690.00265643661,-0.019639078745903572
57722.75300666381,-0.016981800169235506
57755.503356891,-0.014285230417585816
57821.004057345395,-0.008779196639865369
57952.00545825418,0.002357409528629695
57984.75580848137,0.005117457424958144
58017.506158708566,0.007848052862612965
58083.00685916295,0.013204233888420435
58214.008260071736,0.02322291464666174
58246.75861029893,0.025544382114245694
58279.50896052613,0.02775028376837883
58312.259310753325,0.029857455460013022
58345.00966098052,0.03186319615076273
58377.76001120771,0.03375281967955136
58410.51036143491,0.03548826949804555
58443.2607116621,0.03708680720691317
58476.011061889294,0.038546224900898124
58508.76141211649,0.03984424656153526
58541.51176234368,0.04095453222836125
58574.26211257088,0.04189049797739402
58607.01246279808,0.04263832336106296
58639.76281302527,0.04316443918966779
58672.51316325247,0.04346135598904356
58705.263513479666,0.04355863045016049
58738.01386370686,0.04338829936390337
58770.76421393405,0.042901559252212104
58803.51456416125,0.042245600470489815
58836.26491438845,0.041243690168162095
58869.01526461564,0.03983277611055803
58901.765614842836,0.03823762412868917
58934.51596507004,0.03622234467113927
58967.26631529723,0.033736451738246395
59000.016665524425,0.03104492038906606
59032.76701575162,0.02769846166851593
59065.51736597881,0.02405396980421299
59098.267716206006,0.019827546632256186
59131.0180664332,0.015098899545983098
59163.768416660394,0.009796768117734694
59196.51876688759,0.0038459563257320292
59229.26911711479,-0.0027400439435165957
59262.01946734198,-0.009919611230733351
59292.56642788288,-0.01754162309298002
59323.113388423764,-0.025420962123391164
59384.20730950555,-0.04368321065025019
59414.75427004644,-0.05374818917403788
59445.301230587334,-0.06451580190583964
59506.395151669116,-0.08601698387362312
59536.94211221,-0.09627274397213033
59567.4890727509,-0.10467629730538906
59598.03603329179,-0.10982404341193538
59628.58299383268,-0.10924658272677865
59659.129954373566,-0.09949979776018494
59689.67691491446,-0.07642169428660699
59720.223875455355,-0.03595770510099343
59750.77083599624,0.022107077043920433
59781.31779653713,0.09099235014273191
59811.86475707802,0.1531092537536709
59842.41171761892,0.18830667168575893
59872.958678159805,0.1859169240557098
59903.50563870069,0.15231303771299054
59934.052599241586,0.10343586164058816
59964.59955978248,0.05371360793572653
59995.14652032337,0.011159499888807822
60025.693480864255,-0.02154573837187658
60056.24044140515,-0.04501383695135061
60086.78740194604,-0.06081660433007752
60117.33436248693,-0.07054924107625976
60147.88132302782,-0.07601589073418379
60178.42828356871,-0.07827013328084367
60208.975244109606,-0.07821124125747442
60239.52220465049,-0.07650132710908662
60270.06916519138,-0.07362199710161407
60300.616125732275,-0.06992871766258477
60331.16308627317,-0.06570812749791745
60361.710046814056,-0.061071756359064186
60392.25700735494,-0.056218552376433334
60422.80396789584,-0.051241771999780784
60483.89788897762,-0.04118952691315325
60514.444849518506,-0.03627679811661427
60544.9918100594,-0.031337837642215205
60606.08573114118,-0.02190423481429938
60728.273573304745,-0.00460574085796522
60758.82053384563,-0.0006673291677808417
60789.367494386526,0.003064880745363787
60850.46141546831,0.010071674312668498
60881.008376009195,0.013320229031601943
60911.55533655009,0.016378955362810015
60972.64925763187,0.02197891644290042
61003.19621817276,0.024511012796933566
61033.74317871365,0.026866514483807648
61064.29013925455,0.029040240786758553
61094.83709979543,0.03103985264832558
61125.38406033632,0.032854643004963886
61155.931020877215,0.03450374341381658
61186.47798141811,0.035956042055027504
61217.024941958996,0.03724528549062438
61250.15167607889,0.038441432976202436
61283.27841019878,0.03942126396342093
61316.405144318676,0.040205469287970204
61349.53187843857,0.04077833157546251
61382.65861255846,0.04114761476725394
61415.785346678356,0.04131428470267613
61448.91208079825,0.041278830371721933
61482.03881491814,0.041043983095729646
61515.16554903803,0.04061032954636913
61548.29228315792,0.039981445181174406
61581.41901727782,0.03915734409123617
61614.54575139771,0.0381425451108558
61647.6724855176,0.03692929300263591
61680.7992196375,0.03554621809772533
61713.92595375739,0.03397726719592753
61747.05268787728,0.032220460036822635
61780.17942199717,0.030273849971427663
61813.30615611706,0.02818035274893939
61846.43289023696,0.025921141399470653
61879.55962435685,0.02347676101280791
61912.68635847674,0.02084479439026715
61945.81309259664,0.018111465790920492
62012.06656083642,0.01218535338657293
62045.19329495631,0.008947352178040543
62078.3200290762,0.0056620112224190396
62144.57349731599,-0.0013068599790895911
62277.08043379556,-0.016479046529407723
62310.207167915454,-0.020353188367327423
62343.333902035345,-0.024314452279580987
62409.587370275134,-0.03228293337313782
62442.714104395025,-0.03626012277539127
62475.84083851492,-0.04017740651515145
62542.094306754705,-0.0476025357834333
62575.221040874596,-0.050972663200436225
62608.34777499449,-0.054179520089944776
62641.474509114385,-0.05697964737659901
62674.601243234276,-0.0593649399987755
62707.72797735417,-0.061220340082523514
62740.854711474065,-0.06227904218963431
62773.981445593956,-0.06260270142323775
62807.10817971385,-0.061646333109554335
62840.23491383374,-0.05925412545670285
62873.36164795363,-0.05524498142516259
62906.48838207353,-0.048802092842160916
62939.61511619342,-0.03915286988233657
62972.74185031331,-0.026190190530072682
63005.86858443321,-0.008718131431152708
63038.9953185531,0.014272088227122538
63072.12205267299,0.04353562452531452
63105.24878679288,0.07872453679420029
63138.37552091277,0.11743657261868713
63171.50225503266,0.15334923347361365
63204.62898915255,0.17423957954371205
63237.75572327244,0.16443140981021837
63270.882457392334,0.11462416741778786
63304.00919151223,0.03475657230886186
63337.13592563212,-0.04790959550901283
63368.059270065714,-0.10486737653301469
63398.9826144993,-0.13517198057851834
63429.90595893289,-0.14255003027717306
63460.82930336648,-0.13477796687878216
63491.752647800065,-0.11885063916384697
63522.67599223366,-0.09963826920719765
63584.52268110083,-0.06117200957193722
63615.44602553442,-0.0440069140372834
63646.36936996801,-0.028806727695992997
63677.2927144016,-0.0154989207589841
63708.21605883518,-0.003957698298824742
63739.13940326877,0.005984097302885728
63770.06274770236,0.014501029281557491
63800.98609213595,0.02192236851547947
63831.909436569535,0.02799865685040182
63862.83278100312,0.033196543543180176
63893.75612543671,0.0375475372357496
63924.6794698703,0.04098982816652408
63955.602814303886,0.043889074584259606
63986.52615873747,0.04610899751930013
64017.44950317106,0.047745458080720365
64048.37284760465,0.048955266147587995
64079.29619203824,0.04967135004031253
64110.21953647182,0.04999624426412745
64141.14288090541,0.04996183293296234
64172.066225339004,0.04958225865151521
64202.98956977259,0.04891073151017597
64233.91291420618,0.047958097765248286
64264.83625863977,0.046760398883184125
64295.759603073355,0.04533027481221288
64326.682947506946,0.043697911845980236
64357.60629194054,0.04187104143063475
64388.52963637412,0.0398804244409624
64450.376325241305,0.03544254542117532
64481.29966967489,0.03302184578090746
64512.22301410848,0.03050231681135883
64574.069702975656,0.025175660002755222
64604.99304740924,0.022366757606015367
64635.91639184283,0.019519210277633755
64697.76308071001,0.013671779338437757
64821.45645844436,0.0016820045991035402
64852.37980287794,-0.0013105140117974957
64883.30314731153,-0.004300694895393138
64945.14983617871,-0.010175392036552908
64976.07318061229,-0.013049303488526346
65006.996525045884,-0.015866867261905327
65068.84321391306,-0.021298747306713037
65099.766558346644,-0.023891195249295144
65130.689902780236,-0.026397761077141174
65161.61324721383,-0.028793232271145105
65192.53659164741,-0.0310739229345965
65223.459936081,-0.033242127290223945
65254.383280514594,-0.03527580621898474
65285.30662494818,-0.03714392531371439
65316.22996938177,-0.038876372486803874
65346.54431188415,-0.04042293438615163
65376.85865438654,-0.04179692275236009
65407.17299688893,-0.04297073445134515
65437.487339391315,-0.043966036474897136
65467.8016818937,-0.04476312072307353
65498.116024396084,-0.04532919875843451
65528.430366898465,-0.04566685404287132
65558.74470940085,-0.04579129920102095
65589.05905190323,-0.04564215287732276
65619.37339440561,-0.04517215508638896
65649.687736908,-0.04446173510141205
65680.00207941039,-0.04347682981081183
65710.31642191278,-0.04209335090962496
65740.63076441517,-0.040391659196922315
65770.94510691756,-0.0384012422668646
65801.25944941994,-0.03588210190440349
65831.57379192233,-0.03302118129583325
65861.88813442472,-0.029786699913696826
65892.20247692711,-0.025842754951976896
65922.5168194295,-0.021777334714363446
65952.83116193188,-0.016859021645624264
65983.14550443427,-0.011572731926218376
66013.45984693666,-0.00555650705014292
66043.77418943903,0.000976746699727648
66074.08853194141,0.008345578605741002
66104.4028744438,0.016218402673332716
66134.71721694618,0.02505913535243258
66165.03155944857,0.0343860117721122
66195.34590195096,0.04479048852827084
66225.66024445335,0.05542792759527286
66286.28892945813,0.07855233940094247
66316.60327196051,0.08978619851311959
66346.9176144629,0.10023961330895934
66377.23195696529,0.1085560074644205
66407.54629946768,0.11276605730277793
66437.86064197007,0.11003940449144808
66468.17498447245,0.09659579355215253
66498.48932697484,0.06799949899466433
66528.80366947722,0.020910078917616835
66559.11801197959,-0.04258580297877571
66589.43235448198,-0.11269943804332255
66619.74669698437,-0.16896482422523984
66650.06103948675,-0.1926823646280175
66680.37538198914,-0.1785757684874174
66710.68972449153,-0.13746216439740638
66741.00406699392,-0.08597996965968593
66771.3184094963,-0.03688011863639844
66801.6327519987,0.0035951268532080916
66831.94709450108,0.033727145924254395
66862.26143700347,0.05476280515391589
66892.57577950585,0.0685040379957621
66922.89012200822,0.07644371512697978
66953.2044645106,0.08048272647193622
66983.518807013,0.08140920330116179
67013.83314951538,0.08019697994492339
67044.14749201777,0.07746908851269967
67074.46183452016,0.0736819291350607
67104.77617702255,0.06915544771928028
67135.09051952494,0.06414709664702933
67165.40486202732,0.05888368348043481
67195.71920452971,0.053359799618027816
67256.34788953447,0.042196582598306276
67289.24200561587,0.036204716024080555
67322.13612169726,0.03029648712403348
67387.92435386003,0.019029436545549
67420.81846994141,0.013620385872625193
67453.7125860228,0.008482119059230023
67519.50081818557,-0.001201337681180345
67552.39493426695,-0.005664547619046435
67585.28905034834,-0.009894428821033169
67618.18316642972,-0.013916617924670329
67651.07728251112,-0.017621430606546966
67683.97139859252,-0.021149772258735777
67716.8655146739,-0.024368814983417184
67749.75963075529,-0.027377090103615262
67782.65374683667,-0.030098974716907697
67815.54786291806,-0.032590504060727686
67848.44197899944,-0.03481025760794437
67881.33609508083,-0.036788067933240964
67914.23021116223,-0.03850370616927056
67947.12432724363,-0.03997186613982067
67980.01844332501,-0.04118414138924506
68012.9125594064,-0.04214765633983561
68045.80667548778,-0.04286023013351762
68078.70079156916,-0.04332217233691399
68111.59490765055,-0.04354120944755624
68144.48902373193,-0.04351268561535149
68177.38313981332,-0.04324286952233861
68210.2772558947,-0.04273097919381981
68243.17137197609,-0.04198180051369571
68276.06548805747,-0.04099765964023763
68308.95960413887,-0.03977981336587237
68341.85372022027,-0.0383361677863514
68374.74783630166,-0.03666163809843633
68407.64195238304,-0.03477089709738362
68440.53606846443,-0.032665888533499124
68473.43018454581,-0.030332637175277406
68506.3243006272,-0.027811956260257568
68572.11253278996,-0.022136616160451445
68605.00664887135,-0.01903557712524219
68637.90076495273,-0.015771782438581426
68703.68899711552,-0.008576577232908347
68835.26546144107,0.007408105687030258
68868.15957752246,0.011621095850833357
68901.05369360384,0.016041151592114868
68966.84192576662,0.024979507677604477
68999.73604184802,0.02953952867844312
69032.63015792941,0.03406260046484079
69098.41839009218,0.04296824548829714
69131.31250617356,0.04713695597624913
69164.20662225495,0.05123627956651185
69197.10073833633,0.05498911197064486
69229.99485441772,0.058453050048459666
69262.8889704991,0.061401890855538925
69295.78308658049,0.06376340466906152
69328.67720266187,0.06538530826298644
69361.57131874327,0.06589343362995785
69392.26204513834,0.06543681904465716
69422.95277153343,0.06338610046540159
69453.64349792851,0.05965376045615598
69484.3342243236,0.053903327519160105
69515.02495071868,0.0451927355714791
69545.71567711377,0.03292355412511747
69576.40640350885,0.017012993449924123
69607.09712990394,-0.004289160997364497
69637.78785629902,-0.031463573440134965
69668.47858269411,-0.06394517884377393
69699.1693090892,-0.10104942623846702
69729.86003548426,-0.13845571948878688
69760.55076187933,-0.16806830445434845
69791.24148827442,-0.17723963728640063
69821.9322146695,-0.15368680933964946
69852.62294106459,-0.09515309318516635
69883.31366745968,-0.0161096118441676
69914.00439385476,0.05901501432356654
69944.69512024985,0.11220161000327905
69975.38584664493,0.13843160989079026
70006.07657304002,0.14281756257999437
70036.7672994351,0.13316286372923886
70067.45802583019,0.11612841994508644
70098.14875222526,0.0962644952069206
70128.83947862033,0.07612688664122587
70159.53020501541,0.057160110687851616
70190.2209314105,0.03992159107063144
70220.91165780558,0.024635034916758274
70251.60238420067,0.011145100086203646
70282.29311059575,-0.0005433045389985625
70312.98383699084,-0.01055851716892018
70343.67456338592,-0.019067672873324136
70374.36528978101,-0.026415067371441493
70405.0560161761,-0.03252580570403234
70435.74674257118,-0.03758617324824211
70466.43746896627,-0.04172345189596628
70497.12819536135,-0.04503896330591272
70527.81892175644,-0.047659251433831915
70558.50964815152,-0.04964298662058072
70589.20037454659,-0.05100007504627338
70619.89110094166,-0.051858326764640625
70650.58182733675,-0.05224340689927454
70681.27255373183,-0.05218604007548191
70711.96328012692,-0.051746557692043116
70742.654006522,-0.05095392513512678
70773.34473291709,-0.04984297242894962
70804.03545931217,-0.04842907561283577
70834.72618570726,-0.046771937751065154
70865.41691210234,-0.04484745471430443
70896.10763849743,-0.04274019622221614
70926.79836489251,-0.04039565699676041
70957.4890912876,-0.037911356394442514
70988.17981768269,-0.03523689219114815
71018.87054407777,-0.032448424379986754
71080.25199686793,-0.026488657324170006
71110.942723263,-0.023358136348704428
71141.63344965808,-0.020156258123594437
71203.01490244825,-0.013559455844123934
71325.7778080286,-0.00004532125259286597
71359.04830800268,0.0036211013078459513
71392.31880797676,0.007250880047145666
71458.85980792494,0.014352444389888145
71492.13030789903,0.01779154144040343
71525.40080787311,0.021142726565616863
71591.94180782128,0.027482463580831392
71625.21230779536,0.03045767034701241
71658.48280776944,0.03325180450592174
71691.75330774352,0.03588783911892897
71725.02380771762,0.038332628489418194
71758.29430769171,0.04053574506104577
71791.5648076658,0.04253550055788906
71824.83530763988,0.04429298776789695
71858.10580761396,0.0457612028042005
71891.37630758804,0.04693865861520085
71924.64680756212,0.04781737267794217
71957.9173075362,0.04833477626537764
71991.1878075103,0.04851529037486143
72024.4583074844,0.048323890384348395
72057.72880745848,0.04765560900367549
72090.99930743256,0.04657183610283817
72124.26980740664,0.04505579370619949
72157.54030738072,0.042887991578510046
72190.8108073548,0.040361266581014424
72224.08130732889,0.037103004874200006
72257.35180730297,0.033191390892728614
72290.62230727705,0.028699507493744777
72323.89280725113,0.023300433448266603
72357.16330722522,0.017296997567074097
72390.43380719931,0.010189116350570647
72423.70430717341,0.002361611806578248
72456.97480714749,-0.0064938979260575624
72490.24530712157,-0.016645343736226233
72523.51580709565,-0.027407856171229913
72556.78630706973,-0.03973775998415564
72590.05680704382,-0.05282689241706018
72656.59780699198,-0.0810365403576034
72689.86830696606,-0.09522216680316462
72723.13880694014,-0.10766112662827962
72756.40930691423,-0.11621877764539931
72789.67980688832,-0.11730762487816049
72822.95030686242,-0.10572375118727002
72856.2208068365,-0.07512929851862186
72889.49130681058,-0.02084117557400334
72922.76180678466,0.05401250728540397
72956.03230675875,0.13179766766013354
72989.30280673283,0.18363991077399494
73022.57330670691,0.18990833502538101
73055.843806681,0.1553432494682657
73089.1143066551,0.10065101720342538
73122.38480662918,0.0452272941800789
73155.65530660326,-0.0006524198028360073
73188.92580657735,-0.03446442773446703
73222.19630655143,-0.057252791887199665
73255.46680652551,-0.07145477987452069
73288.73730649959,-0.07915789128750723
73322.00780647369,-0.08222655553458065
73355.27830644778,-0.08200562678398719
73388.54880642187,-0.07952493005552061
73421.81930639595,-0.07549836869059029
73455.08980637003,-0.07040568563855508
73486.15691665781,-0.06504310204262337
73517.2240269456,-0.059280983547448984
73579.35824752116,-0.04727830803372863
73610.42535780894,-0.04105946883480835
73641.49246809672,-0.035087088237753805
73703.62668867227,-0.023234386973203056
73734.69379896004,-0.017561509034582454
73765.76090924782,-0.012053089677926763
73827.89512982339,-0.0017028735886964437
73858.96224011117,0.0030729803780439767
73890.02935039895,0.007735436948895433
73952.16357097452,0.016184207644267874
73983.2306812623,0.019987601023503512
74014.29779155008,0.023611874144891576
74045.36490183786,0.026914521094879847
74076.43201212565,0.02999129024156031
74107.49912241343,0.03277415333514885
74138.56623270121,0.03530468444977246
74169.633342989,0.03755628897333871
74200.70045327676,0.03954135889025663
74231.76756356453,0.041254786585177276
74262.83467385231,0.04269597936539891
74293.9017841401,0.04386817018485342
74324.96889442788,0.044766568723634714
74356.03600471566,0.04540016071321317
74387.10311500344,0.045760305377345434
74418.17022529122,0.04585404515312862
74449.237335579,0.045681155909769774
74480.30444586679,0.045242797155573666
74511.37155615457,0.0445415075919596
74542.43866644235,0.04358006206896836
74573.50577673013,0.042362582946998434
74604.57288701792,0.04088557512325618
74635.6399973057,0.039153195563095336
74666.70710759348,0.03718868925724467
74697.77421788125,0.03496790044750492
74728.84132816902,0.03247979241963756
74759.9084384568,0.029815937193431268
74790.97554874458,0.02689836869072738
74822.04265903236,0.023721072724378546
74853.10976932014,0.020371550166635506
74884.17687960793,0.016824151292685142
74946.31110018349,0.009026089303985825
74977.37821047127,0.004944174859485978
75008.44532075906,0.0006050236677756851
75070.57954133462,-0.008464294895090362
75194.84798248573,-0.027916296844325394
75225.9150927735,-0.032963031506347114
75256.98220306128,-0.038122058012253095
75319.11642363685,-0.04773364867956141
75350.18353392463,-0.052502747012045596
75381.25064421241,-0.056776818390159106
75412.3177545002,-0.06088164787708797
75443.38486478798,-0.06445438136466984
75473.84297314455,-0.0673717704727444
75504.30108150114,-0.06943781874608777
75534.75918985772,-0.07069903586797266
75565.2172982143,-0.07042253398186707
75595.67540657087,-0.06882574953409722
75626.13351492745,-0.06463422246606615
75656.59162328404,-0.05850822709480645
75687.04973164061,-0.04836040218862085
75717.50783999718,-0.034458055195229494
75747.96594835377,-0.015159649720282262
75778.42405671036,0.010362173043961566
75808.88216506693,0.04233577460058041
75839.3402734235,0.08046488892497763
75869.79838178007,0.12178286268707009
75900.25649013664,0.15916809389028064
75930.71459849323,0.18073668571588986
75961.17270684981,0.17237162493361702
75991.63081520639,0.12679797283860783
76022.08892356296,0.05271331112350191
76052.54703191953,-0.027224369905505603
76083.0051402761,-0.09055367853643573
76113.46324863269,-0.12799785966050642
76143.92135698927,-0.14125994397012415
76174.37946534585,-0.13751790497227578
76204.83757370242,-0.12387105675595209
76235.295682059,-0.10550486282637458
76265.75379041559,-0.08567321395779864
76296.21189877216,-0.06623182728539738
76326.67000712873,-0.04820804198751445
76357.12811548532,-0.03186441471179198
76387.5862238419,-0.017321616503100986
76418.04433219848,-0.004569013309306022
76448.50244055505,0.006491767436511187
76478.96054891164,0.016007370677080184
76509.41865726822,0.024140033372062924
76539.8767656248,0.03101242271911435
76570.33487398137,0.03674278365000864
76600.79298233795,0.041478407264793765
76631.25109069454,0.04531142139135191
76661.70919905111,0.04838521601047602
76692.16730740768,0.05071531036906536
76722.62541576427,0.05238757656279754
76753.08352412086,0.053408332523036894
76783.54163247743,0.053963454317287
76813.999740834,0.0539915781407486
76844.45784919057,0.05357279845569769
76874.91595754714,0.05275106602058681
76905.37406590373,0.0515599283155621
76935.83217426031,0.05002088828631944
76966.29028261689,0.04818590691853755
76996.74839097346,0.04606160475541936
77027.20649933003,0.04368733184960069
77057.6646076866,0.04107954328664031
77088.12271604319,0.038284173512115535
77149.03893275635,0.03213510391394115
77179.49704111292,0.028815167568386625
77209.9551494695,0.025391534465021737
77270.87136618266,0.018227434666584164
77392.70379960898,0.003181494167192616
77425.74168154456,-0.0009571571468964682
77458.77956348014,-0.00508648505324168
77524.8553273513,-0.01320546173433509
77557.89320928688,-0.017177067438512404
77590.93109122245,-0.021021570704526354
77657.00685509361,-0.02838184897303227
77690.0447370292,-0.03180347178043216
77723.08261896478,-0.035054811719757065
77756.12050090036,-0.03811744985780093
77789.15838283594,-0.04091700942667036
77822.19626477153,-0.04346482561377239
77855.23414670711,-0.04574797898064525
77888.27202864268,-0.04769894060574281
77921.30991057826,-0.049312518653102606
77954.34779251384,-0.05056519318255685
77987.38567444941,-0.05137959135853344
78020.423556385,-0.051804091692533735
78053.46143832058,-0.05173646967046688
78086.49932025616,-0.05105666153279853
78119.53720219174,-0.04996421714271078
78152.57508412733,-0.04817730536018067
78185.61296606291,-0.04570552758702985
78218.65084799849,-0.04261349640514866
78251.68872993407,-0.03844210067197688
78284.72661186964,-0.03383694241253712
78317.76449380523,-0.027866474398972822
78350.80237574081,-0.02133754394111938
78383.84025767638,-0.013187311690997468
78416.87813961196,-0.004333803777081088
78449.91602154754,0.006047478156853213
78482.95390348313,0.017958128803175304
78515.99178541871,0.030834536645385748
78549.02966735428,0.04553194190656664
78582.06754928986,0.06137826075248285
78615.10543122544,0.07786720065605296
78648.14331316101,0.09456492945581696
78681.1811950966,0.11003721283969417
78714.21907703218,0.12169529390041028
78747.25695896776,0.1254522379370464
78780.29484090334,0.11543758873650543
78813.33272283891,0.08428249246896599
78846.37060477449,0.02711353381429587
78879.40848671008,-0.051834374308361866
78912.44636864564,-0.13197189791918273
78945.48425058123,-0.18360347721336237
78978.52213251681,-0.18882892997597966
79011.56001445239,-0.15438526293422694
79044.59789638798,-0.10117205093989703
79077.63577832354,-0.0473649438528177
79110.67366025913,-0.002439759826734174
79143.71154219471,0.031234288080573387
79176.74942413028,0.05439757997287468
79209.78730606586,0.06924875211366602
79242.82518800144,0.07766992008433886
79275.86306993703,0.08143414705507258
79308.90095187261,0.0818919287718111
79341.93883380819,0.07991434014105644
79374.97671574377,0.07622493626504717
79408.01459767936,0.07135127262477407
79441.05247961494,0.0656951657716439
79474.09036155051,0.05950556473253214
79507.12824348609,0.05299258436037027
79537.96273573537,0.04677408871385158
79568.79722798464,0.040439442223740664
79630.46621248318,0.027924639948175994
79661.30070473245,0.0218287506424281
79692.13519698173,0.015847950829738593
79753.80418148029,0.004534646302058718
79784.63867372955,-0.000813022429546454
79815.47316597884,-0.005864816431937182
79846.30765822812,-0.010755916975221453
79877.14215047739,-0.015335627994192136
79907.97664272666,-0.019649458232886472
79938.81113497594,-0.02366255108636147
79969.64562722523,-0.02741843024184358
80000.4801194745,-0.030841317211994873
80031.31461172376,-0.034005567312612645
80062.14910397305,-0.03682697757454787
80092.98359622233,-0.03937523493510076
80123.8180884716,-0.041588566935900954
80154.65258072087,-0.04350015472196763
80185.48707297015,-0.045087974886014515
80216.32156521943,-0.0463603630313553
80247.1560574687,-0.04731159046447892
80277.99054971797,-0.04794239523149806
80308.82504196725,-0.04825078572848958
80339.65953421654,-0.04823811700179556
80370.4940264658,-0.04790258939357334
80401.32851871508,-0.04724879891535863
80432.16301096436,-0.04627506713554732
80462.99750321364,-0.04497711936966499
80493.83199546291,-0.04336925110670098
80524.66648771218,-0.04145040450604194
80555.50097996146,-0.03920268404320729
80586.33547221075,-0.03666087486252978
80617.16996446002,-0.03383123465437207
80648.00445670928,-0.03066730224532668
80678.83894895857,-0.02721364072085822
80740.50793345712,-0.019508217820402463
80771.34242570639,-0.015172544777969872
80802.17691795567,-0.010730076986167734
80863.84590245422,-0.0008020768295258288
80987.18387145133,0.021098255202125972
81018.0183637006,0.026968054174149762
81048.85285594988,0.03299861435072137
81110.52184044843,0.04491455547540192
81141.3563326977,0.05066346651255678
81172.19082494699,0.05636220599490978
81203.02531719627,0.06165084622223349
81233.85980944554,0.06658803469886167
81264.6943016948,0.0708088838439321
81295.52879394409,0.07418490909487535
81326.36328619337,0.07643604398035873
81357.19777844264,0.07703131433604804
81388.03227069191,0.07560960357165084
81418.86676294118,0.07151266624157004
81449.70125519045,0.06368489065677752
81480.53574743973,0.05113219492446828
81513.95001326801,0.03129166260064695
81547.36427909628,0.002793286649135307
81580.77854492456,-0.03548410407813547
81614.19281075284,-0.08247855677087486
81647.60707658112,-0.13307078149495907
81681.0213424094,-0.1742722088865151
81714.43560823768,-0.18641437369241248
81747.84987406596,-0.15302081911967708
81781.26413989424,-0.07808507526058406
81814.67840572252,0.010546451804165614
81848.09267155078,0.08240926559442525
81881.50693737906,0.12382655526877323
81914.92120320734,0.13773213183779007
81948.3354690356,0.13288350186265366
81981.74973486389,0.1177210720893797
82015.16400069217,0.0979868599677354
82048.57826652045,0.07725852369342476
82081.99253234873,0.057138371749756424
82115.406798177,0.0386822173377274
82148.82106400529,0.02223267480441122
82182.23532983357,0.007814245622706537
82215.64959566185,-0.004721670369001424
82249.06386149011,-0.015508513381174899
82282.47812731839,-0.024758875694930425
82315.89239314667,-0.03246232690489227
82349.30665897494,-0.038817198426558695
82382.72092480322,-0.04396468903316177
82416.1351906315,-0.04803480316760065
82449.54945645978,-0.051088324259405946
82482.96372228806,-0.05331270058448847
82516.37798811634,-0.05473426558138903
82549.79225394462,-0.05541349284021108
82583.2065197729,-0.05543967932792902
82616.62078560118,-0.054872512899122775
82650.03505142944,-0.05375832995855646
82683.44931725772,-0.05215161826948918
82716.863583086,-0.050081025501588966
82750.27784891427,-0.04763341411474126
82783.69211474255,-0.044774336795549596
82817.10638057083,-0.041625853510509896
82850.5206463991,-0.038138345999874076
82883.93491222739,-0.03442655192217108
82950.76344388395,-0.026297682375881086
83084.42050719705,-0.008220673484111811
83117.83477302533,-0.003487211344634791
83151.2490388536,0.001264255560287086
83218.07757051016,0.010742308552835943
83251.49183633843,0.015403936640747115
83284.90610216671,0.019995872787135806
83351.73463382327,0.028744147090420377
83385.14889965155,0.03289593484596334
83418.56316547983,0.03677880018494437
83451.9774313081,0.04044027774246045
83485.39169713638,0.04384052752484591
83518.80596296466,0.04685678639149313
83552.22022879292,0.04954462292335347
83585.6344946212,0.05182523863814449
83619.04876044948,0.05362133991300088
83651.85402434657,0.05492036187293394
83684.65928824364,0.05562619579603929
83717.46455214071,0.055796945570080116
83750.26981603779,0.055267932691872745
83783.07507993486,0.05399391442411576
83815.88034383193,0.05198463339073553
83848.68560772901,0.04882902360534722
83881.49087162608,0.04507630111741387
83914.29613552315,0.03982115482555697
83947.10139942024,0.0337961801194127
83979.9066633173,0.025959316671105057
84012.71192721438,0.017065855676919553
84045.51719111146,0.006375429319245791
84078.32245500853,-0.006326288640447444
84111.1277189056,-0.02035146512082974
84143.93298280268,-0.03675984238876388
84176.73824669977,-0.05499875929968387
84209.54351059684,-0.07438023199951149
84242.3487744939,-0.0945356878324787
84275.15403839099,-0.11380158453044231
84307.95930228806,-0.1290241991196786
84340.76456618513,-0.13515238805111826
84373.56983008221,-0.1249910177913204
84406.37509397928,-0.08977552051892462
84439.18035787635,-0.025341572002740693
84471.98562177343,0.05988419151174322
84504.7908856705,0.14018636018145114
84537.59614956757,0.1856496648375795
84570.40141346466,0.18412894132659946
84603.20667736173,0.1473470267418086
84636.0119412588,0.09584524838933817
84668.81720515588,0.045328813867109394
84701.62246905296,0.0031150123526294676
84734.42773295003,-0.028794904067111646
84767.2329968471,-0.051300368706334254
84800.03826074419,-0.06625317521341934
84832.84352464126,-0.0752102943608528
84865.64878853832,-0.07966116058615702
84898.45405243541,-0.08078170800374625
84931.25931633248,-0.0794620872646546
84964.06458022955,-0.07636668587192708
84996.86984412663,-0.07196584644025093
85029.6751080237,-0.06661644091625797
85062.48037192077,-0.060622169443064484
85095.28563581785,-0.05419447026403025
85128.09089971492,-0.04749710186708307
85193.70142750908,-0.03382259419135472
85226.50669140616,-0.026893734975018433
85259.31195530323,-0.020140554181385092
85324.92248309738,-0.007102251928461607
85357.72774699447,-0.000913180688226151
85390.53301089154,0.004984235832508702
85456.14353868569,0.016011732798223006
85488.94880258277,0.021021880634394335
85521.75406647984,0.02569075740618082
85554.55933037691,0.030004760790308074
85587.364594274,0.0339365173804801
85620.16985817107,0.03749374220491673
85652.97512206814,0.040644336342789036
85685.78038596522,0.043398692675364545
85718.58564986229,0.04573107758592876
85749.18752407306,0.0475312957568602
85779.78939828384,0.04895399986593574
85810.39127249461,0.05000198540852334
85840.99314670538,0.05066558797073649
85871.59502091615,0.05094163196329885
85902.19689512692,0.05083006640756548
85932.79876933769,0.05032510310811905
85963.40064354846,0.049416529963966865
85994.00251775923,0.048129950185549615
86024.60439197,0.04643794913797964
86055.20626618077,0.0443237686130461
86085.80814039154,0.041852499110047174
86116.41001460231,0.03898307820189387
86147.01188881308,0.035672629790612566
86177.61376302385,0.03199505840993781
86208.21563723462,0.027994886107075248
86238.81751144539,0.023532191453976847
86269.41938565616,0.01861244493081176
86300.02125986693,0.01358610091122306
86330.6231340777,0.0080685981653352
86361.22500828847,0.002060223690301153
86391.82688249924,-0.004000419903304055
86453.03063092078,-0.017331027714441373
86483.63250513155,-0.024109397350024434
86514.23437934232,-0.031364288363296716
86575.43812776386,-0.045880326906037217
86606.04000197463,-0.05311066168774477
86636.6418761854,-0.060194009657111365
86667.24375039617,-0.0668921546038119
86697.84562460694,-0.07307132480261871
86728.44749881771,-0.07833129659654874
86759.04937302848,-0.08236165911045926
86789.65124723925,-0.08473292130021891
86820.25312145002,-0.08457377136950593
86850.85499566079,-0.08101250652789743
86881.45686987156,-0.07329611869152972
86912.05874408233,-0.059546026795180146
86942.6606182931,-0.03802333928865231
86973.26249250387,-0.007436923508716761
87003.86436671464,0.03331751823699824
87034.46624092541,0.08292469683545657
87065.06811513618,0.13536481634169747
87095.66998934695,0.17793142241210722
87126.27186355772,0.19276524326675537
87156.8737377685,0.1662526008576375
87187.47561197927,0.10193981055227837
87218.07748619004,0.020941166576486467
87248.67936040083,-0.051243807930290174
87279.2812346116,-0.10086136562738975
87309.88310882237,-0.12633448646308554
87340.48498303314,-0.13284157140734698
87371.0868572439,-0.12686867787897618
87401.68873145468,-0.11375725346602392
87432.29060566545,-0.09718672777017548
87462.89247987622,-0.07949676928809599
87493.49435408699,-0.06190276790979171
87524.09622829776,-0.0452900011152852
87554.69810250853,-0.029966227700400423
87585.2999767193,-0.016081311711831282
87615.90185093007,-0.0036616672640112924
87646.50372514084,0.007331263048185745
87677.1055993516,0.01696912223767412
87710.28724714139,0.02604442942369955
87743.46889493115,0.03355189313867664
87776.65054272092,0.0400293579648145
87809.8321905107,0.04523010344267815
87843.01383830047,0.049316841069575776
87876.19548609023,0.05252363886581
87909.37713388001,0.05475817724155704
87942.55878166978,0.05617579708504456
87975.74042945955,0.05683757590726227
88008.92207724933,0.056781028624802055
88042.1037250391,0.05608024578272506
88075.28537282886,0.05478495935715034
88108.46702061864,0.05293001700393775
88141.64866840841,0.05058411256237242
88174.83031619817,0.04776071433622325
88208.01196398796,0.044536745214603685
88241.19361177774,0.04090890713864041
88274.3752595675,0.036962467039730725
88340.73855514705,0.028161459544619266
88373.92020293683,0.02338352396373091
88407.1018507266,0.018422795232404032
88473.46514630615,0.008032445230792717
88506.64679409593,0.0026872023201421095
88539.8284418857,-0.002718828722138066
88606.19173746524,-0.0135216785561071
88639.373385255,-0.01888172458935884
88672.55503304477,-0.02411988227268598
88738.91832862432,-0.034109938548425076
88772.09997641409,-0.03880469996245017
88805.28162420387,-0.04313320615431108
88838.46327199363,-0.047194954257421776
88871.6449197834,-0.050883858961020226
88904.82656757318,-0.054003043654250876
88938.00821536295,-0.056675261348909205
88971.18986315271,-0.05871697957538162
89004.3715109425,-0.06005820525537868
89037.55315873228,-0.06068069555685959
89070.73480652204,-0.0602889358057608
89103.91645431181,-0.0589859053508778
89137.09810210159,-0.056575719175657034
89170.27974989137,-0.052600139886756936
89203.46139768114,-0.04766696619270097
89236.6430454709,-0.040466349081364046
89269.82469326069,-0.03197085396142728
89303.00634105047,-0.02076817347693703
89336.18798884023,-0.007907151851384391
89369.36963663,0.008593257791746647
89402.55128441978,0.02652678552561715
89435.73293220955,0.04857398638693061
89468.91457999931,0.07176862791777627
89502.0962277891,0.09712299512451783
89535.27787557886,0.12132707202997996
89568.45952336863,0.14004374366003033
89601.64117115841,0.14597401582497144
89634.82281894817,0.12867728707376302
89668.00446673794,0.07898293609929599
89701.18611452772,-0.00255299834547236
89734.36776231749,-0.09506999098599209
89767.54941010725,-0.16426561903941142
89800.73105789704,-0.1871364951418601
89831.7093160005,-0.16930119656583767
89862.68757410397,-0.1294513971390397
89893.66583220744,-0.08292069268821325
89924.6440903109,-0.03937951385780571
89955.62234841437,-0.003028958963294595
89986.60060651784,0.025284425079999617
90017.5788646213,0.04625068989008641
90048.55712272477,0.06093004062086752
90079.53538082824,0.07054160057544179
90110.5136389317,0.07617539362911138
90141.49189703517,0.07874964718337729
90172.47015513864,0.07894521580641871
90203.4484132421,0.0772801627466094
90234.42667134557,0.07418745818587102
90265.40492944905,0.07001136814543309
90296.38318755252,0.064981327962653
90327.36144565599,0.059381379738770015
90358.33970375947,0.053374914292233726
90420.2962199664,0.04038974469443099
90544.20925238027,0.013807077415510512
90575.18751048374,0.007343749116046544
90606.1657685872,0.001107646335484526
90668.12228479414,-0.010770404714215052
90699.1005428976,-0.016282737859060866
90730.07880100107,-0.02154471222777596
90792.035317208,-0.031013292615128033
90823.01357531147,-0.03521185564090197
90853.99183341494,-0.039029095787106394
90884.97009151841,-0.042451682787536714
90915.94834962187,-0.04544708475057618
90946.92660772534,-0.048027858113091945
90977.90486582881,-0.05015585087331782
91008.88312393229,-0.05182907406471657
91039.86138203576,-0.05303257017220671
91070.83964013922,-0.05375501274386289
91101.8178982427,-0.05398804318053592
91132.79615634617,-0.053705148912611037
91163.77441444964,-0.05293817191784354
91194.7526725531,-0.051658444171235524
91225.73093065657,-0.04983105518319393
91256.70918876004,-0.04742092867667521
91287.6874468635,-0.04457958748937003
91318.66570496697,-0.04119444717035385
91349.64396307044,-0.03718646788955814
91380.62222117391,-0.03251673965633638
91411.60047927737,-0.027579982552504885
91442.57873738084,-0.02199184051724745
91473.55699548431,-0.015690904894514482
91535.51351169124,-0.001976542432611911
91566.49176979471,0.005865661417456565
91597.47002789818,0.013797503940851774
91659.42654410511,0.031208070388997027
91690.40480220858,0.04051968417516226
91721.38306031204,0.049682869923024425
91783.33957651899,0.06803893821363337
91813.70883269125,0.07648850639320039
91844.07808886352,0.08391239065320781
91874.44734503579,0.0899158381345094
91904.81660120806,0.0937317545878818
91935.18585738033,0.09443008721410755
91965.55511355259,0.09047876264878464
91995.92436972485,0.07993046946161769
92026.29362589712,0.06139387968298382
92056.66288206939,0.031674544534390586
92087.03213824164,-0.01047113536508941
92117.4013944139,-0.06429709306743986
92147.77065058617,-0.12398317977414532
92178.13990675844,-0.17518023297022645
92208.50916293071,-0.19812097966054099
92238.87841910298,-0.17787891443039086
92269.24767527524,-0.11782139644435484
92299.6169314475,-0.039261626189651136
92329.98618761977,0.03302815765978514
92360.35544379204,0.08514873597357583
92390.72469996431,0.11477302951784614
92421.09395613658,0.12617428341769482
92451.46321230884,0.12477098424670462
92481.8324684811,0.11551368272458785
92512.20172465337,0.10187799098803249
92542.57098082564,0.08626185997840874
92572.94023699789,0.07003892141780868
92603.30949317015,0.05407539862975871
92633.67874934242,0.03903748820963911
92664.04800551469,0.024933387311498564
92694.41726168696,0.011957326439819171
92724.78651785923,0.00028484578622932355
92755.15577403149,-0.010120689842779841
92785.52503020375,-0.01931772872359354
92815.89428637602,-0.02744220737386787
92846.26354254829,-0.0345293029126304
92876.63279872056,-0.04051105720220343
92907.00205489283,-0.045520352988006656
92937.37131106509,-0.04968682749470676
92967.74056723734,-0.05294447686432434
92998.10982340961,-0.05539389424232369
93028.47907958188,-0.05710801310531443
93058.84833575414,-0.05808855602527153
93089.2175919264,-0.05839643557413056
93119.58684809867,-0.058076222050714166
93149.95610427094,-0.05715915349256738
93180.32536044321,-0.055683727889557375
93210.69461661548,-0.05368997362610545
93241.06387278774,-0.05120575584450893
93271.43312896,-0.04827082865663592
93301.80238513227,-0.04491610862682797
93332.17164130454,-0.041172533746786484
93362.5408974768,-0.03707800859277696
93392.91015364908,-0.032657857078576734
93423.27940982133,-0.027950927795241495
93484.01792216586,-0.01778556832727337
93514.38717833813,-0.012428640585834977
93544.75643451039,-0.006902834921158503
93605.49494685492,0.004474210222141237
93726.97197154399,0.027372089607170302
93759.92100129524,0.033389405267014324
93792.8700310465,0.039115671670308716
93825.81906079777,0.04453663446782759
93858.76809054904,0.04966739898394799
93891.71712030031,0.05424406708080675
93924.66615005158,0.058301700340954506
93957.61517980284,0.061697865481969504
93990.56420955411,0.06429208949383097
94023.51323930538,0.06594986006593075
94056.46226905665,0.0665413068227468
94089.41129880791,0.06580281241746593
94122.36032855918,0.06369034778399071
94155.30935831045,0.05960432855816437
94188.25838806172,0.05381760585545671
94221.20741781298,0.04539620566237377
94254.15644756425,0.03432527851688054
94287.10547731552,0.020316353095978595
94320.05450706679,0.0022537043919041502
94353.00353681805,-0.01932351715399954
94385.95256656932,-0.044762252720664676
94418.90159632059,-0.07388659266422563
94451.85062607186,-0.10503135831548964
94484.79965582312,-0.13430604942834187
94517.74868557439,-0.154753465860737
94550.69771532566,-0.15527898033801513
94583.64674507693,-0.12323460921059529
94616.5957748282,-0.052599509065007356
94649.54480457946,0.042997931845974544
94682.49383433073,0.12954840406407336
94715.442864082,0.17660678791913229
94748.39189383326,0.1776279431208143
94781.34092358453,0.14683471796395972
94814.2899533358,0.10271948645136922
94847.23898308707,0.05793182596917247
94880.18801283833,0.019068477772334863
94913.1370425896,-0.012205016892704187
94946.08607234087,-0.036021170930303104
94979.03510209214,-0.05313831433267383
95011.9841318434,-0.06499459718698403
95044.93316159467,-0.07242287496287504
95077.88219134594,-0.07637137027729697
95110.8312210972,-0.07753800507959173
95143.78025084847,-0.0765498532274702
95176.72928059974,-0.0738777857524591
95209.67831035101,-0.0698628789961618
95242.62734010228,-0.06481893192943496
95275.57636985354,-0.05899611132707959
95308.52539960481,-0.052593924612158796
95341.47442935608,-0.045734774986726
95374.42345910735,-0.03856054569585873
95440.32151860988,-0.023837474529324373
95473.27054836115,-0.016404327621485807
95506.21957811242,-0.009086699307941246
95572.11763761495,0.005110472713854358
95605.06666736622,0.011830696902191446
95638.01569711749,0.01827145116891308
95670.96472686875,0.024328903120895633
95703.91375662002,0.03002323468333828
95736.86278637129,0.035250472913801775
95769.81181612256,0.04004178801168703
95802.76084587383,0.044305416520262
95835.70987562509,0.048038346037369936
95866.45551569006,0.05100317794993166
95897.20115575501,0.05344538553739681
95927.94679581997,0.05534075462042693
95958.69243588494,0.056665769903407784
95989.4380759499,0.057398791347545414
96020.18371601487,0.05751253409935394
96050.92935607984,0.05698885799341934
96081.6749961448,0.05584957410842177
96112.42063620975,0.05400805118271943
96143.16627627471,0.05139495430593292
96173.91191633968,0.04813393736144074
96204.65755640465,0.044216087078995416
96235.40319646962,0.039432790228019376
96266.14883653457,0.033904734274572995
96296.89447659953,0.02777156926482503
96327.6401166645,0.02062236165194977
96358.38575672946,0.012793546117770511
96389.13139679443,0.0043175528584223286
96450.62267692435,-0.015004949113949548
96481.3683169893,-0.025995964092006413
96512.11395705427,-0.036958273686796064
96573.60523718421,-0.06053928810188165
96604.35087724918,-0.07230003366326467
96635.09651731413,-0.08359954816873662
96665.84215737908,-0.09352915942934728
96696.58779744405,-0.10135660249360791
96727.33343750902,-0.10561916540936547
96758.07907757399,-0.10446174910825655
96788.82471763896,-0.09510530918254709
96819.57035770391,-0.07446458435400373
96850.31599776886,-0.03923197645718078
96881.06163783383,0.012475137518372769
96911.8072778988,0.07776880148128382
96942.55291796377,0.144974688969975
96973.29855802873,0.19258524916864944
97004.04419809369,0.19880256881318065
97034.78983815864,0.1576062799896767
97065.53547822361,0.08571101455277766
97096.28111828858,0.009789942399290152
97127.02675835355,-0.05191546220741521
97157.77239841851,-0.09254742223209601
97188.51803848347,-0.11375996716459941
97219.26367854842,-0.12039542529445593
97250.00931861339,-0.11718768563337671
97280.75495867836,-0.1078551882390184
97311.50059874333,-0.09509280983411039
97342.2462388083,-0.08055589636249086
97372.99187887325,-0.06545376237696261
97403.7375189382,-0.05054633951265547
97434.48315900317,-0.03623626309554888
97465.22879906814,-0.02277351364944856
97495.9744391331,-0.010298929876726495
97526.72007919807,0.0011716188803155368
97557.46571926303,0.01157712416212624
97588.21135932798,0.020898741566328254
97618.95699939295,0.02906842885016886
97649.70263945792,0.03620132023472078
97680.44827952288,0.04239573685975632
97711.19391958785,0.04755374331620317
97741.9395596528,0.05176603158497495
97772.68519971776,0.05511818695650603
97803.43083978273,0.05757952221881709
97837.75220102337,0.059346079344576565
97872.073562264,0.06014801107954975
97906.39492350465,0.060012926333841865
97940.71628474529,0.05899329515846226
97975.03764598593,0.05714784881474791
98009.35900722657,0.05451524735225119
98043.6803684672,0.05115074763092642
98078.00172970784,0.047104951922920794
98112.32309094848,0.042421156635755256
98146.64445218912,0.037160845937618564
98180.96581342976,0.03136984015236313
98215.2871746704,0.025100676541577174
98249.60853591104,0.018435528233385203
98283.92989715168,0.011405839573841996
98352.57261963296,-0.0034410627014751444
98386.8939808736,-0.011144663479469418
98421.21534211424,-0.018967860055204656
98489.85806459552,-0.034245683703392385
98524.17942583616,-0.04165035315695371
98558.5007870768,-0.048613243133557506
98592.82214831744,-0.05522460820088229
98627.14350955808,-0.061015614784707684
98661.46487079872,-0.06609454927753908
98695.78623203936,-0.07002500302408224
98730.10759328,-0.07266654750847837
98764.42895452064,-0.07369552763779728
98798.75031576128,-0.07254625484377572
98833.07167700192,-0.06920941786542198
98867.39303824256,-0.06272796543555474
98901.7143994832,-0.052298688992253095
98936.03576072384,-0.03809375256187938
98970.35712196448,-0.01841110079625287
99004.67848320512,0.00775025854053624
99038.99984444576,0.0391533741481939
99073.3212056864,0.07673247235848646
99107.64256692704,0.11698765827156457
99141.96392816768,0.15270358355363636
99176.28528940832,0.17066267671872712
99210.60665064896,0.1528171698236359
99244.9280118896,0.08759412372593603
99279.24937313024,-0.012928584970976174
99313.57073437088,-0.10971415875849545
99347.89209561152,-0.1660808340647536
99382.21345685216,-0.17385422204484502
99416.5348180928,-0.1478613066216528
99450.85617933344,-0.1070335553214991
99485.17754057408,-0.06428923504513444
99519.49890181472,-0.026141666572264997
99553.82026305536,0.0051451267634804974
99588.141624296,0.029615414034087142
99622.46298553664,0.0477637748070453
99656.78434677728,0.06070431039697324
99691.10570801792,0.06925941044584735
99725.42706925856,0.07419101697777188
99759.7484304992,0.07619195419945157
99794.06979173984,0.07582665511326031
99828.39115298048,0.07355316479774288
99862.71251422112,0.06975364507067178
99897.03387546176,0.06472534086635431
99931.3552367024,0.05872659886913086
99965.67659794303,0.051972244761062124
99999.99795918367,0.04465260696029515
