0.002040816326530612,0.00004816667440671076
30.671792055962676,-0.018851018217794797
61.341543295598825,-0.03686178261124758
92.01129453523498,-0.05337286411911614
122.68104577487112,-0.06772027277811113
153.35079701450726,-0.07934968441550991
184.02054825414342,-0.0878263403710975
214.69029949377955,-0.09286640839681728
245.3600507334157,-0.09433310826702326
276.02980197305186,-0.09224328269431968
306.699553212688,-0.0867571263943608
337.3693044523242,-0.078165254522217
368.0390556919603,-0.06686848845846002
398.7088069315964,-0.05335806566592331
429.3785581712326,-0.038183291695510234
490.71806065050487,-0.005203298318647451
521.387811890141,0.01142039382453988
552.0575631297772,0.027369309622818333
582.7273143694133,0.04213964032152931
613.3970656090495,0.05529101470929796
644.0668168486857,0.06643807413643955
674.7365680883217,0.07529130204050422
705.4063193279579,0.0816396661492192
736.0760705675941,0.08535023000340425
766.7458218072302,0.08637903974631685
797.4155730468664,0.0847574581497703
828.0853242865026,0.08059350526864237
858.7550755261386,0.07405501858000814
889.4248267657748,0.06537960947741488
920.094578005411,0.054844964184422085
950.7643292450471,0.04277899004000313
981.4340804846832,0.02953912648965858
1012.1038317243194,0.015506412245308677
1042.7735829639555,0.0010800807967044274
1073.4433342035918,-0.013339873931370524
1104.1130854432279,-0.027351978980600027
1134.782836682864,-0.04057000983141223
1165.4525879225002,-0.05262674703999008
1196.1223391621363,-0.0631827599753204
1226.7920904017724,-0.07193667766961245
1257.4618416414087,-0.07862792244961668
1288.1315928810448,-0.08304792123345951
1318.8013441206808,-0.0850432027891861
1349.4710953603171,-0.08452002853518556
1380.1408465999532,-0.08145778736842542
1410.8105978395893,-0.07588951343146597
1441.4803490792256,-0.06793624860663108
1472.1501003188616,-0.057781429956802334
1502.8198515584977,-0.04568120994391503
1533.489602798134,-0.031959527290665285
1594.8291052774061,-0.0012529563533592225
1625.4988565170424,0.014808319037901588
1656.1686077566785,0.03065109528631246
1686.8383589963146,0.045738903591351576
1717.5081102359509,0.05954275143365466
1748.177861475587,0.07152192019867412
1778.847612715223,0.08122069956468353
1809.5173639548593,0.08819503893027299
1840.1871151944954,0.09211335175798
1870.8568664341315,0.09273690945760635
1901.5266176737678,0.08993896444464672
1932.1963689134038,0.0837387283688399
1962.86612015304,0.07427451495383358
1996.1156449716777,0.060683138770021475
2029.3651697903158,0.04416196885261124
2062.614694608954,0.025418278466785037
2095.8642194275917,0.005327081829140324
2129.1137442462295,-0.015174561826915015
2162.3632690648674,-0.035097318026704225
2195.612793883505,-0.053458105023360306
2228.862318702143,-0.06935719785581157
2262.111843520781,-0.08201200502708529
2295.3613683394187,-0.09081495201733522
2328.6108931580566,-0.0953584280236334
2361.8604179766944,-0.09546424039933876
2395.1099427953322,-0.09118523453956079
2428.35946761397,-0.08279470424255331
2461.608992432608,-0.07075278392004325
2494.858517251246,-0.05572631959171065
2528.1080420698845,-0.03843758536683782
2561.3575668885223,-0.019751383912397596
2594.60709170716,-0.0005213244523253423
2627.856616525798,0.01840618881479606
2661.106141344436,0.03620273696280131
2694.3556661630737,0.0521964595170831
2727.6051909817115,0.06575057656698716
2760.8547158003494,0.07642250611692683
2794.104240618987,0.08386520749683726
2827.353765437625,0.0879015258020163
2860.603290256263,0.08847996605372739
2893.8528150749007,0.0856854160665049
2927.1023398935386,0.07972480143578754
2960.3518647121764,0.07089899015642676
2993.6013895308142,0.0596041216893071
3026.8509143494525,0.04630265038071245
3060.100439168091,0.03149911478041695
3093.3499639867287,0.01574591821831865
3126.5994888053665,-0.00041036479205259265
3159.8490136240043,-0.0164117856876258
3193.098538442642,-0.03172397106949776
3226.34806326128,-0.045842358793628094
3259.597588079918,-0.05831313631161845
3292.8471128985557,-0.06872947012544972
3326.0966377171935,-0.07675525472169202
3359.3461625358314,-0.08212836489101409
3392.595687354469,-0.08466627401242469
3425.845212173107,-0.08427180255366531
3459.094736991745,-0.08093629540453942
3492.3442618103827,-0.07474499853591549
3525.5937866290205,-0.06586696900698318
3558.843311447659,-0.054572862299243574
3592.092836266297,-0.041201451239597925
3625.342361084935,-0.0261815104752205
3691.8414107222106,0.006761998147763652
3725.0909355408485,0.023534395433197672
3758.3404603594863,0.03969187637054994
3791.589985178124,0.0546158059907034
3824.839509996762,0.0676657034061979
3858.0890348154,0.07830954957290179
3891.3385596340377,0.0860099365865187
3924.5880844526755,0.09036790961251678
3957.8376092713133,0.09108728271184371
3991.087134089951,0.08800725085908946
4024.336658908589,0.08113807854804202
4057.586183727227,0.07062839199235457
4090.835708545865,0.056876572123688934
4121.8818436781985,0.04150078520840359
4152.927978810532,0.024284870417262225
4215.020249075199,-0.013034318729428035
4246.066384207532,-0.03163386871424336
4277.112519339866,-0.049148039228902575
4308.1586544721995,-0.06481472573701533
4339.204789604533,-0.07793333522528513
4370.250924736867,-0.08791894842203071
4401.2970598692,-0.09431337995367922
4432.343195001533,-0.09682241074527456
4463.389330133867,-0.09533159215896059
4494.4354652662005,-0.08991321575282737
4525.481600398534,-0.08081492175670679
4556.527735530868,-0.06845826005308536
4587.573870663201,-0.053404170580842424
4618.620005795534,-0.03631524855779782
4649.666140927868,-0.0179495880210211
4680.7122760602015,0.0009157828831298392
4711.758411192535,0.01951376162010602
4742.804546324869,0.037080585799030744
4773.850681457202,0.052962518888566124
4804.896816589535,0.06660118340352461
4835.942951721869,0.07747802646818347
4866.9890868542025,0.0853291183083944
4898.035221986536,0.089918531149591
4929.08135711887,0.0911860766947011
4960.127492251203,0.08918561355515547
4991.173627383536,0.08408639118375105
5022.21976251587,0.07616217047534632
5053.2658976482035,0.0657637396491673
5084.312032780537,0.053309915825204696
5115.358167912871,0.03927296739664095
5146.404303045205,0.024148546029747926
5208.496573309872,-0.0073149135212164824
5239.5427084422045,-0.022651052725870285
5270.588843574538,-0.03709561006348845
5301.634978706872,-0.050224944747890264
5332.681113839206,-0.0616646993538304
5363.72724897154,-0.07109755574910612
5394.773384103873,-0.07826846767771002
5425.819519236205,-0.08298932228013749
5456.865654368539,-0.08514111794975623
5487.911789500873,-0.08467710096549033
5518.957924633207,-0.08161900697875099
5550.004059765541,-0.07606071467851847
5581.050194897874,-0.06816193490782066
5612.096330030206,-0.05814819321705143
5643.14246516254,-0.046301473066361634
5674.188600294874,-0.03295394702185581
5705.234735427208,-0.01849648978481318
5736.280870559542,-0.003351978754588921
5767.327005691875,0.012049170566218653
5829.419275956541,0.04168341378074761
5860.465411088875,0.054980350032646216
5891.511546221209,0.0666673389034424
5922.557681353543,0.07630189401379689
5953.6038164858755,0.08352504767663843
5984.649951618208,0.08804534608485093
6015.696086750542,0.08960240748874487
6046.742221882876,0.08806850127337562
6077.78835701521,0.08341121383693041
6108.225490216341,0.0758393680595722
6138.662623417473,0.06549731621571878
6169.099756618603,0.05268703698975623
6199.536889819735,0.03771712313282894
6229.974023020866,0.021136267827240887
6260.411156221997,0.003498531486530383
6321.28542262426,-0.03236724144528608
6351.72255582539,-0.04920041994402299
6382.159689026522,-0.06436746539920887
6412.596822227653,-0.07722272490637788
6443.033955428784,-0.08720175959758085
6473.471088629915,-0.0938337081219729
6503.908221831047,-0.09679049652948138
6534.345355032177,-0.09589895963603405
6564.782488233309,-0.09115704301359143
6595.21962143444,-0.08273437421369209
6625.656754635571,-0.07096275009009083
6656.093887836702,-0.05634118646596914
6686.531021037834,-0.03947559372526093
6716.968154238964,-0.021100394730611156
6747.405287440096,-0.0003810449535536432
6808.279553842358,0.03532571156370744
6838.716687043489,0.051997272509289205
6869.153820244621,0.06646409017779081
6899.590953445751,0.07820303981467061
6930.028086646883,0.08680634217901172
6960.465219848014,0.09202761065053733
6990.902353049145,0.09375495888016655
7021.339486250276,0.09201819417507065
7051.776619451408,0.08698254702863097
7082.2137526525385,0.07892332844835453
7112.65088585367,0.06822110846823595
7143.088019054801,0.05532289446890293
7173.525152255932,0.040753293163873654
7203.962285457063,0.02503592306782333
7234.399418658195,0.008746315372263143
7295.273685060457,-0.023398157482357088
7325.710818261588,-0.03822798303038111
7356.147951462719,-0.05163607109208081
7386.5850846638505,-0.06322578619782136
7417.022217864982,-0.07269795854761706
7447.4593510661125,-0.07980330125762397
7477.896484267244,-0.08437717106332107
7508.333617468375,-0.08632773341428836
7538.770750669506,-0.08563673331047927
7569.2078838706375,-0.0823596143887635
7599.645017071769,-0.0766186507197947
7630.0821502728995,-0.068603120096729
7660.519283474031,-0.058555393552597354
7690.9564166751625,-0.04677592596162834
7721.393549876293,-0.03360214442937429
7782.267816278556,-0.004611459557602919
7812.704949479687,0.010378015412971613
7843.142082680818,0.025124390647426456
7873.5792158819495,0.03918963648235904
7904.01634908308,0.05217397281052859
7934.4534822842115,0.06365708711393003
7964.890615485343,0.07327527849483018
7995.327748686474,0.08071078313604865
8025.764881887605,0.08570297033626713
8058.7817886677385,0.08809512188766574
8091.798695447871,0.08719252962533514
8124.815602228004,0.08292899046430707
8157.832509008136,0.07537438586876732
8190.84941578827,0.06473646084139337
8223.866322568403,0.05128853058969285
8256.883229348536,0.03553292209748392
8289.900136128668,0.01802618694146014
8322.9170429088,-0.0006093125842515671
8355.933949688933,-0.01953960662916717
8388.950856469066,-0.038006486946732504
8421.9677632492,-0.055183316109648425
8454.984670029335,-0.07020001643052562
8488.001576809467,-0.08236730568178899
8521.0184835896,-0.09098971457560337
8554.035390369732,-0.09557829150092706
8587.052297149865,-0.09580081068057936
8620.069203929997,-0.09155007095377667
8653.08611071013,-0.0829387961650725
8686.103017490264,-0.07031425793024486
8719.119924270399,-0.05424705243670684
8752.136831050531,-0.03550086602142338
8785.153737830664,-0.014994453505505554
8818.170644610796,0.006250180500380104
8851.187551390929,0.027169866547598925
8884.204458171062,0.04673558098986526
8917.221364951194,0.06393630236411825
8950.238271731327,0.07801495638320224
8983.25517851146,0.08831089861385631
9016.272085291592,0.09435724291595318
9049.288992071724,0.09598390036361826
9082.305898851859,0.0932071741858541
9115.322805631993,0.08626719698877185
9148.339712412126,0.07559505109283693
9181.356619192258,0.06177686636320574
9214.37352597239,0.04553385655731654
9247.390432752523,0.02760663813286864
9280.407339532656,0.008881726068433043
9346.441153092921,-0.027903051002352693
9379.458059873054,-0.04447758197100318
9412.474966653186,-0.05896642633964913
9445.491873433319,-0.07089752195730488
9478.508780213453,-0.07987538692964034
9511.525686993587,-0.0856475527279075
9544.54259377372,-0.08808658345038482
9577.559500553853,-0.08718362166498188
9610.576407333985,-0.08304966296799669
9643.593314114118,-0.0759028165023777
9676.61022089425,-0.06605037935101515
9709.627127674383,-0.053883672360966625
9742.644034454517,-0.03986024912519707
9775.660941234652,-0.02448228995010181
9808.677848014784,-0.008296963154023283
9874.71166157505,0.024261412081182328
9907.728568355182,0.03951872364912175
9940.745475135314,0.05338533687494799
9973.762381915447,0.06538064366063642
10006.779288695581,0.0750733868373909
10039.796195475716,0.08210843722510772
10072.813102255848,0.08620186173488968
10105.83000903598,0.0871684440995746
10138.846915816113,0.0849123271843038
10169.660432909943,0.07992057283159822
10200.47395000377,0.07224663280896552
10231.287467097598,0.062058089498747214
10262.100984191427,0.049650237867265176
10292.914501285257,0.035378946731215444
10323.728018379084,0.019639812732869175
10385.355052566742,-0.014066015180106046
10416.168569660571,-0.030937754220179053
10446.982086754399,-0.046958885176515794
10477.795603848226,-0.06154374436147861
10508.609120942056,-0.07412276365031778
10539.422638035885,-0.0841007762609392
10570.236155129713,-0.09104628031603344
10601.04967222354,-0.09458178247362736
10631.86318931737,-0.09445228022693042
10662.6767064112,-0.0905769094853813
10693.490223505027,-0.08298746864077056
10724.303740598854,-0.07194264538974371
10755.117257692684,-0.057777896063913814
10785.930774786513,-0.041080291327938355
10816.74429188034,-0.022502808084515095
10878.371326067998,0.017093486939286084
10909.184843161827,0.03639832163163813
10939.998360255655,0.05421014512855338
10970.811877349483,0.06974605140416748
11001.625394443312,0.08231794874394925
11032.438911537141,0.09137647907134183
11063.252428630969,0.09654578430791164
11094.065945724797,0.09763634288246417
11124.879462818626,0.0946497246997664
11155.692979912455,0.08777431811659622
11186.506497006283,0.07736891273562402
11217.32001410011,0.06395337543738788
11248.13353119394,0.04811778137739587
11278.94704828777,0.030631239186027812
11309.760565381597,0.012169483258174192
11371.387599569254,-0.024520058802214327
11402.201116663084,-0.0413674747277906
11433.014633756911,-0.056366494027222894
11463.828150850739,-0.0690544300778391
11494.641667944568,-0.07898582467368392
11525.455185038398,-0.08593146941955603
11556.268702132225,-0.08970898309927641
11587.082219226053,-0.09029059370427187
11617.895736319882,-0.08773759756102537
11648.709253413712,-0.08222969852473386
11679.52277050754,-0.07401390046851014
11710.336287601367,-0.0634390936177496
11741.149804695197,-0.05088950888745473
11771.963321789026,-0.03681103270935366
11802.776838882854,-0.021683935555521453
11864.40387307051,0.009772345036814682
11895.21739016434,0.025110663312885098
11926.030907258168,0.03956814235530035
11956.844424351995,0.05270336671940909
11987.657941445825,0.06413093572294477
12018.471458539654,0.07351012254517647
12049.284975633484,0.08055757382479052
12080.098492727313,0.08506008984946384
12110.91200982114,0.08687054607648949
12144.305300493972,0.08571473590673608
12177.698591166802,0.0813281412399393
12211.091881839631,0.07383640999599506
12244.48517251246,0.0634668205185253
12277.87846318529,0.05055256963464293
12311.271753858122,0.035540829100487406
12344.665044530953,0.01893149431992115
12378.058335203783,0.001340989681495701
12411.451625876613,-0.016553414701531367
12444.844916549444,-0.03409014897208659
12478.238207222275,-0.05052329493460621
12511.631497895105,-0.06512796714652563
12545.024788567935,-0.07728617051984103
12578.418079240764,-0.08633903924642738
12611.811369913594,-0.09182090755364147
12645.204660586425,-0.09334822685369877
12678.597951259257,-0.09072706017841349
12711.991241932086,-0.08392134450360317
12745.384532604916,-0.0731149228646241
12778.777823277745,-0.058717305935882536
12812.171113950575,-0.041246624653120824
12845.564404623407,-0.02155633797533491
12912.350985969068,0.020839865650336423
12945.744276641897,0.041409250984713895
12979.137567314729,0.06011930120453157
13012.53085798756,0.07596641301258722
13045.92414866039,0.08808899970000944
13079.31743933322,0.09581509945055512
13112.710730006049,0.09871932231175873
13146.104020678878,0.09664221944680476
13179.49731135171,0.08971138050435337
13212.890602024541,0.07831122572061447
13246.28389269737,0.06309944950727356
13279.6771833702,0.044865069027003567
13313.07047404303,0.024679151790762233
13346.46376471586,0.003506272519593239
13379.857055388691,-0.017548871676145807
13413.250346061523,-0.037438674267246924
13446.643636734352,-0.055265732806480006
13480.036927407182,-0.07021268136026425
13513.430218080013,-0.08170160539630184
13546.823508752845,-0.08929244026931384
13580.216799425674,-0.09278220083260279
13613.610090098504,-0.0921468583802848
13647.003380771333,-0.08754333404056966
13680.396671444163,-0.07930741034403979
13713.789962116995,-0.06788038346661875
13747.183252789826,-0.053850873452899295
13780.576543462656,-0.03783573323853113
13847.363124808315,-0.002702586817082784
13880.756415481144,0.015014938784905858
13914.149706153976,0.0319246855432376
13947.542996826807,0.0474180492520325
13980.936287499637,0.060920572601997056
14014.329578172466,0.07198466609738813
14047.722868845298,0.08022908456446044
14081.11615951813,0.08538372471297907
14114.509450190959,0.08728720221034471
14147.902740863788,0.08588609623067459
14181.296031536618,0.08123979475259288
14214.689322209448,0.07351483613565321
14248.08261288228,0.06298232737791014
14280.866901623907,0.05026335590142793
14313.651190365534,0.035624123108682064
14346.435479107162,0.019553535463087968
14379.21976784879,0.0026172192175029337
14412.004056590418,-0.01457810587078825
14444.788345332046,-0.031429206472418904
14477.572634073675,-0.04728574742071583
14510.356922815303,-0.061518224907295006
14543.141211556931,-0.07356597380632038
14575.92550029856,-0.0828866437018872
14608.709789040187,-0.0890229435909639
14641.494077781816,-0.09165199597935694
14674.278366523444,-0.09053511494295852
14707.062655265072,-0.08560846759395993
14739.846944006698,-0.07694577833308361
14772.631232748327,-0.06478825048709361
14805.415521489955,-0.04959702090803717
14838.199810231581,-0.03186187792448332
14870.98409897321,-0.01239552370310634
14903.768387714837,0.007971271513187567
14936.552676456466,0.028357793219514753
14969.336965198094,0.0476990022867944
15002.121253939722,0.06509737271117101
15034.90554268135,0.07960332984161456
15067.689831422978,0.09044497857291521
15100.474120164607,0.0970003089797548
15133.258408906235,0.09886761206653913
15166.042697647863,0.09588899404087156
15198.826986389491,0.0881763479046298
15231.61127513112,0.07609506896939412
15264.395563872746,0.0602582576780358
15297.179852614374,0.04149299710496308
15329.964141356002,0.020760218367921184
15362.748430097628,-0.0008491334178686886
15395.532718839257,-0.022251848966858355
15428.317007580885,-0.042374114666054126
15461.101296322513,-0.06022585277008806
15493.885585064141,-0.07503347046578873
15526.66987380577,-0.08609709987132251
15559.454162547398,-0.09303279088684341
15592.238451289026,-0.0956062396574105
15625.022740030654,-0.09384383560988843
15657.807028772282,-0.0879463457714961
15690.59131751391,-0.07831283100713506
15723.375606255539,-0.06547351790047928
15756.159894997167,-0.05008967900504652
15788.944183738793,-0.03287618318189374
15821.728472480421,-0.014615060995130488
15854.51276122205,0.003937584635509146
15887.297049963676,0.022016071389602602
15920.081338705304,0.0389448141219873
15952.865627446932,0.05407336859836541
15985.64991618856,0.06690169182821226
16018.434204930189,0.07698016729112298
16051.218493671817,0.08399979177790856
16084.002782413445,0.08776495769027756
16116.787071155073,0.08818690056315157
16149.571359896701,0.0853049325663156
16182.35564863833,0.07925728203116694
16215.139937379958,0.0702938283948915
16247.924226121586,0.058750536885209564
16280.708514863214,0.04504661493869143
16313.49280360484,0.02967598375514222
16346.277092346469,0.013177168978079357
16376.857991401794,-0.0027118259306698656
16407.438890457117,-0.018581577310678443
16438.01978951244,-0.03393551243850582
16468.600688567763,-0.04827689525214283
16499.181587623087,-0.06114362320431159
16529.76248667841,-0.07210133592220622
16560.343385733733,-0.08074770939744418
16590.924284789056,-0.08676074982351754
16621.50518384438,-0.08989218387904287
16652.086082899703,-0.08995230753302746
16682.666981955026,-0.0868716427188149
16713.24788101035,-0.08067445705701519
16743.828780065673,-0.07147316028652201
16774.409679120996,-0.05953877897190223
16804.990578176323,-0.045219137953362895
16835.571477231646,-0.02892526435262128
16866.15237628697,-0.011277537842678313
16896.733275342296,0.007091912769384824
16927.31417439762,0.025581267022920004
16957.895073452943,0.04334751847875245
16988.475972508266,0.0596638327305648
17019.05687156359,0.07390313363886455
17049.637770618912,0.08531688348090827
17080.218669674236,0.09336609853926892
17110.79956872956,0.09765115434171213
17141.380467784882,0.09786217848577466
17171.961366840205,0.09392470559550269
17202.54226589553,0.0859147028586308
17233.12316495085,0.07414895066135058
17263.704064006175,0.05908378624836063
17294.2849630615,0.04138199403167103
17324.86586211682,0.021827095968742348
17355.446761172145,0.001293977996800691
17386.027660227468,-0.019285367534412907
17416.60855928279,-0.03896583485305484
17447.189458338114,-0.056885886207052
17477.770357393438,-0.0722406182335523
17508.35125644876,-0.08438295586024408
17538.932155504088,-0.09283642242023739
17569.51305455941,-0.09726443747029549
17600.093953614734,-0.09759228708149324
17630.67485267006,-0.0938698809227955
17661.255751725384,-0.08637220268192328
17691.836650780708,-0.07547522228068468
17722.41754983603,-0.06176595606727717
17752.998448891354,-0.04581876536185937
17783.579347946677,-0.028374992025339354
17814.160247002,-0.010121796324743356
17844.741146057324,0.00819811981667241
17875.322045112647,0.02590124248806337
17905.90294416797,0.042358112006865775
17936.483843223294,0.0569905012321042
17967.064742278617,0.06934935210061505
17997.64564133394,0.07903731495059856
18028.226540389263,0.08581113192713156
18058.807439444587,0.08949502112026214
18089.38833849991,0.09005130020646238
18119.969237555233,0.0875208489630464
18150.550136610556,0.08205254355999056
18181.13103566588,0.07388230435779065
18211.711934721203,0.06330958105326338
18242.292833776526,0.05071381227954479
18272.873732831853,0.036522435202300876
18303.454631887176,0.02119356943725986
18336.615304521503,0.0038588046001680454
18369.775977155827,-0.01357389599035471
18402.936649790154,-0.030477745448729332
18436.09732242448,-0.04622038001392886
18469.257995058804,-0.06021473468384886
18502.41866769313,-0.07193122570391504
18535.57934032746,-0.08090944362994235
18568.74001296178,-0.08678510254724371
18601.900685596105,-0.08928391074168883
18635.061358230432,-0.0882587426021271
18668.22203086476,-0.08367773929110023
18701.382703499083,-0.07564381895249433
18734.543376133406,-0.06439835736099465
18767.704048767733,-0.050306913729967824
18800.86472140206,-0.03387287075166254
18834.025394036384,-0.015721017735088227
18867.186066670707,0.0034471474770009745
18900.346739305034,0.022798797232853205
18933.50741193936,0.04153249380797554
18966.668084573685,0.058732333615553765
18999.828757208008,0.0735986676541351
19032.989429842335,0.08530817374739723
19066.150102476662,0.09324622654678011
19099.310775110986,0.096859266537135
19132.47144774531,0.0958576130265677
19165.632120379636,0.09012622360901891
19198.792793013963,0.07985417025351832
19231.953465648287,0.06541221649870829
19265.11413828261,0.04748491552538756
19298.274810916937,0.026948703206041855
19364.596156185587,-0.017692290172834278
19397.75682881991,-0.03941954671393412
19430.917501454238,-0.05915582016517946
19464.078174088565,-0.07583169918200966
19497.23884672289,-0.08854766471860488
19530.399519357212,-0.09664441713433723
19563.56019199154,-0.09970999655838035
19596.720864625866,-0.09766105128205274
19629.88153726019,-0.09066238274374794
19663.042209894513,-0.07919384599270182
19696.20288252884,-0.06390363710273504
19729.363555163167,-0.04571073802257969
19762.52422779749,-0.02555298361740955
19795.684900431814,-0.004514336831832177
19828.84557306614,0.01639296690314498
19862.006245700468,0.03614555592235212
19895.16691833479,0.053882754932191114
19928.327590969115,0.06883874221543657
19961.48826360344,0.08043877137727283
19994.64893623777,0.08827168107451192
20027.809608872092,0.09211937486915947
20060.970281506416,0.09193632959875453
20094.130954140743,0.08785557749098757
20127.29162677507,0.08014642834656092
20160.452299409393,0.06923668459544675
20193.612972043717,0.05562354020970403
20226.773644678044,0.03992332199379201
20259.93431731237,0.022792485635131872
20293.094989946694,0.004908091559318598
20326.25566258102,-0.01300730572393104
20359.41633521535,-0.03028965117513995
20392.57700784967,-0.046288712580782196
20425.737680484,-0.06039844886487737
20456.69496343202,-0.0714177275755965
20487.652246380043,-0.07998601252291511
20518.609529328063,-0.08582567576230343
20549.566812276084,-0.08873562380099727
20580.524095224104,-0.08860700246920769
20611.481378172124,-0.08541971133328082
20642.438661120144,-0.07925127877446078
20673.395944068165,-0.07027738303685635
20704.353227016185,-0.05874250389700747
20735.310509964205,-0.04501525674062071
20766.26779291223,-0.02953601185684618
20797.22507586025,-0.012795310595341702
20828.18235880827,0.004656278910768897
20859.139641756294,0.02217068744567803
20890.096924704314,0.03911190765615154
20921.054207652334,0.054892041241882704
20952.011490600355,0.06880975462479205
20982.968773548375,0.08028912902380847
21013.9260564964,0.08884531904474631
21044.88333944442,0.09399658719118734
21075.84062239244,0.09544271777185828
21106.797905340463,0.09301924351540043
21137.755188288484,0.08666812215417433
21168.712471236504,0.07657563416164427
21199.669754184524,0.06307414748718589
21230.627037132545,0.04657887336966226
21261.584320080565,0.027832640378339556
21292.541603028585,0.007625903522886563
21323.498885976605,-0.013232025864370498
21354.456168924626,-0.03369824274245009
21385.41345187265,-0.052854881765854636
21416.37073482067,-0.06976453716443241
21447.32801776869,-0.08358369307950689
21478.285300716714,-0.09364317363864981
21509.242583664734,-0.09942163007571689
21540.199866612755,-0.10063531357844736
21571.157149560775,-0.09722702025214926
21602.114432508795,-0.08937051188667311
21633.071715456816,-0.07748435652808155
21664.028998404836,-0.06214485959473003
21694.986281352856,-0.04414788850015923
21725.943564300876,-0.024344066917140715
21756.9008472489,-0.003672081919088905
21787.85813019692,0.01686391316427091
21818.81541314494,0.036424551947191075
21849.772696092965,0.054106598607661344
21880.729979040985,0.0692290498784442
21911.687261989005,0.08120387508697283
21942.644544937026,0.08961669534681924
21973.601827885046,0.09423411495046063
22004.55911083307,0.09497380135789427
22035.51639378109,0.09192429386605057
22066.47367672911,0.08532707709894793
22097.430959677135,0.07552852773816719
22128.388242625155,0.06300629324495644
22159.345525573175,0.048295512998178185
22190.302808521195,0.031999955377754345
22221.260091469216,0.014755356430678098
22252.217374417236,-0.002813995861642467
22283.174657365256,-0.020042041126484222
22314.131940313277,-0.03637165842750105
22345.089223261297,-0.051250978820486216
22376.04650620932,-0.06418627560853343
22407.00378915734,-0.07474047162605707
22437.352070174158,-0.08249441414818084
22467.70035119098,-0.08744304955244073
22498.048632207796,-0.0894448103663448
22528.396913224613,-0.08845196176455292
22558.745194241434,-0.08450207000248704
22589.09347525825,-0.07772497079060725
22619.441756275068,-0.06832860264394924
22649.79003729189,-0.05660639680713096
22680.13831830871,-0.04292479039299499
22710.486599325526,-0.02769728078437346
22771.183161359164,0.005381341674727137
22801.531442375985,0.02217574076024264
22831.8797233928,0.0383737967946057
22862.22800440962,0.053405971788471555
22892.57628542644,0.06675111757583102
22922.92456644326,0.0778789562030114
22953.272847460077,0.08633105011596431
22983.621128476894,0.0917489514555054
23013.969409493715,0.09382959953392399
23044.317690510536,0.09239945701283737
23074.665971527353,0.08742406868067637
23105.01425254417,0.07894459151132548
23135.36253356099,0.06722259496327504
23165.71081457781,0.052651131375608715
23196.059095594628,0.03563289171414574
23226.407376611445,0.016889828186996476
23256.755657628266,-0.002823450699638987
23287.103938645083,-0.02278821403228286
23317.4522196619,-0.04208100659484091
23347.80050067872,-0.05980652239269232
23378.148781695538,-0.0752016620102652
23408.497062712355,-0.08748629496029792
23438.845343729176,-0.09603783722517722
23469.193624745993,-0.10042234149932108
23499.54190576281,-0.10035793100668146
23529.89018677963,-0.09581178176378893
23560.238467796447,-0.08695363680740809
23590.586748813264,-0.07418182460243194
23620.935029830085,-0.05809121894843729
23651.283310846906,-0.03942786354147762
23681.631591863723,-0.019081628159783377
23711.97987288054,0.0019930976770144763
23742.32815389736,0.022851229767105484
23772.67643491418,0.042479560847435295
23803.024715931,0.060089129027863085
23833.372996947815,0.07489117132871641
23863.721277964636,0.08630422023276396
23894.069558981457,0.09393276409283974
23924.417839998274,0.09751235035572958
23954.76612101509,0.09702640504867859
23985.11440203191,0.09259189638652854
24015.462683048732,0.08451820205211685
24045.81096406555,0.07321187974939733
24076.159245082366,0.05924908006954692
24106.507526099187,0.04320437727960223
24136.855807116008,0.02580358792084832
24167.204088132825,0.007692043956802519
24197.552369149642,-0.010411868168360299
24227.900650166463,-0.027862567443257012
24258.24893118328,-0.044051104938808205
24288.597212200097,-0.058426619900539684
24318.945493216917,-0.0705479331152373
24349.293774233734,-0.08001580142418499
24382.221828829555,-0.08700708789446845
24415.149883425373,-0.09036791726140486
24448.077938021193,-0.0900184026580787
24481.005992617014,-0.08603695482465012
24513.934047212835,-0.07861518914098492
24546.862101808656,-0.06807045712588865
24579.790156404477,-0.05482792941675903
24612.718211000298,-0.03940358219553558
24645.64626559612,-0.02239640439265348
24678.57432019194,-0.004449340977601248
24711.502374787757,0.013741674081312091
24744.430429383578,0.031472712303658106
24777.3584839794,0.048054353421351545
24810.286538575216,0.06280237815293963
24843.214593171037,0.07510872811711837
24876.142647766857,0.08443290736185646
24909.07070236268,0.09032011355946974
24941.9987569585,0.0924584953789639
24974.92681155432,0.09064814240348353
25007.85486615014,0.08486720596638464
25040.78292074596,0.0752498694870836
25073.710975341783,0.06207776285386728
25106.6390299376,0.0458726759674451
25139.56708453342,0.02724406678777553
25172.49513912924,0.006963517641635082
25205.42319372506,-0.013993613574125685
25238.35124832088,-0.03470302604564815
25271.2793029167,-0.05412135295863956
25304.20735751252,-0.07117705952365376
25337.135412108342,-0.08499663716567545
25370.063466704163,-0.09472855437193156
25402.991521299984,-0.099731544674732
25435.919575895805,-0.0996511656063667
25468.847630491626,-0.09434669115417244
25501.775685087447,-0.08402755700504817
25534.703739683267,-0.06914212021329895
25567.63179427909,-0.05048689759506238
25600.55984887491,-0.029041904695703967
25666.415958066547,0.017377405318152944
25699.34401266237,0.03977125720395024
25732.272067258185,0.059959831026772825
25765.200121854006,0.07682752644124038
25798.128176449827,0.08952955812626763
25831.056231045648,0.09740894384775953
25863.98428564147,0.10016693362909491
25896.91234023729,0.09774871281661632
25929.84039483311,0.0904253193640884
25962.76844942893,0.07867562517886664
25995.696504024752,0.06326223181848838
26028.624558620573,0.04499622673184997
26061.552613216394,0.024936902629829387
26094.480667812215,0.004026239613060362
26127.408722408036,-0.016677262572003408
26160.336777003853,-0.03623777715765545
26193.264831599674,-0.05382425492068206
26226.192886195495,-0.06866367240296993
26259.120940791312,-0.08023844011822262
26292.048995387133,-0.08811106338353762
26324.977049982954,-0.09206239378133668
26357.905104578775,-0.0920188690516783
26390.833159174595,-0.08808156891404424
26423.761213770416,-0.08049211159140433
26456.689268366237,-0.0696281557349692
26487.413933275755,-0.05696825982554776
26518.13859818527,-0.042354364543168994
26548.863263094783,-0.026308473392422597
26579.5879280043,-0.009396904476664648
26610.31259291382,0.0078025657236442045
26641.037257823333,0.02469867385247959
26671.761922732847,0.04071794998791915
26702.486587642365,0.055312562530841526
26733.211252551882,0.06797869210184954
26763.935917461396,0.07826564045481965
26794.66058237091,0.08580300132168171
26825.38524728043,0.0902928677699397
26856.109912189946,0.09154055255946189
26886.83457709946,0.0894458670806427
26917.559242008974,0.08403052838851478
26948.283906918492,0.07541031379241814
26979.00857182801,0.06384248164743234
27009.733236737524,0.04968751117672402
27040.457901647038,0.033390362549853836
27071.182566556556,0.015555167225140836
27101.907231466073,-0.003201138193103415
27132.631896375588,-0.02215890877510215
27163.3565612851,-0.04051932792730324
27194.08122619462,-0.05755718898564079
27224.805891104137,-0.07251825646255983
27255.53055601365,-0.08465363456352949
27286.255220923165,-0.09339160845355897
27316.979885832683,-0.09823726371280832
27347.7045507422,-0.09883269510353838
27378.429215651715,-0.09506607131408461
27409.15388056123,-0.08693983974949307
27439.878545470747,-0.07475513850372997
27470.603210380264,-0.059022535592706524
27501.32787528978,-0.04032108697040052
27532.052540199293,-0.01957840084539237
27562.77720510881,0.002223957105619486
27593.50187001833,0.024100091787709978
27624.226534927842,0.04492173025786817
27654.951199837356,0.06366484727370687
27685.675864746874,0.07941523338193136
27716.400529656392,0.09138153849889327
27747.125194565906,0.09900380884654449
27777.84985947542,0.10192519816660855
27808.574524384938,0.10006628729119266
27839.299189294456,0.09357246192661368
27870.02385420397,0.08281715197138392
27900.748519113484,0.06841923939995563
27931.473184023,0.051076250417509524
27962.19784893252,0.031715786900140666
27992.922513842033,0.011227592917574084
28023.647178751547,-0.009458091961134464
28054.371843661065,-0.029358950187310186
28085.096508570583,-0.0477171523934977
28115.821173480097,-0.06373386566814379
28146.54583838961,-0.0768395469541894
28177.27050329913,-0.08658484028795521
28207.995168208647,-0.09264665824057985
28238.71983311816,-0.09492010683448365
28269.444498027675,-0.09340460768670389
28300.169162937193,-0.08827544886241856
28330.89382784671,-0.07980565126968395
28361.618492756228,-0.06841721918950476
28392.343157665746,-0.05458166569762995
28423.06782257526,-0.03885674617872085
28456.372261063778,-0.02040393188966202
28489.676699552292,-0.0012417356060360361
28522.98113804081,0.017820065754831308
28556.285576529328,0.03596789383554993
28589.590015017846,0.05248888538267035
28622.894453506364,0.06671952431275005
28656.19889199488,0.07808532139660133
28689.5033304834,0.08613453091772987
28722.807768971918,0.09053327118517869
28756.112207460435,0.09108984802957869
28789.416645948953,0.087754354153086
28822.72108443747,0.0806300186592065
28856.02552292599,0.06996544000106918
28889.329961414507,0.05614842109913318
28922.634399903025,0.039724964977914445
28955.938838391543,0.021331978933722538
28989.24327688006,0.0017251712895291122
29022.54771536858,-0.01823108555353246
29055.852153857097,-0.037686444178053904
29089.156592345615,-0.05572116973280011
29122.461030834133,-0.0714265099714315
29155.76546932265,-0.08402991710814317
29189.06990781117,-0.09278546479007987
29222.374346299686,-0.09713202815919147
29255.678784788204,-0.09672368650842286
29288.983223276722,-0.09138022298623662
29322.28766176524,-0.0812553107097859
29355.592100253758,-0.06669606206019328
29388.896538742276,-0.04832940022368949
29422.200977230794,-0.02711673309573951
29488.80985420783,0.01950480454016957
29522.114292696348,0.04227419422130858
29555.418731184865,0.0629591960859138
29588.723169673383,0.08026597514758789
29622.0276081619,0.09317927094556713
29655.33204665042,0.10088108803262165
29688.636485138937,0.10289689975996757
29721.940923627455,0.09910244513895926
29755.245362115973,0.089724131346887
29788.54980060449,0.07537230470147989
29821.85423909301,0.056898961805486044
29855.158677581527,0.035440669266151956
29888.463116070045,0.012275116574918444
29921.767554558563,-0.011311122431875218
29955.07199304708,-0.03389147863101247
29988.376431535595,-0.05437490413262372
30021.680870024113,-0.07165452702837016
30054.98530851263,-0.08492790096162181
30088.289747001145,-0.09362413133870719
30121.594185489663,-0.09744336044635912
30154.89862397818,-0.09634919383157362
30188.2030624667,-0.09056145575793806
30221.507500955217,-0.08049020922457464
30254.811939443734,-0.066778984801486
30288.116377932252,-0.050139639396502074
30321.42081642077,-0.03146398960231973
30354.72525490929,-0.011612482574011993
30388.029693397806,0.008468229985780739
30421.334131886324,0.027914882173406375
30454.638570374842,0.045880980144111946
30487.94300886336,0.061632804060082404
30521.247447351878,0.07454506269091393
30554.551885840396,0.08409897085866698
30587.24732239771,0.08987417425465707
30619.942758955025,0.09187365700828873
30652.638195512343,0.09003623477472876
30685.333632069658,0.08445511539550106
30718.029068626973,0.07534836551228508
30750.72450518429,0.06307522460453165
30783.419941741606,0.04811550583131954
30816.11537829892,0.031041913110360975
30848.810814856235,0.012540144060152995
30881.50625141355,-0.006645765109583061
30914.201687970864,-0.025764107254971063
30946.89712452818,-0.04397129010814188
30979.592561085494,-0.060476420559752116
31012.28799764281,-0.07455932830012403
31044.983434200127,-0.08550924689822834
31077.67887075744,-0.09274956406537284
31110.374307314756,-0.09586740004928748
31143.069743872074,-0.09456484597488665
31175.76518042939,-0.08876694077818884
31208.460616986704,-0.07863807734244768
31241.15605354402,-0.06444958918714534
31273.851490101333,-0.04681217088348506
31306.546926658648,-0.02654616510353492
31339.242363215963,-0.004541530268452929
31371.937799773277,0.01813329693717245
31404.633236330592,0.04019192965623383
31437.32867288791,0.060469817110447396
31470.024109445225,0.07786511284859364
31502.71954600254,0.09126096747114126
31535.414982559858,0.09987024691249252
31568.110419117173,0.10309574096916374
31600.805855674487,0.10068194694633768
31633.501292231802,0.0926962111894517
31666.196728789117,0.07955757694695655
31698.892165346435,0.06200522420286944
31731.58760190375,0.041045804703707195
31764.283038461064,0.017878371129297244
31796.978475018383,-0.006120070099650352
31829.673911575697,-0.029625859473070535
31862.369348133012,-0.05131033675049125
31895.064784690327,-0.06998084172880882
31927.76022124764,-0.08472532510056273
31960.45565780496,-0.09477774125432743
31993.151094362274,-0.09977240246170382
32025.84653091959,-0.09955544403573155
32058.541967476907,-0.09431249934254692
32091.237404034222,-0.0844356849923896
32123.932840591537,-0.0705876011297546
32156.62827714885,-0.0535576014801204
32189.323713706166,-0.03424676646528428
32222.019150263484,-0.013689917081558716
32254.7145868208,0.007184082371465393
32287.410023378114,0.027356629964834768
32320.105459935432,0.045975616913580646
32352.800896492747,0.06225458362709614
32385.49633305006,0.07552616720711136
32418.191769607376,0.0853117028018614
32450.88720616469,0.09125077518765956
32483.582642722005,0.09318094971507077
32516.27807927932,0.0910825795702231
32548.973515836635,0.08509014263491395
32581.66895239395,0.07551236948823227
32614.364388951268,0.06276316573864658
32647.059825508582,0.0473800430222288
32677.55187237959,0.03122251887253557
32708.043919250602,0.013897747876941882
32738.535966121613,-0.003976061503632392
32769.028012992625,-0.021761356179655533
32799.52005986364,-0.03883042760559055
32830.01210673465,-0.054547564600990237
32860.50415360566,-0.068327058914914
32890.99620047667,-0.07964956891014113
32921.48824734768,-0.08803232572015231
32951.980294218694,-0.09311384077743037
32982.472341089706,-0.09463578717592482
33012.96438796072,-0.09244324859999509
33043.45643483173,-0.08654514448069642
33073.94848170274,-0.07706445346424502
33104.440528573745,-0.06427159473162752
33134.93257544476,-0.04862873684746535
33165.42462231577,-0.030682655240358455
33195.91666918677,-0.011078692487676728
33226.408716057784,0.009312708009402584
33256.900762928795,0.02963143405302056
33287.39280979981,0.049074693476686054
33317.88485667082,0.06660607976677785
33348.37690354183,0.08138583449779459
33378.86895041284,0.09271267924030961
33409.36099728385,0.09987689795153573
33439.853044154865,0.10244911464667703
33470.345091025876,0.10021129657239315
33500.83713789689,0.09314715842183992
33531.3291847679,0.0815488795437443
33561.82123163891,0.06588008872784362
33592.31327850992,0.04691610190351139
33622.805325380934,0.025579486693022752
33653.297372251945,0.0029268659061470535
33683.78941912296,-0.01988433687783247
33714.28146599397,-0.04169062862110976
33744.77351286498,-0.06140489348567552
33775.26555973599,-0.07804080601841136
33805.757606607,-0.090785436403795
33836.24965347801,-0.09908104679763119
33866.74170034902,-0.10256366129697335
33897.23374722003,-0.10117783805474757
33927.725794091035,-0.0950664707266708
33958.21784096205,-0.0846665410782219
33988.70988783306,-0.07053148345986948
34019.20193470407,-0.05343520565109697
34049.69398157508,-0.03424068004158795
34110.678075317104,0.006814422068524918
34141.170122188116,0.026842248630081042
34171.66216905913,0.04539158209302265
34202.15421593014,0.06173172318426609
34232.64626280115,0.07528017399631576
34263.13830967216,0.08552247812181252
34293.63035654317,0.09217696820079954
34324.122403414185,0.0950538934592069
34354.6144502852,0.09413994115628745
34385.10649715621,0.08954830090499298
34415.59854402722,0.08153529884645963
34446.09059089823,0.07046682921616215
34476.58263776924,0.056791913663975624
34507.074684640254,0.041046632341251464
34537.566731511266,0.023832174096736547
34598.55082525328,-0.012334617382903333
34631.62264570329,-0.03146700137366486
34664.694466153305,-0.04919759953386134
34697.76628660332,-0.06477433812120321
34730.838107053336,-0.07752213132218189
34763.90992750335,-0.08687732146194378
34796.98174795336,-0.09239639547807772
34830.05356840337,-0.09380204363113073
34863.12538885338,-0.09095491009921684
34896.1972093034,-0.08391686867556182
34929.26902975341,-0.07289211462050361
34962.34085020343,-0.05833414761824894
34995.41267065344,-0.04076235609951419
35028.484491103445,-0.020960722020526325
35061.55631155346,0.00016459108846178343
35094.628132003476,0.02169901386040429
35127.69995245349,0.042541901039599775
35160.77177290351,0.061587719912507624
35193.843593353515,0.07787577676132074
35226.91541380352,0.09038803107620819
35259.98723425354,0.09836321768917997
35293.05905470355,0.10120079630339657
35326.13087515357,0.0985798131310727
35359.202695603584,0.09048380722409813
35392.27451605359,0.07721234900680105
35425.3463365036,0.05938661367495267
35458.418156953616,0.0379655237241638
35491.48997740363,0.014101588794800217
35524.56179785365,-0.010797475146698479
35557.63361830366,-0.03522281840739908
35590.70543875367,-0.0577386475342675
35623.77725920368,-0.07693015290002798
35656.84907965369,-0.09164843414835203
35689.92090010371,-0.10098074091101401
35722.99272055372,-0.10440806256325096
35756.064541003725,-0.10176613603585
35789.13636145374,-0.09329442813484436
35822.208181903756,-0.07958619394597308
35855.28000235377,-0.06153591566744103
35888.35182280379,-0.040294058371849836
35921.423643253795,-0.01712209433897105
35954.4954637038,0.006599319162857559
35987.56728415382,0.029590198854392593
36020.63910460383,0.05058298000878471
36053.71092505385,0.06857170005637114
36086.782745503864,0.08266417110421974
36119.85456595387,0.09230110480689135
36152.92638640388,0.09712851599173083
36185.998206853896,0.097043204493979
36219.07002730391,0.09220824773395353
36252.14184775392,0.08299356470126493
36285.21366820393,0.06995228095626989
36318.28548865394,0.053785923902815176
36351.35730910396,0.03531639285394758
36384.42912955397,0.015418611401422483
36450.572770454,-0.02496947871426399
36483.644590904005,-0.04367313204192273
36516.71641135402,-0.06029840850660405
36549.788231804036,-0.07413078448314968
36582.86005225405,-0.08459035038169431
36615.931872704066,-0.09123036762515016
36649.003693154074,-0.09376246641045786
36682.07551360408,-0.09206189860283827
36715.1473340541,-0.08617540607274433
36746.01576481781,-0.07709764237971659
36776.884195581515,-0.06487235128822154
36807.752626345224,-0.049930433644460724
36838.62105710893,-0.03282631282128273
36869.48948787264,-0.01417135873738523
36900.35791863635,0.005288472725490003
36931.22634940006,0.024783943654701542
36962.09478016377,0.04353527548814133
36992.963210927475,0.060694033430581294
37023.831641691184,0.07551761784915677
37054.70007245489,0.08728406690010532
37085.5685032186,0.09536201659811358
37116.43693398231,0.09930684825432631
37147.30536474602,0.09878055361878704
37178.17379550973,0.09367105984110422
37209.042226273436,0.0841121204279874
37239.910657037144,0.070336303315833
37270.77908780085,0.052962088556795316
37301.64751856456,0.03277620950295087
37332.51594932827,0.010604084880779248
37363.38438009198,-0.012392829836422488
37394.25281085569,-0.03501697508250297
37425.121241619396,-0.05615758794353811
37455.989672383104,-0.07462070954663688
37486.85810314681,-0.0893896150320998
37517.72653391052,-0.09964856469830777
37548.59496467423,-0.1047850553551471
37579.46339543794,-0.10450583530709487
37610.33182620165,-0.09881309707817286
37641.200256965356,-0.0880157281401256
37672.06868772906,-0.07273477436927683
37702.937118492766,-0.05379364968056709
37733.805549256474,-0.03226437624393349
37764.673980020176,-0.00929775877071803
37795.542410783884,0.01391147860198124
37826.41084154759,0.03610442427023053
37857.2792723113,0.05626421349859011
37888.14770307501,0.07336512468734446
37919.01613383872,0.08669096386137629
37949.88456460243,0.09568824226621823
37980.752995366136,0.10004266689479552
38011.621426129845,0.09969967031386709
38042.48985689355,0.09480547404240217
38073.35828765726,0.08572359058038362
38104.22671842097,0.07296560586475992
38135.09514918468,0.05722568297540236
38165.96357994839,0.039224375599426646
38196.832010712096,0.01983345299525648
38227.700441475805,-0.00013677883425365113
38258.56887223951,-0.019836396743171045
38289.43730300322,-0.03846132965741461
38320.30573376693,-0.05530363763173289
38351.17416453064,-0.06969732194195702
38382.04259529435,-0.0811384748708843
38412.91102605806,-0.08921501150804538
38443.779456821765,-0.09364340699778129
38474.647887585474,-0.0942910989303826
38505.51631834918,-0.091160002425126
38536.38474911289,-0.08438142105523497
38567.2531798766,-0.07422892158388943
38598.12161064031,-0.06107967831884173
38628.99004140402,-0.045435602341244635
38659.858472167725,-0.02789168584208882
38690.726902931434,-0.009119814364545478
38724.175107274146,0.011794171872791777
38757.62331161686,0.03232871865014291
38791.07151595957,0.05150883697033906
38824.519720302276,0.06842089788097921
38857.96792464498,0.08216630888673007
38891.416128987694,0.09197622445832229
38924.864333330406,0.09727468151456849
38958.31253767312,0.09764691751753594
38991.76074201583,0.09289779907605004
39025.208946358536,0.08315039223740986
39058.65715070124,0.06873607203648104
39092.105355043954,0.05023483687280934
39125.553559386666,0.02862627363134069
39159.00176372938,0.005050493929700174
39192.44996807209,-0.01936285850053496
39225.898172414796,-0.043055743025749216
39259.3463767575,-0.06456886521741806
39292.794581100214,-0.08261700437345526
39326.242785442926,-0.09597093441513109
39359.69098978564,-0.10366605751596106
39393.13919412835,-0.10513640049518347
39426.587398471056,-0.1001585946890913
39460.03560281376,-0.08899070840119419
39493.48380715647,-0.07227576835406002
39526.932011499186,-0.051069846347103265
39560.3802158419,-0.02673693119930437
39593.82842018461,-0.0008330253576480397
39627.276624527316,0.02499714612577586
39660.72482887002,0.049065983099873804
39694.17303321273,0.0699712229979104
39727.621237555446,0.0864216882263164
39761.06944189816,0.09753788514464411
39794.51764624087,0.10277817564410714
39827.96585058358,0.10197540657700983
39861.414054926296,0.09536441178858412
39894.862259269,0.08348187213122255
39928.310463611706,0.06719206214135139
39961.75866795442,0.04747157829208602
39995.20687229713,0.02560334132333654
40028.65507663984,0.00272882989377303
40062.103280982556,-0.01988319114624866
40095.55148532526,-0.041068887970888
40128.999689667966,-0.059832443003677516
40162.44789401068,-0.0752496908576094
40195.89609835339,-0.08669761981156845
40229.3443026961,-0.0936911716559167
40262.792507038816,-0.0959989730565099
40296.24071138152,-0.09359581275026851
40329.688915724226,-0.08667753481590079
40363.13712006694,-0.07562320336021047
40396.58532440965,-0.06098384415243896
40430.03352875236,-0.04348054966179476
40463.481733095075,-0.02391754768954193
40496.92993743778,-0.0032049935407448783
40530.378141780486,0.017694835593768027
40563.8263461232,0.0378295477576368
40597.27455046591,0.05623878277626487
40630.72275480862,0.07203866604428516
40664.170959151335,0.0844658655959801
40697.61916349404,0.09283936743278398
40731.067367836746,0.09668585718328285
40764.51557217946,0.09571720929445682
40797.96377652217,0.089844850005919
40831.41198086488,0.07925686258357295
40864.25118327639,0.0646508894691402
40897.0903856879,0.04645898491561799
40929.9295880994,0.02556062546675549
40962.76879051091,0.0029549695045458153
40995.60799292242,-0.020319848017105072
41028.44719533392,-0.042885894213447205
41061.28639774543,-0.0634882012565504
41094.12560015694,-0.08100981145572138
41126.96480256845,-0.0942393537583437
41159.80400497996,-0.10228795904560486
41192.64320739147,-0.1045757358984763
41225.48240980298,-0.10076264288883849
41258.32161221449,-0.09096800546412889
41291.160814626,-0.07563201239445534
41324.0000170375,-0.0556191114665061
41356.83921944901,-0.032130432003671335
41389.67842186052,-0.006556044984849592
41422.51762427202,0.019477096602037294
41455.35682668353,0.04433732519450104
41488.19602909504,0.06647430837454565
41521.03523150655,0.08452279346204575
41553.874433918056,0.09736608507739597
41586.713636329565,0.10431748782273723
41619.552838741074,0.105016919011019
41652.39204115258,0.09956850550651761
41685.23124356409,0.08840808727637314
41718.070445975594,0.072349707288692
41750.9096483871,0.05246304622393152
41783.74885079861,0.02992463722920292
41816.588053210115,0.006202211312021433
41849.427255621624,-0.0174835985523552
41882.26645803313,-0.03980649101716681
41915.10566044464,-0.0596067192384217
41947.94486285615,-0.07597965517680867
41980.78406526765,-0.08813156282741645
42013.62326767916,-0.0956193559179292
42046.46247009067,-0.09818291136504452
42079.30167250217,-0.09583585002330848
42112.14087491368,-0.08880851478545007
42144.98007732519,-0.07754585887960179
42177.8192797367,-0.06266646035592005
42210.65848214821,-0.044913747660932465
42243.49768455972,-0.02518405582554436
42276.33688697123,-0.004376167574112395
42309.17608938274,0.016545090772435187
42342.01529179425,0.036607336876857785
42374.85449420575,0.05492654148032181
42407.69369661726,0.07066351969242854
42440.53289902877,0.08309288446300446
42473.37210144027,0.09164195939784665
42506.21130385178,0.09587398088410917
42539.05050626329,0.09555104383430053
42571.8897086748,0.09062233652930024
42604.728911086306,0.08123329726103481
42637.568113497815,0.06775952767562254
42670.407315909324,0.05075398834810232
42703.24651832083,0.030930855184036
42736.08572073234,0.009251237960769283
42768.924923143844,-0.013236497072609111
42801.76412555535,-0.03549915657982986
42834.60332796686,-0.05625674153925888
42867.442530378365,-0.07435913394604055
42900.281732789874,-0.08880336878302449
42933.12093520138,-0.09861383312789344
42963.756747926585,-0.10294692974263442
42994.39256065179,-0.10230517993245344
43025.02837337699,-0.09652051169935999
43055.66418610219,-0.08574590435625555
43086.299998827395,-0.0704555562200782
43116.9358115526,-0.05131072769288313
43147.5716242778,-0.02922017588044382
43178.20743700301,-0.005385553714276888
43208.84324972822,0.01897897810804066
43239.47906245342,0.042521667720635495
43270.114875178624,0.06390579408041272
43300.75068790383,0.08195690998716283
43331.38650062903,0.09563603769079725
43362.02231335423,0.10417565863924134
43392.658126079434,0.10711486625513843
43423.293938804636,0.10432312609714425
43453.92975152984,0.09599655515836902
43484.56556425504,0.08268097573927116
43515.20137698024,0.06513293326190167
43545.837189705446,0.04441248957236454
43576.47300243065,0.021664683886055056
43607.10881515585,-0.0019315178991980734
43637.74462788105,-0.0250049821224202
43668.38044060626,-0.04652700341053301
43699.01625333147,-0.06542647529743173
43729.652066056675,-0.08081129000135118
43760.28787878188,-0.09209871222642164
43790.92369150708,-0.0988256779119458
43821.55950423228,-0.10083679064666341
43852.195316957484,-0.09816218803227528
43882.83112968269,-0.0910645795116158
43913.46694240789,-0.07997742397510581
43944.10275513309,-0.06547840737908855
43974.738567858294,-0.048312088616416934
44005.3743805835,-0.02923941271750191
44036.0101933087,-0.009126716170297698
44066.6460060339,0.011165951691002148
44097.281818759104,0.030810686372048448
44127.917631484306,0.04898480624049855
44158.553444209516,0.06498580016509509
44189.189256934726,0.07818237499073936
44219.82506965993,0.08805080219658631
44250.46088238513,0.09422037656271066
44281.09669511033,0.09644444837519704
44311.732507835535,0.0946301241862426
44342.36832056074,0.08884087428162987
44373.00413328594,0.07928069407006087
44403.63994601114,0.06631327467357576
44434.275758736345,0.0504389300123179
44464.91157146155,0.0322531424607684
44526.18319691196,-0.008009957826655478
44556.81900963717,-0.028424278583163508
44587.45482236237,-0.04787333577458432
44618.090635087574,-0.06542876057226438
44648.726447812776,-0.08026761661789396
44679.36226053798,-0.0916833622173943
44709.99807326318,-0.09899136323878668
44740.63388598838,-0.10173581562383285
44771.269698713586,-0.0996770720364699
44801.90551143879,-0.09270850501391842
44832.54132416399,-0.0810475900393889
44863.17713688919,-0.06517768097597994
44893.8129496144,-0.045724410363996715
44927.02853591861,-0.021617190665607557
44960.24412222281,0.004153518366134872
44993.459708527014,0.03005798071795256
45026.67529483122,0.05449378760534235
45059.89088113543,0.07575946854917275
45093.10646743963,0.0924691475473371
45126.32205374384,0.10341281353198495
45159.537640048045,0.1078016293928521
45192.75322635225,0.1052931768107454
45225.96881265646,0.09601859578975963
45259.18439896066,0.0806005342106951
45292.39998526486,0.06008364525047016
45325.61557156907,0.03583689134243878
45358.83115787327,0.0095592408276627
45392.046744177474,-0.017098179906039783
45425.26233048168,-0.04236172439810459
45458.47791678589,-0.06468121252633356
45491.69350309009,-0.08276942522163434
45524.9090893943,-0.0955516980974326
45558.124675698506,-0.10248695482080815
45591.34026200271,-0.1032900964530792
45624.55584830692,-0.098134688844113
45657.77143461112,-0.08746683349942964
45690.98702091532,-0.07211514724717995
45724.20260721953,-0.053022144447502174
45757.41819352373,-0.031366930631840345
45790.633779827935,-0.00838443138368454
45823.84936613214,0.014709361151942234
45857.06495243635,0.03666192670109007
45890.28053874055,0.05643111846509176
45923.49612504476,0.07303687168232784
45956.711711348966,0.08572703372868049
45989.92729765317,0.09393986430516203
46023.14288395738,0.0973357831598044
46056.358470261584,0.09580893757680879
46089.57405656579,0.08946895430578503
46122.78964287,0.07866134173234096
46156.0052291742,0.06390872088868443
46189.2208154784,0.04592597204060547
46222.43640178261,0.025578612212243
46255.651988086815,0.0038276091223320434
46288.86757439101,-0.01825618820402454
46322.08316069522,-0.03958457820944351
46355.298746999426,-0.05910746836712239
46388.51433330363,-0.075762944297305
46421.72991960784,-0.08864625061823544
46454.945505912045,-0.09701952067265976
46488.16109221625,-0.10028184218758014
46521.37667852046,-0.09813554566291688
46554.59226482466,-0.09052972698041999
46587.80785112887,-0.07768143822846774
46621.023437433076,-0.06019834816271955
46654.23902373728,-0.03892220256151136
46687.45461004149,-0.014885169639522605
46753.88578264989,0.035547939475887164
46787.1013689541,0.059061921375151774
46820.3169552583,0.07924671025741667
46853.532541562505,0.09475568060384837
46886.74812786671,0.10452704217100625
46919.96371417092,0.10771785616862624
46953.17930047512,0.10401689048429003
46986.39488677933,0.09352929042701724
47019.610473083536,0.07689338774841724
47050.622669701435,0.05674407059382468
47081.634866319335,0.03332232345248793
47112.647062937234,0.008006986339796074
47143.65925955514,-0.017678392033003476
47174.67145617305,-0.042265472438713404
47205.68365279095,-0.06430907711068515
47236.69584940885,-0.0825552704666479
47267.708046026746,-0.09605799630535061
47298.720242644646,-0.10409503978747006
47329.732439262545,-0.10637254083016875
47360.744635880445,-0.10287054969413063
47391.756832498344,-0.09395991080572755
47422.76902911624,-0.08023760813376388
47453.78122573414,-0.06255675625904149
47484.79342235204,-0.04199411231300963
47515.80561896995,-0.019612053980940895
47546.817815587856,0.003341880017224037
47577.830012205755,0.02576120760382484
47608.842208823655,0.04658478063103861
47639.854405441554,0.0648084138031138
47670.866602059454,0.07970198764933636
47701.87879867735,0.09062648874181217
47732.89099529525,0.09718722644290605
47763.90319191315,0.09918281700707
47794.91538853105,0.09661117724237467
47825.92758514895,0.08967052992403354
47856.93978176685,0.07872690920021526
47887.95197838476,0.06431758172801345
47918.964175002664,0.0470923327144034
47949.97637162056,0.02781499161058324
48012.00076485636,-0.013454818969417033
48043.01296147426,-0.03367909869501716
48074.02515809216,-0.05244519092969452
48105.03735471006,-0.06894765518024856
48136.04955132797,-0.08242515030724727
48167.061747945874,-0.09225284200554838
48198.073944563774,-0.09795068649323316
48229.08614118167,-0.09917774366889438
48260.09833779957,-0.09579772235762492
48291.11053441747,-0.08787706629076558
48322.12273103537,-0.07563690804882942
48353.13492765327,-0.05957830802985294
48384.14712427117,-0.040388035728505474
48415.15932088907,-0.018844861631781677
48446.17151750697,0.004020452399995927
48477.18371412487,0.027045091117615713
48508.195910742776,0.049084130376786904
48539.20810736068,0.06902721224374544
48570.22030397858,0.08562217696781765
48601.23250059648,0.09790531364628004
48632.24469721438,0.10512689402990676
48663.25689383228,0.10666190061642279
48694.26909045018,0.10229602713560824
48725.28128706808,0.09215719490555582
48756.29348368598,0.07664840120998187
48787.30568030388,0.05662724210246349
48818.31787692178,0.0331731167203962
48849.33007353968,0.007630646026330028
48880.342270157584,-0.01846006059642549
48911.35446677549,-0.04356267282040276
48942.36666339339,-0.06615568134514638
48973.37886001129,-0.08488029271155369
49004.39105662919,-0.09862914799364791
49034.794251315885,-0.10653773871239061
49065.19744600258,-0.10851716907168468
49095.600640689285,-0.10456244192931763
49126.00383537598,-0.09496503298479128
49156.40703006268,-0.08040427116375676
49186.81022474938,-0.06175548209521925
49217.21341943608,-0.04009437952970801
49247.61661412277,-0.016730115536421952
49278.01980880948,0.0071712320137735045
49308.42300349617,0.030309839444277488
49338.82619818287,0.051541161219905436
49369.22939286957,0.06991020842600282
49399.63258755627,0.08453138028023366
49430.035782242965,0.09486603442757546
49460.43897692967,0.10052165878537425
49490.842171616365,0.10136111862170992
49521.24536630306,0.09747476601416834
49551.648560989765,0.08914817239615883
49582.05175567646,0.07686531252208437
49612.45495036316,0.061232036046676756
49642.85814504986,0.04302454547556077
49673.26133973656,0.023052313930928284
49734.06772910996,-0.018606976469170144
49764.47092379665,-0.03851178119345829
49794.87411848335,-0.05666790049255589
49825.27731317005,-0.07230155591061549
49855.68050785675,-0.08477210321377801
49886.083702543445,-0.09353823634658247
49916.48689723015,-0.09821278303116207
49946.890091916845,-0.09857216411842343
49977.29328660354,-0.09455308617185501
50007.69648129024,-0.08628421256488872
50038.09967597693,-0.07405956266675864
50068.50287066364,-0.058337332524967075
50098.90606535033,-0.03977444838377142
50129.30926003703,-0.01915855447443734
50159.71245472373,0.00269464083392346
50190.11564941043,0.024719226371081135
50220.518844097125,0.0458804424498908
50250.92203878383,0.06519219509383731
50281.325233470525,0.08164155445377673
50311.72842815722,0.0942817221310483
50342.131622843925,0.1023945695934789
50372.53481753062,0.10543985003857506
50402.93801221732,0.10304537194132922
50433.34120690402,0.09522135441414044
50463.74440159072,0.08223118292162468
50494.14759627741,0.06456022039508015
50524.55079096412,0.043150754605984366
50554.95398565081,0.01913645622020569
50585.35718033751,-0.0063044208325516455
50615.76037502421,-0.03162142822390552
50646.16356971091,-0.055370415896651405
50676.566764397605,-0.0761842187469318
50706.96995908431,-0.09276483163568042
50737.373153771005,-0.10412664203571245
50767.7763484577,-0.1095836522318971
50798.179543144404,-0.10880937864584402
50828.5827378311,-0.10187719752727675
50858.9859325178,-0.08923429664457483
50889.3891272045,-0.07165282703385724
50919.7923218912,-0.0502662843247422
50950.19551657789,-0.0262876778540943
50983.17848484359,0.0009805021589514322
51016.16145310929,0.027792541058359703
51049.14442137499,0.05248648729703288
51082.12738964069,0.07345831706687311
51115.11035790639,0.0896153044990927
51148.09332617209,0.10004714313650367
51181.07629443779,0.10434187081463933
51214.05926270349,0.10241443085813376
51247.04223096919,0.09459040895686704
51280.02519923489,0.08146908075365004
51313.00816750059,0.0639706623295007
51345.99113576629,0.04316355920663152
51378.97410403199,0.020267033582439548
51411.95707229769,-0.003421062991378357
51444.94004056339,-0.026660391759120845
51477.92300882909,-0.04819991851551021
51510.90597709479,-0.0669867162222356
51543.88894536049,-0.08207394324722
51576.87191362619,-0.09273882990086073
51609.85488189189,-0.09847280040044487
51642.83785015759,-0.09900591791273132
51675.82081842329,-0.09432582128927497
51708.80378668899,-0.0846608734212905
51741.78675495469,-0.07048556669259243
51774.769723220394,-0.0524875116486618
51807.752691486094,-0.03155677329669927
51840.735659751794,-0.008756155908614177
51873.718628017494,0.014774400821411739
51906.701596283194,0.03777481724629053
51939.684564548894,0.05897463973971792
51972.667532814594,0.07720611817977993
52005.6505010803,0.09135002805561564
52038.63346934601,0.10046988685137676
52071.61643761171,0.10392182569847971
52104.59940587741,0.10128331202408959
52137.58237414311,0.09252490641314164
52170.56534240881,0.07802143185358067
52203.54831067451,0.05834998387018545
52236.53127894021,0.03469208649355221
52269.51424720591,0.00846905267317394
52302.49721547161,-0.018835818252596306
52335.48018373731,-0.04533147669894523
52368.46315200301,-0.06918435546753139
52401.44612026871,-0.08879734860399273
52434.42908853441,-0.10266590752172652
52467.41205680011,-0.10973985153351556
52500.39502506581,-0.10942813507255222
52533.37799333151,-0.10167031831050108
52566.36096159721,-0.08697578707151385
52599.34392986291,-0.06635919316849327
52632.32689812861,-0.04128256716720566
52665.30986639431,-0.013551809850071265
52698.29283466001,0.014926585707565308
52731.27580292571,0.04210860755571716
52764.25877119141,0.06623050599819405
52797.24173945711,0.08569809391635433
52830.22470772281,0.0993281699229095
52863.20767598851,0.10640173853963679
52896.19064425421,0.10661752484325174
52929.17361251991,0.10018729543204571
52962.15658078561,0.08769760612687325
52995.13954905131,0.07012072161982144
53028.12251731701,0.048627325604742394
53061.10548558271,0.02467633769743502
53091.88506416211,0.0013298340083491298
53122.6646427415,-0.021708956178134342
53153.4442213209,-0.043342442879763673
53184.2237999003,-0.06256613984772288
53215.00337847969,-0.07848450144788911
53245.782957059084,-0.09044787305362437
53276.562535638484,-0.09795143889888072
53307.34211421788,-0.10073027127537652
53338.12169279727,-0.0987181304482149
53368.90127137667,-0.09206683173686152
53399.680849956065,-0.08111536009895706
53430.46042853546,-0.06638291184925763
53461.24000711486,-0.04856048723110336
53492.01958569425,-0.02844300296645009
53553.578742853046,0.014951274705626913
53584.358321432446,0.03627848897895341
53615.13790001184,0.05601659247395295
53645.91747859123,0.07322815702000285
53676.69705717063,0.08708248158670517
53707.47663575003,0.09684469732809386
53738.25621432942,0.10195352745702743
53769.03579290882,0.1020715915595877
53799.815371488214,0.09704095588661307
53830.59495006761,0.08698433321614857
53861.37452864701,0.07230231701388319
53892.1541072264,0.05356009168066418
53922.933685805794,0.03163888834231711
53953.713264385195,0.007673273602515126
53984.49284296459,-0.01712861804100884
54015.27242154398,-0.041494300264092836
54046.05200012338,-0.06390094590445797
54076.83157870278,-0.08303344972472582
54107.611157282176,-0.09777573141669904
54138.39073586157,-0.1070333113546699
54169.17031444097,-0.1101394292369219
54199.94989302036,-0.10679786671065462
54230.729471599756,-0.09705096437007618
54261.50905017916,-0.08142760559490315
54292.28862875855,-0.06078487330113288
54323.06820733794,-0.03637831593837428
54353.84778591734,-0.009719579616147072
54384.62736449674,0.01753922363081493
54415.40694307613,0.043700360188111215
54446.18652165553,0.06711848147005678
54476.966100234924,0.08638651928641669
54507.74567881432,0.10037265819379383
54538.52525739372,0.10827169907159098
54569.30483597311,0.10975645685925858
54600.084414552504,0.10483917990809008
54630.863993131905,0.09398779313796804
54661.6435717113,0.07792826906234482
54692.42315029069,0.05778420781850732
54723.20272887009,0.03474272554025282
54784.76188602888,-0.014520257162963688
54815.54146460828,-0.038066103203519344
54846.32104318767,-0.05918880658258889
54877.100621767066,-0.07691772361209438
54907.880200346466,-0.0904264527135345
54938.65977892586,-0.0991355022063096
54969.43935750525,-0.10274966107106158
55000.21893608465,-0.10119578653908656
55030.99851466405,-0.09466805197818697
55064.35786682245,-0.08244169149507026
55097.71721898085,-0.06563155541982443
55131.076571139245,-0.04521563466848806
55164.43592329764,-0.022375571691377025
55197.79527545604,0.0016398228594672018
55231.154627614436,0.025514774462835756
55264.51397977283,0.047938257933053764
55297.87333193123,0.06770469922481356
55331.23268408963,0.08371146605082537
55364.592036248025,0.09505497110336442
55397.95138840642,0.10105252812557138
55431.31074056482,0.10128949467104656
55464.670092723216,0.09565998392984601
55498.02944488161,0.08434193148211164
55531.38879704001,0.06788266874904507
55564.74814919841,0.04711964791821836
55598.107501356804,0.023110243978432927
55631.4668535152,-0.002704240824361657
55664.8262056736,-0.028790184939621863
55698.185557831996,-0.05362648904272974
55731.54490999039,-0.07543531264172279
55764.90426214879,-0.09272672842708868
55798.26361430719,-0.10427666972147084
55831.622966465584,-0.10899246457716547
55864.98231862398,-0.1063797962155355
55898.34167078238,-0.09643863670055242
55931.701022940775,-0.07957526488203971
55965.06037509917,-0.05690535660291739
55998.41972725757,-0.029940356021356113
56031.77907941597,-0.0005239002214178252
56065.13843157436,0.029122536245430618
56098.49778373277,0.05683226452155073
56131.85713589117,0.08050467796311997
56165.21648804957,0.0983620014464063
56198.57584020797,0.10907588244709694
56231.93519236636,0.11189429108007864
56265.29454452476,0.10668861813134159
56298.65389668316,0.09393791281776025
56332.013248841555,0.07474208261436281
56365.37260099995,0.05053746186497228
56398.73195315835,0.02322870774188387
56432.091305316746,-0.005231874004111944
56465.45065747514,-0.0329294324049233
56498.81000963354,-0.057886392736567274
56532.16936179194,-0.07865404778734492
56565.528713950334,-0.0939962942290849
56598.88806610873,-0.10304002577771833
56632.24741826713,-0.10548895993258664
56665.606770425526,-0.10134231762014084
56698.96612258392,-0.09107738040871258
56732.32547474232,-0.07544835204867717
56765.68482690072,-0.055509985027364095
56799.044179059114,-0.03255146690811669
56832.40353121751,-0.007914571485407347
56865.76288337591,0.016945285117015076
56899.122235534305,0.04062777173725667
56932.4815876927,0.06183120614739579
56965.8409398511,0.07937595068332254
56999.2002920095,0.09232197812503833
57032.55964416789,0.09995232080191244
57065.91899632629,0.10183415668751747
57099.27834848469,0.09783950338375819
57132.637700643085,0.08813861055751401
57165.99705280149,0.0732251611929151
57198.74740302868,0.054250788794158955
57231.497753255884,0.03196207437881841
57264.24810348308,0.007574820321041786
57296.99845371027,-0.017590868118233176
57329.748803937466,-0.04212299188334323
57362.49915416466,-0.06449855278680067
57395.24950439185,-0.08334056788621724
57427.99985461905,-0.09744778458487133
57460.75020484624,-0.10570166099258531
57493.500555073435,-0.10744145802151127
57526.250905300636,-0.10233013931395889
57559.00125552783,-0.09043674402908107
57591.751605755024,-0.07240169594202332
57624.501955982225,-0.04921055520542101
57657.25230620942,-0.02224878506990146
57690.00265643661,0.006589019232351664
57722.75300666381,0.03535901300200107
57755.503356891,0.062039950765833934
57788.2537071182,0.08458897779628301
57821.004057345395,0.10135708803557746
57853.75440757259,0.11101104314849684
57886.50475779979,0.11279692588154352
57919.255108026984,0.10656071345883089
57952.00545825418,0.0927575523556345
57984.75580848137,0.07245460608753904
58017.506158708566,0.047169656379849274
58050.25650893576,0.018788462509430094
58083.00685916295,-0.010568918555529602
58115.75720939015,-0.03889183861546697
58148.50755961734,-0.06412419399213756
58181.25790984454,-0.08470732688113475
58214.008260071736,-0.09932811777336316
58246.75861029893,-0.10719992237084876
58279.50896052613,-0.10800978959359596
58312.259310753325,-0.10192487182776734
58345.00966098052,-0.08953406055030125
58377.76001120771,-0.07179850897373709
58410.51036143491,-0.04997190671314367
58443.2607116621,-0.02544478528664014
58476.011061889294,0.0002023195172147185
58508.76141211649,0.025508116372390505
58541.51176234368,0.04898128207801089
58574.26211257088,0.0693530043811265
58607.01246279808,0.08552748688376217
58639.76281302527,0.09666613554099639
58672.51316325247,0.10222238181229096
58705.263513479666,0.10194008743298111
58738.01386370686,0.095875082848139
58770.76421393405,0.08437467077591498
58803.51456416125,0.0680780663085849
58836.26491438845,0.04785406066562682
58869.01526461564,0.024804993983949045
58901.765614842836,0.0001819739685454127
58934.51596507004,-0.024669969729341597
58967.26631529723,-0.04831809910855659
59000.016665524425,-0.06939998364535307
59032.76701575162,-0.08665345057221088
59065.51736597881,-0.09892686671384035
59098.267716206006,-0.10538250343848422
59131.0180664332,-0.1054512057412419
59163.768416660394,-0.09891772927012295
59196.51876688759,-0.086031930360088
59229.26911711479,-0.06732393099057003
59262.01946734198,-0.043879291639493584
59292.56642788288,-0.019019319922372845
59323.113388423764,0.0074194085597129
59353.66034896466,0.03389745896257529
59384.20730950555,0.05870662701973399
59414.75427004644,0.08030454403954344
59445.301230587334,0.09735889051876544
59475.84819112823,0.10859019441399843
59506.395151669116,0.11319006184027014
59536.94211221,0.11075184403865777
59567.4890727509,0.10133440279072291
59598.03603329179,0.08548722638708817
59628.58299383268,0.06417853981201549
59659.129954373566,0.038815898869004085
59689.67691491446,0.011018929700165566
59720.223875455355,-0.017344813335476945
59750.77083599624,-0.044479376826214646
59781.31779653713,-0.06863609179593878
59811.86475707802,-0.08832498390032348
59842.41171761892,-0.10239260350678316
59872.958678159805,-0.11006100164245856
59903.50563870069,-0.1110253062849083
59934.052599241586,-0.10537025358463684
59964.59955978248,-0.09363406333901954
59995.14652032337,-0.07663565587164922
60025.693480864255,-0.05555209051402236
60056.24044140515,-0.031638108678612435
60086.78740194604,-0.006387424105104954
60117.33436248693,0.018850895608869832
60147.88132302782,0.04263895019215043
60178.42828356871,0.06380264766679002
60208.975244109606,0.08125693544349882
60239.52220465049,0.09420772791361094
60270.06916519138,0.10207624274873525
60300.616125732275,0.1045737635377128
60331.16308627317,0.10166899326479394
60361.710046814056,0.09358089464802886
60392.25700735494,0.08079126363663976
60422.80396789584,0.06396543229390722
60453.35092843673,0.04395433296296126
60483.89788897762,0.02177011271223208
60514.444849518506,-0.0015204869492509178
60544.9918100594,-0.024769232777229064
60575.538770600295,-0.04682675721138977
60606.08573114118,-0.06662268071580314
60636.63269168207,-0.08312509784989541
60667.17965222296,-0.09547182972522714
60697.72661276386,-0.102988802009657
60728.273573304745,-0.10518599267975305
60758.82053384563,-0.10184865761285214
60789.367494386526,-0.09304147680065547
60819.91445492742,-0.07904720287079985
60850.46141546831,-0.06052404016215429
60881.008376009195,-0.038384496905948896
60911.55533655009,-0.013668489619295478
60972.64925763187,0.03787987617128607
61003.19621817276,0.0617442987487048
61033.74317871365,0.08243033353730606
61064.29013925455,0.0984665197968204
61094.83709979543,0.10878116762804196
61125.38406033632,0.11261181856988495
61155.931020877215,0.1094696955780965
61186.47798141811,0.09943445300396055
61217.024941958996,0.08301529410001487
61250.15167607889,0.059075341669065445
61283.27841019878,0.03052499711043921
61316.405144318676,-0.000532088758612465
61349.53187843857,-0.03164200285640629
61382.65861255846,-0.06037089339263302
61415.785346678356,-0.0844893540395543
61448.91208079825,-0.10213845216439431
61482.03881491814,-0.11200101306723124
61515.16554903803,-0.11344014082404956
61548.29228315792,-0.10647955255829593
61581.41901727782,-0.09182101211948146
61614.54575139771,-0.07071136071788683
61647.6724855176,-0.0448976866764786
61680.7992196375,-0.01628419785411822
61713.92595375739,0.012905950542134927
61747.05268787728,0.04075635730699684
61780.17942199717,0.06531870736604174
61813.30615611706,0.085104768756444
61846.43289023696,0.09893363563208982
61879.55962435685,0.1060904427877215
61912.68635847674,0.10630777174558116
61945.81309259664,0.09976152330280116
61978.93982671653,0.0870133749087559
62012.06656083642,0.0689931988094758
62045.19329495631,0.04688613868075155
62078.3200290762,0.022086788629680967
62111.4467631961,-0.0038863650915043654
62144.57349731599,-0.02949761016697009
62177.70023143588,-0.05321971539415569
62210.82696555578,-0.07368469661819281
62243.95369967567,-0.0896800575287619
62277.08043379556,-0.10024997341639202
62310.207167915454,-0.1047334372381286
62343.333902035345,-0.1028051729244531
62376.46063615524,-0.09449461391969073
62409.587370275134,-0.08019433051807896
62442.714104395025,-0.060688661887792233
62475.84083851492,-0.03704043625867812
62508.967572634814,-0.010650570791859344
62542.094306754705,0.016822838188560608
62575.221040874596,0.04368775538072902
62608.34777499449,0.06810930288079889
62641.474509114385,0.08831584760731968
62674.601243234276,0.1028477662987957
62707.72797735417,0.11044450405502215
62740.854711474065,0.11032895221607703
62773.981445593956,0.10230061731115765
62807.10817971385,0.08661528573038789
62840.23491383374,0.06430252926852326
62873.36164795363,0.03687074982644412
62906.48838207353,0.0062430266808630765
62939.61511619342,-0.025160924190066374
62972.74185031331,-0.0549633815681802
63005.86858443321,-0.0807266944118147
63038.9953185531,-0.10036016251546553
63072.12205267299,-0.11227410951122113
63105.24878679288,-0.11549402124465341
63138.37552091277,-0.10979481777740255
63171.50225503266,-0.09569580915309575
63204.62898915255,-0.07438469907610759
63237.75572327244,-0.04768320399048894
63270.882457392334,-0.017667638088290232
63304.00919151223,0.013203895375149037
63337.13592563212,0.042679703123225624
63368.059270065714,0.06702638220047133
63398.9826144993,0.08677204364055291
63429.90595893289,0.10088138541876225
63460.82930336648,0.10858899501611996
63491.752647800065,0.10965557545596982
63522.67599223366,0.10417872719340575
63553.59933666725,0.09269466718162653
63584.52268110083,0.07600198154214179
63615.44602553442,0.055187137275812266
63646.36936996801,0.031538161452923014
63677.2927144016,0.006385446820238208
63708.21605883518,-0.01881899451285022
63739.13940326877,-0.04274641031499947
63770.06274770236,-0.0641276493832229
63800.98609213595,-0.08184960321975444
63831.909436569535,-0.0950269333413321
63862.83278100312,-0.10299059305239039
63893.75612543671,-0.10535287320871867
63924.6794698703,-0.10199451944253746
63955.602814303886,-0.09308937299692402
63986.52615873747,-0.07907340602174275
64017.44950317106,-0.06065853437595624
64048.37284760465,-0.03878983614774789
64079.29619203824,-0.014577045399657183
64110.21953647182,0.01069197370452397
64141.14288090541,0.0356267938530768
64172.066225339004,0.058862755844532835
64202.98956977259,0.07905090659082209
64233.91291420618,0.09491450846734834
64264.83625863977,0.105443214222977
64295.759603073355,0.1098695713212007
64326.682947506946,0.10769860213423813
64357.60629194054,0.0989114804823632
64388.52963637412,0.08380336014596451
64419.45298080771,0.06312018952104571
64450.376325241305,0.0380975026187387
64481.29966967489,0.010213004951374158
64512.22301410848,-0.018881695619181318
64543.14635854207,-0.04709183652553968
64574.069702975656,-0.07248834355819711
64604.99304740924,-0.09335634847255118
64635.91639184283,-0.10806363451384583
64666.83973627642,-0.1155027041328612
64697.76308071001,-0.11506002005504559
64728.68642514359,-0.10668197227128387
64759.60976957718,-0.09093891692829069
64790.533114010774,-0.06893883287354227
64821.45645844436,-0.04224468480068984
64852.37980287794,-0.012810918023100883
64883.30314731153,0.017305808986221742
64914.226491745125,0.0460078359883785
64945.14983617871,0.07127615649669039
64976.07318061229,0.09154863677307748
65006.996525045884,0.10550598327677885
65037.919869479476,0.11241679433931093
65068.84321391306,0.1119954502968234
65099.766558346644,0.10448450600061666
65130.689902780236,0.0905500613678109
65161.61324721383,0.0712295599158573
65192.53659164741,0.047903490996159044
65223.459936081,0.022021451341752124
65254.383280514594,-0.004735865045845554
65285.30662494818,-0.030837771334895923
65316.22996938177,-0.05478961073894674
65346.54431188415,-0.07489236823621681
65376.85865438654,-0.09066380602108973
65407.17299688893,-0.10131600266555964
65437.487339391315,-0.10638633640976516
65467.8016818937,-0.10567922367227031
65498.116024396084,-0.09930282920416694
65528.430366898465,-0.0876333591061353
65558.74470940085,-0.0713094987675934
65589.05905190323,-0.05118466328479034
65619.37339440561,-0.028302887385599416
65649.687736908,-0.0038471046555079687
65680.00207941039,0.020921432195282277
65710.31642191278,0.04470715008644021
65740.63076441517,0.06623097491750697
65770.94510691756,0.08433203493544776
65801.25944941994,0.09796585662015452
65831.57379192233,0.10628970395482923
65861.88813442472,0.10874939068709773
65892.20247692711,0.10504117815722422
65922.5168194295,0.09521919855113102
65952.83116193188,0.07971656783163626
65983.14550443427,0.05920335188922859
66013.45984693666,0.034790757940290705
66043.77418943903,0.007891914953726223
66074.08853194141,-0.019980702358732217
66104.4028744438,-0.047131587066486506
66134.71721694618,-0.07170229611297094
66165.03155944857,-0.0920707000876523
66195.34590195096,-0.10686854572870519
66225.66024445335,-0.11483910880646392
66255.97458695574,-0.115345315358211
66286.28892945813,-0.10819486789315826
66316.60327196051,-0.09373060723578672
66346.9176144629,-0.07287317263444154
66377.23195696529,-0.04696104256642556
66407.54629946768,-0.01779741802445897
66437.86064197007,0.012591865102301751
66468.17498447245,0.0420978689343363
66498.48932697484,0.06868244936384811
66528.80366947722,0.09047554317515613
66559.11801197959,0.10609632119045041
66589.43235448198,0.11452824535484754
66619.74669698437,0.11534985716547068
66650.06103948675,0.10864147970938459
66680.37538198914,0.09503370665575522
66710.68972449153,0.0755669085672909
66741.00406699392,0.0516103983929079
66771.3184094963,0.024865706428701975
66801.6327519987,-0.0030280587602160725
66831.94709450108,-0.030255289965490734
66862.26143700347,-0.05524990532544269
66892.57577950585,-0.07660019944291409
66922.89012200822,-0.09312195211087912
66953.2044645106,-0.10403912986251498
66983.518807013,-0.10883823885296696
67013.83314951538,-0.10740922839495833
67044.14749201777,-0.09994450456718004
67074.46183452016,-0.08697955579707489
67104.77617702255,-0.06928868992247998
67135.09051952494,-0.04789647286412474
67165.40486202732,-0.02398415114540705
67195.71920452971,0.001162897525331799
67226.0335470321,0.026185239953762426
67256.34788953447,0.0497733424570828
67289.24200561587,0.07227832122719996
67322.13612169726,0.09018261744492016
67355.03023777864,0.10232251346081364
67387.92435386003,0.1078560060076604
67420.81846994141,0.10633969883821716
67453.7125860228,0.09772620200666168
67486.60670210418,0.08245325373120922
67519.50081818557,0.061369025901946914
67552.39493426695,0.03571106069167374
67585.28905034834,0.00717734158206128
67618.18316642972,-0.022364370821612918
67651.07728251112,-0.050894455040017605
67683.97139859252,-0.07620570435534073
67716.8655146739,-0.09638725635161258
67749.75963075529,-0.10977973511430217
67782.65374683667,-0.11505317889312341
67815.54786291806,-0.11162273094997678
67848.44197899944,-0.09942028341994363
67881.33609508083,-0.07921888593312251
67914.23021116223,-0.05249944846271861
67947.12432724363,-0.02121454613979587
67980.01844332501,0.012032144971264253
68012.9125594064,0.044552065834797046
68045.80667548778,0.07359273393946476
68078.70079156916,0.09668838997081125
68111.59490765055,0.11190632032218241
68144.48902373193,0.11799470212884786
68177.38313981332,0.11451552376822358
68210.2772558947,0.10187130945772031
68243.17137197609,0.08123609918483823
68276.06548805747,0.05445246006644987
68308.95960413887,0.023738534731595193
68341.85372022027,-0.008287437432184597
68374.74783630166,-0.039234752599101974
68407.64195238304,-0.06666281819610631
68440.53606846443,-0.08870670840018766
68473.43018454581,-0.10386323923932238
68506.3243006272,-0.11126062178950422
68539.21841670858,-0.11059631040700468
68572.11253278996,-0.10216286316734015
68605.00664887135,-0.08673567346636922
68637.90076495273,-0.06556742093592087
68670.79488103412,-0.040193489564991816
68703.68899711552,-0.012389827786328925
68736.58311319692,0.01596931698920406
68769.4772292783,0.043045981885828324
68802.37134535969,0.06709027566245807
68835.26546144107,0.08659988010908792
68868.15957752246,0.1003387655212496
68901.05369360384,0.10744594544087221
68933.94780968523,0.10745079096787491
68966.84192576662,0.10032218473479919
68999.73604184802,0.08645081779478565
69032.63015792941,0.0666742068490909
69065.5242740108,0.042196673707370014
69098.41839009218,0.014541319458389625
69131.31250617356,-0.014450683338371805
69164.20662225495,-0.04286041016381373
69197.10073833633,-0.06871783693734097
69229.99485441772,-0.09005599700458278
69262.8889704991,-0.10525510602352796
69295.78308658049,-0.11299619210389357
69328.67720266187,-0.11242184213821808
69361.57131874327,-0.10336470002252998
69392.26204513834,-0.0875263436829207
69422.95277153343,-0.06550362777972668
69453.64349792851,-0.038694843517610086
69484.3342243236,-0.00872193626803786
69515.02495071868,0.022282620144234083
69545.71567711377,0.052039432974020625
69576.40640350885,0.07842157532954455
69607.09712990394,0.09941026824007906
69637.78785629902,0.1133531632020358
69668.47858269411,0.11916453492854642
69699.1693090892,0.11633458846485337
69729.86003548426,0.10506266096675107
69760.55076187933,0.08621331651455463
69791.24148827442,0.061203837813223194
69821.9322146695,0.03198104850183621
69852.62294106459,0.0007051443534114949
69883.31366745968,-0.030322688157339826
69914.00439385476,-0.05882461247232601
69944.69512024985,-0.08292041744393859
69975.38584664493,-0.1009434373696733
70006.07657304002,-0.11187312700527613
70036.7672994351,-0.1151235877168175
70067.45802583019,-0.11071140147672466
70098.14875222526,-0.09912140135787118
70128.83947862033,-0.08133204914774345
70159.53020501541,-0.05863182402134264
70190.2209314105,-0.03256537113300442
70220.91165780558,-0.004869975919677135
70251.60238420067,0.022784419714047738
70282.29311059575,0.04867504010670797
70312.98383699084,0.07134336677250867
70343.67456338592,0.0895046705904553
70374.36528978101,0.10215702667922325
70405.0560161761,0.10865725384350727
70435.74674257118,0.1086832683606791
70466.43746896627,0.10228736627403989
70497.12819536135,0.08985902930230909
70527.81892175644,0.07212155919454548
70558.50964815152,0.050075986870592136
70589.20037454659,0.024977618152023796
70619.89110094166,-0.0017538930279731237
70650.58182733675,-0.028574895240548265
70681.27255373183,-0.053895521829871236
70711.96328012692,-0.07621954113082106
70742.654006522,-0.0941065351056776
70773.34473291709,-0.10637978168993452
70804.03545931217,-0.1121648865881623
70834.72618570726,-0.110878094958521
70865.41691210234,-0.10244810710535865
70896.10763849743,-0.08721523418804533
70926.79836489251,-0.06587929524419162
70957.4890912876,-0.03978226343897928
70988.17981768269,-0.010588789089502403
71018.87054407777,0.01988707816296936
71049.56127047286,0.049533092997689245
71080.25199686793,0.07608107251094645
71110.942723263,0.0975652330803674
71141.63344965808,0.11237174320746621
71172.32417605317,0.11914474612505126
71203.01490244825,0.11727041136013772
71233.70562884334,0.10673178761987644
71264.39635523842,0.08822830514838986
71295.08708163351,0.0631245657451845
71325.7778080286,0.033291578706983745
71359.04830800268,-0.0017414967277639254
71392.31880797676,-0.03648183702571241
71425.58930795084,-0.0678661933520519
71458.85980792494,-0.09318847290349684
71492.13030789903,-0.1102665979878367
71525.40080787311,-0.11787921967447787
71558.6713078472,-0.11553918230891216
71591.94180782128,-0.1037496425237411
71625.21230779536,-0.08367027251849213
71658.48280776944,-0.05729130419794287
71691.75330774352,-0.026795210247136204
71725.02380771762,0.005263692275115324
71758.29430769171,0.0363477381802151
71791.5648076658,0.06419827115963109
71824.83530763988,0.08673788466107245
71858.10580761396,0.10253618824431261
71891.37630758804,0.11057311783365582
71924.64680756212,0.11046306086109604
71957.9173075362,0.10235751984227501
71991.1878075103,0.08697511800607771
72024.4583074844,0.06546404716348773
72057.72880745848,0.03938388103816903
72090.99930743256,0.010561868883469563
72124.26980740664,-0.019006138232194887
72157.54030738072,-0.04727051765784724
72190.8108073548,-0.0722678190551888
72224.08130732889,-0.09221403899432976
72257.35180730297,-0.10565785557176968
72290.62230727705,-0.11151962101060811
72323.89280725113,-0.10924603438847455
72357.16330722522,-0.09881047767541798
72390.43380719931,-0.08076639314552468
72423.70430717341,-0.056305886911297925
72456.97480714749,-0.027029241333933057
72490.24530712157,0.0049010892675465795
72523.51580709565,0.03698204245371728
72556.78630706973,0.06675143523540084
72590.05680704382,0.09160351624017564
72623.3273070179,0.10926832501700737
72656.59780699198,0.11809870222250063
72689.86830696606,0.11697275111050028
72723.13880694014,0.10575271425247532
72756.40930691423,0.08517651940537943
72789.67980688832,0.05686545786010032
72822.95030686242,0.023296368824590005
72856.2208068365,-0.012607430839196765
72889.49130681058,-0.04751560663097278
72922.76180678466,-0.07823071926448968
72956.03230675875,-0.1019453496153148
72989.30280673283,-0.11650420308898496
73022.57330670691,-0.12068216494521566
73055.843806681,-0.11421852683785524
73089.1143066551,-0.09791457022930547
73122.38480662918,-0.07336042008205568
73155.65530660326,-0.042923736851778395
73188.92580657735,-0.009350485212745223
73222.19630655143,0.02447460384978402
73255.46680652551,0.05567225022197957
73288.73730649959,0.08188136868335502
73322.00780647369,0.10105615871350697
73355.27830644778,0.1119836379085477
73388.54880642187,0.11401327100905932
73421.81930639595,0.10726364349994261
73455.08980637003,0.09244622610034323
73486.15691665781,0.07248384906452748
73517.2240269456,0.047992378887849955
73548.29113723338,0.02063591612631672
73579.35824752116,-0.007850698195285492
73610.42535780894,-0.03566917672250687
73641.49246809672,-0.061093295708381026
73672.5595783845,-0.08256820838071258
73703.62668867227,-0.09876556100810546
73734.69379896004,-0.1086818728562659
73765.76090924782,-0.1116677546010692
73796.8280195356,-0.1074905603208265
73827.89512982339,-0.09632170229959428
73858.96224011117,-0.07878530818040799
73890.02935039895,-0.05591047338881799
73921.09646068673,-0.02901325690312
73952.16357097452,0.00016164021932809454
73983.2306812623,0.02971885354366866
74014.29779155008,0.05776442328086341
74045.36490183786,0.08222687969749345
74076.43201212565,0.10129365271460045
74107.49912241343,0.11350991390616366
74138.56623270121,0.1177014881969705
74169.633342989,0.11333200445680991
74200.70045327676,0.10050516067519596
74231.76756356453,0.079833915248091
74262.83467385231,0.05279071617330417
74293.9017841401,0.02134545354765879
74324.96889442788,-0.012246452785021782
74356.03600471566,-0.045200912639413934
74387.10311500344,-0.07489399061897285
74418.17022529122,-0.09886837220847411
74449.237335579,-0.11506894874787156
74480.30444586679,-0.12213912960169754
74511.37155615457,-0.11947056402927385
74542.43866644235,-0.10729154472890762
74573.50577673013,-0.0866814493503059
74604.57288701792,-0.05935038514885932
74635.6399973057,-0.02762470635110187
74666.70710759348,0.0059025551598125
74697.77421788125,0.03863085703612726
74728.84132816902,0.06788364810725138
74759.9084384568,0.09166441011372792
74790.97554874458,0.1082512997197547
74822.04265903236,0.11662559002557753
74853.10976932014,0.1164140252802064
74884.17687960793,0.10786729152663385
74915.24398989571,0.09183544897064277
74946.31110018349,0.06960972264730092
74977.37821047127,0.04293140315820179
75008.44532075906,0.013649900838869718
75039.51243104684,-0.016167690256802307
75070.57954133462,-0.04457288693397541
75101.6466516224,-0.0697385481604748
75132.71376191018,-0.09006647447554408
75163.78087219797,-0.10433530177004821
75194.84798248573,-0.11167761538967327
75225.9150927735,-0.11168012607429119
75256.98220306128,-0.10436316605149645
75288.04931334907,-0.09019927495719132
75319.11642363685,-0.07006110743927385
75350.18353392463,-0.04521169733571467
75381.25064421241,-0.01720041241495343
75412.3177545002,0.012200654025623793
75443.38486478798,0.04105353570739088
75473.84297314455,0.06697419098035823
75504.30108150114,0.08882753595350565
75534.75918985772,0.10503571805303416
75565.2172982143,0.11440923367232105
75595.67540657087,0.11613225543831732
75626.13351492745,0.10982260000612253
75656.59162328404,0.09573945298997302
75687.04973164061,0.07458983328227412
75717.50783999718,0.04766901667128441
75747.96594835377,0.016869256263863597
75778.42405671036,-0.01567497347106241
75808.88216506693,-0.047644152629083385
75839.3402734235,-0.07640727860329133
75869.79838178007,-0.09969143767671947
75900.25649013664,-0.11562706741269696
75930.71459849323,-0.12271069814719973
75961.17270684981,-0.12028770917877929
75991.63081520639,-0.10841516824105898
76022.08892356296,-0.08798983358244239
76052.54703191953,-0.0606355518391222
76083.0051402761,-0.02854747052233566
76113.46324863269,0.00567186353985049
76143.92135698927,0.03922761150299338
76174.37946534585,0.06952708750320688
76204.83757370242,0.09416391294615119
76235.295682059,0.11136944648373168
76265.75379041559,0.11996158053019815
76296.21189877216,0.11947674031135419
76326.67000712873,0.11019426617643757
76357.12811548532,0.09301048812283026
76387.5862238419,0.06942604922361789
76418.04433219848,0.041222115968718935
76448.50244055505,0.010637564770356251
76478.96054891164,-0.020260667204455192
76509.41865726822,-0.04931178689976003
76539.8767656248,-0.07459902502623694
76570.33487398137,-0.09456811203612667
76600.79298233795,-0.10797952380659981
76631.25109069454,-0.11412781262367835
76661.70919905111,-0.11272152596338389
76692.16730740768,-0.10396898232628075
76722.62541576427,-0.08849776086380172
76753.08352412086,-0.06735351355521853
76783.54163247743,-0.04188720222855663
76813.999740834,-0.013719872729761665
76844.45784919057,0.015394793721974586
76874.91595754714,0.043603252362665615
76905.37406590373,0.06910444215339621
76935.83217426031,0.09025601233617417
76966.29028261689,0.105613005756181
76996.74839097346,0.11407852232492346
77027.20649933003,0.1149764025763663
77057.6646076866,0.10804476565454423
77088.12271604319,0.09358860028905105
77118.58082439977,0.07242169305578988
77149.03893275635,0.04573441724601318
77179.49704111292,0.01536652913089402
77209.9551494695,-0.016582979529763103
77240.41325782609,-0.04797127616783718
77270.87136618266,-0.07629231203325919
77301.32947453923,-0.09929818584876185
77331.78758289582,-0.11515460607073373
77362.2456912524,-0.12235076614085884
77392.70379960898,-0.12008819231273951
77425.74168154456,-0.10696853616832344
77458.77956348014,-0.08369256780917078
77491.81744541571,-0.05238105214235583
77524.8553273513,-0.015890480589774734
77557.89320928688,0.022234488449253395
77590.93109122245,0.058286612616686106
77623.96897315803,0.08878109242828004
77657.00685509361,0.11078290300499868
77690.0447370292,0.12225132040618591
77723.08261896478,0.12224876022069167
77756.12050090036,0.11097916588636904
77789.15838283594,0.08972627897950142
77822.19626477153,0.06068210837448226
77855.23414670711,0.026702818694755128
77888.27202864268,-0.009108842062266207
77921.30991057826,-0.043466855292849146
77954.34779251384,-0.0735746676475447
77987.38567444941,-0.09690406306065999
78020.423556385,-0.11179588970992674
78053.46143832058,-0.1172199161321673
78086.49932025616,-0.1130142449402452
78119.53720219174,-0.09972687665104206
78152.57508412733,-0.07862467908618838
78185.61296606291,-0.05146506766488508
78218.65084799849,-0.020485028668802665
78251.68872993407,0.011934691829166559
78284.72661186964,0.04328180580293353
78317.76449380523,0.07118686248851107
78350.80237574081,0.09352151890025233
78383.84025767638,0.10857655240535002
78416.87813961196,0.11513762125802662
78449.91602154754,0.11262383849426862
78482.95390348313,0.10108539173532119
78515.99178541871,0.0812867893002526
78549.02966735428,0.0546507948190189
78582.06754928986,0.02308480553958922
78615.10543122544,-0.01086044503938834
78648.14331316101,-0.04443106242452275
78681.1811950966,-0.07488635010219453
78714.21907703218,-0.09933783718608394
78747.25695896776,-0.11550049923192351
78780.29484090334,-0.12168897452421758
78813.33272283891,-0.11692020593935722
78846.37060477449,-0.10139094051895531
78879.40848671008,-0.07611319241365917
78912.44636864564,-0.04330393947699737
78945.48425058123,-0.006017749816424535
78978.52213251681,0.032340213090961537
79011.56001445239,0.06786993849375889
79044.59789638798,0.09706343431603451
79077.63577832354,0.1169359387518647
79110.67366025913,0.12546030526131824
79143.71154219471,0.12181253537698453
79176.74942413028,0.10639816026587039
79209.78730606586,0.08090958001798457
79242.82518800144,0.04791595008269073
79275.86306993703,0.01080198276460198
79308.90095187261,-0.026844824590034462
79341.93883380819,-0.061464805398910555
79374.97671574377,-0.08991195961588612
79408.01459767936,-0.10981791030476733
79441.05247961494,-0.11960050328316696
79474.09036155051,-0.11873964513057857
79507.12824348609,-0.1076119560426404
79537.96273573537,-0.0890487844722349
79568.79722798464,-0.06417522048277569
79599.63172023391,-0.03495808973304861
79630.46621248318,-0.0035367173175974093
79661.30070473245,0.02776693944873507
79692.13519698173,0.05682726104170187
79722.96968923102,0.08163647259467408
79753.80418148029,0.1005401182372794
79784.63867372955,0.11229933745352817
79815.47316597884,0.11614019578713722
79846.30765822812,0.11182090234890385
79877.14215047739,0.09962326514925442
79907.97664272666,0.0803466859566479
79938.81113497594,0.05526101813283914
79969.64562722523,0.026060128259805967
80000.4801194745,-0.005313004371964008
80031.31461172376,-0.03661923586839588
80062.14910397305,-0.06563495405116132
80092.98359622233,-0.09020831074934033
80123.8180884716,-0.10836908986976546
80154.65258072087,-0.11862923720028085
80185.48707297015,-0.11992368133139628
80216.32156521943,-0.11190654274354023
80247.1560574687,-0.0949658095399199
80277.99054971797,-0.07004576551186158
80308.82504196725,-0.03905564680746834
80339.65953421654,-0.004422057310069526
80370.4940264658,0.03122371125583883
80401.32851871508,0.06474004954243565
80432.16301096436,0.09314110630254549
80462.99750321364,0.11392715060202237
80493.83199546291,0.1250870121592506
80524.66648771218,0.12550512003048978
80555.50097996146,0.11502867485964102
80586.33547221075,0.09452219188261074
80617.16996446002,0.06581451471383769
80648.00445670928,0.031477439929641
80678.83894895857,-0.005438965223368056
80709.67344120785,-0.041570215529951535
80740.50793345712,-0.07387766213293444
80771.34242570639,-0.09956261915746986
80802.17691795567,-0.11661109952640539
80833.01141020496,-0.12377134243120314
80863.84590245422,-0.12069938440855518
80894.6803947035,-0.1079100298407826
80925.51488695278,-0.08670920398496619
80956.34937920206,-0.05900813436420951
80987.18387145133,-0.027116069725893463
81018.0183637006,0.006341938445420277
81048.85285594988,0.038877165190645505
81079.68734819916,0.06800154443251946
81110.52184044843,0.0917129207137998
81141.3563326977,0.10836570979828511
81172.19082494699,0.11689693309819249
81203.02531719627,0.11682218198827646
81233.85980944554,0.10825127433375291
81264.6943016948,0.09187262033278697
81295.52879394409,0.068878232293961
81326.36328619337,0.040921613317772616
81357.19777844264,0.00995312767987748
81388.03227069191,-0.021835752715414495
81418.86676294118,-0.052217756235458844
81449.70125519045,-0.07897170351020724
81480.53574743973,-0.10013097234859933
81513.95001326801,-0.11484739347406592
81547.36427909628,-0.1195957024419162
81580.77854492456,-0.11371428059676136
81614.19281075284,-0.09741546718838355
81647.60707658112,-0.07191595933548645
81681.0213424094,-0.0391613538718055
81714.43560823768,-0.002143558301900767
81747.84987406596,0.035741354877930336
81781.26413989424,0.07097316987003542
81814.67840572252,0.09974133238388712
81848.09267155078,0.11902676039274498
81881.50693737906,0.1265881297748675
81914.92120320734,0.1212830055043917
81948.3354690356,0.10341999942066644
81981.74973486389,0.07462124249668181
82015.16400069217,0.03787613681610892
82048.57826652045,-0.00299801521584748
82081.99253234873,-0.043595843725089095
82115.406798177,-0.07954169171950655
82148.82106400529,-0.10704634323297646
82182.23532983357,-0.12328215195466904
82215.64959566185,-0.12667471118246332
82249.06386149011,-0.11716012332078882
82282.47812731839,-0.09595610051107943
82315.89239314667,-0.06557034942577303
82349.30665897494,-0.029139267650959828
82382.72092480322,0.00938524771325894
82416.1351906315,0.046427064629458316
82449.54945645978,0.07845442316672874
82482.96372228806,0.10262702176218483
82516.37798811634,0.11699325881947037
82549.79225394462,0.12047743018796969
82583.2065197729,0.11307101989270872
82616.62078560118,0.09564369100484613
82650.03505142944,0.06992128086357366
82683.44931725772,0.03821992853743851
82716.863583086,0.0033752263664902763
82750.27784891427,-0.031655951807137934
82783.69211474255,-0.06386749301676561
82817.10638057083,-0.09052405296178115
82850.5206463991,-0.10931735224434132
82883.93491222739,-0.11857727407178988
82917.34917805567,-0.11737256522214093
82950.76344388395,-0.10566272586821877
82984.17770971222,-0.08425098435931477
83017.5919755405,-0.054839032512211436
83051.00624136877,-0.019948584936025103
83084.42050719705,0.017450505741082624
83117.83477302533,0.0538519021210949
83151.2490388536,0.08568257940701568
83184.66330468188,0.10980101174529582
83218.07757051016,0.12345085461975436
83251.49183633843,0.12491446192568015
83284.90610216671,0.11370126749114431
83318.320367995,0.09049231080788576
83351.73463382327,0.05752969548267112
83385.14889965155,0.018069976030031316
83418.56316547983,-0.02376953518502215
83451.9774313081,-0.06336397903686744
83485.39169713638,-0.09639751601389288
83518.80596296466,-0.11913446664192812
83552.22022879292,-0.1290398771453018
83585.6344946212,-0.12508426312222307
83619.04876044948,-0.10778203185257926
83651.85402434657,-0.07981805534781826
83684.65928824364,-0.044058383257753284
83717.46455214071,-0.004259337884471811
83750.26981603779,0.035307537487925186
83783.07507993486,0.07088675120352876
83815.88034383193,0.09899389953975268
83848.68560772901,0.11718582880327404
83881.49087162608,0.12399840064103818
83914.29613552315,0.11915482387964096
83947.10139942024,0.10340356085425242
83979.9066633173,0.07849619609566656
84012.71192721438,0.04684024970470611
84045.51719111146,0.01142304591240913
84078.32245500853,-0.024650213397191423
84111.1277189056,-0.058215838374453946
84143.93298280268,-0.08647731084760676
84176.73824669977,-0.10705803030795649
84209.54351059684,-0.11828029433390155
84242.3487744939,-0.11921119090604078
84275.15403839099,-0.10975304351324255
84307.95930228806,-0.09065917536505667
84340.76456618513,-0.06347448288177007
84373.56983008221,-0.03042300636610877
84406.37509397928,0.005670067322165677
84439.18035787635,0.041721030586298676
84471.98562177343,0.07449059265300112
84504.7908856705,0.10085962290157227
84537.59614956757,0.11827498303926193
84570.40141346466,0.12476668805102034
84603.20667736173,0.11936764344122971
84636.0119412588,0.10226356884152485
84668.81720515588,0.07464100886927506
84701.62246905296,0.039084838620029094
84734.42773295003,-0.001001374099077646
84767.2329968471,-0.04174097908580009
84800.03826074419,-0.07862820069856039
84832.84352464126,-0.10770165377553131
84865.64878853832,-0.12569365831685736
84898.45405243541,-0.1304497625593179
84931.25931633248,-0.1213236865667756
84964.06458022955,-0.0992232855108143
84996.86984412663,-0.06658113997201301
85029.6751080237,-0.026985141586993854
85062.48037192077,0.015213235095413606
85095.28563581785,0.05542006441629864
85128.09089971492,0.08945660977958539
85160.896163612,0.11379729470055482
85193.70142750908,0.12624037339046573
85226.50669140616,0.12577495165350017
85259.31195530323,0.11283676386907532
85292.1172192003,0.08904912636240207
85324.92248309738,0.05704324059983642
85357.72774699447,0.020089046168966875
85390.53301089154,-0.018171847499692806
85423.3382747886,-0.05421047613539582
85456.14353868569,-0.08474006735168044
85488.94880258277,-0.10717585659153685
85521.75406647984,-0.1196253912125056
85554.55933037691,-0.12117371346652157
85587.364594274,-0.11179835151871446
85620.16985817107,-0.09242029394297252
85652.97512206814,-0.06476864868860795
85685.78038596522,-0.031277288215734986
85718.58564986229,0.005146557388562467
85749.18752407306,0.03893936986658549
85779.78939828384,0.06991200871844194
85810.39127249461,0.09556048922827427
85840.99314670538,0.11379318646591577
85871.59502091615,0.12300046325958552
85902.19689512692,0.12221590919168485
85932.79876933769,0.11126915067474993
85963.40064354846,0.09074912889819059
85994.00251775923,0.0621859879884202
86024.60439197,0.02772424671241118
86055.20626618077,-0.009790333961232698
86085.80814039154,-0.04701018740508134
86116.41001460231,-0.08066168685471159
86147.01188881308,-0.10754583413082548
86177.61376302385,-0.12486298143342431
86208.21563723462,-0.13082378396755026
86238.81751144539,-0.124563274961796
86269.41938565616,-0.10646843373559334
86300.02125986693,-0.07810912788037243
86330.6231340777,-0.04212746486455368
86361.22500828847,-0.002026377250240368
86391.82688249924,0.03828505804839992
86422.42875671001,0.0748714641429376
86453.03063092078,0.10414906465596706
86483.63250513155,0.12339010085378199
86514.23437934232,0.13086129668788088
86544.83625355309,0.1260642890399364
86575.43812776386,0.1096865012672536
86606.04000197463,0.08351239643430189
86636.6418761854,0.05019446488352755
86667.24375039617,0.012844746891998781
86697.84562460694,-0.024984335925530253
86728.44749881771,-0.06011667261972546
86759.04937302848,-0.0895100515674913
86789.65124723925,-0.11087161257289993
86820.25312145002,-0.1226038634882804
86850.85499566079,-0.12395953564016549
86881.45686987156,-0.11505078679908573
86912.05874408233,-0.09679150420455779
86942.6606182931,-0.07078950359802737
86973.26249250387,-0.039203670671792035
87003.86436671464,-0.0045982326654578146
87034.46624092541,0.030297326439550264
87065.06811513618,0.06271950570929313
87095.66998934695,0.09012204149225098
87126.27186355772,0.11030872355315686
87156.8737377685,0.1216303288611544
87187.47561197927,0.12305710809045312
87218.07748619004,0.11435110953298339
87248.67936040083,0.09601136753133224
87279.2812346116,0.06935414999563226
87309.88310882237,0.036463834317543894
87340.48498303314,-0.00009013721098325355
87371.0868572439,-0.037264729328413904
87401.68873145468,-0.07171254082035552
87432.29060566545,-0.10033501694694158
87462.89247987622,-0.12042374056465546
87493.49435408699,-0.12971600479352577
87524.09622829776,-0.12711676750059975
87554.69810250853,-0.11249970349419927
87585.2999767193,-0.08691280482406698
87615.90185093007,-0.052690042144654274
87646.50372514084,-0.012955952520501014
87677.1055993516,0.028408492935695785
87710.28724714139,0.07025999807543279
87743.46889493115,0.10421345688942597
87776.65054272092,0.12614413853523992
87809.8321905107,0.13346223711972008
87843.01383830047,0.12539499652401995
87876.19548609023,0.10301514185954858
87909.37713388001,0.06915919055087014
87942.55878166978,0.02790518853459644
87975.74042945955,-0.015932465585069867
88008.92207724933,-0.05731273914417415
88042.1037250391,-0.09187817732881576
88075.28537282886,-0.11594696591377655
88108.46702061864,-0.12737786566029013
88141.64866840841,-0.12527392943909743
88174.83031619817,-0.11028342911737352
88208.01196398796,-0.08421223377294755
88241.19361177774,-0.05003270967358408
88274.3752595675,-0.01122248360920038
88307.55690735727,0.028299489504720436
88340.73855514705,0.06469611271433214
88373.92020293683,0.0945250344169457
88407.1018507266,0.11495600633478192
88440.28349851636,0.1241035191826869
88473.46514630615,0.12108822950898325
88506.64679409593,0.10614520352613577
88539.8284418857,0.08062783650196127
88573.01008967546,0.04688250333660253
88606.19173746524,0.00806250303945559
88639.373385255,-0.032019539463382714
88672.55503304477,-0.06941693180686478
88705.73668083455,-0.10020261106827444
88738.91832862432,-0.12094545389674813
88772.09997641409,-0.12920818700535802
88805.28162420387,-0.12360281736351215
88838.46327199363,-0.1043635303277443
88871.6449197834,-0.07312598899732654
88904.82656757318,-0.03304062995229673
88938.00821536295,0.011404440190193675
88971.18986315271,0.05529590618736685
89004.3715109425,0.09326548315636299
89037.55315873228,0.12066731305182077
89070.73480652204,0.13400115904132773
89103.91645431181,0.1314502857402195
89137.09810210159,0.11322219545265907
89170.27974989137,0.08149264427948727
89203.46139768114,0.040193303434344775
89236.6430454709,-0.005617030870142795
89269.82469326069,-0.0503992571096363
89303.00634105047,-0.08877715193113309
89336.18798884023,-0.11648704548424599
89369.36963663,-0.13047572002480215
89402.55128441978,-0.12959391883952448
89435.73293220955,-0.11429662910418621
89468.91457999931,-0.08674254872834192
89502.0962277891,-0.05019220491509717
89535.27787557886,-0.008914994217355785
89568.45952336863,0.03274484810440831
89601.64117115841,0.07036310200193122
89634.82281894817,0.10025247803682677
89668.00446673794,0.11950918964017566
89701.18611452772,0.1263945862443317
89734.36776231749,0.12037550068213473
89767.54941010725,0.10217351264025396
89800.73105789704,0.07364036829246343
89831.7093160005,0.040172294224024865
89862.68757410397,0.003036063224805087
89893.66583220744,-0.03454231183170599
89924.6440903109,-0.06933291354572187
89955.62234841437,-0.0981527772679204
89986.60060651784,-0.11834020463776872
90017.5788646213,-0.12792431099427196
90048.55712272477,-0.12570864228311343
90079.53538082824,-0.11163348807400661
90110.5136389317,-0.08672383680904629
90141.49189703517,-0.052903690027118186
90172.47015513864,-0.013358361269545498
90203.4484132421,0.028129022060111676
90234.42667134557,0.06762737870592653
90265.40492944905,0.10084271116281981
90296.38318755252,0.12411328810647465
90327.36144565599,0.13481917618903014
90358.33970375947,0.13145357199140106
90389.31796186294,0.11410922405272873
90420.2962199664,0.08445370370747676
90451.27447806987,0.04558716995092944
90482.25273617334,0.001712199598476335
90513.2309942768,-0.04236628360472134
90544.20925238027,-0.08179926907279844
90575.18751048374,-0.11234242352187654
90606.1657685872,-0.13072277192221576
90637.14402669067,-0.13516795237529994
90668.12228479414,-0.12545381911096168
90699.1005428976,-0.10290811717688053
90730.07880100107,-0.07015559030391534
90761.05705910454,-0.03079137304946951
90792.035317208,0.011087054935891837
90823.01357531147,0.05117207120972436
90853.99183341494,0.08567746950642151
90884.97009151841,0.11142029092264627
90915.94834962187,0.1261822478018437
90946.92660772534,0.12884277982270242
90977.90486582881,0.11941544207699949
91008.88312393229,0.0989757885432922
91039.86138203576,0.06956959280478199
91070.83964013922,0.033934709698659506
91101.8178982427,-0.0046531705528706935
91132.79615634617,-0.042753098310353926
91163.77441444964,-0.07693500980968625
91194.7526725531,-0.10413733259391564
91225.73093065657,-0.12187934150038786
91256.70918876004,-0.12843958022297475
91287.6874468635,-0.12306814849818909
91318.66570496697,-0.10606458393019837
91349.64396307044,-0.0787600834338084
91380.62222117391,-0.04355217826472674
91411.60047927737,-0.003509234802407073
91442.57873738084,0.03749886812880387
91473.55699548431,0.07541440779116415
91504.53525358778,0.10646219346021747
91535.51351169124,0.12706720018904155
91566.49176979471,0.134845410630956
91597.47002789818,0.12855864130611463
91628.44828600164,0.10846349160162405
91659.42654410511,0.0764585252216369
91690.40480220858,0.03568530410948818
91721.38306031204,-0.009365340002896284
91752.36131841553,-0.05377534432377708
91783.33957651899,-0.09247584954459784
91813.70883269125,-0.1205888615419229
91844.07808886352,-0.13586911240662022
91874.44734503579,-0.13665880441803646
91904.81660120806,-0.12297286295675663
91935.18585738033,-0.09642252218049147
91965.55511355259,-0.060015990473167455
91995.92436972485,-0.01781145227868189
92026.29362589712,0.025777578987554967
92056.66288206939,0.0660551172698761
92087.03213824164,0.09919244715779278
92117.4013944139,0.121956995100443
92147.77065058617,0.13242943863881948
92178.13990675844,0.12988721110113438
92208.50916293071,0.114938058162889
92238.87841910298,0.0892576481404053
92269.24767527524,0.05552336259243208
92299.6169314475,0.016977817768919597
92329.98618761977,-0.022774314067897948
92360.35544379204,-0.060107767660419496
92390.72469996431,-0.09172715794325237
92421.09395613658,-0.11482495012865851
92451.46321230884,-0.1274126166308828
92481.8324684811,-0.1283743273687924
92512.20172465337,-0.11759914706968327
92542.57098082564,-0.09599871410094644
92572.94023699789,-0.06537277549094866
92603.30949317015,-0.028425478848448746
92633.67874934242,0.011535328806996183
92664.04800551469,0.05092813651457547
92694.41726168696,0.08597936257996802
92724.78651785923,0.11319978899991077
92755.15577403149,0.12981059777953496
92785.52503020375,0.13380790722408847
92815.89428637602,0.12440009287953574
92846.26354254829,0.10224879080439307
92876.63279872056,0.06904369316919151
92907.00205489283,0.02811010815416004
92937.37131106509,-0.016338334898040666
92967.74056723734,-0.0597261321520517
92998.10982340961,-0.09721077513009652
93028.47907958188,-0.1244945671224286
93058.84833575414,-0.1383817604759133
93089.2175919264,-0.1371437344122178
93119.58684809867,-0.12079961713691081
93149.95610427094,-0.09113968043688847
93180.32536044321,-0.05151764515425328
93210.69461661548,-0.006426426794180327
93241.06387278774,0.03906737002695292
93271.43312896,0.07993368286958358
93301.80238513227,0.11177947293623511
93332.17164130454,0.13136789134955473
93362.5408974768,0.13688254128894028
93392.91015364908,0.12810714857277575
93423.27940982133,0.10628465437115092
93453.64866599359,0.0739964478185268
93484.01792216586,0.03477763303073047
93514.38717833813,-0.007401989753515087
93544.75643451039,-0.048212538277358434
93575.12569068265,-0.08387776932902201
93605.49494685492,-0.11105495145380259
93635.86420302719,-0.12732624952744448
93666.23345919946,-0.13134855546134733
93696.60271537173,-0.12287184488466246
93726.97197154399,-0.10279653367860611
93759.92100129524,-0.07012441683672549
93792.8700310465,-0.029619549680922116
93825.81906079777,0.014336832417801716
93858.76809054904,0.056946323040997
93891.71712030031,0.09348958550879324
93924.66615005158,0.11974968156588112
93957.61517980284,0.13258256367131716
93990.56420955411,0.13012058272779561
94023.51323930538,0.11229902674272456
94056.46226905665,0.08074863228711102
94089.41129880791,0.03874513349240914
94122.36032855918,-0.008722649429312685
94155.30935831045,-0.05592721267840457
94188.25838806172,-0.0970836107511289
94221.20741781298,-0.12635877858603195
94254.15644756425,-0.13968371913687255
94287.10547731552,-0.13490662985902332
94320.05450706679,-0.11221821078655252
94353.00353681805,-0.07441625934666425
94385.95256656932,-0.02642207672989258
94418.90159632059,0.025220098588288248
94451.85062607186,0.07346484846628003
94484.79965582312,0.11176588952641599
94517.74868557439,0.13496018949511795
94550.69771532566,0.14019132869004586
94583.64674507693,0.1270284605384519
94616.5957748282,0.09764598845837813
94649.54480457946,0.056152296608028965
94682.49383433073,0.008284289487696076
94715.442864082,-0.039957383454628854
94748.39189383326,-0.08239609476298959
94781.34092358453,-0.11422349721618755
94814.2899533358,-0.1318153453930433
94847.23898308707,-0.1334992874801322
94880.18801283833,-0.11940724410048523
94913.1370425896,-0.09150180525754957
94946.08607234087,-0.05316445736489749
94979.03510209214,-0.00891069316852326
95011.9841318434,0.03623684761964959
95044.93316159467,0.07714895384010725
95077.88219134594,0.1092108879076601
95110.8312210972,0.12873166837148253
95143.78025084847,0.13335144116205327
95176.72928059974,0.12234594595858148
95209.67831035101,0.09665151005466467
95242.62734010228,0.059027316440760584
95275.57636985354,0.013725789365162892
95308.52539960481,-0.034136704096155296
95341.47442935608,-0.07853746217984636
95374.42345910735,-0.11375641203077862
95407.37248885861,-0.1351175869568594
95440.32151860988,-0.13921117522372134
95473.27054836115,-0.12498482744469559
95506.21957811242,-0.09387870179888111
95539.16860786368,-0.04955188722191274
95572.11763761495,0.002017174879082684
95605.06666736622,0.05386650538731022
95638.01569711749,0.09862167062173113
95670.96472686875,0.12987575048131395
95703.91375662002,0.1431622536333553
95736.86278637129,0.13661045667950233
95769.81181612256,0.11127933890012193
95802.76084587383,0.07089999721476914
95835.70987562509,0.021331959791616173
95866.45551569006,-0.02712593369823841
95897.20115575501,-0.07177833986016532
95927.94679581997,-0.1075978719899656
95958.69243588494,-0.13065582525521438
95989.4380759499,-0.13872937402718905
96020.18371601487,-0.13130295638574385
96050.92935607984,-0.10956028979495322
96081.6749961448,-0.07626012980027617
96112.42063620975,-0.03513582800249611
96143.16627627471,0.0092746454684783
96173.91191633968,0.05230894804149498
96204.65755640465,0.08953977185033468
96235.40319646962,0.11714365411712974
96266.14883653457,0.1324237228604268
96296.89447659953,0.13382791517516499
96327.6401166645,0.1212091850515707
96358.38575672946,0.09580293004001916
96389.13139679443,0.06011002848290735
96419.8770368594,0.017741936731492266
96450.62267692435,-0.026964408680297265
96481.3683169893,-0.06930163504477985
96512.11395705427,-0.10460045690448412
96542.85959711924,-0.12888986179740317
96573.60523718421,-0.13907480696074295
96604.35087724918,-0.13366253458678967
96635.09651731413,-0.11268597504532625
96665.84215737908,-0.0782113128598678
96696.58779744405,-0.03400980762347391
96727.33343750902,0.015180944390999065
96758.07907757399,0.06317384686947128
96788.82471763896,0.10400476181591015
96819.57035770391,0.1325256889133697
96850.31599776886,0.14480667577818956
96881.06163783383,0.1390789785231032
96911.8072778988,0.11590428573092526
96942.55291796377,0.07817475858543538
96973.29855802873,0.030742050947521464
97004.04419809369,-0.02037850211735982
97034.78983815864,-0.06855828095149255
97065.53547822361,-0.10788492427511245
97096.28111828858,-0.133655970607458
97127.02675835355,-0.1429174195175865
97157.77239841851,-0.1349730789878411
97188.51803848347,-0.1111636032108177
97219.26367854842,-0.07474490041254876
97250.00931861339,-0.030190770619306372
97280.75495867836,0.01711159691423693
97311.50059874333,0.06189245207715995
97342.2462388083,0.0991723314670279
97372.99187887325,0.125036028978814
97403.7375189382,0.13687866241058244
97434.48315900317,0.1336239402730125
97465.22879906814,0.11578593582771492
97495.9744391331,0.08540512047387183
97526.72007919807,0.04575484694786307
97557.46571926303,0.001058529493752213
97588.21135932798,-0.04394177180855714
97618.95699939295,-0.08438622334665286
97649.70263945792,-0.11579445506755456
97680.44827952288,-0.13460916118811922
97711.19391958785,-0.1384746787217353
97741.9395596528,-0.1266490602418382
97772.68519971776,-0.09999324821441025
97803.43083978273,-0.06124621121990523
97837.75220102337,-0.008899606549102363
97872.073562264,0.045829114157361586
97906.39492350465,0.09457514459568167
97940.71628474529,0.1297594964100719
97975.03764598593,0.14523530350946018
98009.35900722657,0.13806655640063825
98043.6803684672,0.10877768633865266
98078.00172970784,0.06177828534318252
98112.32309094848,0.004474407705241968
98146.64445218912,-0.053731308856539824
98180.96581342976,-0.10324867354575745
98215.2871746704,-0.1359581413458281
98249.60853591104,-0.1466727195087607
98283.92989715168,-0.1339751742029285
98318.25125839232,-0.10034201294417343
98352.57261963296,-0.05154758428847897
98386.8939808736,0.004408028946327236
98421.21534211424,0.05881496482203581
98455.53670335488,0.1035208257807306
98489.85806459552,0.13217501009645488
98524.17942583616,0.14106884412036877
98558.5007870768,0.1294002844400171
98592.82214831744,0.09930678440701715
98627.14350955808,0.05536069639153889
98661.46487079872,0.0038857290195218053
98695.78623203936,-0.04789420691067474
98730.10759328,-0.09283094439097958
98764.42895452064,-0.12470516150767039
98798.75031576128,-0.13903089116836795
98833.07167700192,-0.13364138556909472
98867.39303824256,-0.10896749106964135
98901.7143994832,-0.06821259980950985
98936.03576072384,-0.016842531410654286
98970.35712196448,0.03793665096051011
99004.67848320512,0.08788123546193685
99038.99984444576,0.1253560545899104
99073.3212056864,0.14410448705991033
99107.64256692704,0.14039881390795092
99141.96392816768,0.11571604622343801
99176.28528940832,0.06904291115402729
99210.60665064896,0.011866022398399824
99244.9280118896,-0.0479963818733246
99279.24937313024,-0.10043554665955136
99313.57073437088,-0.13638829430041438
99347.89209561152,-0.14953493369874293
99382.21345685216,-0.1375716402670833
99416.5348180928,-0.10265869573223275
99450.85617933344,-0.05091840998317666
99485.17754057408,0.008724590420933837
99519.49890181472,0.06620686491429562
99553.82026305536,0.11216425316064818
99588.141624296,0.1395482924272386
99622.46298553664,0.1444891200237443
99656.78434677728,0.12687388954459589
99691.10570801792,0.09003419261015777
99725.42706925856,0.04005638409977899
99759.7484304992,-0.015321118967524265
99794.06979173984,-0.06777895547341173
99828.39115298048,-0.10974217561371438
99862.71251422112,-0.13525682621763077
99897.03387546176,-0.14077309593129245
99931.3552367024,-0.1255628066795694
99965.67659794303,-0.09178255349632886
99999.99795918367,-0.04422715508682805
