0.002040816326530612,0.000002574238215873845
30.671792055962676,-0.033873305172929594
61.341543295598825,-0.06443945293758571
92.01129453523498,-0.08907493601913749
122.68104577487112,-0.10609557445690068
153.35079701450726,-0.11491377186645182
184.02054825414342,-0.11592511833544411
214.69029949377955,-0.11022513620181792
245.3600507334157,-0.09928398360955766
276.02980197305186,-0.08465406043549975
306.699553212688,-0.06779825977300262
337.3693044523242,-0.04995731180542912
368.0390556919603,-0.032114020284224894
398.7088069315964,-0.014993637914719554
429.3785581712326,0.0008892300986461394
460.04830941086874,0.01520449974632218
490.71806065050487,0.027770381829249936
521.387811890141,0.03851805252629837
552.0575631297772,0.04744996113046253
582.7273143694133,0.054602082173961675
613.3970656090495,0.060063498498776305
644.0668168486857,0.06394495407642882
674.7365680883217,0.06636885894616516
705.4063193279579,0.0674663971233771
736.0760705675941,0.06735768587950065
766.7458218072302,0.066163383231355
797.4155730468664,0.06400407768003946
828.0853242865026,0.060996181277194035
858.7550755261386,0.057231049545509456
889.4248267657748,0.05282998322544632
920.094578005411,0.04787982240976408
950.7643292450471,0.0424542247409476
981.4340804846832,0.03666149408699511
1012.1038317243194,0.030564960812838767
1042.7735829639555,0.02423316283637754
1104.1130854432279,0.011176589057341596
1134.782836682864,0.004568311113130849
1165.4525879225002,-0.0019984037967887298
1226.7920904017724,-0.014834645110545542
1257.4618416414087,-0.020980035643328065
1288.1315928810448,-0.026871308679762146
1318.8013441206808,-0.03246345686820197
1349.4710953603171,-0.037714820127172755
1380.1408465999532,-0.042539366320684543
1410.8105978395893,-0.04692784916068986
1441.4803490792256,-0.0508255200429563
1472.1501003188616,-0.05415074516721223
1502.8198515584977,-0.05689434302056717
1533.489602798134,-0.058995306405928385
1564.15935403777,-0.060387432944724324
1594.8291052774061,-0.061051469380482164
1625.4988565170424,-0.06091084397578762
1656.1686077566785,-0.05994753212014869
1686.8383589963146,-0.05811032892770011
1717.5081102359509,-0.0553026151306036
1748.177861475587,-0.051588377219340675
1778.847612715223,-0.04687720121772377
1809.5173639548593,-0.041052079500915425
1840.1871151944954,-0.03428952763012518
1870.8568664341315,-0.026479225716351994
1901.5266176737678,-0.01750319567487348
1932.1963689134038,-0.007684744427388209
1962.86612015304,0.0031361260871221397
1996.1156449716777,0.015777388887800375
2029.3651697903158,0.029168139222898067
2062.614694608954,0.04302714881663407
2095.8642194275917,0.05694727370482962
2129.1137442462295,0.07032345840380773
2162.3632690648674,0.08250339871025546
2195.612793883505,0.09257418597695616
2228.862318702143,0.0994809368819797
2262.111843520781,0.10204382289810784
2295.3613683394187,0.0990279104460692
2328.6108931580566,0.08935448779104538
2361.8604179766944,0.07235616270178498
2395.1099427953322,0.048067509056425005
2428.35946761397,0.01747456273815226
2461.608992432608,-0.017125173052733016
2494.858517251246,-0.052359768943812494
2528.1080420698845,-0.08422922005276798
2561.3575668885223,-0.10888083698762036
2594.60709170716,-0.12346272010735397
2627.856616525798,-0.12673309670903626
2661.106141344436,-0.11920449477685995
2694.3556661630737,-0.1028136034688293
2727.6051909817115,-0.08030460155664326
2760.8547158003494,-0.05458137034835144
2794.104240618987,-0.02830020841674291
2827.353765437625,-0.003296847429835722
2860.603290256263,0.019046106616450526
2893.8528150749007,0.03793107830319362
2927.1023398935386,0.05304775242090903
2960.3518647121764,0.06441434017577108
2993.6013895308142,0.07223477374138598
3026.8509143494525,0.07684123231671657
3060.100439168091,0.07864254716770043
3093.3499639867287,0.07802314216725792
3126.5994888053665,0.07537615127607873
3159.8490136240043,0.07106942482180573
3193.098538442642,0.06543596366913824
3226.34806326128,0.05875028900856727
3259.597588079918,0.0512860291594029
3292.8471128985557,0.04327394350787408
3326.0966377171935,0.03491072662263502
3359.3461625358314,0.026376794931181186
3425.845212173107,0.009257494529937106
3459.094736991745,0.0009343006377183251
3492.3442618103827,-0.007081347358789571
3558.843311447659,-0.02192475057147687
3592.092836266297,-0.02859995547964456
3625.342361084935,-0.03473498170344225
3658.591885903573,-0.04023924588051596
3691.8414107222106,-0.04510341476412356
3725.0909355408485,-0.04927014805133439
3758.3404603594863,-0.05271722890439977
3791.589985178124,-0.05541413781383468
3824.839509996762,-0.05733723719572814
3858.0890348154,-0.05846627690597751
3891.3385596340377,-0.05878468976809115
3924.5880844526755,-0.05827867942977759
3957.8376092713133,-0.05693922737457521
3991.087134089951,-0.054755639446125166
4024.336658908589,-0.051740790856264804
4057.586183727227,-0.04785972982852139
4090.835708545865,-0.04319236756479416
4121.8818436781985,-0.0380648828232749
4152.927978810532,-0.03225655287804133
4183.974113942866,-0.025784424014558997
4215.020249075199,-0.018664729919698267
4246.066384207532,-0.010974867067655929
4277.112519339866,-0.00271726586090242
4339.204789604533,0.015081415182445457
4370.250924736867,0.024400653835797884
4401.2970598692,0.03394800759746697
4432.343195001533,0.043377707391884276
4463.389330133867,0.05269982424981623
4494.4354652662005,0.06146347884890941
4525.481600398534,0.06959127880734542
4556.527735530868,0.07659313992309444
4587.573870663201,0.08218690676355724
4618.620005795534,0.08589187453685429
4649.666140927868,0.08722525412508264
4680.7122760602015,0.08566175116057623
4711.758411192535,0.08066779755354272
4742.804546324869,0.07175319151614916
4773.850681457202,0.05853973485313686
4804.896816589535,0.040865605353903024
4835.942951721869,0.018899203506162674
4866.9890868542025,-0.006761420471462078
4898.035221986536,-0.034853496452896704
4929.08135711887,-0.06335816621137733
4960.127492251203,-0.08981193264707828
4991.173627383536,-0.11139952840508786
5022.21976251587,-0.12543390071007046
5053.2658976482035,-0.1299143679551595
5084.312032780537,-0.12401451301832883
5115.358167912871,-0.10832392684124492
5146.404303045205,-0.08472806320447794
5177.450438177539,-0.05599659864034944
5208.496573309872,-0.025216441310422628
5239.5427084422045,0.00469160557030612
5270.588843574538,0.03162633436537653
5301.634978706872,0.05413508295926141
5332.681113839206,0.07147002876161514
5363.72724897154,0.0835233148385959
5394.773384103873,0.09060097524572937
5425.819519236205,0.09325268953717876
5456.865654368539,0.09215234252665115
5487.911789500873,0.08800280281957214
5518.957924633207,0.08147568024982768
5550.004059765541,0.07317849616878093
5581.050194897874,0.06366247880061922
5612.096330030206,0.053283045187870644
5643.14246516254,0.04260029026240055
5705.234735427208,0.020944634149454078
5736.280870559542,0.010492592445338268
5767.327005691875,0.0005352621714306387
5798.373140824207,-0.008815574337107588
5829.419275956541,-0.017537868108288928
5860.465411088875,-0.025464743051404205
5891.511546221209,-0.0326595959382148
5922.557681353543,-0.039004027943775166
5953.6038164858755,-0.04451913874323782
5984.649951618208,-0.049193630415275774
6015.696086750542,-0.053005083289711916
6046.742221882876,-0.05599393883233561
6077.78835701521,-0.058135542111744244
6108.225490216341,-0.059453740654380346
6138.662623417473,-0.05999344585275121
6169.099756618603,-0.05979117896051639
6199.536889819735,-0.05885907313958403
6229.974023020866,-0.05723074649005194
6260.411156221997,-0.054924568805257666
6290.848289423128,-0.05197521299658919
6321.28542262426,-0.04841298849520265
6351.72255582539,-0.044273690920994015
6382.159689026522,-0.039587108115175046
6412.596822227653,-0.03439510965245093
6443.033955428784,-0.02874687086039728
6473.471088629915,-0.022659004191211415
6503.908221831047,-0.016223479452666608
6564.782488233309,-0.0023939826249641688
6595.21962143444,0.004805556548723284
6625.656754635571,0.012194295763989742
6686.531021037834,0.027014749381606983
6716.968154238964,0.0343445543162596
6747.405287440096,0.041517275623595945
6777.842420641227,0.04822423311990056
6808.279553842358,0.05456379930467451
6838.716687043489,0.06038075996525517
6869.153820244621,0.0654083200545661
6899.590953445751,0.06954126333346211
6930.028086646883,0.07264991169168056
6960.465219848014,0.07444445065736038
6990.902353049145,0.07478192950621361
7021.339486250276,0.07339831953419197
7051.776619451408,0.0700598335312918
7082.2137526525385,0.06459809677482674
7112.65088585367,0.05666754315650853
7143.088019054801,0.04627244657965348
7173.525152255932,0.03318075955744341
7203.962285457063,0.01743746511099887
7234.399418658195,-0.0007859027154241936
7264.8365518593255,-0.02109317508571344
7295.273685060457,-0.042836605579736835
7325.710818261588,-0.0649460812181555
7356.147951462719,-0.08599626910499344
7386.5850846638505,-0.10420687240787278
7417.022217864982,-0.117582407788762
7447.4593510661125,-0.12411720235398173
7477.896484267244,-0.1222163148142617
7508.333617468375,-0.11103710088773022
7538.770750669506,-0.09084274079144339
7569.2078838706375,-0.06316371226468667
7599.645017071769,-0.03058743146513119
7630.0821502728995,0.0035816713386631655
7660.519283474031,0.03607164688180764
7690.9564166751625,0.06414912245936714
7721.393549876293,0.08592051066313096
7751.8306830774245,0.10050680080932474
7782.267816278556,0.10796253987370544
7812.704949479687,0.10891432267872982
7843.142082680818,0.10441238258050009
7873.5792158819495,0.0956629067723336
7904.01634908308,0.0838591441119802
7934.4534822842115,0.07008360886319981
7964.890615485343,0.05523635039619364
8025.764881887605,0.025131139835849203
8058.7817886677385,0.0096984026955589
8091.798695447871,-0.004582944380066574
8124.815602228004,-0.01747250251631398
8157.832509008136,-0.02882016913728813
8190.84941578827,-0.03856937881778463
8223.866322568403,-0.04667189573613156
8256.883229348536,-0.05320727889223702
8289.900136128668,-0.05822201209695024
8322.9170429088,-0.06176162334886129
8355.933949688933,-0.06393833609741256
8388.950856469066,-0.06483974046660095
8421.9677632492,-0.06455258819247596
8454.984670029335,-0.06317581586843615
8488.001576809467,-0.060808493573835797
8521.0184835896,-0.05754818969729109
8554.035390369732,-0.05347383230193464
8587.052297149865,-0.04869134150915026
8620.069203929997,-0.04327878317131613
8653.08611071013,-0.0373236692082128
8686.103017490264,-0.030918968844768635
8719.119924270399,-0.02413765018159806
8752.136831050531,-0.017066319668724766
8818.170644610796,-0.00238226417383206
8851.187551390929,0.0050692919875436546
8884.204458171062,0.01248299408605403
8950.238271731327,0.026868130533130575
8983.25517851146,0.03368198905095056
9016.272085291592,0.04009669927454555
9049.288992071724,0.046046994182264475
9082.305898851859,0.05144964452077127
9115.322805631993,0.056147424034281634
9148.339712412126,0.060111662934664155
9181.356619192258,0.06317636584717232
9214.37352597239,0.06527012761580737
9247.390432752523,0.06624968383778772
9280.407339532656,0.06602533647190764
9313.424246312788,0.06443164928210277
9346.441153092921,0.06143128271293212
9379.458059873054,0.05678428251868424
9412.474966653186,0.050565623907488644
9445.491873433319,0.04246249584763786
9478.508780213453,0.032685722697146646
9511.525686993587,0.020927274721907918
9544.54259377372,0.007538138138985722
9577.559500553853,-0.007623843859592659
9610.576407333985,-0.024065391913228207
9643.593314114118,-0.041495636972983155
9676.61022089425,-0.0592216945965349
9709.627127674383,-0.0763623962491799
9742.644034454517,-0.09174774480909854
9775.660941234652,-0.10392778193127304
9808.677848014784,-0.11122129875146672
9841.694754794917,-0.11189436796407762
9874.71166157505,-0.10443682099078976
9907.728568355182,-0.08795711936226375
9940.745475135314,-0.06263194810932256
9973.762381915447,-0.029976901583216656
10006.779288695581,0.007025375973181967
10039.796195475716,0.04435979894234941
10072.813102255848,0.07761450027153699
10105.83000903598,0.1030667409541762
10138.846915816113,0.11839222247846311
10169.660432909943,0.12296316961856114
10200.47395000377,0.11882530474962386
10231.287467097598,0.10749841466510214
10262.100984191427,0.09091877085966411
10292.914501285257,0.0710836549174771
10323.728018379084,0.049795119497966174
10354.541535472912,0.028472989089120954
10385.355052566742,0.008173275489611373
10416.168569660571,-0.010287840950510233
10446.982086754399,-0.026519579188342995
10477.795603848226,-0.04028156789703753
10508.609120942056,-0.05150777591198133
10539.422638035885,-0.060252945798104
10570.236155129713,-0.06666590280883097
10601.04967222354,-0.07090838441171221
10631.86318931737,-0.07317623246190791
10662.6767064112,-0.07367970338588423
10693.490223505027,-0.07262915091974523
10724.303740598854,-0.07022210368451165
10755.117257692684,-0.06664978030453227
10785.930774786513,-0.06209850540573583
10816.74429188034,-0.056709135687190965
10847.557808974168,-0.0506487783285519
10878.371326067998,-0.04406813719046965
10909.184843161827,-0.03705388104047159
10939.998360255655,-0.02975563064042632
11001.625394443312,-0.014685241971576841
11124.879462818626,0.014825036467685834
11155.692979912455,0.021661192217743583
11186.506497006283,0.02812372528709014
11217.32001410011,0.03417307534757849
11248.13353119394,0.03975620195597141
11278.94704828777,0.04481560021759932
11309.760565381597,0.04930383628200017
11340.574082475425,0.053175565309062076
11371.387599569254,0.05638311688371621
11402.201116663084,0.058880382195008976
11433.014633756911,0.06063459792305017
11463.828150850739,0.06159544772370994
11494.641667944568,0.061737351916294245
11525.455185038398,0.060998668811180407
11556.268702132225,0.05940877525102592
11587.082219226053,0.05690095048878907
11617.895736319882,0.05341200654445681
11648.709253413712,0.04893478720175928
11679.52277050754,0.04360009033901345
11710.336287601367,0.03723240287488584
11741.149804695197,0.02980353410055443
11771.963321789026,0.021629147384585774
11802.776838882854,0.012476066867180429
11833.590355976681,0.0023607205634418975
11864.40387307051,-0.00829211554336854
11895.21739016434,-0.019596280899784584
11926.030907258168,-0.03147533171176664
11956.844424351995,-0.043424428081213946
11987.657941445825,-0.05531456782879089
12018.471458539654,-0.06672903720983217
12049.284975633484,-0.07722280093869288
12080.098492727313,-0.08622989864573112
12110.91200982114,-0.09308747328543673
12144.305300493972,-0.09721639823032578
12177.698591166802,-0.09689723026956215
12211.091881839631,-0.09110093663909186
12244.48517251246,-0.07896940647514272
12277.87846318529,-0.059922153874516625
12311.271753858122,-0.03422931678109658
12344.665044530953,-0.0029992109842916373
12378.058335203783,0.03156067966711999
12411.451625876613,0.06610876002534553
12444.844916549444,0.09645820299164276
12478.238207222275,0.1186380405962981
12511.631497895105,0.1296888160120338
12545.024788567935,0.12835487413874078
12578.418079240764,0.11540339184389056
12611.811369913594,0.09318230882219726
12645.204660586425,0.06513791963693537
12678.597951259257,0.03473117198189373
12711.991241932086,0.005001151852567224
12745.384532604916,-0.02175520997530212
12778.777823277745,-0.04426847277849411
12812.171113950575,-0.06186287646501032
12845.564404623407,-0.07445393570371392
12878.957695296238,-0.08235081663245628
12912.350985969068,-0.08604650592924226
12945.744276641897,-0.08614998749201531
12979.137567314729,-0.08327723161474904
13012.53085798756,-0.07802240832661997
13045.92414866039,-0.07092234031739629
13079.31743933322,-0.062458337968293746
13112.710730006049,-0.05304448008030914
13179.49731135171,-0.0327085298690635
13212.890602024541,-0.022305787717157573
13246.28389269737,-0.012052110749245677
13279.6771833702,-0.002123812452237944
13313.07047404303,0.0073940932109380275
13346.46376471586,0.016242481447648675
13379.857055388691,0.024560709574966387
13413.250346061523,0.032077350605638176
13446.643636734352,0.038824619607320164
13480.036927407182,0.04472426454039069
13513.430218080013,0.049742734987019754
13546.823508752845,0.05386522911867271
13580.216799425674,0.05705121313511854
13613.610090098504,0.05930579756644841
13647.003380771333,0.060606802638594866
13680.396671444163,0.060960074134941825
13713.789962116995,0.06036477282170924
13747.183252789826,0.058829142415595795
13780.576543462656,0.05636892338398089
13813.969834135485,0.052991154572852465
13847.363124808315,0.048748484934357336
13880.756415481144,0.04363294915996339
13914.149706153976,0.03770544911499345
13947.542996826807,0.031024457268999057
13980.936287499637,0.023571354660570996
14014.329578172466,0.015538435029277844
14047.722868845298,0.006893668187169908
14114.509450190959,-0.011733660705886951
14147.902740863788,-0.021541576316061347
14181.296031536618,-0.031328257329081205
14248.08261288228,-0.05054431963307067
14280.866901623907,-0.05929827761101199
14313.651190365534,-0.06722831707863164
14346.435479107162,-0.07400976273690846
14379.21976784879,-0.07930464200647702
14412.004056590418,-0.08265185910744542
14444.788345332046,-0.08361666983457296
14477.572634073675,-0.08170904340355056
14510.356922815303,-0.07640081549263299
14543.141211556931,-0.06726195872698174
14575.92550029856,-0.05387923959254715
14608.709789040187,-0.03609965690767154
14641.494077781816,-0.014077264096690113
14674.278366523444,0.011549694757454525
14707.062655265072,0.03955185580293303
14739.846944006698,0.06810802596377756
14772.631232748327,0.09441775487510277
14805.415521489955,0.1153229156965506
14838.199810231581,0.12771787947081278
14870.98409897321,0.12921144799272255
14903.768387714837,0.11876544279040555
14936.552676456466,0.09715718099063442
14969.336965198094,0.06699850019448661
15002.121253939722,0.032058494087430285
15034.90554268135,-0.003551655639485101
15067.689831422978,-0.03613970135698105
15100.474120164607,-0.06314760042930256
15133.258408906235,-0.08315628485087098
15166.042697647863,-0.09578403853095188
15198.826986389491,-0.10149759707681866
15231.61127513112,-0.101247160986347
15264.395563872746,-0.0961586969877887
15297.179852614374,-0.0874021447774994
15329.964141356002,-0.07605448021268242
15362.748430097628,-0.06305633345023341
15428.317007580885,-0.03503316989208754
15461.101296322513,-0.021103094357824512
15493.885585064141,-0.007760933233219914
15526.66987380577,0.004726912437969393
15559.454162547398,0.016162282302973403
15592.238451289026,0.026495057758984093
15625.022740030654,0.03556164950458805
15657.807028772282,0.043333003343583906
15690.59131751391,0.049856807668194156
15723.375606255539,0.055068130274312184
15756.159894997167,0.0590305123551418
15788.944183738793,0.061775238941355656
15821.728472480421,0.06333351699793728
15854.51276122205,0.06377016652948013
15887.297049963676,0.0631353036697598
15920.081338705304,0.061488444558890715
15952.865627446932,0.05889502868008115
15985.64991618856,0.055417782459079926
16018.434204930189,0.05112313486419001
16051.218493671817,0.046084979173204366
16084.002782413445,0.04036756504051823
16116.787071155073,0.034051948032946124
16149.571359896701,0.02720940941614022
16215.139937379958,0.012272455607295254
16346.277092346469,-0.02018048102550615
16376.857991401794,-0.027728389343773745
16407.438890457117,-0.03503302529887654
16438.01978951244,-0.04209085145386266
16468.600688567763,-0.04872203357538926
16499.181587623087,-0.0547894603102214
16529.76248667841,-0.060257740236139584
16560.343385733733,-0.06490683919353164
16590.924284789056,-0.06862328743882128
16621.50518384438,-0.07126262844855585
16652.086082899703,-0.07264065749711203
16682.666981955026,-0.07259785990242337
16713.24788101035,-0.07094609958761637
16743.828780065673,-0.0675384302044228
16774.409679120996,-0.0621056938658842
16804.990578176323,-0.054675867664818835
16835.571477231646,-0.044907612725041506
16866.15237628697,-0.03289657030556774
16896.733275342296,-0.018525612767376597
16927.31417439762,-0.00201133833085075
16957.895073452943,0.016426948300756056
16988.475972508266,0.03627012427228155
17019.05687156359,0.056784689744523456
17049.637770618912,0.07687977512187119
17080.218669674236,0.09511392025721166
17110.79956872956,0.10979982007003031
17141.380467784882,0.11915304912046637
17171.961366840205,0.12126832518936112
17202.54226589553,0.11476865837007234
17233.12316495085,0.09901445160299036
17263.704064006175,0.07448864384580917
17294.2849630615,0.0430068760316938
17324.86586211682,0.007533272841118791
17355.446761172145,-0.028321242792107966
17386.027660227468,-0.06095233707155999
17416.60855928279,-0.08740815577008576
17447.189458338114,-0.10585341721801383
17477.770357393438,-0.11561626152862617
17508.35125644876,-0.1171234578722111
17538.932155504088,-0.11152221243904986
17569.51305455941,-0.10035983977485413
17600.093953614734,-0.08530311946772291
17630.67485267006,-0.06788509917515773
17661.255751725384,-0.04937631676655252
17691.836650780708,-0.030828560163869916
17722.41754983603,-0.013026288323669843
17752.998448891354,0.0034991717753098204
17783.579347946677,0.01837327458472026
17814.160247002,0.03139550136069315
17844.741146057324,0.042466436416365716
17875.322045112647,0.05157143255403668
17905.90294416797,0.05876305538433644
17936.483843223294,0.06414553585912199
17967.064742278617,0.06779632464063029
17997.64564133394,0.06984569001453715
18028.226540389263,0.07043575347331062
18058.807439444587,0.06969669981650722
18089.38833849991,0.06775912936607333
18119.969237555233,0.06476544061693162
18150.550136610556,0.06079885925873925
18181.13103566588,0.056030609011233905
18211.711934721203,0.05056847940295136
18242.292833776526,0.04447252487758569
18303.454631887176,0.03095766315303145
18336.615304521503,0.02306556028454023
18369.775977155827,0.014977977468540337
18436.09732242448,-0.0015396967211412686
18469.257995058804,-0.009711195400726244
18502.41866769313,-0.017691657618253705
18568.74001296178,-0.03269687816109979
18601.900685596105,-0.03952831258917376
18635.061358230432,-0.04579761809953112
18668.22203086476,-0.05137206524377751
18701.382703499083,-0.056207780670976766
18734.543376133406,-0.06016941608275971
18767.704048767733,-0.0631869082546965
18800.86472140206,-0.06515938500703986
18834.025394036384,-0.06598653956636107
18867.186066670707,-0.06558614750939551
18900.346739305034,-0.06385118385608807
18933.50741193936,-0.06074476716165125
18966.668084573685,-0.05608510063680397
18999.828757208008,-0.049975990538177584
19032.989429842335,-0.04222058316547161
19066.150102476662,-0.03280361969325146
19099.310775110986,-0.021922714437115867
19132.47144774531,-0.009337169418551037
19165.632120379636,0.004509560127114354
19231.953465648287,0.03556158380014508
19265.11413828261,0.05183506450239719
19298.274810916937,0.06783562789841655
19331.435483551264,0.08262888027743263
19364.596156185587,0.09515980903823892
19397.75682881991,0.10406070700149989
19430.917501454238,0.10786411636290569
19464.078174088565,0.10509018319370088
19497.23884672289,0.09444277779752101
19530.399519357212,0.07516574395603884
19563.56019199154,0.047615854554600386
19596.720864625866,0.013457442914500123
19629.88153726019,-0.024339085480958617
19663.042209894513,-0.06156208751403843
19696.20288252884,-0.09362396143556817
19729.363555163167,-0.11653538661204074
19762.52422779749,-0.1278102494975714
19795.684900431814,-0.12692576672238476
19828.84557306614,-0.11519832702835886
19862.006245700468,-0.09519835833321003
19895.16691833479,-0.07001922936836959
19928.327590969115,-0.04275897298514957
19961.48826360344,-0.015801106328407363
19994.64893623777,0.009031180490184962
20027.809608872092,0.030683703072370408
20060.970281506416,0.04835105835431739
20094.130954140743,0.06204660029732021
20127.29162677507,0.07181750065209867
20160.452299409393,0.07795808025608716
20193.612972043717,0.08084940086192748
20226.773644678044,0.08091526601601867
20259.93431731237,0.07858410068239732
20293.094989946694,0.07425318674944803
20326.25566258102,0.06830854606281178
20359.41633521535,0.061098348501875184
20392.57700784967,0.05293167965003334
20425.737680484,0.04403773817947082
20456.69496343202,0.03533140517178952
20487.652246380043,0.026409994943487742
20549.566812276084,0.008460147981078319
20580.524095224104,-0.00030190799901759144
20611.481378172124,-0.008779967209863971
20673.395944068165,-0.024548151699048688
20704.353227016185,-0.03166877086221248
20735.310509964205,-0.038192159310856115
20766.26779291223,-0.04406307204212609
20797.22507586025,-0.04922059574079143
20828.18235880827,-0.05363266149549349
20859.139641756294,-0.057246811659750735
20890.096924704314,-0.0600306358641725
20921.054207652334,-0.06194990458411917
20952.011490600355,-0.0629781880887661
20982.968773548375,-0.06309173234469978
21013.9260564964,-0.062267485830109714
21044.88333944442,-0.060502610644838584
21075.84062239244,-0.05776723357138726
21106.797905340463,-0.05408891280881388
21137.755188288484,-0.049457759777144235
21168.712471236504,-0.04383236296476957
21199.669754184524,-0.037327767651279896
21230.627037132545,-0.02993997246328469
21261.584320080565,-0.0216191698195252
21292.541603028585,-0.012627457903766336
21323.498885976605,-0.0028685056614698393
21354.456168924626,0.00757524526184282
21416.37073482067,0.02949287633851972
21447.32801776869,0.04075099265366092
21478.285300716714,0.05178524866112384
21509.242583664734,0.062470904605007
21540.199866612755,0.07222305968430058
21571.157149560775,0.08072685556035757
21602.114432508795,0.08745925561637446
21633.071715456816,0.09177380742571423
21664.028998404836,0.0930645723439993
21694.986281352856,0.09064533870526216
21725.943564300876,0.08385504037135846
21756.9008472489,0.07215430831862762
21787.85813019692,0.055196379033154386
21818.81541314494,0.03304079476630704
21849.772696092965,0.006235335819315381
21880.729979040985,-0.023880075035510602
21911.687261989005,-0.055194513999548236
21942.644544937026,-0.08493088229067298
21973.601827885046,-0.10968446275500827
22004.55911083307,-0.12646888477024415
22035.51639378109,-0.13290427549881445
22066.47367672911,-0.12798771710376788
22097.430959677135,-0.11232773792256814
22128.388242625155,-0.08800964589166178
22159.345525573175,-0.058093812041150036
22190.302808521195,-0.02595053924850776
22221.260091469216,0.005345158249084057
22252.217374417236,0.03339740880009444
22283.174657365256,0.056700423965237376
22314.131940313277,0.07447094732453728
22345.089223261297,0.08660356367141633
22376.04650620932,0.09343271615144377
22407.00378915734,0.09557453609955376
22437.352070174158,0.09381854211942739
22467.70035119098,0.08895526221765132
22498.048632207796,0.08166941482156787
22528.396913224613,0.07257829626495288
22558.745194241434,0.06222435049164007
22589.09347525825,0.051075869794755785
22649.79003729189,0.02784546500125793
22680.13831830871,0.01636628543432007
22710.486599325526,0.005288456326634758
22740.834880342343,-0.005293413158040406
22771.183161359164,-0.015176506700667157
22801.531442375985,-0.024264502338200045
22831.8797233928,-0.032520218614912534
22862.22800440962,-0.03987070023323878
22892.57628542644,-0.046278203270074786
22922.92456644326,-0.05166286643000052
22953.272847460077,-0.05612068840237103
22983.621128476894,-0.05957240042120138
23013.969409493715,-0.062019459946167275
23044.317690510536,-0.06351243019716735
23074.665971527353,-0.0640375793666945
23105.01425254417,-0.06362452798479773
23135.36253356099,-0.062296821132424435
23165.71081457781,-0.060088193427111636
23196.059095594628,-0.057029787208399615
23226.407376611445,-0.05316188562220558
23256.755657628266,-0.04852368138144822
23287.103938645083,-0.04316698124847282
23317.4522196619,-0.037137099823300226
23347.80050067872,-0.030486412021142238
23378.148781695538,-0.023303536483337634
23408.497062712355,-0.015602191373212875
23438.845343729176,-0.00753382636094301
23499.54190576281,0.009562729407635745
23529.89018677963,0.018291842755905213
23560.238467796447,0.027114281103958596
23620.935029830085,0.04420628541738303
23651.283310846906,0.05225431793772917
23681.631591863723,0.059715911997614245
23711.97987288054,0.0663198529900196
23742.32815389736,0.07198372150873761
23772.67643491418,0.07635886678195669
23803.024715931,0.07924990128217059
23833.372996947815,0.08031799445947987
23863.721277964636,0.0793308617188071
23894.069558981457,0.07591869038086028
23924.417839998274,0.06982002201971592
23954.76612101509,0.06076110442534319
23985.11440203191,0.04854117218073639
24015.462683048732,0.033107620817294334
24045.81096406555,0.014470132577116514
24076.159245082366,-0.006960789741138101
24106.507526099187,-0.030450004738992967
24136.855807116008,-0.05509525049125789
24167.204088132825,-0.07922624898030141
24197.552369149642,-0.10076196014473807
24227.900650166463,-0.11745679393865993
24258.24893118328,-0.12704796415308242
24288.597212200097,-0.12744590877234696
24318.945493216917,-0.1175870860186118
24349.293774233734,-0.0976405689401296
24382.221828829555,-0.06649471738160082
24415.149883425373,-0.02910208813795369
24448.077938021193,0.009893817528987301
24481.005992617014,0.04593873988236921
24513.934047212835,0.07551763601850776
24546.862101808656,0.09649689008106624
24579.790156404477,0.10829793153221819
24612.718211000298,0.11147290953523384
24645.64626559612,0.10734055060011065
24678.57432019194,0.09755939248981423
24711.502374787757,0.08377007166907365
24744.430429383578,0.06752616273967543
24777.3584839794,0.05005327427105152
24810.286538575216,0.03236941625264574
24843.214593171037,0.015230186168168104
24876.142647766857,-0.0008230189317155502
24909.07070236268,-0.015424506417354893
24941.9987569585,-0.02836753830188824
24974.92681155432,-0.03951799934376392
25007.85486615014,-0.048785422321876756
25040.78292074596,-0.05619773349457407
25073.710975341783,-0.06184157694365475
25106.6390299376,-0.06573553047809247
25139.56708453342,-0.06798508439746231
25172.49513912924,-0.06871683328681615
25205.42319372506,-0.068020848785419
25238.35124832088,-0.06600626075161209
25271.2793029167,-0.06280998191485498
25304.20735751252,-0.058526950713106714
25337.135412108342,-0.05332112877956989
25370.063466704163,-0.04723102123145265
25402.991521299984,-0.04043303593090095
25435.919575895805,-0.03302069563750283
25468.847630491626,-0.025118319504423642
25534.703739683267,-0.008265732970622794
25567.63179427909,0.000444940917718412
25600.55984887491,0.009197107010956107
25666.415958066547,0.026329322496848606
25699.34401266237,0.03446987980143756
25732.272067258185,0.04215175872355947
25765.200121854006,0.04922475879806246
25798.128176449827,0.05561529039344913
25831.056231045648,0.061113382667973504
25863.98428564147,0.0655684821028846
25896.91234023729,0.06888039706887603
25929.84039483311,0.07082964867333516
25962.76844942893,0.07130603131885956
25995.696504024752,0.07007848318505874
26028.624558620573,0.0670726210791063
26061.552613216394,0.06207693510119156
26094.480667812215,0.05486658002072565
26127.408722408036,0.04561866426082335
26160.336777003853,0.033954849426022005
26193.264831599674,0.020049496030454632
26226.192886195495,0.004026688256750642
26259.120940791312,-0.013918694138078367
26292.048995387133,-0.03326752412811
26324.977049982954,-0.05332812444392756
26357.905104578775,-0.07307383304143295
26390.833159174595,-0.09112988918727373
26423.761213770416,-0.10578237947666913
26456.689268366237,-0.11503864034525585
26487.413933275755,-0.11700487307125597
26518.13859818527,-0.11103845562675764
26548.863263094783,-0.09624977388846788
26579.5879280043,-0.07268466781486814
26610.31259291382,-0.041602390577614716
26641.037257823333,-0.005518953740313308
26671.761922732847,0.031962993594966314
26702.486587642365,0.06681707151998478
26733.211252551882,0.09537420726468583
26763.935917461396,0.1149984146773778
26794.66058237091,0.12447761936159787
26825.38524728043,0.12402628962826703
26856.109912189946,0.11497713901259131
26886.83457709946,0.09932784479785925
26917.559242008974,0.07928101511343934
26948.283906918492,0.056918174549193866
26979.00857182801,0.03400616716871754
27009.733236737524,0.011904896460621525
27040.457901647038,-0.008427323279839232
27071.182566556556,-0.026379682708007085
27101.907231466073,-0.0416253705270815
27132.631896375588,-0.054052918438615274
27163.3565612851,-0.06365713962361
27194.08122619462,-0.07057618269328203
27224.805891104137,-0.07501894439271439
27255.53055601365,-0.07716432560571396
27286.255220923165,-0.07728996913082078
27316.979885832683,-0.07561618680713857
27347.7045507422,-0.07238029866904654
27378.429215651715,-0.06780398794241535
27409.15388056123,-0.06212064179896675
27439.878545470747,-0.05548952143816449
27470.603210380264,-0.04813359112277605
27501.32787528978,-0.04018122543403191
27562.77720510881,-0.023211772521600088
27593.50187001833,-0.014464745912708847
27624.226534927842,-0.005688849411386547
27685.675864746874,0.011442638102971803
27716.400529656392,0.019632703683375607
27747.125194565906,0.02739659711916455
27777.84985947542,0.034682150109073356
27808.574524384938,0.041397770507412716
27839.299189294456,0.047466536476593796
27870.02385420397,0.0528161339280319
27900.748519113484,0.05737610794433567
27931.473184023,0.06108112265074907
27962.19784893252,0.06385449174024652
27992.922513842033,0.06565875202697824
28023.647178751547,0.0664152299733806
28054.371843661065,0.06609256691866289
28085.096508570583,0.0646338147182661
28115.821173480097,0.061960656291213854
28146.54583838961,0.05814697985680081
28177.27050329913,0.05306758630500116
28207.995168208647,0.04666058854466534
28238.71983311816,0.039163366538624525
28269.444498027675,0.030377181749531176
28300.169162937193,0.02029271565411006
28330.89382784671,0.009317828314841015
28361.618492756228,-0.0027523413203870972
28423.06782257526,-0.029085187458244538
28456.372261063778,-0.04409654719530029
28489.676699552292,-0.05882655316990758
28522.98113804081,-0.07283773270722275
28556.285576529328,-0.08524960541917394
28589.590015017846,-0.09508593167639232
28622.894453506364,-0.10121433664768917
28656.19889199488,-0.10238546094613668
28689.5033304834,-0.09738614382683564
28722.807768971918,-0.08507462551578433
28756.112207460435,-0.06495424446880871
28789.416645948953,-0.03734517479034747
28822.72108443747,-0.00333767287985824
28856.02552292599,0.03396545355874774
28889.329961414507,0.07078621174792706
28922.634399903025,0.1022862774683557
28955.938838391543,0.12414595208632548
28989.24327688006,0.1333389712763291
29022.54771536858,0.12895119536258462
29055.852153857097,0.11234422240039951
29089.156592345615,0.08663081060002199
29122.461030834133,0.055640836814208644
29155.76546932265,0.023244424524223112
29189.06990781117,-0.007533463154541134
29222.374346299686,-0.03441310808282784
29255.678784788204,-0.05621924886964742
29288.983223276722,-0.07240763010065746
29322.28766176524,-0.08314454811241492
29355.592100253758,-0.08886852986367799
29388.896538742276,-0.09020318838515506
29422.200977230794,-0.0878546252739976
29455.50541571931,-0.08252585875631552
29488.80985420783,-0.07487503487180093
29522.114292696348,-0.06549300880352815
29555.418731184865,-0.05491598295320359
29622.0276081619,-0.0317865633383579
29655.33204665042,-0.019973916209590933
29688.636485138937,-0.00836650496563843
29755.245362115973,0.013500123495898356
29788.54980060449,0.023356469774612816
29821.85423909301,0.03241637541937285
29855.158677581527,0.04044700744262757
29888.463116070045,0.047489553278810145
29921.767554558563,0.053412192526037204
29955.07199304708,0.05818276924501732
29988.376431535595,0.06178387543922999
30021.680870024113,0.06416879981206619
30054.98530851263,0.06533992734777759
30088.289747001145,0.06528360853696426
30121.594185489663,0.06400767198093288
30154.89862397818,0.061523793982718
30188.2030624667,0.057854124590869735
30221.507500955217,0.053025040902473
30254.811939443734,0.047101980698073434
30288.116377932252,0.04008416257234042
30321.42081642077,0.03212045422478386
30354.72525490929,0.023263885986456456
30388.029693397806,0.01351791037597319
30421.334131886324,0.0030783987234867163
30454.638570374842,-0.007780985117515531
30487.94300886336,-0.019131775287476026
30554.551885840396,-0.04195650859589897
30587.24732239771,-0.05285975344978343
30619.942758955025,-0.06292105417813097
30652.638195512343,-0.07201424486528622
30685.333632069658,-0.07961023951664475
30718.029068626973,-0.08515543523584772
30750.72450518429,-0.08819565048143042
30783.419941741606,-0.08805973362928562
30816.11537829892,-0.08416760127368524
30848.810814856235,-0.07590958107009428
30881.50625141355,-0.06287437663525303
30914.201687970864,-0.04466790396021055
30946.89712452818,-0.021503087054673943
30979.592561085494,0.005935263159878524
31012.28799764281,0.03617791897813845
31044.983434200127,0.06725932331005621
31077.67887075744,0.09588902144773291
31110.374307314756,0.11840694103721058
31143.069743872074,0.13132931662443925
31175.76518042939,0.13205760372756103
31208.460616986704,0.1196080258457429
31241.15605354402,0.09517844601209881
31273.851490101333,0.06193475574974766
31306.546926658648,0.024274208050363594
31339.242363215963,-0.01320131531730034
31371.937799773277,-0.046601788686377155
31404.633236330592,-0.07328939618515337
31437.32867288791,-0.09199076656461323
31470.024109445225,-0.10259488899174571
31502.71954600254,-0.10580545016014441
31535.414982559858,-0.10279570092641838
31568.110419117173,-0.09485710751235818
31600.805855674487,-0.08339176129552756
31633.501292231802,-0.06951973677169752
31666.196728789117,-0.054271546048936664
31731.58760190375,-0.022768578107560705
31764.283038461064,-0.00766495221323422
31796.978475018383,0.006478762225238575
31829.673911575697,0.01940401614972274
31862.369348133012,0.030965086595976653
31895.064784690327,0.0409580201618395
31927.76022124764,0.04945894184899387
31960.45565780496,0.05632169405363843
31993.151094362274,0.06159113042049758
32025.84653091959,0.06533142704556406
32058.541967476907,0.06755039753677175
32091.237404034222,0.06831590885842244
32123.932840591537,0.06770700125013414
32156.62827714885,0.0657941666512986
32189.323713706166,0.06265394379067576
32222.019150263484,0.05839925186151673
32254.7145868208,0.05309107560243365
32287.410023378114,0.046852551433807496
32320.105459935432,0.03977418532556025
32352.800896492747,0.03196869736938963
32385.49633305006,0.023540332180423756
32418.191769607376,0.014622460244725686
32450.88720616469,0.00530589789436808
32516.27807927932,-0.013895420024822852
32548.973515836635,-0.02347944943924712
32581.66895239395,-0.032855587758873865
32614.364388951268,-0.04193046755653691
32647.059825508582,-0.050486812594341075
32677.55187237959,-0.05764347920776438
32708.043919250602,-0.06405292719132433
32738.535966121613,-0.06948028678250849
32769.028012992625,-0.07363878430796059
32799.52005986364,-0.07642565154668292
32830.01210673465,-0.07755260807031446
32860.50415360566,-0.07683324868883391
32890.99620047667,-0.07405524519070045
32921.48824734768,-0.06888666008961314
32951.980294218694,-0.061323088757393604
32982.472341089706,-0.05110535304599051
33012.96438796072,-0.03804379989563659
33043.45643483173,-0.022363635617672833
33073.94848170274,-0.00408717768808734
33104.440528573745,0.016370950494502847
33134.93257544476,0.03836260193487387
33165.42462231577,0.060919510991461576
33195.91666918677,0.0826832058383527
33226.408716057784,0.10188988056911648
33256.900762928795,0.11649722178023672
33287.39280979981,0.12434996550140932
33317.88485667082,0.12351599798107783
33348.37690354183,0.11271165537071838
33378.86895041284,0.09170615095816456
33409.36099728385,0.06176392076501258
33439.853044154865,0.0256521093790325
33470.345091025876,-0.012828106240506752
33500.83713789689,-0.04951698226862036
33531.3291847679,-0.08068374492465265
33561.82123163891,-0.10365902581592426
33592.31327850992,-0.11714630102191795
33622.805325380934,-0.12117926535900708
33653.297372251945,-0.11681698644285823
33683.78941912296,-0.10574470170254283
33714.28146599397,-0.08984290194175867
33744.77351286498,-0.07091733478677154
33775.26555973599,-0.05056693992678222
33805.757606607,-0.030021790800459226
33836.24965347801,-0.010325557922395132
33866.74170034902,0.007885598788870102
33897.23374722003,0.024136374528657703
33927.725794091035,0.038168629349563644
33958.21784096205,0.049891307009956955
33988.70988783306,0.05927688802247729
34019.20193470407,0.06637285389157933
34049.69398157508,0.07128042055799853
34080.18602844609,0.07419044358109725
34110.678075317104,0.07519143774471666
34141.170122188116,0.07451053616287358
34171.66216905913,0.07229589292192429
34202.15421593014,0.06870791636988188
34232.64626280115,0.06394312716898952
34263.13830967216,0.05813042864103957
34293.63035654317,0.051457622392232436
34324.122403414185,0.044052785578866896
34354.6144502852,0.0360696462471853
34385.10649715621,0.027648615142960662
34415.59854402722,0.01890683376174408
34476.58263776924,0.0010092029646614192
34507.074684640254,-0.007899213567031528
34537.566731511266,-0.016651135635907855
34598.55082525328,-0.03317467187589208
34631.62264570329,-0.04133599896480067
34664.694466153305,-0.04878396541632474
34697.76628660332,-0.05534234914317234
34730.838107053336,-0.06092444855113304
34763.90992750335,-0.06535287082705597
34796.98174795336,-0.06853689895860793
34830.05356840337,-0.07031662507234768
34863.12538885338,-0.0706036126671556
34896.1972093034,-0.06921777761591474
34929.26902975341,-0.06614621758758871
34962.34085020343,-0.061227494374363825
34995.41267065344,-0.05428454650819886
35028.484491103445,-0.045566713781374266
35061.55631155346,-0.03475748626352489
35094.628132003476,-0.02203639496671955
35127.69995245349,-0.0075629452870434434
35160.77177290351,0.008680481640148032
35193.843593353515,0.025909081245631817
35226.91541380352,0.044011855882255584
35259.98723425354,0.06210103428252894
35293.05905470355,0.07922697362820207
35326.13087515357,0.09416515082187976
35359.202695603584,0.10540494460733
35392.27451605359,0.1112818220501787
35425.3463365036,0.1100243879767861
35458.418156953616,0.10020779029434812
35491.48997740363,0.08083808770447867
35524.56179785365,0.05218828885017789
35557.63361830366,0.016023146797226134
35590.70543875367,-0.02420895713501516
35623.77725920368,-0.06391755543624136
35656.84907965369,-0.09778952686420606
35689.92090010371,-0.12134708590311999
35722.99272055372,-0.13192112100931935
35756.064541003725,-0.12907734580340102
35789.13636145374,-0.11450586296212675
35822.208181903756,-0.09123873996855625
35855.28000235377,-0.06293521154523238
35888.35182280379,-0.032963577951116145
35921.423643253795,-0.004002606606364324
35954.4954637038,0.021951793076208273
35987.56728415382,0.043841302783628446
36020.63910460383,0.06106082644192502
36053.71092505385,0.07360310840332401
36086.782745503864,0.08164732989983925
36119.85456595387,0.08563222649662726
36152.92638640388,0.08605894978984965
36185.998206853896,0.0834617574567536
36219.07002730391,0.07835783900635536
36252.14184775392,0.07124351066242587
36285.21366820393,0.06259218252064537
36318.28548865394,0.052732488406958905
36351.35730910396,0.042113493012740005
36384.42912955397,0.031014084358911103
36450.572770454,0.008436781777399397
36483.644590904005,-0.002589117715612453
36516.71641135402,-0.013169776081705897
36549.788231804036,-0.023145023155662088
36582.86005225405,-0.03238590204836606
36615.931872704066,-0.04074830142376456
36649.003693154074,-0.048148915127166944
36682.07551360408,-0.05448746999495386
36715.1473340541,-0.0596703000029828
36746.01576481781,-0.06342101192084644
36776.884195581515,-0.06605928045172543
36807.752626345224,-0.06754827018928207
36838.62105710893,-0.06785697302887556
36869.48948787264,-0.0669533638854112
36900.35791863635,-0.06483745465711074
36931.22634940006,-0.06148110243906895
36962.09478016377,-0.05687751102514635
36992.963210927475,-0.05113577204477056
37023.831641691184,-0.0441723428801421
37054.70007245489,-0.03599087543498299
37085.5685032186,-0.026754736036926238
37116.43693398231,-0.016637400080360056
37147.30536474602,-0.005528911250543922
37209.042226273436,0.018633929970551497
37239.910657037144,0.03139565284634454
37270.77908780085,0.044183753700956875
37301.64751856456,0.056563879500457485
37332.51594932827,0.06835304375760048
37363.38438009198,0.07887301739464816
37394.25281085569,0.08758872245566182
37425.121241619396,0.0938536073258978
37455.989672383104,0.09690505414651512
37486.85810314681,0.09596584012716176
37517.72653391052,0.09026856356917938
37548.59496467423,0.07914898915593338
37579.46339543794,0.06220764771034158
37610.33182620165,0.039317056651059556
37641.200256965356,0.011282741930593167
37672.06868772906,-0.020672475968098895
37702.937118492766,-0.05399384400104845
37733.805549256474,-0.08583022673858116
37764.673980020176,-0.11235862001064373
37795.542410783884,-0.1300273359820401
37826.41084154759,-0.13622657532328472
37857.2792723113,-0.1298795782113799
37888.14770307501,-0.1117705633612901
37919.01613383872,-0.08439419386111563
37949.88456460243,-0.05131515482220356
37980.752995366136,-0.016403059106166917
38011.621426129845,0.016884982872980202
38042.48985689355,0.045970432362197416
38073.35828765726,0.06917564960387029
38104.22671842097,0.08590602834851005
38135.09514918468,0.0962071633228755
38165.96357994839,0.10062533160357486
38196.832010712096,0.09990605451717094
38227.700441475805,0.09500581555837428
38258.56887223951,0.08682952651465034
38289.43730300322,0.07621282052027382
38320.30573376693,0.06393508313099537
38351.17416453064,0.05064740166256016
38382.04259529435,0.03689932959695121
38443.779456821765,0.009605229659728095
38474.647887585474,-0.0032251579396568725
38505.51631834918,-0.01526794681536965
38536.38474911289,-0.0262468384471361
38567.2531798766,-0.03615874914387468
38598.12161064031,-0.044777911356896474
38628.99004140402,-0.05218583381647999
38659.858472167725,-0.05821648438554705
38690.726902931434,-0.06293990203982468
38724.175107274146,-0.06651862272924718
38757.62331161686,-0.068539402980452
38791.07151595957,-0.06902411949884504
38824.519720302276,-0.06801600488674171
38857.96792464498,-0.06557942796921178
38891.416128987694,-0.06176899616409212
38924.864333330406,-0.056670779783076816
38958.31253767312,-0.05036478975007808
38991.76074201583,-0.04295145416895617
39025.208946358536,-0.03454698175940607
39058.65715070124,-0.02526306559368021
39092.105355043954,-0.015242955325479429
39125.553559386666,-0.004642146866896792
39159.00176372938,0.006417440673410617
39225.898172414796,0.028895041459258818
39259.3463767575,0.03998444184028575
39292.794581100214,0.050463554524628564
39326.242785442926,0.06025919212775515
39359.69098978564,0.06886860797873862
39393.13919412835,0.07599523496625446
39426.587398471056,0.08123160913188489
39460.03560281376,0.08407371615291803
39493.48380715647,0.08412278729221839
39526.932011499186,0.08082467316865366
39560.3802158419,0.07380409227001244
39593.82842018461,0.06258482426436128
39627.276624527316,0.04695310002244711
39660.72482887002,0.026875945354513223
39694.17303321273,0.0027219151472108183
39727.621237555446,-0.024632162283158107
39761.06944189816,-0.05383108114868877
39794.51764624087,-0.08222729551301079
39827.96585058358,-0.10705684781525261
39861.414054926296,-0.12459413930058769
39894.862259269,-0.1314706127061426
39928.310463611706,-0.12514714774026103
39961.75866795442,-0.10503596904112741
39995.20687229713,-0.07279556616634646
40028.65507663984,-0.032534610455666885
40062.103280982556,0.01028084427201858
40095.55148532526,0.049932896951102715
40128.999689667966,0.08209067002398879
40162.44789401068,0.10407976238908048
40195.89609835339,0.11514551122966513
40229.3443026961,0.11609452873919912
40262.792507038816,0.10870632687500534
40296.24071138152,0.09509460794367278
40329.688915724226,0.07738356429004924
40363.13712006694,0.05732034624090205
40396.58532440965,0.036675780277826406
40430.03352875236,0.01639319707369716
40463.481733095075,-0.002603458948473813
40496.92993743778,-0.019754755029178075
40530.378141780486,-0.03470440789537666
40563.8263461232,-0.047243302661992295
40597.27455046591,-0.057362448890657794
40630.72275480862,-0.06500269371693697
40664.170959151335,-0.07027153519007728
40697.61916349404,-0.0733077778427853
40731.067367836746,-0.07422425063966012
40764.51557217946,-0.07321105792220518
40797.96377652217,-0.0704339580128161
40831.41198086488,-0.06606302097702729
40864.25118327639,-0.060410790097439944
40897.0903856879,-0.05357160708376392
40929.9295880994,-0.04572599497233425
40962.76879051091,-0.037049014464292374
40995.60799292242,-0.027738805526910482
41028.44719533392,-0.017862152938711916
41094.12560015694,0.002634989731768245
41126.96480256845,0.01294645888737446
41159.80400497996,0.023085371206971336
41192.64320739147,0.03283318486874286
41225.48240980298,0.04207303160251015
41258.32161221449,0.05055069055593532
41291.160814626,0.05814312524398511
41324.0000170375,0.06462094583998197
41356.83921944901,0.06977916939611603
41389.67842186052,0.07347106315486043
41422.51762427202,0.07541877101300457
41455.35682668353,0.07548439291096193
41488.19602909504,0.0734266976495703
41521.03523150655,0.06907813262996562
41553.874433918056,0.06231874962372204
41586.713636329565,0.05285332366986149
41619.552838741074,0.04092502084701562
41652.39204115258,0.026275477276079012
41685.23124356409,0.009115812221629806
41718.070445975594,-0.010153932201080615
41750.9096483871,-0.031106812674631962
41783.74885079861,-0.05282336166227362
41816.588053210115,-0.0741693981911433
41849.427255621624,-0.0935439098653087
41882.26645803313,-0.10901114836194233
41915.10566044464,-0.11832212988777106
41947.94486285615,-0.11920223468219449
41980.78406526765,-0.109796025919903
42013.62326767916,-0.0891844636294373
42046.46247009067,-0.058020422204421586
42079.30167250217,-0.018864732630472537
42112.14087491368,0.023905266517560374
42144.98007732519,0.06481495274942899
42177.8192797367,0.09848319336630185
42210.65848214821,0.12086663034815848
42243.49768455972,0.13007186432360407
42276.33688697123,0.12646598594593936
42309.17608938274,0.11217880492576997
42342.01529179425,0.09027472666690325
42374.85449420575,0.06399112987140233
42407.69369661726,0.03622444198796498
42440.53289902877,0.009259875455750317
42473.37210144027,-0.015279738775054556
42506.21130385178,-0.03642439201938363
42539.05050626329,-0.053627686433982205
42571.8897086748,-0.06679118198857775
42604.728911086306,-0.07597467097276919
42637.568113497815,-0.08145998782827629
42670.407315909324,-0.08359586780466702
42703.24651832083,-0.08278124353649058
42736.08572073234,-0.07944091216492673
42768.924923143844,-0.07392354534204773
42801.76412555535,-0.0666684473621916
42834.60332796686,-0.05800830530782937
42867.442530378365,-0.04829051968242962
42933.12093520138,-0.02681184244669356
42963.756747926585,-0.01629706737588084
42994.39256065179,-0.005819961563198553
43055.66418610219,0.01459358212128737
43086.299998827395,0.0242087749286491
43116.9358115526,0.033216098920776045
43147.5716242778,0.04152622765577503
43178.20743700301,0.0490157738019585
43208.84324972822,0.05555616787439892
43239.47906245342,0.061075168369800474
43270.114875178624,0.0654788226588785
43300.75068790383,0.06867571277224886
43331.38650062903,0.07058906699449949
43362.02231335423,0.07115476806697828
43392.658126079434,0.07030309411338355
43423.293938804636,0.06800645702925893
43453.92975152984,0.06419899882784945
43484.56556425504,0.0588792569877727
43515.20137698024,0.0520406277414102
43545.837189705446,0.0436330811637258
43576.47300243065,0.033879819602663244
43607.10881515585,0.022627023933237372
43637.74462788105,0.010098679021723497
43668.38044060626,-0.0034179649833343782
43699.01625333147,-0.017957240625541944
43729.652066056675,-0.03299367059503895
43760.28787878188,-0.048137262639116135
43790.92369150708,-0.06304704570266007
43821.55950423228,-0.07688919814866634
43852.195316957484,-0.0890033529260458
43882.83112968269,-0.09845262005461723
43913.46694240789,-0.10421761408611518
43944.10275513309,-0.1052122026043807
43974.738567858294,-0.10035619347191468
44005.3743805835,-0.08876502993104139
44036.0101933087,-0.06993437888455135
44066.6460060339,-0.04399425653350901
44097.281818759104,-0.01193068964388929
44127.917631484306,0.024024794727044933
44158.553444209516,0.060564987515160554
44189.189256934726,0.09385324905671316
44219.82506965993,0.1196504035224055
44250.46088238513,0.13461042644456095
44281.09669511033,0.13681830548816945
44311.732507835535,0.12635349028669504
44342.36832056074,0.10509116492953241
44373.00413328594,0.0762720618918414
44403.63994601114,0.043562733237961025
44434.275758736345,0.010443236135560186
44464.91157146155,-0.020278469182789388
44495.54738418675,-0.04666307201379966
44526.18319691196,-0.06762151672022326
44556.81900963717,-0.08278773620567603
44587.45482236237,-0.09230162477870249
44618.090635087574,-0.09663833663056606
44648.726447812776,-0.09646869369559133
44679.36226053798,-0.09252537729314733
44709.99807326318,-0.08554925335222185
44740.63388598838,-0.07623782517290174
44771.269698713586,-0.06523181545948081
44801.90551143879,-0.05305099494031332
44832.54132416399,-0.0401982626406411
44893.8129496144,-0.014079149690856767
44927.02853591861,-0.00034792002555330756
44960.24412222281,0.012646332775173103
44993.459708527014,0.02465314713924517
45026.67529483122,0.03556288664963217
45059.89088113543,0.045089109212423296
45093.10646743963,0.053279941175073356
45126.32205374384,0.059924497469979444
45159.537640048045,0.06501550046278819
45192.75322635225,0.06850814715462138
45225.96881265646,0.07037464335894511
45259.18439896066,0.07062490990614721
45292.39998526486,0.06926487950283668
45325.61557156907,0.06632398010266435
45358.83115787327,0.06185779128665382
45392.046744177474,0.05590878198420561
45425.26233048168,0.048577412265001965
45458.47791678589,0.039946562746155635
45491.69350309009,0.03005523685644538
45524.9090893943,0.019305515080368554
45558.124675698506,0.00760743742689594
45591.34026200271,-0.004866784272086441
45624.55584830692,-0.01774921452787953
45690.98702091532,-0.043541737359227305
45724.20260721953,-0.05585963120005083
45757.41819352373,-0.06715181921471011
45790.633779827935,-0.07706581962817745
45823.84936613214,-0.08484314440791706
45857.06495243635,-0.08998444056995687
45890.28053874055,-0.09174317320799359
45923.49612504476,-0.08942035947917047
45956.711711348966,-0.08231322516529382
45989.92729765317,-0.06984313747470727
46023.14288395738,-0.05164746024424982
46056.358470261584,-0.027805125767791036
46089.57405656579,0.00102184886616333
46122.78964287,0.03338302685032952
46156.0052291742,0.06668907054832934
46189.2208154784,0.0974397536938335
46222.43640178261,0.12155775032660276
46255.651988086815,0.13476592775524612
46288.86757439101,0.1339731530821946
46322.08316069522,0.11812232472691003
46355.298746999426,0.08882629249975613
46388.51433330363,0.05016614711897146
46421.72991960784,0.035694955661303554
46454.945505912045,-0.03294619380326967
46488.16109221625,-0.06725102720315018
46521.37667852046,-0.0924000886223307
46554.59226482466,-0.10744116631040325
46587.80785112887,-0.11283740235092507
46621.023437433076,-0.1099033849779767
46654.23902373728,-0.10040055667535361
46687.45461004149,-0.08618827597792562
46720.67019634569,-0.06888400281570058
46753.88578264989,-0.05007531530726395
46787.1013689541,-0.03080608013973392
46820.3169552583,-0.01203422839005254
46853.532541562505,0.005591399881380689
46886.74812786671,0.021600448168274076
46919.96371417092,0.03563518287957995
46953.17930047512,0.04767235430842269
46986.39488677933,0.057362255575145786
47019.610473083536,0.06490108027079595
47050.622669701435,0.06987616110100271
47081.634866319335,0.07300500975350678
47112.647062937234,0.07430787261362334
47143.65925955514,0.07390869129772157
47174.67145617305,0.07189188338192197
47205.68365279095,0.0683943287077038
47236.69584940885,0.06351058490403057
47267.708046026746,0.05740758416343273
47298.720242644646,0.05017366450464867
47329.732439262545,0.0420010660938744
47360.744635880445,0.03298180217178216
47391.756832498344,0.023313434337191546
47422.76902911624,0.013118410576994467
47453.78122573414,0.0025547480293528586
47515.80561896995,-0.01891018145696853
47546.817815587856,-0.029419180683460257
47577.830012205755,-0.039564304664285496
47608.842208823655,-0.04918486118638832
47639.854405441554,-0.05793208876697936
47670.866602059454,-0.06566512604694114
47701.87879867735,-0.07215441412871629
47732.89099529525,-0.0770842612903862
47763.90319191315,-0.08022837648641287
47794.91538853105,-0.08131939558640518
47825.92758514895,-0.0800660114380639
47856.93978176685,-0.07625632572556337
47887.95197838476,-0.06961560390586405
47918.964175002664,-0.059941085458998636
47949.97637162056,-0.047183606230028624
47980.98856823846,-0.031259472573266736
48012.00076485636,-0.012366566072925978
48043.01296147426,0.009122552914554709
48074.02515809216,0.032542606065878665
48105.03735471006,0.05679928662093545
48136.04955132797,0.08034547194885419
48167.061747945874,0.1013974369957901
48198.073944563774,0.11752576130078539
48229.08614118167,0.12626935464711314
48260.09833779957,0.12533504852997265
48291.11053441747,0.11316421874999588
48322.12273103537,0.08951172641754487
48353.13492765327,0.055887864991777586
48384.14712427117,0.015621260784740453
48415.15932088907,-0.02654312368641161
48446.17151750697,-0.06561837387455341
48477.18371412487,-0.0971036240588995
48508.195910742776,-0.11804018824160849
48539.20810736068,-0.12728967665597668
48570.22030397858,-0.1254269259461826
48601.23250059648,-0.1142830682993415
48632.24469721438,-0.09625380381321287
48663.25689383228,-0.07387584815686152
48694.26909045018,-0.049453007224837815
48725.28128706808,-0.024924252223673615
48756.29348368598,-0.001585842340707912
48787.30568030388,0.01953672190242974
48818.31787692178,0.03782648805772088
48849.33007353968,0.05295990513590341
48880.342270157584,0.06483470095934736
48911.35446677549,0.07349264202314855
48942.36666339339,0.07909022901994571
48973.37886001129,0.08186629274129502
49004.39105662919,0.0820605852438491
49034.794251315885,0.08001354454002706
49065.19744600258,0.07603115165020481
49095.600640689285,0.07034221548126184
49126.00383537598,0.0632659472105889
49156.40703006268,0.05497225193459721
49186.81022474938,0.045783880005691856
49247.61661412277,0.025434079089104222
49278.01980880948,0.014695875259606115
49308.42300349617,0.003884844487124955
49369.22939286957,-0.017362330284222325
49399.63258755627,-0.02744043531120685
49430.035782242965,-0.03694919146908136
49460.43897692967,-0.045693845502166354
49490.842171616365,-0.05357199687672616
49521.24536630306,-0.06043340221980049
49551.648560989765,-0.06613086756952691
49582.05175567646,-0.07054184343572635
49612.45495036316,-0.07352568925506389
49642.85814504986,-0.07498331340645643
49673.26133973656,-0.0747926042846693
49703.66453442325,-0.07286749195099854
49734.06772910996,-0.06909576747318533
49764.47092379665,-0.0634777697810354
49794.87411848335,-0.05585502790523804
49825.27731317005,-0.04639094379232319
49855.68050785675,-0.034983994702325716
49886.083702543445,-0.021619955600200285
49916.48689723015,-0.006868780466048176
49946.890091916845,0.009437087610499906
49977.29328660354,0.02683399288678732
50007.69648129024,0.04465744565020905
50038.09967597693,0.062445950903845325
50068.50287066364,0.07921751885272883
50098.90606535033,0.09396799574826094
50129.30926003703,0.10543323972193586
50159.71245472373,0.1122134708673518
50190.11564941043,0.11285803573291527
50220.518844097125,0.10601787200664164
50250.92203878383,0.09076245665927378
50281.325233470525,0.06688430792894128
50311.72842815722,0.03505334423923491
50342.131622843925,-0.0024150575523952007
50372.53481753062,-0.04207711628194428
50402.93801221732,-0.07953578706972829
50433.34120690402,-0.11024339144813855
50463.74440159072,-0.13040862454304103
50494.14759627741,-0.1377678364389296
50524.55079096412,-0.13211164793619434
50554.95398565081,-0.11510602149273297
50585.35718033751,-0.0896818497171228
50615.76037502421,-0.05935012330557298
50646.16356971091,-0.027464850801083723
50676.566764397605,0.0031750213271248837
50706.96995908431,0.03054659046680646
50737.373153771005,0.05338870242018383
50767.7763484577,0.07113566843588197
50798.179543144404,0.08367474973901275
50828.5827378311,0.09123349076986827
50858.9859325178,0.09431598127068101
50889.3891272045,0.09345680561005247
50919.7923218912,0.08928515714090593
50950.19551657789,0.08240198413603152
50983.17848484359,0.0725439752896493
51016.16145310929,0.060853240859597035
51049.14442137499,0.047921071136027255
51082.12738964069,0.03422352678690432
51115.11035790639,0.020319612393951247
51148.09332617209,0.006473184558516917
51214.05926270349,-0.01955160390829682
51247.04223096919,-0.031224547563403843
51280.02519923489,-0.04177307002351899
51313.00816750059,-0.05096274833349214
51345.99113576629,-0.05871873939384932
51378.97410403199,-0.0648836402754775
51411.95707229769,-0.06939473491876838
51444.94004056339,-0.07217300262488294
51477.92300882909,-0.07317561145461231
51510.90597709479,-0.07237818707235866
51543.88894536049,-0.06976557028800026
51576.87191362619,-0.06535167870062096
51609.85488189189,-0.05919539312690799
51642.83785015759,-0.051290998100150996
51675.82081842329,-0.04184503097378224
51708.80378668899,-0.030834878192586974
51741.78675495469,-0.01854209094572888
51774.769723220394,-0.005100289881489739
51807.752691486094,0.009278656814903322
51873.718628017494,0.03920503654469964
51906.701596283194,0.053879920266131885
51939.684564548894,0.06774556120335334
51972.667532814594,0.08004554471767719
52005.6505010803,0.08994675072002192
52038.63346934601,0.09663562429343756
52071.61643761171,0.09907072571744377
52104.59940587741,0.0962723458030019
52137.58237414311,0.08729046109548733
52170.56534240881,0.07144127348810377
52203.54831067451,0.04849937815660168
52236.53127894021,0.018757960127425505
52269.51424720591,-0.016165767453923993
52302.49721547161,-0.05338853106365674
52335.48018373731,-0.08887139423881937
52368.46315200301,-0.11810169087459549
52401.44612026871,-0.13593639035593713
52434.42908853441,-0.1389094930384814
52467.41205680011,-0.12586246359824022
52500.39502506581,-0.09854069607639183
52533.37799333151,-0.06118912788810547
52566.36096159721,-0.019407670974062076
52599.34392986291,0.021242796022756555
52632.32689812861,0.05634269906863547
52665.30986639431,0.0831436030785201
52698.29283466001,0.10055381013079305
52731.27580292571,0.10878767980929109
52764.25877119141,0.10890488324387632
52797.24173945711,0.10239545323382629
52830.22470772281,0.0908621355085421
52863.20767598851,0.07581436943307723
52896.19064425421,0.05863231173674448
52929.17361251991,0.040436898609265255
52962.15658078561,0.02214895588917183
52995.13954905131,0.004441555488022029
53028.12251731701,-0.012126801566542344
53061.10548558271,-0.02712934760077064
53091.88506416211,-0.03952673117621142
53122.6646427415,-0.05013372963771577
53153.4442213209,-0.05895650582051197
53184.2237999003,-0.06587074736877502
53215.00337847969,-0.07090887426179543
53245.782957059084,-0.07406311059141361
53276.562535638484,-0.0753856897666134
53307.34211421788,-0.07493969558226952
53338.12169279727,-0.07279709390452316
53368.90127137667,-0.06906030076782471
53399.680849956065,-0.0638244165357019
53430.46042853546,-0.057220400069190186
53461.24000711486,-0.04936581664258152
53492.01958569425,-0.04039948192488482
53522.799164273645,-0.030505284010387962
53553.578742853046,-0.01978188962321971
53584.358321432446,-0.00850744553247435
53615.13790001184,0.003224967211227773
53676.69705717063,0.027040871704839126
53707.47663575003,0.03871608282272726
53738.25621432942,0.049769834025289686
53769.03579290882,0.060077192195434344
53799.815371488214,0.0691848068515827
53830.59495006761,0.07684841235331395
53861.37452864701,0.08266923974004914
53892.1541072264,0.0862519304937403
53922.933685805794,0.08725199373906113
53953.713264385195,0.08518044955550355
53984.49284296459,0.07982164745507224
54015.27242154398,0.07071863907846818
54046.05200012338,0.057655736185908496
54076.83157870278,0.04059094850113293
54107.611157282176,0.019651388165588528
54138.39073586157,-0.004697663922662139
54169.17031444097,-0.031504269404727614
54199.94989302036,-0.05934452467672936
54230.729471599756,-0.08613989536130208
54261.50905017916,-0.10939658508312745
54292.28862875855,-0.12599194719209023
54323.06820733794,-0.13309171451555638
54353.84778591734,-0.12834237868129872
54384.62736449674,-0.11074915109447285
54415.40694307613,-0.08118727711247165
54446.18652165553,-0.042642113970464926
54476.966100234924,0.0003030720189363201
54507.74567881432,0.042353139318075196
54538.52525739372,0.07850340289688455
54569.30483597311,0.10524213062031676
54600.084414552504,0.12095400537526185
54630.863993131905,0.12545835332981617
54661.6435717113,0.12010639256355075
54692.42315029069,0.10694744501213373
54723.20272887009,0.08827805896197034
54753.982307449485,0.06632045648063362
54784.76188602888,0.042920721772497006
54815.54146460828,0.019761519580381356
54846.32104318767,-0.0021191593113418644
54877.100621767066,-0.02196631673726636
54907.880200346466,-0.039173863677993276
54938.65977892586,-0.05347721670037511
54969.43935750525,-0.06485902533156339
55000.21893608465,-0.07323297473646578
55030.99851466405,-0.07873072007455603
55064.35786682245,-0.08166660230915018
55097.71721898085,-0.08166531405563336
55131.076571139245,-0.0790371887715078
55164.43592329764,-0.07409764590393159
55197.79527545604,-0.06713144045276248
55231.154627614436,-0.05848165858981343
55264.51397977283,-0.04843848361840013
55297.87333193123,-0.037305132083518266
55331.23268408963,-0.025400668040569747
55364.592036248025,-0.012961102542530245
55431.31074056482,0.012268658243721437
55464.670092723216,0.024514255822371978
55498.02944488161,0.03618930227761104
55531.38879704001,0.04699230385557507
55564.74814919841,0.05668567495074697
55598.107501356804,0.06497952267578763
55631.4668535152,0.07166623946577602
55664.8262056736,0.07643432588748533
55698.185557831996,0.07909619838993921
55731.54490999039,0.0793853900202137
55764.90426214879,0.0771099494637766
55798.26361430719,0.07204529948829112
55831.622966465584,0.06414509394808146
55864.98231862398,0.053134619080071215
55898.34167078238,0.03925307432101272
55931.701022940775,0.022480040904174672
55965.06037509917,0.003011963095374496
55998.41972725757,-0.01838204334073012
56031.77907941597,-0.04113964339939678
56065.13843157436,-0.06406531155974338
56098.49778373277,-0.08559269792014558
56131.85713589117,-0.10378488671384464
56165.21648804957,-0.1163024157228819
56198.57584020797,-0.12064612521166597
56231.93519236636,-0.11453328826813927
56265.29454452476,-0.09638959387109254
56298.65389668316,-0.0661447105214168
56332.013248841555,-0.025911948238535806
56365.37260099995,0.019928627758918887
56398.73195315835,0.06517231980595556
56432.091305316746,0.10311599327282392
56465.45065747514,0.12821456043507595
56498.81000963354,0.13745325275617143
56532.16936179194,0.13087500126760068
56565.528713950334,0.11113251699218554
56598.88806610873,0.0824411382112621
56632.24741826713,0.049291725442238615
56665.606770425526,0.015630005840048835
56698.96612258392,-0.01552943091548556
56732.32547474232,-0.04221406417850333
56765.68482690072,-0.06337312409288028
56799.044179059114,-0.0786671454521442
56832.40353121751,-0.08824806873044705
56865.76288337591,-0.09258005368934022
56899.122235534305,-0.09230176267175264
56932.4815876927,-0.08809924018903598
56965.8409398511,-0.08068678411698613
56999.2002920095,-0.07074839719165799
57032.55964416789,-0.058940675226790674
57065.91899632629,-0.04573050076353978
57099.27834848469,-0.03181207756099235
57165.99705280149,-0.0032224946856256797
57198.74740302868,0.010421619519472184
57231.497753255884,0.02329282715377709
57264.24810348308,0.03527035034043191
57296.99845371027,0.04600743033331763
57329.748803937466,0.05539629839270711
57362.49915416466,0.06319640816941174
57395.24950439185,0.06928946775868064
57427.99985461905,0.07354185085049061
57460.75020484624,0.0758431480252077
57493.500555073435,0.07612429934392481
57526.250905300636,0.07431440359143483
57559.00125552783,0.07039306861243487
57591.751605755024,0.0643299283372801
57624.501955982225,0.05621548174477728
57657.25230620942,0.046006029945131345
57690.00265643661,0.034001236110771695
57722.75300666381,0.02017288210491048
57755.503356891,0.0049248158798030454
57821.004057345395,-0.028790251686446243
57853.75440757259,-0.04595744112828206
57886.50475779979,-0.06281933407658516
57919.255108026984,-0.07840958452726705
57952.00545825418,-0.09149739897976426
57984.75580848137,-0.10110173786561777
58017.506158708566,-0.10587514231806516
58050.25650893576,-0.10448334270820121
58083.00685916295,-0.09566889686889779
58115.75720939015,-0.07851603716303826
58148.50755961734,-0.05276986057823113
58181.25790984454,-0.019233958407291165
58214.008260071736,0.019863332168084048
58246.75861029893,0.060768516145295014
58279.50896052613,0.09818739165747059
58312.259310753325,0.12652285004049552
58345.00966098052,0.14098634357119427
58377.76001120771,0.13884517444581435
58410.51036143491,0.12042206527474647
58443.2607116621,0.08895608891663552
58476.011061889294,0.049633215686927974
58508.76141211649,0.008182519950802571
58541.51176234368,-0.03037552441010622
58574.26211257088,-0.0624704321845411
58607.01246279808,-0.08614767373052082
58639.76281302527,-0.10091169419526713
58672.51316325247,-0.1072471437907439
58705.263513479666,-0.10624348026207753
58738.01386370686,-0.0992687384553613
58770.76421393405,-0.08774553432296726
58803.51456416125,-0.07301249072463058
58836.26491438845,-0.05626037291303843
58869.01526461564,-0.03852660006967948
58901.765614842836,-0.020554383660022338
58934.51596507004,-0.003108998074799128
58967.26631529723,0.013294707373960452
59000.016665524425,0.028341311048851722
59032.76701575162,0.04163606319254132
59065.51736597881,0.05297384127161766
59098.267716206006,0.06223950521052918
59131.0180664332,0.0693241139136624
59163.768416660394,0.07416491599834057
59196.51876688759,0.07677589367239232
59229.26911711479,0.07718147671012177
59262.01946734198,0.07543724660482619
59292.56642788288,0.07194718888441984
59323.113388423764,0.06674937102667011
59353.66034896466,0.05995064921622884
59384.20730950555,0.051671770742138065
59414.75427004644,0.042067646607712686
59445.301230587334,0.03126293330180094
59506.395151669116,0.006979866388322474
59536.94211221,-0.006148161018543513
59567.4890727509,-0.019451325341052237
59598.03603329179,-0.03283181088039588
59628.58299383268,-0.045854290007075464
59659.129954373566,-0.0580894909385987
59689.67691491446,-0.06931229028518976
59720.223875455355,-0.07895491099338929
59750.77083599624,-0.08646295914174035
59781.31779653713,-0.09148357878138064
59811.86475707802,-0.09333544001703331
59842.41171761892,-0.09154771341599208
59872.958678159805,-0.08556782898974774
59903.50563870069,-0.07494415610846662
59934.052599241586,-0.059403626803793644
59964.59955978248,-0.038913798031900385
59995.14652032337,-0.013834420293656098
60025.693480864255,0.014966081982909968
60056.24044140515,0.04595783794420682
60086.78740194604,0.07701665812069819
60117.33436248693,0.10481354047100211
60147.88132302782,0.12604165316878546
60178.42828356871,0.13718071638996596
60208.975244109606,0.13547908085811494
60239.52220465049,0.1197658602242601
60270.06916519138,0.09100725671983444
60300.616125732275,0.05240595548033683
60331.16308627317,0.00885213585750716
60361.710046814056,-0.03404858553041485
60392.25700735494,-0.07141182650108015
60422.80396789584,-0.09958516295954063
60453.35092843673,-0.11707220445821767
60483.89788897762,-0.1235923181892695
60514.444849518506,-0.12037824929200888
60544.9918100594,-0.10930164707304048
60575.538770600295,-0.09249468766036027
60606.08573114118,-0.07203050270241629
60636.63269168207,-0.049694076561433764
60667.17965222296,-0.027058262615414903
60697.72661276386,-0.00523162002376478
60728.273573304745,0.014916555914471625
60758.82053384563,0.03288268648222932
60789.367494386526,0.0482109664355572
60819.91445492742,0.06072176308464565
60850.46141546831,0.0703770027734408
60881.008376009195,0.07720063052378198
60911.55533655009,0.08124771202751199
60942.10229709098,0.08270963402709139
60972.64925763187,0.08173255877092693
61003.19621817276,0.0785462690685027
61033.74317871365,0.0733424874637371
61064.29013925455,0.06638614328890262
61094.83709979543,0.05786826491966603
61125.38406033632,0.04808572201342205
61155.931020877215,0.03721744895534424
61217.024941958996,0.013351171492856211
61250.15167607889,-0.0002357802156641943
61283.27841019878,-0.013861572609306415
61316.405144318676,-0.027195329118718026
61349.53187843857,-0.03993144077150365
61382.65861255846,-0.05170423118480738
61415.785346678356,-0.06220965614046156
61448.91208079825,-0.07103892010511953
61482.03881491814,-0.0779267697333933
61515.16554903803,-0.08244683728788657
61548.29228315792,-0.0843230620378199
61581.41901727782,-0.08318068601453057
61614.54575139771,-0.07878088286090891
61647.6724855176,-0.07069281708662858
61680.7992196375,-0.05916721414761436
61713.92595375739,-0.04381823121089999
61747.05268787728,-0.02469997365693135
61780.17942199717,-0.0024710682081862216
61813.30615611706,0.022322125235746632
61846.43289023696,0.04848146536888931
61879.55962435685,0.0743882259156018
61912.68635847674,0.09783129872342633
61945.81309259664,0.11606874001725742
61978.93982671653,0.12608056428762443
62012.06656083642,0.12488659499832408
62045.19329495631,0.11028557000266684
62078.3200290762,0.08186822917810038
62111.4467631961,0.04165333581011885
62144.57349731599,-0.005820729662303195
62177.70023143588,-0.05386398983322761
62210.82696555578,-0.09520306583556852
62243.95369967567,-0.13074732601125594
62277.08043379556,-0.13656388749673803
62310.207167915454,-0.13322522038082107
62343.333902035345,-0.11629388146790531
62376.46063615524,-0.08980228976857951
62409.587370275134,-0.058111461342470055
62442.714104395025,-0.025089806392909392
62475.84083851492,0.006216595734598915
62508.967572634814,0.03373145462903629
62542.094306754705,0.05630516795750833
62575.221040874596,0.07330501621877625
62608.34777499449,0.08480709006732494
62641.474509114385,0.09107508069418571
62674.601243234276,0.09260725967819307
62707.72797735417,0.09000289689314551
62740.854711474065,0.08390016906100485
62773.981445593956,0.07492998428246993
62807.10817971385,0.06373355382970203
62840.23491383374,0.050844640099360884
62873.36164795363,0.03683104990455776
62939.61511619342,0.007306680802571569
62972.74185031331,-0.00732918985710532
63005.86858443321,-0.02142411030049775
63038.9953185531,-0.034573557798603646
63072.12205267299,-0.04654930173882825
63105.24878679288,-0.05701383008856667
63138.37552091277,-0.0657578291323125
63171.50225503266,-0.07256583992284171
63204.62898915255,-0.07720436080954797
63237.75572327244,-0.07955600970978169
63270.882457392334,-0.07945629361032512
63304.00919151223,-0.0768136036432563
63337.13592563212,-0.07153484863553602
63368.059270065714,-0.06426511274606955
63398.9826144993,-0.05465085755726459
63429.90595893289,-0.04293051505049095
63460.82930336648,-0.02910137770539499
63491.752647800065,-0.013392725300685197
63522.67599223366,0.003732582016138311
63584.52268110083,0.04090110733528997
63615.44602553442,0.059551251946639135
63646.36936996801,0.07717395535139086
63677.2927144016,0.09255818955896576
63708.21605883518,0.10450293829808047
63739.13940326877,0.11153889423990658
63770.06274770236,0.11222640750384064
63800.98609213595,0.10510127149459553
63831.909436569535,0.08916798962723134
63862.83278100312,0.06421369900751947
63893.75612543671,0.03086167037296999
63924.6794698703,-0.008798473761128366
63955.602814303886,-0.050682655185325165
63986.52615873747,-0.09000874145439204
64017.44950317106,-0.12146232505525224
64048.37284760465,-0.1401750151487559
64079.29619203824,-0.14335254145073484
64110.21953647182,-0.1308481796333728
64141.14288090541,-0.10507367079732179
64172.066225339004,-0.07026603020385117
64202.98956977259,-0.031379964421918954
64233.91291420618,0.006955309447281321
64264.83625863977,0.041128763464653606
64295.759603073355,0.06881454230851461
64326.682947506946,0.08890404024973003
64357.60629194054,0.10126301792136752
64388.52963637412,0.10639332177164668
64419.45298080771,0.1052244457554247
64450.376325241305,0.09883839768895909
64481.29966967489,0.08837127441048055
64512.22301410848,0.07487535418643006
64543.14635854207,0.05935101269164873
64574.069702975656,0.04265878507062976
64604.99304740924,0.02553430260541036
64635.91639184283,0.008532473180439957
64666.83973627642,-0.007776246669980537
64697.76308071001,-0.023036831931314887
64728.68642514359,-0.03680967416899898
64759.60976957718,-0.049007441736648824
64790.533114010774,-0.059279441154418966
64821.45645844436,-0.06760256431849807
64852.37980287794,-0.07378135105896114
64883.30314731153,-0.07782171091536752
64914.226491745125,-0.07965831148427727
64945.14983617871,-0.07931698809714857
64976.07318061229,-0.07682815850311839
65006.996525045884,-0.07225093210399383
65037.919869479476,-0.06568112275170494
65068.84321391306,-0.05725244249432528
65099.766558346644,-0.047073057014841525
65130.689902780236,-0.035370998347427456
65161.61324721383,-0.022375199764651802
65192.53659164741,-0.00823787556738102
65223.459936081,0.006576865583745454
65254.383280514594,0.02187434429659481
65316.22996938177,0.05202094628626162
65346.54431188415,0.06571026422534731
65376.85865438654,0.07784357430995996
65407.17299688893,0.08788847041526693
65437.487339391315,0.09518503214071872
65467.8016818937,0.09893312025434642
65498.116024396084,0.09848880199174322
65528.430366898465,0.0930887690514588
65558.74470940085,0.08215984437005841
65589.05905190323,0.06529414235402618
65619.37339440561,0.04248877375120123
65649.687736908,0.014267188419527281
65680.00207941039,-0.018179299788945384
65710.31642191278,-0.052709447946990194
65740.63076441517,-0.08627203649523792
65770.94510691756,-0.1150533966378443
65801.25944941994,-0.13494986011799334
65831.57379192233,-0.1422958401407838
65861.88813442472,-0.13598174906377103
65892.20247692711,-0.11258069550602304
65922.5168194295,-0.07799363279984023
65952.83116193188,-0.03540655813119463
65983.14550443427,0.008999162972890355
66013.45984693666,0.050347798907859564
66043.77418943903,0.08397386287979983
66074.08853194141,0.1074550669915839
66104.4028744438,0.12008767347261995
66134.71721694618,0.12242715700618684
66165.03155944857,0.11596694571030179
66195.34590195096,0.10271206384859156
66225.66024445335,0.08464589165036787
66255.97458695574,0.06362153543004852
66286.28892945813,0.04135511872120587
66316.60327196051,0.019039452206350664
66346.9176144629,-0.0022169380299282143
66377.23195696529,-0.021722602686466065
66407.54629946768,-0.038942399716419815
66437.86064197007,-0.05354230777629859
66468.17498447245,-0.06531748353315833
66498.48932697484,-0.07426889574781909
66528.80366947722,-0.08028869104342018
66559.11801197959,-0.08357625328830504
66589.43235448198,-0.08416978797508788
66619.74669698437,-0.08228157713493923
66650.06103948675,-0.07808824411231378
66680.37538198914,-0.07181398167359265
66710.68972449153,-0.0636798086431349
66741.00406699392,-0.05394573936754475
66771.3184094963,-0.04285025258873374
66801.6327519987,-0.030684244697697573
66831.94709450108,-0.017689742431581765
66892.57577950585,0.009541618868126942
66922.89012200822,0.023158697751692568
66953.2044645106,0.036421664067695175
66983.518807013,0.04898474337868762
67013.83314951538,0.060375189194885846
67044.14749201777,0.07042433196588016
67074.46183452016,0.0787028091811807
67104.77617702255,0.08479864711322982
67135.09051952494,0.08842788877031607
67165.40486202732,0.08914649233710897
67195.71920452971,0.08671213426271546
67226.0335470321,0.08073330308394466
67256.34788953447,0.07098483576291306
67289.24200561587,0.05612916181213338
67322.13612169726,0.03664336407074694
67355.03023777864,0.01302043863723907
67387.92435386003,-0.014031823074825919
67420.81846994141,-0.04325416645292696
67453.7125860228,-0.07253565232494143
67486.60670210418,-0.09936054405229386
67519.50081818557,-0.12029093433332665
67552.39493426695,-0.1316398264091638
67585.28905034834,-0.13005922419917804
67618.18316642972,-0.11324773815689876
67651.07728251112,-0.0813102153366509
67683.97139859252,-0.03733185214282998
67716.8655146739,0.012929063062251823
67749.75963075529,0.061855887778600155
67782.65374683667,0.10197642319638121
67815.54786291806,0.1278513466650819
67848.44197899944,0.13716637737002008
67881.33609508083,0.13073014256268423
67914.23021116223,0.11161376666226186
67947.12432724363,0.08397484839472504
67980.01844332501,0.05203053103428028
68012.9125594064,0.01940330985684833
68045.80667548778,-0.011149807944397697
68078.70079156916,-0.037813261951588406
68111.59490765055,-0.05948587324420754
68144.48902373193,-0.07574529444354816
68177.38313981332,-0.08656956135919647
68210.2772558947,-0.09223536543759495
68243.17137197609,-0.09319747853399371
68276.06548805747,-0.09002240896277362
68308.95960413887,-0.08331216372154399
68341.85372022027,-0.07369139173869656
68374.74783630166,-0.06176888753024841
68407.64195238304,-0.048086215361769616
68440.53606846443,-0.03323465307545845
68473.43018454581,-0.017743623584359526
68506.3243006272,-0.002002696797115217
68572.11253278996,0.028186101106509227
68605.00664887135,0.04188753699815088
68637.90076495273,0.05416095541816478
68670.79488103412,0.064701633343002
68703.68899711552,0.07315608920488678
68736.58311319692,0.07930393935104582
68769.4772292783,0.08286134362007218
68802.37134535969,0.08363263390748757
68835.26546144107,0.0814453611349796
68868.15957752246,0.07611980460520282
68901.05369360384,0.06773631926164617
68933.94780968523,0.056135533718077446
68966.84192576662,0.04142863486250965
68999.73604184802,0.02411298064741913
69032.63015792941,0.0042147941779862585
69065.5242740108,-0.01757027002148931
69098.41839009218,-0.04017260005334043
69131.31250617356,-0.06281707899613255
69164.20662225495,-0.08392156689989096
69197.10073833633,-0.10169839914559695
69229.99485441772,-0.11409079356528135
69262.8889704991,-0.11884576932176502
69295.78308658049,-0.11379232877584358
69328.67720266187,-0.09732145711502709
69361.57131874327,-0.06901690452384861
69392.26204513834,-0.032648488077120355
69422.95277153343,0.010144979285821932
69453.64349792851,0.05479348046229923
69484.3342243236,0.09565152884088259
69515.02495071868,0.12678925866681137
69545.71567711377,0.14360592518485354
69576.40640350885,0.14386248326918974
69607.09712990394,0.12825316509275855
69637.78785629902,0.10002027602039569
69668.47858269411,0.06376834061599365
69699.1693090892,0.024575968131494944
69729.86003548426,-0.013179310563789726
69760.55076187933,-0.04623697652049062
69791.24148827442,-0.07258656081613647
69821.9322146695,-0.09137307476012091
69852.62294106459,-0.10256258090612648
69883.31366745968,-0.10671558113995809
69914.00439385476,-0.10473842694928318
69944.69512024985,-0.09767803356492588
69975.38584664493,-0.08662212443520019
70006.07657304002,-0.07261675227759264
70036.7672994351,-0.05658741892012453
70098.14875222526,-0.021764015293586573
70128.83947862033,-0.00433028364915097
70159.53020501541,0.01242367046632532
70190.2209314105,0.028007006296804485
70220.91165780558,0.04207990835218826
70251.60238420067,0.05438898734613518
70282.29311059575,0.06465921643635937
70312.98383699084,0.072754189569064
70343.67456338592,0.07850449469697894
70374.36528978101,0.08186909972168108
70405.0560161761,0.08278001267764096
70435.74674257118,0.08124353809017236
70466.43746896627,0.07728753906566335
70497.12819536135,0.07097592080143782
70527.81892175644,0.062445449498773925
70558.50964815152,0.051787452225588795
70589.20037454659,0.03922893168528013
70619.89110094166,0.025099940018968855
70650.58182733675,0.009531900842906536
70711.96328012692,-0.024055295845129318
70742.654006522,-0.04119499275780332
70773.34473291709,-0.05787163915810631
70804.03545931217,-0.07310471334744537
70834.72618570726,-0.08637323283404424
70865.41691210234,-0.0967789756168459
70896.10763849743,-0.10324562482029429
70926.79836489251,-0.1048521444836082
70957.4890912876,-0.10062206622948809
70988.17981768269,-0.08973909720812519
71018.87054407777,-0.07165038647285356
71049.56127047286,-0.04632939455505898
71080.25199686793,-0.01445279006888389
71110.942723263,0.022203338274434957
71141.63344965808,0.06064726771676321
71172.32417605317,0.09678460779962392
71203.01490244825,0.12577531007457643
71233.70562884334,0.1428698487472759
71264.39635523842,0.14446352182186378
71295.08708163351,0.12921253561581997
71325.7778080286,0.09877782160029576
71359.04830800268,0.05369670198465589
71392.31880797676,0.003529599171760142
71425.58930795084,-0.04389561496952665
71458.85980792494,-0.08241815247091197
71492.13030789903,-0.10850900243742737
71525.40080787311,-0.12121140962108057
71558.6713078472,-0.12158400162208033
71591.94180782128,-0.11186362162462467
71625.21230779536,-0.0946790853715675
71658.48280776944,-0.0726590551955423
71691.75330774352,-0.04814190823453676
71725.02380771762,-0.02305470937760289
71758.29430769171,0.0011055749620292417
71791.5648076658,0.0232406448010843
71824.83530763988,0.042558885918878214
71858.10580761396,0.05859561537245264
71891.37630758804,0.07108295706433515
71924.64680756212,0.07986986017679851
71957.9173075362,0.08498278664701645
71991.1878075103,0.08654512462154465
72024.4583074844,0.08474000399423634
72057.72880745848,0.07981689826471983
72090.99930743256,0.07205499389914405
72124.26980740664,0.06182895578529618
72157.54030738072,0.04943698399325608
72190.8108073548,0.03533233609102308
72224.08130732889,0.019912293155081917
72257.35180730297,0.0036117923264485327
72290.62230727705,-0.013022741939876264
72323.89280725113,-0.029587075795061805
72357.16330722522,-0.04541739963030511
72390.43380719931,-0.0601257220429433
72423.70430717341,-0.07282270462196024
72456.97480714749,-0.08318628782140634
72490.24530712157,-0.09045207560260993
72523.51580709565,-0.0939017737288559
72556.78630706973,-0.09306830943546597
72590.05680704382,-0.08722676979511271
72623.3273070179,-0.07602978211704646
72656.59780699198,-0.059226620060450645
72689.86830696606,-0.03680702385419074
72723.13880694014,-0.009349526970892943
72756.40930691423,0.02198336425691541
72789.67980688832,0.055191627982375625
72822.95030686242,0.08741170734562999
72856.2208068365,0.11477301795705663
72889.49130681058,0.13282313684974445
72922.76180678466,0.13716561169711194
72956.03230675875,0.1246662759040548
72989.30280673283,0.09475005335967698
73022.57330670691,0.06234361933192287
73055.843806681,-0.002552406533411599
73089.1143066551,-0.05485711325886798
73122.38480662918,-0.09840556821522024
73155.65530660326,-0.12697756195123622
73188.92580657735,-0.1378047073926078
73222.19630655143,-0.13190452134454933
73255.46680652551,-0.11254281199419493
73288.73730649959,-0.08423213641459729
73322.00780647369,-0.05139323854524594
73355.27830644778,-0.017861957873194573
73388.54880642187,0.013413982446602609
73421.81930639595,0.04079557950592032
73455.08980637003,0.06269833431024852
73486.15691665781,0.07806203513809812
73517.2240269456,0.08838231530043622
73548.29113723338,0.09387801538577373
73579.35824752116,0.09492639161124777
73610.42535780894,0.09198897806081197
73641.49246809672,0.08558410249428902
73672.5595783845,0.07626005747014288
73703.62668867227,0.0645565970865562
73734.69379896004,0.051017078264586645
73765.76090924782,0.03615175944469173
73827.89512982339,0.004449547724779367
73858.96224011117,-0.011452597365397329
73890.02935039895,-0.026829425488294416
73921.09646068673,-0.04123461026807451
73952.16357097452,-0.05432801802668322
73983.2306812623,-0.06568922620099447
74014.29779155008,-0.07503697453522455
74045.36490183786,-0.08202603859229524
74076.43201212565,-0.08634811857371694
74107.49912241343,-0.08780094063105887
74138.56623270121,-0.08612228445264627
74169.633342989,-0.08120201951664564
74200.70045327676,-0.07284068965967394
74231.76756356453,-0.0611688947929547
74262.83467385231,-0.046164932733408354
74293.9017841401,-0.027977128274316206
74324.96889442788,-0.007308323581825112
74356.03600471566,0.015565175347370928
74387.10311500344,0.03960324741528752
74418.17022529122,0.06362135054629738
74449.237335579,0.08615236626510156
74480.30444586679,0.1052059011871666
74511.37155615457,0.11866926300273534
74542.43866644235,0.12421459238635298
74573.50577673013,0.11962718128487229
74604.57288701792,0.10330423251086898
74635.6399973057,0.07483887618314125
74666.70710759348,0.03560362918753619
74697.77421788125,-0.010850411773120832
74728.84132816902,-0.05886298033499944
74759.9084384568,-0.10163487202919946
74790.97554874458,-0.13257208156949302
74822.04265903236,-0.14697837782611306
74853.10976932014,-0.14325001974382257
74884.17687960793,-0.1231331401581037
74915.24398989571,-0.09083673941761253
74946.31110018349,-0.05175432191115731
74977.37821047127,-0.011203738347148511
75008.44532075906,0.026452511800545093
75039.51243104684,0.05820141285136035
75070.57954133462,0.08237719236345092
75101.6466516224,0.09842457127524731
75132.71376191018,0.10662809854205596
75163.78087219797,0.10771106295632324
75194.84798248573,0.1027439739069967
75225.9150927735,0.09286021207396492
75256.98220306128,0.07923145375567522
75288.04931334907,0.0629514000458125
75319.11642363685,0.04496618497111531
75350.18353392463,0.026174925073267394
75381.25064421241,0.007409472345505964
75412.3177545002,-0.010897933171367735
75443.38486478798,-0.027947102256367908
75473.84297314455,-0.043125489597916636
75504.30108150114,-0.056394704158247336
75534.75918985772,-0.06747429827954275
75565.2172982143,-0.07613689326283107
75595.67540657087,-0.08219809497170803
75626.13351492745,-0.08555211185637011
75656.59162328404,-0.08612248869534209
75687.04973164061,-0.08388369624972085
75717.50783999718,-0.07887926199757243
75747.96594835377,-0.07115389168782825
75778.42405671036,-0.06088952400739377
75808.88216506693,-0.048236418350388915
75839.3402734235,-0.03339181847995623
75869.79838178007,-0.016900349740178258
75930.71459849323,0.019903964465964506
75961.17270684981,0.03896605788660601
75991.63081520639,0.05767480719989428
76022.08892356296,0.07491182005484834
76052.54703191953,0.08995179939893896
76083.0051402761,0.1015803987256772
76113.46324863269,0.10862591219534992
76143.92135698927,0.10987770476353012
76174.37946534585,0.10416856194227889
76204.83757370242,0.09058271286909789
76235.295682059,0.06866596556676281
76265.75379041559,0.03868370210245313
76296.21189877216,0.0019888471425765983
76326.67000712873,-0.03873706611587213
76357.12811548532,-0.07943021983516851
76387.5862238419,-0.11491272738770017
76418.04433219848,-0.13968961536259156
76448.50244055505,-0.14908455575538423
76478.96054891164,-0.14066321113309388
76509.41865726822,-0.11508697311094052
76539.8767656248,-0.0761134167170934
76570.33487398137,-0.029701573977158346
76600.79298233795,0.01747131393813279
76631.25109069454,0.0594930007033554
76661.70919905111,0.09220784245424277
76692.16730740768,0.11349595720951977
76722.62541576427,0.12320256391234363
76753.08352412086,0.12236838320210508
76783.54163247743,0.11281667449265495
76813.999740834,0.09669335150909271
76844.45784919057,0.07612298384683663
76874.91595754714,0.05299260749675008
76905.37406590373,0.02902382910464882
76935.83217426031,0.005527091277237425
76966.29028261689,-0.016580146059713148
76996.74839097346,-0.03638961185154971
77027.20649933003,-0.053412637395293824
77057.6646076866,-0.0673400578216323
77088.12271604319,-0.07789750942366427
77118.58082439977,-0.08508997619944575
77149.03893275635,-0.08883732862238201
77179.49704111292,-0.08930901231875271
77209.9551494695,-0.08663470051889574
77240.41325782609,-0.08104057240649454
77270.87136618266,-0.07276286868696613
77301.32947453923,-0.06212961579355776
77331.78758289582,-0.0494289250914237
77362.2456912524,-0.03507910816615341
77392.70379960898,-0.019404486635998315
77425.74168154456,-0.0014973282553059253
77458.77956348014,0.016899074922438334
77491.81744541571,0.03498831581172231
77524.8553273513,0.05227682203247801
77557.89320928688,0.06790628071653507
77590.93109122245,0.08115503171520778
77623.96897315803,0.09128712420651372
77657.00685509361,0.0973631014704284
77690.0447370292,0.09869586123574563
77723.08261896478,0.094462557154382
77756.12050090036,0.08414005927766638
77789.15838283594,0.06723675724972228
77822.19626477153,0.043846343093421225
77855.23414670711,0.014469727806912122
77888.27202864268,-0.019464334218536928
77921.30991057826,-0.05572637480092485
77954.34779251384,-0.09066902925969833
77987.38567444941,-0.11983515596739065
78020.423556385,-0.1381482385467155
78053.46143832058,-0.14069180643855525
78086.49932025616,-0.1245248904933462
78119.53720219174,-0.08968242328492312
78152.57508412733,-0.04053195173698438
78185.61296606291,0.0151332288487637
78218.65084799849,0.06795646412922512
78251.68872993407,0.10907242575282784
78284.72661186964,0.13346857893016517
78317.76449380523,0.1392829022128445
78350.80237574081,0.12859553109154223
78383.84025767638,0.10528330740146578
78416.87813961196,0.07415528579219946
78449.91602154754,0.03968020499392043
78482.95390348313,0.005561893039800082
78515.99178541871,-0.025544407535160525
78549.02966735428,-0.051802587511439555
78582.06754928986,-0.07229907704431328
78615.10543122544,-0.08669557123314386
78648.14331316101,-0.09503281276588868
78681.1811950966,-0.09768606413309099
78714.21907703218,-0.09520324917157286
78747.25695896776,-0.08824012674088949
78780.29484090334,-0.07750929710463489
78813.33272283891,-0.06378181347636476
78846.37060477449,-0.0477283133476045
78879.40848671008,-0.03017542238476526
78912.44636864564,-0.011690097712250437
78978.52213251681,0.02509079861090018
79011.56001445239,0.04213987393333746
79044.59789638798,0.05754292877333537
79077.63577832354,0.07068369210338933
79110.67366025913,0.08107335353303355
79143.71154219471,0.08822644927172357
79176.74942413028,0.09169744497564801
79209.78730606586,0.0911224258340914
79242.82518800144,0.08624730194414004
79275.86306993703,0.07681103544846979
79308.90095187261,0.06287882808757618
79341.93883380819,0.04448901610562074
79374.97671574377,0.022114180271997318
79408.01459767936,-0.0035505345350536725
79441.05247961494,-0.031430954325258526
79474.09036155051,-0.059850477699831796
79507.12824348609,-0.08673427396138235
79537.96273573537,-0.10795854689591577
79568.79722798464,-0.12296725588785415
79599.63172023391,-0.12894314300001905
79630.46621248318,-0.123447230039669
79661.30070473245,-0.10476071220238972
79692.13519698173,-0.07293021235540001
79722.96968923102,-0.02982070295007203
79753.80418148029,0.020179917114811003
79784.63867372955,0.0700103205880057
79815.47316597884,0.11232469856267548
79846.30765822812,0.14039734222774064
79877.14215047739,0.1501047193748562
79907.97664272666,0.14089112577521176
79938.81113497594,0.11564678005859552
79969.64562722523,0.07941149163182865
80000.4801194745,0.03799844467677839
80031.31461172376,-0.003256767384580743
80062.14910397305,-0.04023010974717188
80092.98359622233,-0.07024681279024245
80123.8180884716,-0.09200185662434802
80154.65258072087,-0.10521734915301155
80185.48707297015,-0.11039035385469244
80216.32156521943,-0.10843532345658163
80247.1560574687,-0.100525916529202
80277.99054971797,-0.08790524080752847
80308.82504196725,-0.07177608453194026
80339.65953421654,-0.053278368859847734
80370.4940264658,-0.033479882307993675
80401.32851871508,-0.013260020838585044
80432.16301096436,0.006596905768665972
80462.99750321364,0.02536157690182321
80493.83199546291,0.042495276092412826
80524.66648771218,0.05751316033525909
80555.50097996146,0.07000142473647214
80586.33547221075,0.07966428579834386
80617.16996446002,0.08625715972714708
80648.00445670928,0.08960840823887814
80678.83894895857,0.08962972892242733
80709.67344120785,0.08627709480643775
80740.50793345712,0.07958291330430405
80771.34242570639,0.06973289902028301
80802.17691795567,0.05682731138112765
80833.01141020496,0.041096797578155535
80863.84590245422,0.02317245000453203
80894.6803947035,0.003434866052725265
80925.51488695278,-0.01765346430180699
80987.18387145133,-0.0600830863542066
81018.0183637006,-0.07937058181693317
81048.85285594988,-0.0958783982029522
81079.68734819916,-0.10804192548407414
81110.52184044843,-0.11431419740380455
81141.3563326977,-0.11326062911266743
81172.19082494699,-0.10354015869463205
81203.02531719627,-0.08416536542903277
81233.85980944554,-0.05521886998598576
81264.6943016948,-0.01776643425776337
81295.52879394409,0.025432888945275643
81326.36328619337,0.07024054713261936
81357.19777844264,0.11028962265648667
81388.03227069191,0.1395262287364652
81418.86676294118,0.15206849435797307
81449.70125519045,0.1449006997724515
81480.53574743973,0.11860124979233984
81513.95001326801,0.07349921836428944
81547.36427909628,0.019742156035404045
81580.77854492456,-0.03317133447805047
81614.19281075284,-0.07748426426999853
81647.60707658112,-0.10828322740901083
81681.0213424094,-0.12402172322838972
81714.43560823768,-0.12558773794115258
81747.84987406596,-0.11538926368265663
81781.26413989424,-0.09646001772529501
81814.67840572252,-0.07187766624538264
81848.09267155078,-0.04439245991167633
81881.50693737906,-0.016371327191604418
81914.92120320734,0.010395100626476163
81948.3354690356,0.034540179745098064
81981.74973486389,0.05511036916364216
82015.16400069217,0.07152228398326446
82048.57826652045,0.08339519503142266
82081.99253234873,0.09057324830227646
82115.406798177,0.09310615215699357
82148.82106400529,0.09117947745013998
82182.23532983357,0.08508621467435672
82215.64959566185,0.07517692277551352
82249.06386149011,0.06195973813842814
82282.47812731839,0.04591715344787753
82315.89239314667,0.02772718018954818
82349.30665897494,0.007999165532700908
82382.72092480322,-0.012500867400126662
82416.1351906315,-0.0329863083079285
82449.54945645978,-0.052523326981485145
82482.96372228806,-0.07031343563928866
82516.37798811634,-0.08516298824811883
82549.79225394462,-0.0962224989849635
82583.2065197729,-0.10236002295441826
82616.62078560118,-0.1025926150191733
82650.03505142944,-0.09596795429030285
82683.44931725772,-0.08190920791703103
82716.863583086,-0.060050022685258476
82750.27784891427,-0.030781370271759347
82783.69211474255,0.004674431105217067
82817.10638057083,0.04388892996628186
82850.5206463991,0.08302817561338637
82883.93491222739,0.11691135906732968
82917.34917805567,0.13954679700704867
82950.76344388395,0.14515608365200397
82984.17770971222,0.12981925545217698
83017.5919755405,0.09362025762918538
83051.00624136877,0.041381314416807896
83084.42050719705,-0.017839828819116048
83117.83477302533,-0.0732203021973518
83151.2490388536,-0.11526329289519985
83184.66330468188,-0.1382473749383325
83218.07757051016,-0.14101760510799677
83251.49183633843,-0.12620526368935878
83284.90610216671,-0.09863605098403028
83318.320367995,-0.0637511497235355
83351.73463382327,-0.026504690333879685
83385.14889965155,0.009217999636522865
83418.56316547983,0.04060227826385103
83451.9774313081,0.06600889121248177
83485.39169713638,0.08460392346650306
83518.80596296466,0.09619679903854775
83552.22022879292,0.10104362402404582
83585.6344946212,0.0997130443723038
83619.04876044948,0.09294074052591648
83651.85402434657,0.08182403809692848
83684.65928824364,0.06714188647350904
83717.46455214071,0.04975059266224772
83750.26981603779,0.030504366389810845
83783.07507993486,0.010302074808553411
83815.88034383193,-0.010114528933824089
83848.68560772901,-0.02988844011322393
83881.49087162608,-0.04829781303521905
83914.29613552315,-0.06461542564074167
83947.10139942024,-0.07814669631014694
83979.9066633173,-0.08829150984224632
84012.71192721438,-0.09444316250930838
84045.51719111146,-0.09613514892139458
84078.32245500853,-0.092946116596431
84111.1277189056,-0.08460346173496226
84143.93298280268,-0.07098016968223533
84176.73824669977,-0.052333324438257056
84209.54351059684,-0.028818333823990138
84242.3487744939,-0.001400869682294562
84275.15403839099,0.028618501037171194
84307.95930228806,0.05949342900127011
84340.76456618513,0.08866410895671223
84373.56983008221,0.1130049640396458
84406.37509397928,0.12888971148666284
84439.18035787635,0.13257343946825034
84471.98562177343,0.12094558576894646
84504.7908856705,0.09254885336901464
84537.59614956757,0.0485968076426942
84570.40141346466,-0.005753474985990064
84603.20667736173,-0.0625493417755286
84636.0119412588,-0.11152392547883705
84668.81720515588,-0.14354525429460274
84701.62246905296,-0.1530009868689235
84734.42773295003,-0.13954726275183538
84767.2329968471,-0.10751537939875197
84800.03826074419,-0.06404483759982471
84832.84352464126,-0.016838669937328188
84865.64878853832,0.0275438612731502
84898.45405243541,0.06451956367424794
84931.25931633248,0.09159463073626414
84964.06458022955,0.10797120085372552
84996.86984412663,0.11411647709357914
85029.6751080237,0.11122130182501355
85062.48037192077,0.10088984051212187
85095.28563581785,0.08484681471705176
85128.09089971492,0.06479571434137253
85160.896163612,0.04228449004730493
85193.70142750908,0.018729428848607912
85226.50669140616,-0.004612541823802321
85259.31195530323,-0.02669578632745232
85292.1172192003,-0.04668489597579532
85324.92248309738,-0.06380488706377932
85357.72774699447,-0.07748277930508124
85390.53301089154,-0.08728010898824087
85423.3382747886,-0.09286626640357096
85456.14353868569,-0.09405012287169279
85488.94880258277,-0.09075511648854849
85521.75406647984,-0.08298479998567582
85554.55933037691,-0.07095383474860502
85587.364594274,-0.05505521889997422
85620.16985817107,-0.035591036160038475
85652.97512206814,-0.013165853906667573
85718.58564986229,0.035955004834638246
85749.18752407306,0.05905183079018723
85779.78939828384,0.08049534681427356
85810.39127249461,0.0985424892024965
85840.99314670538,0.11182363950126858
85871.59502091615,0.11849789786173276
85902.19689512692,0.11685328267660305
85932.79876933769,0.10544229341601463
85963.40064354846,0.0834121708098255
85994.00251775923,0.05098013282573303
86024.60439197,0.00972002089089775
86055.20626618077,-0.03694960474521282
86085.80814039154,-0.08349975092083321
86116.41001460231,-0.12307823413996363
86147.01188881308,-0.14872729857360678
86177.61376302385,-0.15509700611767266
86208.21563723462,-0.14008535369891634
86238.81751144539,-0.10587606142429079
86269.41938565616,-0.05838826621479099
86300.02125986693,-0.005580055818335839
86330.6231340777,0.04457267604911272
86361.22500828847,0.08565226685783313
86391.82688249924,0.11391427602975679
86422.42875671001,0.1282202878328117
86453.03063092078,0.12938789109738308
86483.63250513155,0.1194864297000384
86514.23437934232,0.10116357382427642
86544.83625355309,0.07717307108800504
86575.43812776386,0.050059389454785
86606.04000197463,0.021986128603015638
86636.6418761854,-0.0052381843127051846
86667.24375039617,-0.03024860254620307
86697.84562460694,-0.05203028951811814
86728.44749881771,-0.06993146868075067
86759.04937302848,-0.08348886621314991
86789.65124723925,-0.09247842292661193
86820.25312145002,-0.09688613262691627
86850.85499566079,-0.09679753963556557
86881.45686987156,-0.09243720513967392
86912.05874408233,-0.08415009314109234
86942.6606182931,-0.07230214242504136
86973.26249250387,-0.05739667806435436
87003.86436671464,-0.0400442765930272
87034.46624092541,-0.020756117679200894
87065.06811513618,-0.00035028516110102606
87095.66998934695,0.02058306106107815
87126.27186355772,0.041128350717503155
87156.8737377685,0.06042323088765096
87187.47561197927,0.07766116454691363
87218.07748619004,0.09178947642754585
87248.67936040083,0.10187524460039907
87279.2812346116,0.10695540395814845
87309.88310882237,0.10613092958321461
87340.48498303314,0.09865376755249804
87371.0868572439,0.0839428484336038
87401.68873145468,0.061904599661280015
87432.29060566545,0.0328674916661993
87462.89247987622,-0.0019080393443631077
87493.49435408699,-0.04023272900632188
87524.09622829776,-0.07885677248050132
87554.69810250853,-0.1132606227360336
87585.2999767193,-0.1383351839759524
87615.90185093007,-0.14886214576490384
87646.50372514084,-0.1410870632419705
87677.1055993516,-0.11342248363802522
87710.28724714139,-0.06453396097158387
87743.46889493115,-0.003875649577535372
87776.65054272092,0.057078938408994556
87809.8321905107,0.10675334103454405
87843.01383830047,0.13747931979955574
87876.19548609023,0.1460787527518499
87909.37713388001,0.13436764110444394
87942.55878166978,0.10731876350948344
87975.74042945955,0.07087750137555657
88008.92207724933,0.030830306117845003
88042.1037250391,-0.008038157903654877
88075.28537282886,-0.04231756422239726
88108.46702061864,-0.06991682702693225
88141.64866840841,-0.08979577369056348
88174.83031619817,-0.10166804795445301
88208.01196398796,-0.10584825663618155
88241.19361177774,-0.10301593923398117
88274.3752595675,-0.0940821004199917
88307.55690735727,-0.08009963877124142
88340.73855514705,-0.06215653756679537
88373.92020293683,-0.04144888928406131
88407.1018507266,-0.019016093772371512
88473.46514630615,0.02653909427246362
88506.64679409593,0.04759075754723426
88539.8284418857,0.06625937220108923
88573.01008967546,0.08157567083192566
88606.19173746524,0.09278791230247957
88639.373385255,0.09915921478105368
88672.55503304477,0.10006298077183312
88705.73668083455,0.09509501017288173
88738.91832862432,0.08389118342764926
88772.09997641409,0.06660498297223966
88805.28162420387,0.04344329214954457
88838.46327199363,0.015217297955503362
88871.6449197834,-0.016744963562707667
88904.82656757318,-0.05041575441697635
88938.00821536295,-0.08299085160240713
88971.18986315271,-0.1110058628252035
89004.3715109425,-0.13022949859252084
89037.55315873228,-0.1362781894532347
89070.73480652204,-0.12542440913266711
89103.91645431181,-0.09584993920998641
89137.09810210159,-0.04903029301572638
89170.27974989137,0.009310643411837015
89203.46139768114,0.0697747622214054
89236.6430454709,0.12031268899774848
89269.82469326069,0.1507944240995221
89303.00634105047,0.15552666775006285
89336.18798884023,0.13516120595705364
89369.36963663,0.09571153457440672
89402.55128441978,0.046017832241516995
89435.73293220955,-0.0050053936576760945
89468.91457999931,-0.05027112654389032
89502.0962277891,-0.08527975204107552
89535.27787557886,-0.10800572334067071
89568.45952336863,-0.1183484649330642
89601.64117115841,-0.11746040900017034
89634.82281894817,-0.10719434399670591
89668.00446673794,-0.08972704293672165
89701.18611452772,-0.0672355416867384
89734.36776231749,-0.04176835502067479
89800.73105789704,0.011045810576643326
89831.7093160005,0.03384785300726452
89862.68757410397,0.054209766741987755
89893.66583220744,0.07132801396264912
89924.6440903109,0.08463321770962416
89955.62234841437,0.0936978984786607
89986.60060651784,0.098205831861778
90017.5788646213,0.09800607543819481
90048.55712272477,0.09307338649767093
90079.53538082824,0.08350016279293974
90110.5136389317,0.06950799471184639
90141.49189703517,0.05166794235144933
90172.47015513864,0.030388642094917574
90203.4484132421,0.006522547985959104
90234.42667134557,-0.018961477540979498
90265.40492944905,-0.04488282232219288
90296.38318755252,-0.06971925385134616
90327.36144565599,-0.09181955211613847
90358.33970375947,-0.10929168264772961
90389.31796186294,-0.12002912517937096
90420.2962199664,-0.12202080202765878
90451.27447806987,-0.11348532095992132
90482.25273617334,-0.0931127084257473
90513.2309942768,-0.060868249027967836
90544.20925238027,-0.018228233188200355
90575.18751048374,0.031027281618794977
90606.1657685872,0.08109822073555858
90637.14402669067,0.12393324235679537
90668.12228479414,0.1519040749973069
90699.1005428976,0.15825430533397017
90730.07880100107,0.1407359272086933
90761.05705910454,0.10199172565608891
90792.035317208,0.04918289688125143
90823.01357531147,-0.008129096771108927
90853.99183341494,-0.06063382512095394
90884.97009151841,-0.10135424709886202
90915.94834962187,-0.12656731043614605
90946.92660772534,-0.13563372896464768
90977.90486582881,-0.13019331296000627
91008.88312393229,-0.1131962816829942
91039.86138203576,-0.08808657192463595
91070.83964013922,-0.05821117494721074
91101.8178982427,-0.02660056099255679
91132.79615634617,0.004346592676096341
91163.77441444964,0.03273272391349742
91194.7526725531,0.0571778654988546
91225.73093065657,0.07677720098417141
91256.70918876004,0.09097928765372412
91287.6874468635,0.09952623166265163
91318.66570496697,0.10243865875059514
91349.64396307044,0.09992991856443381
91380.62222117391,0.09237463171975308
91411.60047927737,0.08028740305334817
91442.57873738084,0.06428722472822815
91473.55699548431,0.045106988669002264
91504.53525358778,0.02360477665168774
91535.51351169124,0.0006195109325903524
91566.49176979471,-0.022878970917174234
91597.47002789818,-0.04566068060926765
91628.44828600164,-0.06685143063117864
91659.42654410511,-0.08522709351072277
91690.40480220858,-0.0994111720550784
91721.38306031204,-0.10847005779254988
91752.36131841553,-0.11115029295428276
91783.33957651899,-0.10647099073617111
91813.70883269125,-0.09408123286713774
91844.07808886352,-0.07362960443446007
91874.44734503579,-0.0453379102037816
91904.81660120806,-0.010358564710159716
91935.18585738033,0.029219586601430828
91965.55511355259,0.07010392476862573
91995.92436972485,0.10773468112129284
92026.29362589712,0.1366221438095016
92056.66288206939,0.15109710286304712
92087.03213824164,0.14655328740507362
92117.4013944139,0.12099991857924722
92147.77065058617,0.07645077949040127
92178.13990675844,0.01920302082599921
92208.50916293071,-0.04126552619535044
92238.87841910298,-0.09464995519699154
92269.24767527524,-0.13250444903996278
92299.6169314475,-0.1501655794159151
92329.98618761977,-0.14734197156112927
92360.35544379204,-0.1271685798691127
92390.72469996431,-0.09470820996856032
92421.09395613658,-0.055568624210775484
92451.46321230884,-0.014867297123917862
92481.8324684811,0.02332342232084908
92512.20172465337,0.05613021397549636
92542.57098082564,0.08186165223109468
92572.94023699789,0.09962999018321206
92603.30949317015,0.10937896515283542
92633.67874934242,0.11150307082815195
92664.04800551469,0.10674368547144708
92694.41726168696,0.09605224588466854
92724.78651785923,0.08051056378429142
92755.15577403149,0.061238678361182394
92785.52503020375,0.03936938997687583
92815.89428637602,0.01606642272489203
92846.26354254829,-0.007616295280616024
92876.63279872056,-0.0306235038357833
92907.00205489283,-0.05194265219146925
92937.37131106509,-0.0707099303198703
92967.74056723734,-0.0860143438984329
92998.10982340961,-0.09716903085115378
93028.47907958188,-0.10346607794858213
93058.84833575414,-0.10439816692076412
93089.2175919264,-0.0995918589479128
93119.58684809867,-0.08886316728184923
93149.95610427094,-0.07222599359128512
93180.32536044321,-0.05002824789205293
93210.69461661548,-0.02291887590488048
93241.06387278774,0.007788565893805026
93271.43312896,0.04060083331400002
93301.80238513227,0.0730729899320897
93332.17164130454,0.10246857541004638
93362.5408974768,0.12199481325970259
93392.91015364908,0.1377979107145533
93423.27940982133,0.13655757825195175
93453.64866599359,0.1190205425993893
93484.01792216586,0.0846103053392232
93514.38717833813,0.03570365291576986
93544.75643451039,-0.022032752942382793
93575.12569068265,-0.07967352822296143
93605.49494685492,-0.12714771280270512
93635.86420302719,-0.15563517174432426
93666.23345919946,-0.1601939283807115
93696.60271537173,-0.14104926703990273
93726.97197154399,-0.10311988103979403
93759.92100129524,-0.04974430176443055
93792.8700310465,0.006110051964375039
93825.81906079777,0.05576373696282617
93858.76809054904,0.09344869612330164
93891.71712030031,0.11675865821319889
93924.66615005158,0.12561435778022334
93957.61517980284,0.121556033725391
93990.56420955411,0.10699892785468017
94023.51323930538,0.08471236075038044
94056.46226905665,0.0574459496731363
94089.41129880791,0.02781073727952885
94122.36032855918,-0.002115981512742041
94155.30935831045,-0.030403555171928
94188.25838806172,-0.055382626763089464
94221.20741781298,-0.0760760917913022
94254.15644756425,-0.09135543730501476
94287.10547731552,-0.10071665766827134
94320.05450706679,-0.10374938809055892
94353.00353681805,-0.10035083820850677
94385.95256656932,-0.09067650544672623
94418.90159632059,-0.07505333941074654
94451.85062607186,-0.05425177533842208
94484.79965582312,-0.029032617069168633
94517.74868557439,-0.0007916857238606544
94550.69771532566,0.029057412943422137
94583.64674507693,0.058577869029472776
94616.5957748282,0.0855548752472759
94649.54480457946,0.10748502329105927
94682.49383433073,0.12159365820668308
94715.442864082,0.12521285004116134
94748.39189383326,0.11588806025525747
94781.34092358453,0.09213458749106446
94814.2899533358,0.05405948622673943
94847.23898308707,0.0041205200999198666
94880.18801283833,-0.05196474677000077
94913.1370425896,-0.10539846915335287
94946.08607234087,-0.14547401729750523
94979.03510209214,-0.16224456034141949
95011.9841318434,-0.1499532425641889
95044.93316159467,-0.10983271627876949
95077.88219134594,-0.05030132390645147
95110.8312210972,0.015705593098668758
95143.78025084847,0.07500119885300913
95176.72928059974,0.11785349853181752
95209.67831035101,0.13967394123678234
95242.62734010228,0.14065006206443725
95275.57636985354,0.12423398061526406
95308.52539960481,0.09542422865424938
95341.47442935608,0.0594677709435113
95374.42345910735,0.021107482212650647
95407.37248885861,-0.01581331590392078
95440.32151860988,-0.04844527204804745
95473.27054836115,-0.07490166166530582
95506.21957811242,-0.09397156021857418
95539.16860786368,-0.10516570166287809
95572.11763761495,-0.10846755971596404
95605.06666736622,-0.1042757485920453
95638.01569711749,-0.09328019044900542
95670.96472686875,-0.0763944164894844
95703.91375662002,-0.05476217726779817
95736.86278637129,-0.02966319706143681
95769.81181612256,-0.002462722290218174
95802.76084587383,0.025229853729512104
95835.70987562509,0.05193403920153988
95866.45551569006,0.07444506656941266
95897.20115575501,0.09310500374327028
95927.94679581997,0.10675767315993917
95958.69243588494,0.11397164208287132
95989.4380759499,0.11363299608357899
96020.18371601487,0.10477407574458232
96050.92935607984,0.08697112664730866
96081.6749961448,0.06027881508871852
96112.42063620975,0.02544445137309615
96143.16627627471,-0.015303058156399811
96173.91191633968,-0.0587447757761109
96204.65755640465,-0.10009703551102446
96235.40319646962,-0.13339880499267645
96266.14883653457,-0.15221249931719227
96296.89447659953,-0.15091084401377133
96327.6401166645,-0.12658895290702493
96358.38575672946,-0.08054610732148557
96389.13139679443,-0.019448831839998435
96419.8770368594,0.0459785796592357
96450.62267692435,0.10336125727779763
96481.3683169893,0.14245289484958523
96512.11395705427,0.15771546616865054
96542.85959711924,0.14910628766372674
96573.60523718421,0.12100025009120118
96604.35087724918,0.0801742085626811
96635.09651731413,0.0338230687490014
96665.84215737908,-0.0117424867365446
96696.58779744405,-0.051856420057715645
96727.33343750902,-0.0835336175908413
96758.07907757399,-0.1052647510547661
96788.82471763896,-0.11672266948379234
96819.57035770391,-0.11842703735295855
96850.31599776886,-0.11144700042775282
96881.06163783383,-0.09718313624790614
96911.8072778988,-0.0772262106211781
96942.55291796377,-0.053209701609932714
96973.29855802873,-0.026731216127910268
97004.04419809369,0.0005993080948347932
97034.78983815864,0.0273189014516659
97065.53547822361,0.05207778926995155
97096.28111828858,0.07361659910882509
97127.02675835355,0.09085950633810266
97157.77239841851,0.10279958598190328
97188.51803848347,0.10875099977411017
97219.26367854842,0.10807045573204721
97250.00931861339,0.10051285260402752
97280.75495867836,0.08598543376162336
97311.50059874333,0.06466614056602789
97342.2462388083,0.037630926568471945
97372.99187887325,0.005775316353233504
97403.7375189382,-0.02905508300842536
97434.48315900317,-0.06427813783515361
97465.22879906814,-0.09686415757823288
97495.9744391331,-0.12297654984146138
97526.72007919807,-0.13862668557622537
97557.46571926303,-0.13977913334032668
97588.21135932798,-0.12340094214815638
97618.95699939295,-0.0885769578966068
97649.70263945792,-0.03739139768896724
97680.44827952288,0.023807001419123387
97711.19391958785,0.08514206720053322
97741.9395596528,0.13496617500680747
97772.68519971776,0.16285636127872347
97803.43083978273,0.16317228721002808
97837.75220102337,0.13193420244925178
97872.073562264,0.07673608805795949
97906.39492350465,0.011804776758848855
97940.71628474529,-0.049225376043947916
97975.03764598593,-0.0964527670018229
98009.35900722657,-0.12494677810862836
98043.6803684672,-0.13405606887644406
98078.00172970784,-0.12603654977600465
98112.32309094848,-0.1046890658154445
98146.64445218912,-0.07432334676049913
98180.96581342976,-0.03914566907942951
98215.2871746704,-0.002865740988850966
98249.60853591104,0.03142503737171732
98283.92989715168,0.06129764892928645
98318.25125839232,0.08493069836315575
98352.57261963296,0.1010252599187269
98386.8939808736,0.10884324480892356
98421.21534211424,0.10815627138186899
98455.53670335488,0.09912166238334151
98489.85806459552,0.08227034888380058
98524.17942583616,0.05869073106589717
98558.5007870768,0.029692999568667486
98592.82214831744,-0.002900847998338618
98627.14350955808,-0.036787232226970584
98661.46487079872,-0.06943469720895158
98695.78623203936,-0.09762340900572843
98730.10759328,-0.11822512732190495
98764.42895452064,-0.12773380162000655
98798.75031576128,-0.12312689279995259
98833.07167700192,-0.10218087589314552
98867.39303824256,-0.06448294652125675
98901.7143994832,-0.012390171668857971
98936.03576072384,0.047901127220818886
98970.35712196448,0.1062290215768173
99004.67848320512,0.14961936137409793
99038.99984444576,0.16570519376609713
99073.3212056864,0.1471303347226708
99107.64256692704,0.09622187908836229
99141.96392816768,0.02488027240686447
99176.28528940832,-0.048910828175466575
99210.60665064896,-0.10878865563942539
99244.9280118896,-0.1435279356373853
99279.24937313024,-0.15045442673298026
99313.57073437088,-0.1329553365346007
99347.89209561152,-0.09802229683038281
99382.21345685216,-0.05370582985806295
99416.5348180928,-0.007196150101375851
99450.85617933344,0.03581912785752899
99485.17754057408,0.07138073212995548
99519.49890181472,0.09708111338701757
99553.82026305536,0.11190207010831014
99588.141624296,0.11578125433394526
99622.46298553664,0.10942074484749176
99656.78434677728,0.09407321594447757
99691.10570801792,0.07138214400709254
99725.42706925856,0.04326262062636699
99759.7484304992,0.011866534500377343
99794.06979173984,-0.020632313726979493
99828.39115298048,-0.05181259530089577
99862.71251422112,-0.0794335604926793
99897.03387546176,-0.10108793810282005
99931.3552367024,-0.11471189190048184
99965.67659794303,-0.1183337417202849
99999.99795918367,-0.11052189905455878
