0.002040816326530612,-0.09596141964693687
30.671792055962676,-0.09406938571849616
61.341543295598825,-0.08849159971449988
92.01129453523498,-0.07947056566182238
122.68104577487112,-0.0674002778816742
153.35079701450726,-0.05279673331917908
184.02054825414342,-0.03628443653847424
245.3600507334157,-0.0002989859737436806
276.02980197305186,0.017730381435353652
306.699553212688,0.03486180713136197
337.3693044523242,0.05046638949748943
368.0390556919603,0.06400243996942692
398.7088069315964,0.07502758295322767
429.3785581712326,0.0832174840113703
460.04830941086874,0.08836450014540895
490.71806065050487,0.09037920713332874
521.387811890141,0.0892867381205111
552.0575631297772,0.08521874175912289
582.7273143694133,0.07839875622908567
613.3970656090495,0.06912774695755837
644.0668168486857,0.05778166474461063
674.7365680883217,0.04477245695619927
705.4063193279579,0.030546947179791922
736.0760705675941,0.01558195056488949
766.7458218072302,0.0003404158856961867
797.4155730468664,-0.014719935406046693
828.0853242865026,-0.0291455519848262
858.7550755261386,-0.04254809046711768
889.4248267657748,-0.054544925544886144
920.094578005411,-0.06482752303158712
950.7643292450471,-0.07312401045982984
981.4340804846832,-0.07922829904223173
1012.1038317243194,-0.08299148534550344
1042.7735829639555,-0.08432800226057684
1073.4433342035918,-0.08321496484689704
1104.1130854432279,-0.07969229375724006
1134.782836682864,-0.07386063477450217
1165.4525879225002,-0.06587932939769733
1196.1223391621363,-0.05596366333922136
1226.7920904017724,-0.04437859462957422
1257.4618416414087,-0.03143630595277853
1288.1315928810448,-0.01749038976689915
1349.4710953603171,0.011867317395570334
1380.1408465999532,0.026432284845449957
1410.8105978395893,0.040371076668265574
1441.4803490792256,0.05323598263934986
1472.1501003188616,0.06462400351996878
1502.8198515584977,0.07415324504194779
1533.489602798134,0.08148183493273836
1564.15935403777,0.08632104077573388
1594.8291052774061,0.08844451324702243
1625.4988565170424,0.08770319755506405
1656.1686077566785,0.08403637289475276
1686.8383589963146,0.077474823853889
1717.5081102359509,0.06814728316811246
1748.177861475587,0.05630428736776575
1778.847612715223,0.04225446595418689
1809.5173639548593,0.026466864197134246
1840.1871151944954,0.009441416073059872
1870.8568664341315,-0.008215540776210471
1901.5266176737678,-0.025856455866936825
1932.1963689134038,-0.042803487864592885
1962.86612015304,-0.05838359446778981
1996.1156449716777,-0.07296993586543742
2029.3651697903158,-0.0844389061349155
2062.614694608954,-0.09218537092101478
2095.8642194275917,-0.09575771663728656
2129.1137442462295,-0.09492060334653218
2162.3632690648674,-0.08965958668936624
2195.612793883505,-0.08019259196551334
2228.862318702143,-0.06695802411072722
2262.111843520781,-0.050598116940454706
2295.3613683394187,-0.0319122156650799
2328.6108931580566,-0.011830854643708835
2361.8604179766944,0.00867472234474867
2395.1099427953322,0.028614911171232778
2428.35946761397,0.047043981343245486
2461.608992432608,0.06315035631399167
2494.858517251246,0.07620071832930388
2528.1080420698845,0.08570769655869101
2561.3575668885223,0.0913213978101888
2594.60709170716,0.09290520099950489
2627.856616525798,0.09051221153480217
2661.106141344436,0.08436908714306635
2694.3556661630737,0.07484656578230084
2727.6051909817115,0.062456909563880905
2760.8547158003494,0.047784652136535884
2794.104240618987,0.031492509772165334
2827.353765437625,0.014266803544456924
2860.603290256263,-0.0031973046953848927
2893.8528150749007,-0.02025030853534067
2927.1023398935386,-0.036251886941098176
2960.3518647121764,-0.05066574753396761
2993.6013895308142,-0.06301099627640297
3026.8509143494525,-0.07289991307111347
3060.100439168091,-0.08004891632360062
3093.3499639867287,-0.08426349005266272
3126.5994888053665,-0.08545773180939657
3159.8490136240043,-0.08364024061728051
3193.098538442642,-0.07891331776692664
3226.34806326128,-0.07147095729415011
3259.597588079918,-0.06158098991098864
3292.8471128985557,-0.0495877997367796
3326.0966377171935,-0.03589707295741374
3359.3461625358314,-0.020961866661028512
3425.845212173107,0.010648774752891292
3459.094736991745,0.026275854001086667
3492.3442618103827,0.04107884233560081
3525.5937866290205,0.054551840860723504
3558.843311447659,0.06620544064952943
3592.092836266297,0.07561616927536849
3625.342361084935,0.08240247607938717
3658.591885903573,0.08626788741475207
3691.8414107222106,0.08700557754114442
3725.0909355408485,0.08450113079072696
3758.3404603594863,0.07876314453102298
3791.589985178124,0.06989520513292312
3824.839509996762,0.05816688288649335
3858.0890348154,0.043909160462561624
3891.3385596340377,0.02762720147312289
3957.8376092713133,-0.00856360648625485
3991.087134089951,-0.027022665102468695
4024.336658908589,-0.04470426957095094
4057.586183727227,-0.06080078823583727
4090.835708545865,-0.07450662102310956
4121.8818436781985,-0.08458676922076355
4152.927978810532,-0.09150857008950534
4183.974113942866,-0.094920586253003
4215.020249075199,-0.0945966010240044
4246.066384207532,-0.09046667966115421
4277.112519339866,-0.08262811608765225
4308.1586544721995,-0.07134931701843389
4339.204789604533,-0.05706802039269327
4370.250924736867,-0.04035539969120141
4401.2970598692,-0.021916786114150284
4432.343195001533,-0.0025406908795493205
4463.389330133867,0.0169478742799161
4494.4354652662005,0.03569439874948599
4525.481600398534,0.0529089948324635
4556.527735530868,0.06786415046662715
4587.573870663201,0.07994765495980304
4618.620005795534,0.08869758061928805
4649.666140927868,0.09379823022865673
4680.7122760602015,0.09511065137990077
4711.758411192535,0.09266237658354623
4742.804546324869,0.08664370080414738
4773.850681457202,0.07737870960723314
4804.896816589535,0.0652991613549169
4835.942951721869,0.05100523078758636
4866.9890868542025,0.03503739406973448
4898.035221986536,0.018055858740163917
4929.08135711887,0.0007415382977086164
4960.127492251203,-0.016329988923663094
4991.173627383536,-0.03250693001733066
5022.21976251587,-0.047291407963948456
5053.2658976482035,-0.06020894832202513
5084.312032780537,-0.07088678900988425
5115.358167912871,-0.07902695403298622
5146.404303045205,-0.08444038336183939
5177.450438177539,-0.08701918224125775
5208.496573309872,-0.08675305298849796
5239.5427084422045,-0.0837118856230164
5270.588843574538,-0.07804920566574103
5301.634978706872,-0.06998530876168602
5332.681113839206,-0.05980631872619717
5363.72724897154,-0.04784684699999348
5394.773384103873,-0.03448708289549294
5456.865654368539,-0.005224230134974043
5487.911789500873,0.009807281122498753
5518.957924633207,0.024518462786640736
5550.004059765541,0.03847588204606762
5581.050194897874,0.05127141670861915
5612.096330030206,0.06252352889642998
5643.14246516254,0.07189335228544827
5674.188600294874,0.07908699366040262
5705.234735427208,0.08386305347872113
5736.280870559542,0.086050698682592
5767.327005691875,0.08554418707472879
5798.373140824207,0.08230777165231914
5829.419275956541,0.07639720940578608
5860.465411088875,0.06794086962077821
5891.511546221209,0.057130237947597654
5922.557681353543,0.04428090228749904
5953.6038164858755,0.02976951180870442
5984.649951618208,0.013981734529784934
6015.696086750542,-0.0025450027040522074
6077.78835701521,-0.03556481405515424
6108.225490216341,-0.0506535082575386
6138.662623417473,-0.06421271724667652
6169.099756618603,-0.07573033636334116
6199.536889819735,-0.08477351169944339
6229.974023020866,-0.09088082019863362
6260.411156221997,-0.09375046929180955
6290.848289423128,-0.09317707744608082
6321.28542262426,-0.0890809505393825
6351.72255582539,-0.08152816445917867
6382.159689026522,-0.070732400365682
6412.596822227653,-0.05705230941178
6443.033955428784,-0.040971282572467425
6473.471088629915,-0.02311238341605319
6503.908221831047,-0.00418732263352814
6564.782488233309,0.033762999530556746
6595.21962143444,0.05118881346794132
6625.656754635571,0.06659145136004734
6656.093887836702,0.07930627193321654
6686.531021037834,0.08881566846831272
6716.968154238964,0.09472813277780875
6747.405287440096,0.09684822899919668
6777.842420641227,0.09507879948879544
6808.279553842358,0.08959760169468471
6838.716687043489,0.0806657318450919
6869.153820244621,0.06870830631369013
6899.590953445751,0.05425860391769467
6930.028086646883,0.03795459941312637
6960.465219848014,0.020459713058780568
6990.902353049145,0.0024701369417394854
7021.339486250276,-0.015327839001756268
7051.776619451408,-0.032266949912665134
7082.2137526525385,-0.04777277381717663
7112.65088585367,-0.06133523304425778
7143.088019054801,-0.072532333418803
7173.525152255932,-0.0810471022681011
7203.962285457063,-0.08667577738231035
7234.399418658195,-0.08931023921289304
7264.8365518593255,-0.08894998089171156
7295.273685060457,-0.08569092500277514
7325.710818261588,-0.07971331008184614
7356.147951462719,-0.0712695980757721
7386.5850846638505,-0.060689617599677
7417.022217864982,-0.04833315058020796
7447.4593510661125,-0.034618986715748395
7477.896484267244,-0.019977074751584684
7538.770750669506,0.010285505939698833
7569.2078838706375,0.025016251822979427
7599.645017071769,0.03890942499034315
7630.0821502728995,0.05157224185341957
7660.519283474031,0.06265189272164713
7690.9564166751625,0.0718343391846
7721.393549876293,0.07886369936106384
7751.8306830774245,0.08353703932870078
7782.267816278556,0.08571442181767931
7812.704949479687,0.0853214168859809
7843.142082680818,0.08235037386086072
7873.5792158819495,0.07686793426918838
7904.01634908308,0.06899361500436844
7934.4534822842115,0.05893545660142622
7964.890615485343,0.04696440020409824
7995.327748686474,0.03341107648542581
8025.764881887605,0.01862196338874841
8058.7817886677385,0.0017224171847794833
8091.798695447871,-0.015478439722619789
8124.815602228004,-0.0323896127395378
8157.832509008136,-0.04830956526435027
8190.84941578827,-0.06260029348371651
8223.866322568403,-0.0746813550293029
8256.883229348536,-0.0839422338678962
8289.900136128668,-0.08993976278127636
8322.9170429088,-0.09230209244115485
8355.933949688933,-0.09080018485913317
8388.950856469066,-0.0853817203608505
8421.9677632492,-0.07612025762771772
8454.984670029335,-0.0633552533266142
8488.001576809467,-0.04751415452128879
8521.0184835896,-0.029262194052339048
8554.035390369732,-0.009402081520855428
8587.052297149865,0.011194589965062519
8620.069203929997,0.03150612824339083
8653.08611071013,0.05055757545353975
8686.103017490264,0.06738375866347648
8719.119924270399,0.08111561270019098
8752.136831050531,0.0910352904793016
8785.153737830664,0.0966184971973592
8818.170644610796,0.09757006512377908
8851.187551390929,0.09384360305638753
8884.204458171062,0.08563159623242446
8917.221364951194,0.07341397701851096
8950.238271731327,0.05780380983942244
8983.25517851146,0.03958744723411042
9016.272085291592,0.019757921241964026
9082.305898851859,-0.02093810685707087
9115.322805631993,-0.039880434105940055
9148.339712412126,-0.05674209595725932
9181.356619192258,-0.07082241958010863
9214.37352597239,-0.08158284297416356
9247.390432752523,-0.08866792953490862
9280.407339532656,-0.09187347498576935
9313.424246312788,-0.0912042633683864
9346.441153092921,-0.08681301250551957
9379.458059873054,-0.07898577514571047
9412.474966653186,-0.06815834464462672
9445.491873433319,-0.05482711337800046
9478.508780213453,-0.03959126826196156
9511.525686993587,-0.023073099848232352
9544.54259377372,-0.005916240802709081
9610.576407333985,0.02772283943669193
9643.593314114118,0.043016904448496526
9676.61022089425,0.056584496179519744
9709.627127674383,0.06797794263376186
9742.644034454517,0.07682962521827574
9775.660941234652,0.08286622048532571
9808.677848014784,0.08590230428476628
9841.694754794917,0.08585582682578585
9874.71166157505,0.08273902592790683
9907.728568355182,0.07666195314382838
9940.745475135314,0.06782870097843255
9973.762381915447,0.05652888823528759
10006.779288695581,0.0431395586531386
10039.796195475716,0.028098187576742636
10072.813102255848,0.011921246706704552
10138.846915816113,-0.02161596621199697
10169.660432909943,-0.03671694124651268
10200.47395000377,-0.05079773421859305
10231.287467097598,-0.06339123776691069
10262.100984191427,-0.0740214082211528
10292.914501285257,-0.08229808192356967
10323.728018379084,-0.08788298126171927
10354.541535472912,-0.09049085454056914
10385.355052566742,-0.08995930929529714
10416.168569660571,-0.08619063429154392
10446.982086754399,-0.07923568903479136
10477.795603848226,-0.06925639448303744
10508.609120942056,-0.05648446567020458
10539.422638035885,-0.041375410935730716
10570.236155129713,-0.02442487457513891
10631.86318931737,0.012548639124618708
10662.6767064112,0.031095465476940122
10693.490223505027,0.04868626554491137
10724.303740598854,0.06451362170605865
10755.117257692684,0.07793011940024308
10785.930774786513,0.08825274551395511
10816.74429188034,0.09500726418433485
10847.557808974168,0.09783017179391183
10878.371326067998,0.09655213955433359
10909.184843161827,0.09118269156810622
10939.998360255655,0.08193513618930617
10970.811877349483,0.06920303581892609
11001.625394443312,0.053546031573418564
11032.438911537141,0.03566202855959834
11063.252428630969,0.016361626711612145
11124.879462818626,-0.023089836460286808
11155.692979912455,-0.04153685101209934
11186.506497006283,-0.05807248373792094
11217.32001410011,-0.0720485006942716
11248.13353119394,-0.08295388610437887
11278.94704828777,-0.09038496095568258
11309.760565381597,-0.09416441551294961
11340.574082475425,-0.09421819041074274
11371.387599569254,-0.0906651950165965
11402.201116663084,-0.08373191944097516
11433.014633756911,-0.07380330132769732
11463.828150850739,-0.06130256599499108
11494.641667944568,-0.04681645630988943
11525.455185038398,-0.03087526705148468
11556.268702132225,-0.014113435257531781
11617.895736319882,0.01949819124487492
11648.709253413712,0.03519526415350266
11679.52277050754,0.049494849972541874
11710.336287601367,0.06193364933966523
11741.149804695197,0.07217312131359478
11771.963321789026,0.07992237892746447
11802.776838882854,0.08498660413618962
11833.590355976681,0.08725557537764375
11864.40387307051,0.08669700356538097
11895.21739016434,0.08336981823536802
11926.030907258168,0.07740235710661914
11956.844424351995,0.06900176683147015
11987.657941445825,0.0584380417823877
12018.471458539654,0.04603864359308548
12049.284975633484,0.03218585218447656
12110.91200982114,0.001817483868344075
12144.305300493972,-0.015071471866326578
12177.698591166802,-0.03149427657598027
12211.091881839631,-0.046839932004513495
12244.48517251246,-0.0605406822909276
12277.87846318529,-0.07205641697255362
12311.271753858122,-0.08090984767422757
12344.665044530953,-0.08671977845191031
12378.058335203783,-0.08917432876947366
12411.451625876613,-0.08810026530935187
12444.844916549444,-0.08343871267001367
12478.238207222275,-0.07526287697565977
12511.631497895105,-0.0638265879165274
12545.024788567935,-0.04944603631488512
12578.418079240764,-0.0326949726177572
12611.811369913594,-0.014196611957119222
12645.204660586425,0.005311643851952109
12678.597951259257,0.024920701117413933
12711.991241932086,0.04381982139347325
12745.384532604916,0.061025631131334704
12778.777823277745,0.07568052283170215
12812.171113950575,0.08702640238249548
12845.564404623407,0.09435726837659464
12878.957695296238,0.097234447125275
12912.350985969068,0.09538002041061229
12945.744276641897,0.08879518324381881
12979.137567314729,0.07772070752920578
13012.53085798756,0.0626724067038755
13045.92414866039,0.044378600102182864
13079.31743933322,0.023783481320074226
13112.710730006049,0.0019516429284881912
13146.104020678878,-0.019966189601931396
13179.49731135171,-0.04081533473638612
13212.890602024541,-0.0595267276752667
13246.28389269737,-0.0751301538852799
13279.6771833702,-0.08689682852240664
13313.07047404303,-0.0942462610515904
13346.46376471586,-0.096946884864043
13379.857055388691,-0.09493743643595863
13413.250346061523,-0.08845368912400542
13446.643636734352,-0.0779103062415579
13480.036927407182,-0.06395534226225708
13513.430218080013,-0.04730570609863765
13546.823508752845,-0.028849359571171074
13580.216799425674,-0.009431393264860501
13613.610090098504,0.010017156015400392
13647.003380771333,0.028693621419397155
13680.396671444163,0.045792047549916615
13713.789962116995,0.06067899016312779
13747.183252789826,0.07278694284037464
13780.576543462656,0.08172837528320841
13813.969834135485,0.08722159055716285
13847.363124808315,0.08915691819233323
13880.756415481144,0.08753734488133229
13914.149706153976,0.08251383503270635
13947.542996826807,0.07433572991510076
13980.936287499637,0.06337857343102182
14014.329578172466,0.05008116750326996
14047.722868845298,0.03496378758208127
14114.509450190959,0.001594470002344861
14147.902740863788,-0.015434481508634643
14181.296031536618,-0.031872273589832675
14214.689322209448,-0.04712083985266869
14248.08261288228,-0.06062283940175826
14280.866901623907,-0.07169319608536097
14313.651190365534,-0.0801831002611255
14346.435479107162,-0.0857658253987721
14379.21976784879,-0.08819336206223756
14412.004056590418,-0.08733081226281895
14444.788345332046,-0.08314495498569237
14477.572634073675,-0.07571548115191964
14510.356922815303,-0.0652605702309864
14543.141211556931,-0.052088481674744835
14575.92550029856,-0.03662659332805064
14608.709789040187,-0.019453829166714287
14641.494077781816,-0.0011843390999016854
14674.278366523444,0.017490807332529477
14707.062655265072,0.0357506193555575
14739.846944006698,0.052861543871175434
14772.631232748327,0.0680127193054802
14805.415521489955,0.08045602105981657
14838.199810231581,0.08959545355000913
14870.98409897321,0.09484341619339728
14903.768387714837,0.09586762188704945
14936.552676456466,0.09246345844532257
14969.336965198094,0.08468737720184599
15002.121253939722,0.07278168802146207
15034.90554268135,0.05723797572077274
15067.689831422978,0.03875553898083179
15100.474120164607,0.018191936143791245
15133.258408906235,-0.003415972731602313
15166.042697647863,-0.025007185518747716
15198.826986389491,-0.04544715291802569
15231.61127513112,-0.06369511470742964
15264.395563872746,-0.07880190673023887
15297.179852614374,-0.08999383865158007
15329.964141356002,-0.09672880216328675
15362.748430097628,-0.09869467989751099
15395.532718839257,-0.09586046603291956
15428.317007580885,-0.08842967165229529
15461.101296322513,-0.07688523069251836
15493.885585064141,-0.061832454120409455
15526.66987380577,-0.044130385435622435
15559.454162547398,-0.024645869866601583
15592.238451289026,-0.004371607717280927
15625.022740030654,0.015761158702964167
15657.807028772282,0.034834897618107395
15690.59131751391,0.05204454408034152
15723.375606255539,0.06669487123014545
15756.159894997167,0.07824367161259298
15788.944183738793,0.08630375847788296
15821.728472480421,0.09065268913942978
15854.51276122205,0.0912257736444048
15887.297049963676,0.0881162472663536
15920.081338705304,0.08154199348593287
15952.865627446932,0.07186667826106993
15985.64991618856,0.059518233182618854
16018.434204930189,0.04503219534349688
16051.218493671817,0.02899920418522649
16084.002782413445,0.012020874432363566
16116.787071155073,-0.005251956050751827
16149.571359896701,-0.0221986699685471
16182.35564863833,-0.03821997405444714
16215.139937379958,-0.05274129321516834
16247.924226121586,-0.0652654588930191
16280.708514863214,-0.07535325864585789
16313.49280360484,-0.08264762308592083
16346.277092346469,-0.08688772866890324
16376.857991401794,-0.08794224754814427
16407.438890457117,-0.08614460612260592
16438.01978951244,-0.0815235386779235
16468.600688567763,-0.07419746390252661
16499.181587623087,-0.0643623462026819
16529.76248667841,-0.052283790736170406
16560.343385733733,-0.03833007034633381
16590.924284789056,-0.022927648416110568
16621.50518384438,-0.006526526279691179
16652.086082899703,0.010326132404007544
16682.666981955026,0.027047108655177565
16713.24788101035,0.043079580474863724
16743.828780065673,0.05783829677253067
16774.409679120996,0.07072520724409827
16804.990578176323,0.08124134037760247
16835.571477231646,0.0889265395747277
16866.15237628697,0.09337230144799581
16896.733275342296,0.09433483869476995
16927.31417439762,0.09164328500590606
16957.895073452943,0.08529561288970389
16988.475972508266,0.07547037001669281
17019.05687156359,0.06239307531466123
17049.637770618912,0.04656834859659496
17080.218669674236,0.0286224318042949
17110.79956872956,0.009183223939061323
17141.380467784882,-0.01086841781154629
17171.961366840205,-0.03067837386317927
17202.54226589553,-0.04939141133320195
17233.12316495085,-0.06610955314525153
17263.704064006175,-0.08009336743256731
17294.2849630615,-0.09065715407773692
17324.86586211682,-0.0973067156123569
17355.446761172145,-0.09972523559885377
17386.027660227468,-0.09779815700220756
17416.60855928279,-0.0916288435053442
17447.189458338114,-0.0815155847186314
17477.770357393438,-0.0679489361437228
17508.35125644876,-0.05158435598730577
17538.932155504088,-0.0331424493319369
17569.51305455941,-0.013557033787227214
17600.093953614734,0.00639317688395449
17630.67485267006,0.025824362183717295
17661.255751725384,0.04390180724457543
17691.836650780708,0.05996325215865714
17722.41754983603,0.0733405597874839
17752.998448891354,0.08363531985475407
17783.579347946677,0.09048777046518935
17814.160247002,0.09375835279054894
17844.741146057324,0.09341341082236192
17875.322045112647,0.08958401760482872
17905.90294416797,0.08250380301572913
17936.483843223294,0.07253927840171596
17967.064742278617,0.06010754660654112
17997.64564133394,0.04574230391168963
18028.226540389263,0.02996069640559508
18058.807439444587,0.013369659446540231
18089.38833849991,-0.003471709552873726
18119.969237555233,-0.02000605212381075
18150.550136610556,-0.03566611618031102
18181.13103566588,-0.049975401485395754
18211.711934721203,-0.062497646847431323
18242.292833776526,-0.07284470045275938
18272.873732831853,-0.08071939085171043
18303.454631887176,-0.08589799630245624
18336.615304521503,-0.08829820488969875
18369.775977155827,-0.08728919338356804
18402.936649790154,-0.08291627922923668
18436.09732242448,-0.07534029929777147
18469.257995058804,-0.06483412111178298
18502.41866769313,-0.05176848121586054
18535.57934032746,-0.036615735046307475
18568.74001296178,-0.019912476854756195
18601.900685596105,-0.0022794458365071896
18635.061358230432,0.015614063664913254
18668.22203086476,0.03310051107011183
18701.382703499083,0.04946647924158863
18734.543376133406,0.06403253928801708
18767.704048767733,0.07616612328547503
18800.86472140206,0.0852983152909463
18834.025394036384,0.09095305974919113
18867.186066670707,0.09278636288255686
18900.346739305034,0.09059335261243759
18933.50741193936,0.08432640470353733
18966.668084573685,0.074150464361112
18999.828757208008,0.06036124174372105
19032.989429842335,0.043538013270971065
19066.150102476662,0.02431130978671878
19099.310775110986,0.0035818310325162655
19132.47144774531,-0.017669053924555186
19165.632120379636,-0.0384449539163076
19198.792793013963,-0.05759564069595752
19231.953465648287,-0.07416936940353289
19265.11413828261,-0.08717724529077706
19298.274810916937,-0.095883953096693
19331.435483551264,-0.0997449737752996
19364.596156185587,-0.09848174119651167
19397.75682881991,-0.09210807559005513
19430.917501454238,-0.08093132590916861
19464.078174088565,-0.06554262380446879
19497.23884672289,-0.04678395964053827
19530.399519357212,-0.025660862761982192
19563.56019199154,-0.003345192301358992
19596.720864625866,0.018958055293550515
19629.88153726019,0.040117896862138236
19663.042209894513,0.05898341006944559
19696.20288252884,0.07469809185685199
19729.363555163167,0.086479175906092
19762.52422779749,0.09388784474246108
19795.684900431814,0.0966535862280769
19828.84557306614,0.09479334420168524
19862.006245700468,0.08852992571424613
19895.16691833479,0.07830022322512906
19928.327590969115,0.0646967003352694
19961.48826360344,0.048446592892509674
19994.64893623777,0.03034491858559303
20027.809608872092,0.011249477482768791
20060.970281506416,-0.008010103796176487
20094.130954140743,-0.026600996287311756
20127.29162677507,-0.043795865628157266
20160.452299409393,-0.058905875741032045
20193.612972043717,-0.07140522573379475
20226.773644678044,-0.08083646147730264
20259.93431731237,-0.08690606587362507
20293.094989946694,-0.08943936485268485
20326.25566258102,-0.08839350815261365
20359.41633521535,-0.08386052379272407
20392.57700784967,-0.07604489225608521
20425.737680484,-0.0652788035779678
20456.69496343202,-0.05292660754353395
20487.652246380043,-0.03877614740485252
20518.609529328063,-0.023287572696027797
20549.566812276084,-0.006969844184582167
20580.524095224104,0.009641350213989083
20611.481378172124,0.026007102924982452
20642.438661120144,0.04156825787640949
20673.395944068165,0.0557937042337581
20704.353227016185,0.06819874250330862
20735.310509964205,0.07830459932170374
20766.26779291223,0.08572436304169116
20797.22507586025,0.09015306394143566
20828.18235880827,0.0913519452958399
20859.139641756294,0.0891978192143088
20890.096924704314,0.08369733313806313
20921.054207652334,0.07492478460357566
20952.011490600355,0.06314492875231707
20982.968773548375,0.04873928672897871
21013.9260564964,0.03212571899616421
21044.88333944442,0.013936636524482897
21075.84062239244,-0.005107835187934897
21106.797905340463,-0.024312327499057214
21137.755188288484,-0.04286845558887658
21168.712471236504,-0.05990385422706074
21199.669754184524,-0.07467830948632265
21230.627037132545,-0.08650426290700339
21261.584320080565,-0.09470215905305468
21292.541603028585,-0.09884748652298764
21323.498885976605,-0.09864889777807119
21354.456168924626,-0.09401769894169194
21385.41345187265,-0.08509219782448209
21416.37073482067,-0.07221350919585484
21447.32801776869,-0.05596416821602493
21478.285300716714,-0.03705895527307684
21509.242583664734,-0.016406262521017203
21540.199866612755,0.005016614915731046
21571.157149560775,0.026187828262166906
21602.114432508795,0.04609965352620667
21633.071715456816,0.06379914032161257
21664.028998404836,0.07850278606994263
21694.986281352856,0.08952689245172922
21725.943564300876,0.09644898272070172
21756.9008472489,0.0990077874002238
21787.85813019692,0.09719370928947077
21818.81541314494,0.09117787509758812
21849.772696092965,0.08133679165951377
21880.729979040985,0.06819892727129477
21911.687261989005,0.05240837723267551
21942.644544937026,0.03473084277993
21973.601827885046,0.015910840995628985
22004.55911083307,-0.003196274422806237
22035.51639378109,-0.021882242269600324
22066.47367672911,-0.03936018838965642
22097.430959677135,-0.05504669757021745
22128.388242625155,-0.06836047745214707
22159.345525573175,-0.07889158690172877
22190.302808521195,-0.08631538190752433
22221.260091469216,-0.09044680890114813
22252.217374417236,-0.09121355759967324
22283.174657365256,-0.08866887883144109
22314.131940313277,-0.08297042191471755
22345.089223261297,-0.07436409031146934
22376.04650620932,-0.06318689814694262
22407.00378915734,-0.049892480385151344
22437.352070174158,-0.035231097283181294
22467.70035119098,-0.019453030531044156
22528.396913224613,0.013359700313130437
22558.745194241434,0.029343379472532138
22589.09347525825,0.044350835090509945
22619.441756275068,0.057906058466237885
22649.79003729189,0.0695587863690056
22680.13831830871,0.07891883161762378
22710.486599325526,0.08566547448193922
22740.834880342343,0.08953779783634004
22771.183161359164,0.09037273872429852
22801.531442375985,0.08809071593085385
22831.8797233928,0.08270871692228511
22862.22800440962,0.07435824312725371
22892.57628542644,0.06324717673030034
22922.92456644326,0.04970067043426934
22953.272847460077,0.03416184793499643
22983.621128476894,0.01711579762465273
23013.969409493715,-0.0008664205043568971
23044.317690510536,-0.019091921047530602
23074.665971527353,-0.036895935489477005
23105.01425254417,-0.053624111816176476
23135.36253356099,-0.06850528543311987
23165.71081457781,-0.08090735910084033
23196.059095594628,-0.09030268329184848
23226.407376611445,-0.09613409515212254
23256.755657628266,-0.09808356360768115
23287.103938645083,-0.09596025156228667
23317.4522196619,-0.08971503441496322
23347.80050067872,-0.0795543421230312
23378.148781695538,-0.06581093243551034
23408.497062712355,-0.04902425853725454
23438.845343729176,-0.029936512775400596
23499.54190576281,0.011836936377982051
23529.89018677963,0.03257638632669099
23560.238467796447,0.0519326386075559
23590.586748813264,0.06898840202199938
23620.935029830085,0.08294488356567391
23651.283310846906,0.09316530623691212
23681.631591863723,0.0991849574036462
23711.97987288054,0.10077008874662811
23742.32815389736,0.09788729862789301
23772.67643491418,0.09074913810912835
23803.024715931,0.07972968790198125
23833.372996947815,0.06539992744961831
23863.721277964636,0.04848495791305244
23894.069558981457,0.029722926884653392
23924.417839998274,0.0100355001074932
23954.76612101509,-0.009782250786747597
23985.11440203191,-0.028876860733579528
24015.462683048732,-0.046490597159831094
24045.81096406555,-0.06198139341944288
24076.159245082366,-0.07476474898823911
24106.507526099187,-0.08446320729267814
24136.855807116008,-0.09076207659524729
24167.204088132825,-0.09354832189807774
24197.552369149642,-0.09280322620357868
24227.900650166463,-0.0886574581534545
24258.24893118328,-0.08134026471981816
24288.597212200097,-0.0711987433626609
24318.945493216917,-0.05863278056438556
24349.293774233734,-0.04416214424530855
24382.221828829555,-0.026894040323760082
24415.149883425373,-0.008689272933652098
24448.077938021193,0.009701475437556218
24481.005992617014,0.027558874152914525
24513.934047212835,0.04420883727239978
24546.862101808656,0.05901188266079177
24579.790156404477,0.07141288934499954
24612.718211000298,0.08094246147719832
24645.64626559612,0.08723355661377577
24678.57432019194,0.09003956872208145
24711.502374787757,0.08923110003004034
24744.430429383578,0.08481316965002594
24777.3584839794,0.07691293167292215
24810.286538575216,0.06580165237761916
24843.214593171037,0.051869043692477246
24876.142647766857,0.03560846582741048
24909.07070236268,0.017658106603435635
24941.9987569585,-0.0012941736414302078
24974.92681155432,-0.020491832373869274
25007.85486615014,-0.039084300912392594
25040.78292074596,-0.05628084493021861
25073.710975341783,-0.07127596614542052
25106.6390299376,-0.0832929334534664
25139.56708453342,-0.09172267810285174
25172.49513912924,-0.09602382348887925
25205.42319372506,-0.09585568584380466
25238.35124832088,-0.09108875266627048
25271.2793029167,-0.08176748679983806
25304.20735751252,-0.06826268013194547
25337.135412108342,-0.051097197806610366
25370.063466704163,-0.031025915183691074
25402.991521299984,-0.009102704149574469
25435.919575895805,0.013614220990047983
25468.847630491626,0.03590234842142039
25501.775685087447,0.05651168110510534
25534.703739683267,0.07432654060504902
25567.63179427909,0.08827788626580037
25600.55984887491,0.0975780558792253
25633.487903470726,0.10167063205518267
25666.415958066547,0.10031875644679927
25699.34401266237,0.09360929406169388
25732.272067258185,0.08193312990492138
25765.200121854006,0.0660038282196398
25798.128176449827,0.04670668769846349
25831.056231045648,0.025192254595857805
25863.98428564147,0.0026046826266732364
25896.91234023729,-0.01980702675306962
25929.84039483311,-0.04088690064389449
25962.76844942893,-0.059607181285432284
25995.696504024752,-0.07504719285173068
26028.624558620573,-0.08659101019333372
26061.552613216394,-0.09374311829513192
26094.480667812215,-0.09633999074891696
26127.408722408036,-0.09437990325347526
26160.336777003853,-0.08811682183810109
26193.264831599674,-0.07794478223723203
26226.192886195495,-0.0644768828214814
26259.120940791312,-0.04836244834640891
26292.048995387133,-0.03039897686732558
26324.977049982954,-0.011382460695230636
26357.905104578775,0.007847244257780826
26390.833159174595,0.026504441176589382
26423.761213770416,0.043830312913513414
26456.689268366237,0.05915669876969802
26487.413933275755,0.07113679397344333
26518.13859818527,0.08048412384699695
26548.863263094783,0.08690499214860285
26579.5879280043,0.09020530371377598
26610.31259291382,0.09029198268135828
26641.037257823333,0.0871742556212534
26671.761922732847,0.08096245836619013
26702.486587642365,0.0718655436437205
26733.211252551882,0.06018088260992773
26763.935917461396,0.0462996664903228
26794.66058237091,0.030673142924416683
26825.38524728043,0.013835787362403287
26856.109912189946,-0.003648314178705603
26886.83457709946,-0.02116615502383861
26917.559242008974,-0.038081809652743895
26948.283906918492,-0.053797529901502876
26979.00857182801,-0.06768031307942797
27009.733236737524,-0.07918314612460144
27040.457901647038,-0.08781427536477697
27071.182566556556,-0.09314992389371134
27101.907231466073,-0.09490473674925115
27132.631896375588,-0.09288173554277074
27163.3565612851,-0.08706580094831601
27194.08122619462,-0.07757576724826547
27224.805891104137,-0.0646548263851705
27255.53055601365,-0.04879833237892548
27286.255220923165,-0.03058873752287446
27316.979885832683,-0.01068121895470828
27347.7045507422,0.009986128889194165
27378.429215651715,0.030515223904096098
27409.15388056123,0.050051655983945634
27439.878545470747,0.06754251127707805
27470.603210380264,0.08214026291882517
27501.32787528978,0.09314684731497892
27532.052540199293,0.09989190500375567
27562.77720510881,0.10201001341349489
27593.50187001833,0.09933754673716305
27624.226534927842,0.09195195530718152
27654.951199837356,0.08019709095499471
27685.675864746874,0.06462422682449491
27716.400529656392,0.046022081464681834
27747.125194565906,0.02529359184930661
27777.84985947542,0.0034699906611066465
27808.574524384938,-0.018340355357700674
27839.299189294456,-0.039146350472160696
27870.02385420397,-0.05793750142046115
27900.748519113484,-0.07385155517821948
27931.473184023,-0.08624722323220639
27962.19784893252,-0.09458505907158292
27992.922513842033,-0.09862988169911902
28023.647178751547,-0.09829133479326672
28054.371843661065,-0.09372209408208232
28085.096508570583,-0.08522402751781512
28115.821173480097,-0.07328738700730865
28146.54583838961,-0.05851620423852314
28177.27050329913,-0.04156974738821267
28207.995168208647,-0.02326277371266474
28238.71983311816,-0.0042994590085283346
28269.444498027675,0.014526978276271776
28300.169162937193,0.0324932957488924
28330.89382784671,0.04896466901224996
28361.618492756228,0.0633197557118401
28392.343157665746,0.07511172761661723
28423.06782257526,0.08395129326282219
28456.372261063778,0.0898946690890201
28489.676699552292,0.0918928298609271
28522.98113804081,0.08991613820640564
28556.285576529328,0.08410549412637602
28589.590015017846,0.07474531270291736
28622.894453506364,0.06224175814149879
28656.19889199488,0.04712619193377564
28689.5033304834,0.03001541328276727
28722.807768971918,0.011609131936112472
28756.112207460435,-0.00734184012823747
28789.416645948953,-0.02606995937362613
28822.72108443747,-0.04378897996789741
28856.02552292599,-0.05975728228974117
28889.329961414507,-0.07327447928773335
28922.634399903025,-0.08371359308655742
28955.938838391543,-0.0905762776935782
28989.24327688006,-0.0934679034714059
29022.54771536858,-0.09216584566846131
29055.852153857097,-0.08661570035591658
29089.156592345615,-0.07693040690352819
29122.461030834133,-0.0634651015097214
29155.76546932265,-0.04670382308327388
29189.06990781117,-0.0273431207102083
29222.374346299686,-0.006302806220113419
29255.678784788204,0.015492728604772776
29288.983223276722,0.036929963603670735
29322.28766176524,0.05682865874973181
29355.592100253758,0.0741687316333547
29388.896538742276,0.08788395564515415
29422.200977230794,0.09709852873452622
29455.50541571931,0.10121814400748858
29488.80985420783,0.09984011276477413
29522.114292696348,0.09294385756727519
29555.418731184865,0.08078305682397185
29588.723169673383,0.0640102988404948
29622.0276081619,0.04351964891911694
29655.33204665042,0.020488985032088104
29688.636485138937,-0.003738594571961023
29721.940923627455,-0.027747500052678783
29755.245362115973,-0.050144250077037336
29788.54980060449,-0.06958876096285457
29821.85423909301,-0.08503752506669866
29855.158677581527,-0.09562345148955605
29888.463116070045,-0.10084743501197468
29921.767554558563,-0.10051061454729553
29955.07199304708,-0.0947792584077966
29988.376431535595,-0.08408855459198944
30021.680870024113,-0.06915123418675116
30054.98530851263,-0.05089328899358446
30088.289747001145,-0.03034299439993013
30121.594185489663,-0.008658607561614344
30154.89862397818,0.013086482699275166
30188.2030624667,0.0337645081582769
30221.507500955217,0.05246704443343049
30254.811939443734,0.06831263393048276
30288.116377932252,0.08069711774508076
30321.42081642077,0.08911710262199364
30354.72525490929,0.09332670442979446
30388.029693397806,0.09323557625109155
30421.334131886324,0.08895698371433837
30454.638570374842,0.08076698075210113
30487.94300886336,0.06909856189386054
30521.247447351878,0.054495091908536644
30554.551885840396,0.037628697204459646
30587.24732239771,0.019574500778658452
30619.942758955025,0.000775064620237695
30652.638195512343,-0.018009769442329248
30685.333632069658,-0.03601400696302225
30718.029068626973,-0.05253638361160147
30750.72450518429,-0.0669005418471026
30783.419941741606,-0.07851734173515787
30816.11537829892,-0.08689703761838068
30848.810814856235,-0.09165549269039695
30881.50625141355,-0.09255381366426035
30914.201687970864,-0.08948353612325803
30946.89712452818,-0.08249816349433264
30979.592561085494,-0.07182435097899974
31012.28799764281,-0.05781008452439556
31044.983434200127,-0.040986312771879356
31077.67887075744,-0.022054477496326635
31110.374307314756,-0.0017885602851542238
31143.069743872074,0.01896628810078049
31175.76518042939,0.039169201040946
31208.460616986704,0.057848745470157316
31241.15605354402,0.07413687123356397
31273.851490101333,0.08704050913640025
31306.546926658648,0.09581386014914543
31339.242363215963,0.09991705120721626
31371.937799773277,0.0989317080277901
31404.633236330592,0.09277262131591321
31437.32867288791,0.08165552929729362
31470.024109445225,0.06598424359728992
31502.71954600254,0.04658572099219971
31535.414982559858,0.024434490486591458
31600.805855674487,-0.023175911514226755
31633.501292231802,-0.04595629662279675
31666.196728789117,-0.06625747633517812
31698.892165346435,-0.0829119960537695
31731.58760190375,-0.09496768130428375
31764.283038461064,-0.10175038526283868
31796.978475018383,-0.10290708266194333
31829.673911575697,-0.09844638466825738
31862.369348133012,-0.08868333345214963
31895.064784690327,-0.07428835975524549
31927.76022124764,-0.05609370862172242
31960.45565780496,-0.03523775534692835
31993.151094362274,-0.012853100010296398
32025.84653091959,0.0098481559851642
32058.541967476907,0.03162535566127777
32091.237404034222,0.05148611251995405
32123.932840591537,0.06842036609329427
32156.62827714885,0.08174401553371725
32189.323713706166,0.0909132899186082
32222.019150263484,0.09561652887393614
32254.7145868208,0.09578497882620594
32287.410023378114,0.09153662250495631
32320.105459935432,0.08319590864620156
32352.800896492747,0.07122930864079109
32385.49633305006,0.05627316044690503
32418.191769607376,0.03901475669756882
32450.88720616469,0.020261730014734806
32483.582642722005,0.0008215795531534413
32516.27807927932,-0.01849533341568748
32548.973515836635,-0.03688698934789785
32581.66895239395,-0.05357770725016016
32614.364388951268,-0.0679324448774482
32647.059825508582,-0.07937057236800761
32677.55187237959,-0.087001229955109
32708.043919250602,-0.09142432050237286
32738.535966121613,-0.09247249420215364
32769.028012992625,-0.0900940599757288
32799.52005986364,-0.08434494991269256
32830.01210673465,-0.0754025023133876
32860.50415360566,-0.06355748640113208
32890.99620047667,-0.04918027443899078
32921.48824734768,-0.032781894097386945
32951.980294218694,-0.014944171269490427
32982.472341089706,0.0037246403556795487
33012.96438796072,0.02249227592539352
33043.45643483173,0.04061887532247207
33073.94848170274,0.0574101604355788
33104.440528573745,0.07212787747232079
33134.93257544476,0.08409079359041102
33165.42462231577,0.0927512114334301
33195.91666918677,0.09762591191396329
33226.408716057784,0.0983725564518177
33256.900762928795,0.0948637432116409
33287.39280979981,0.08706998218805458
33317.88485667082,0.07524579255101216
33348.37690354183,0.05985093081124299
33378.86895041284,0.04141222542635775
33409.36099728385,0.02077523711748492
33439.853044154865,-0.0010824369180080558
33470.345091025876,-0.023202152988423604
33500.83713789689,-0.0444602282390896
33531.3291847679,-0.0637618656751613
33561.82123163891,-0.08016785186320427
33592.31327850992,-0.09275775937692674
33622.805325380934,-0.10087836482734021
33653.297372251945,-0.10408721694484759
33683.78941912296,-0.10220316416227868
33714.28146599397,-0.09532766266592614
33744.77351286498,-0.08382482639399921
33775.26555973599,-0.06829964120343512
33805.757606607,-0.04959907481467559
33836.24965347801,-0.028648921120673885
33866.74170034902,-0.0065656393678492075
33897.23374722003,0.015582840130279472
33927.725794091035,0.036749860616827126
33958.21784096205,0.055880155409442876
33988.70988783306,0.07221420834435867
34019.20193470407,0.08501569225727382
34049.69398157508,0.09382660432961183
34080.18602844609,0.09836631725130594
34110.678075317104,0.098546984065865
34141.170122188116,0.09450233023819894
34171.66216905913,0.08651623722762525
34202.15421593014,0.07505465211381618
34232.64626280115,0.060654900246401994
34263.13830967216,0.04402991225309397
34293.63035654317,0.025859145646748214
34354.6144502852,-0.012053492771252897
34385.10649715621,-0.030330468289661454
34415.59854402722,-0.04720973568065493
34446.09059089823,-0.06210765566507725
34476.58263776924,-0.07450875535202878
34507.074684640254,-0.08398387408550777
34537.566731511266,-0.0902125532532154
34568.05877838227,-0.09299839862349871
34598.55082525328,-0.09227912284143298
34631.62264570329,-0.08758251319938659
34664.694466153305,-0.07901378254178676
34697.76628660332,-0.06693473544938172
34730.838107053336,-0.051848988608888896
34763.90992750335,-0.03437232821192383
34796.98174795336,-0.015257941756378098
34863.12538885338,0.024646421271525606
34896.1972093034,0.04366628172122352
34929.26902975341,0.06092581723102552
34962.34085020343,0.07555017290049525
34995.41267065344,0.08684196684834901
35028.484491103445,0.09414646085714397
35061.55631155346,0.09700017551242736
35094.628132003476,0.09512866401612728
35127.69995245349,0.08847064263617595
35160.77177290351,0.07722317616415994
35193.843593353515,0.06176367017488407
35226.91541380352,0.04280377433387615
35259.98723425354,0.0211992615599374
35293.05905470355,-0.0019239894201332447
35326.13087515357,-0.025369035945107365
35359.202695603584,-0.047809972012256396
35392.27451605359,-0.06793253008109887
35425.3463365036,-0.08452769310983434
35458.418156953616,-0.09651045472128397
35491.48997740363,-0.1031023590649065
35524.56179785365,-0.10377675059147703
35557.63361830366,-0.09843065112493592
35590.70543875367,-0.08731209478765949
35623.77725920368,-0.0710682841313517
35656.84907965369,-0.05064804822071134
35689.92090010371,-0.02731883993785681
35722.99272055372,-0.0024821790964332517
35756.064541003725,0.022335232214837852
35789.13636145374,0.04567671092424185
35822.208181903756,0.06616450883860049
35855.28000235377,0.08268289622166544
35888.35182280379,0.09434274276144518
35921.423643253795,0.10062477948483353
35954.4954637038,0.1013039291090571
35987.56728415382,0.09651273590777908
36020.63910460383,0.08667577382746693
36053.71092505385,0.07245792083343669
36086.782745503864,0.054762236742580614
36119.85456595387,0.034600811954258764
36185.998206853896,-0.008780510244714832
36219.07002730391,-0.02981509944511977
36252.14184775392,-0.04904870934206219
36285.21366820393,-0.06565518815847492
36318.28548865394,-0.07891879599819257
36351.35730910396,-0.08831619689943748
36384.42912955397,-0.09350552009401639
36417.50095000399,-0.09433748448156233
36450.572770454,-0.0908467308557189
36483.644590904005,-0.0832533393368036
36516.71641135402,-0.07193096397530994
36549.788231804036,-0.057408992396174766
36582.86005225405,-0.040331502295235605
36615.931872704066,-0.021452195538550888
36649.003693154074,-0.001579770869155356
36715.1473340541,0.03766397593291917
36746.01576481781,0.05420146543898495
36776.884195581515,0.06869524295728925
36807.752626345224,0.08054725998496008
36838.62105710893,0.08924689350387309
36869.48948787264,0.09439914011863439
36900.35791863635,0.09571034263582433
36931.22634940006,0.09305026348949957
36962.09478016377,0.08641445606678473
36992.963210927475,0.0759939455606446
37023.831641691184,0.062118218267426514
37054.70007245489,0.04526599940394024
37085.5685032186,0.02614013372830768
37116.43693398231,0.005503510021177386
37147.30536474602,-0.01580206365216097
37178.17379550973,-0.03671464753020587
37209.042226273436,-0.056252642062134046
37239.910657037144,-0.07353072915748263
37270.77908780085,-0.08751204470048676
37301.64751856456,-0.0974453154085375
37332.51594932827,-0.1027593306477822
37363.38438009198,-0.10300415191350513
37394.25281085569,-0.09808357095288937
37425.121241619396,-0.08813270239372738
37455.989672383104,-0.07358191032801512
37486.85810314681,-0.055154183177453055
37517.72653391052,-0.03374800922845673
37548.59496467423,-0.010520383222730176
37579.46339543794,0.013299848698153021
37610.33182620165,0.036436857723082965
37641.200256965356,0.05764934248794298
37672.06868772906,0.07579534652229568
37702.937118492766,0.0899635663572222
37733.805549256474,0.09942244493702848
37764.673980020176,0.10376946956758396
37795.542410783884,0.1028510595949176
37826.41084154759,0.09683930960597696
37857.2792723113,0.08612937721769465
37888.14770307501,0.07139226534820166
37919.01613383872,0.05344892765877358
37949.88456460243,0.03323059120372709
37980.752995366136,0.011826236961580567
38011.621426129845,-0.009807081136378678
38042.48985689355,-0.030593836963052942
38073.35828765726,-0.04966723676416204
38104.22671842097,-0.06621727534569778
38135.09514918468,-0.07957491409481893
38165.96357994839,-0.0892827749749267
38196.832010712096,-0.09499896881280426
38227.700441475805,-0.09660868735611454
38258.56887223951,-0.09413260119988767
38289.43730300322,-0.08777263643962326
38320.30573376693,-0.07785299499257353
38351.17416453064,-0.0648528024904199
38382.04259529435,-0.04932390727146134
38412.91102605806,-0.031903717886590396
38443.779456821765,-0.013292759878727868
38474.647887585474,0.005738239421373633
38505.51631834918,0.024500433432054394
38536.38474911289,0.0422544875395141
38567.2531798766,0.05830600480765208
38598.12161064031,0.07205471716913814
38628.99004140402,0.08294447722467094
38659.858472167725,0.0905343538784744
38690.726902931434,0.09450126654497923
38724.175107274146,0.09447991906261372
38757.62331161686,0.08989727299481966
38791.07151595957,0.08089845945546832
38824.519720302276,0.067803679820128
38857.96792464498,0.05114312918850899
38891.416128987694,0.03167632680213909
38924.864333330406,0.010302741895188896
38958.31253767312,-0.012047683356064173
38991.76074201583,-0.03413513293665903
39025.208946358536,-0.05479137632847736
39058.65715070124,-0.07293147413785916
39092.105355043954,-0.08744247251428734
39125.553559386666,-0.09734215253522399
39159.00176372938,-0.10196506743408662
39192.44996807209,-0.1008648591922249
39225.898172414796,-0.09386967121787995
39259.3463767575,-0.08127965263699956
39292.794581100214,-0.06368263062352505
39326.242785442926,-0.041989628899305124
39359.69098978564,-0.01753235118371011
39393.13919412835,0.008280816504194996
39426.587398471056,0.0337904994448468
39460.03560281376,0.057358844256381804
39493.48380715647,0.07748917886662393
39526.932011499186,0.09285232469940162
39560.3802158419,0.10246369894744224
39593.82842018461,0.1057392541181934
39627.276624527316,0.10250451635023708
39660.72482887002,0.09306314367144569
39694.17303321273,0.0780728920402725
39727.621237555446,0.05858013153063033
39761.06944189816,0.03588514603111174
39794.51764624087,0.011364610087926582
39827.96585058358,-0.01334742693863295
39861.414054926296,-0.03693508294314305
39894.862259269,-0.05801442583725388
39928.310463611706,-0.07548229982233616
39961.75866795442,-0.08852117962318923
39995.20687229713,-0.0965041869108632
40028.65507663984,-0.0992214911972636
40062.103280982556,-0.09666441523273052
40095.55148532526,-0.08914475264333795
40128.999689667966,-0.07716132909454665
40162.44789401068,-0.06147361357204273
40195.89609835339,-0.04291391316246769
40229.3443026961,-0.022464124957962038
40296.24071138152,0.0200196377370756
40329.688915724226,0.040021522703792486
40363.13712006694,0.057966253463423885
40396.58532440965,0.07303528391795705
40430.03352875236,0.08454129426447839
40463.481733095075,0.09198450716524854
40496.92993743778,0.0950198381315278
40530.378141780486,0.09350085774107858
40563.8263461232,0.08747259840285797
40597.27455046591,0.07718132237152858
40630.72275480862,0.06307176472864122
40664.170959151335,0.045728576844308894
40697.61916349404,0.025953453836231773
40731.067367836746,0.004663412651805155
40764.51557217946,-0.01717446829249838
40797.96377652217,-0.03845215803428329
40831.41198086488,-0.05806223166920819
40864.25118327639,-0.07471443190321497
40897.0903856879,-0.08784386694398472
40929.9295880994,-0.09663956316515099
40962.76879051091,-0.10053915618309757
40995.60799292242,-0.09914473418451156
41028.44719533392,-0.09234757285309175
41061.28639774543,-0.08039320363374643
41094.12560015694,-0.06370213716713463
41126.96480256845,-0.04310812449917977
41159.80400497996,-0.0197532794309207
41192.64320739147,0.005141774766337315
41225.48240980298,0.030113168624570245
41258.32161221449,0.05358693669233852
41291.160814626,0.07417586579406872
41324.0000170375,0.09048895191926622
41356.83921944901,0.10146196294192902
41389.67842186052,0.10636160274444721
41422.51762427202,0.1048235463470217
41455.35682668353,0.09693396884255828
41488.19602909504,0.08319561544273915
41521.03523150655,0.06447947697252442
41553.874433918056,0.04203753640926251
41586.713636329565,0.017257569091602604
41619.552838741074,-0.008307375185155721
41652.39204115258,-0.03303926099401082
41685.23124356409,-0.05557128640024292
41718.070445975594,-0.07455436788765794
41750.9096483871,-0.08902767795608524
41783.74885079861,-0.09829917715292046
41816.588053210115,-0.10196743523902986
41849.427255621624,-0.10004356384675935
41882.26645803313,-0.09277552969633597
41915.10566044464,-0.08074959683517609
41947.94486285615,-0.064696643811607
41980.78406526765,-0.0456126130390373
42013.62326767916,-0.024515134874570608
42046.46247009067,-0.002503467166232589
42079.30167250217,0.01928498545486551
42112.14087491368,0.03985117375629857
42144.98007732519,0.058210262788912726
42177.8192797367,0.07356151021447625
42210.65848214821,0.08524596178575093
42243.49768455972,0.09276647503067041
42276.33688697123,0.09584749315412422
42309.17608938274,0.09438241794802817
42342.01529179425,0.08847492873092351
42374.85449420575,0.07840799416715614
42407.69369661726,0.06464147170762755
42440.53289902877,0.04780132574415187
42473.37210144027,0.028622148160395197
42539.05050626329,-0.013185497363497143
42571.8897086748,-0.03391439647567818
42604.728911086306,-0.05320962899587779
42637.568113497815,-0.07011211791072469
42670.407315909324,-0.0837748530208792
42703.24651832083,-0.09344368090974296
42736.08572073234,-0.09850977361340588
42768.924923143844,-0.0986132608469503
42801.76412555535,-0.09357313375124011
42834.60332796686,-0.083488354831022
42867.442530378365,-0.06877352684621403
42900.281732789874,-0.05002616898151007
42933.12093520138,-0.02812593768479658
42963.756747926585,-0.005923055377428262
42994.39256065179,0.016902333438717547
43025.02837337699,0.03939344714628188
43055.66418610219,0.060192223242435124
43086.299998827395,0.07818547014395447
43116.9358115526,0.09241730659368352
43147.5716242778,0.1020050618463616
43178.20743700301,0.10632061043717689
43208.84324972822,0.10505578709378748
43239.47906245342,0.09817293580749496
43270.114875178624,0.08600732096472655
43300.75068790383,0.06917697684781152
43331.38650062903,0.04859911427978299
43362.02231335423,0.025414865250499234
43423.293938804636,-0.023514978744091343
43453.92975152984,-0.046559267474609374
43484.56556425504,-0.06695292437570229
43515.20137698024,-0.08366956119355341
43545.837189705446,-0.09582666966553685
43576.47300243065,-0.10291641692589133
43607.10881515585,-0.10466539602162205
43637.74462788105,-0.10111783950553854
43668.38044060626,-0.09259860900363337
43699.01625333147,-0.07964394188354829
43729.652066056675,-0.06307172102832544
43760.28787878188,-0.04372397259567609
43790.92369150708,-0.02264259852270272
43821.55950423228,-0.000864122300716379
43852.195316957484,0.02063429303860878
43882.83112968269,0.04081292125484957
43913.46694240789,0.05886844724182668
43944.10275513309,0.07404809059763505
43974.738567858294,0.08574624742978855
44005.3743805835,0.0935685180381578
44036.0101933087,0.09724889535109847
44066.6460060339,0.09672308061822053
44097.281818759104,0.09207836876767218
44127.917631484306,0.0835730433750975
44158.553444209516,0.0715986821862299
44189.189256934726,0.05667007265466563
44219.82506965993,0.039423708256351456
44250.46088238513,0.020558018653519007
44281.09669511033,0.0008381248449635405
44311.732507835535,-0.018938683885781737
44342.36832056074,-0.037968769798429294
44373.00413328594,-0.05548642114264374
44403.63994601114,-0.07074965722393249
44434.275758736345,-0.08310836368353344
44464.91157146155,-0.09202140216522707
44495.54738418675,-0.09704075174861086
44526.18319691196,-0.09788907870675091
44556.81900963717,-0.0944507170159801
44587.45482236237,-0.08675127788833022
44618.090635087574,-0.07504452044512928
44648.726447812776,-0.0597680113754915
44679.36226053798,-0.04145487189163037
44709.99807326318,-0.020893671940185626
44740.63388598838,0.0009755336847537982
44771.269698713586,0.023166647060672875
44801.90551143879,0.04470671132970416
44832.54132416399,0.06437363479183876
44863.17713688919,0.08114179427842103
44893.8129496144,0.09413752497879868
44927.02853591861,0.102989771300236
44960.24412222281,0.1056905510762307
44993.459708527014,0.10194411542716775
45026.67529483122,0.09177204513610758
45059.89088113543,0.07572738569649026
45093.10646743963,0.054712462656019256
45126.32205374384,0.0300339240738233
45159.537640048045,0.003307214916016092
45192.75322635225,-0.0237462481171056
45225.96881265646,-0.04930448710887507
45259.18439896066,-0.07166493356754987
45292.39998526486,-0.08937200889230813
45325.61557156907,-0.10129337955680691
45358.83115787327,-0.10670318888274519
45392.046744177474,-0.10537375104525186
45425.26233048168,-0.09749867151995006
45458.47791678589,-0.08374628998249162
45491.69350309009,-0.06506049592006963
45524.9090893943,-0.042823821178405316
45558.124675698506,-0.01837761093509442
45591.34026200271,0.006706207602784972
45624.55584830692,0.030944892050469953
45657.77143461112,0.053025166958283895
45690.98702091532,0.07168298052502381
45724.20260721953,0.08607951668771668
45757.41819352373,0.09551462387965537
45790.633779827935,0.09965130612255835
45823.84936613214,0.09841106129687514
45857.06495243635,0.09201024622710274
45890.28053874055,0.08089306726001688
45923.49612504476,0.06573250829798458
45956.711711348966,0.047366856159937985
45989.92729765317,0.02675009063916943
46023.14288395738,0.004943812314990118
46056.358470261584,-0.016993506371534187
46089.57405656579,-0.03799293915388929
46122.78964287,-0.05702494401931665
46156.0052291742,-0.07319641480409947
46189.2208154784,-0.08571166080740228
46222.43640178261,-0.09394911223412361
46255.651988086815,-0.09747795106286151
46288.86757439101,-0.09607263612072776
46322.08316069522,-0.08974553259052465
46355.298746999426,-0.07871211953816266
46388.51433330363,-0.0634568545084757
46421.72991960784,-0.04468387269295311
46454.945505912045,-0.023227956806174906
46488.16109221625,-0.0001952682409376849
46521.37667852046,0.023202684359723225
46554.59226482466,0.04576509666293937
46587.80785112887,0.06617729363998386
46621.023437433076,0.08317339241650927
46654.23902373728,0.09571263549907483
46687.45461004149,0.10289333117583076
46720.67019634569,0.1040662237330681
46753.88578264989,0.09902628944688892
46787.1013689541,0.0877994623608242
46820.3169552583,0.07094677069035824
46853.532541562505,0.049437933988666055
46886.74812786671,0.024444393287324635
46919.96371417092,-0.0024063373520745103
46953.17930047512,-0.029364433454927587
46986.39488677933,-0.05468334893323644
47019.610473083536,-0.07657589134029287
47050.622669701435,-0.09261261311429023
47081.634866319335,-0.10339651707078583
47112.647062937234,-0.10828166480156304
47143.65925955514,-0.10699932267472825
47174.67145617305,-0.09966284260319594
47205.68365279095,-0.08674818546946347
47236.69584940885,-0.06910671189135152
47267.708046026746,-0.04777322813344624
47298.720242644646,-0.02407986028474706
47329.732439262545,0.0006206228373573314
47360.744635880445,0.024988387885607206
47391.756832498344,0.047584348138036824
47422.76902911624,0.06736850151842737
47453.78122573414,0.08332331969294952
47484.79342235204,0.09472820337909825
47515.80561896995,0.10116326726079948
47546.817815587856,0.10242128838506062
47577.830012205755,0.09861788033093583
47608.842208823655,0.09005692340625485
47639.854405441554,0.07731382446110524
47670.866602059454,0.0610674640646144
47701.87879867735,0.04217393707884016
47732.89099529525,0.021568184471393467
47763.90319191315,0.00019200700481584662
47794.91538853105,-0.02094470292327245
47825.92758514895,-0.04094198540636301
47856.93978176685,-0.05892923627661818
47887.95197838476,-0.07414358310566709
47918.964175002664,-0.08596274420039673
47949.97637162056,-0.09389545807917436
47980.98856823846,-0.09761582525317862
48012.00076485636,-0.09697776866326649
48043.01296147426,-0.09200120802798469
48074.02515809216,-0.0828905951885246
48105.03735471006,-0.07000290690904054
48136.04955132797,-0.0538750392472458
48167.061747945874,-0.03518418835399809
48198.073944563774,-0.014704346791347096
48260.09833779957,0.027972091080737373
48291.11053441747,0.04822687504288844
48322.12273103537,0.06650417942348524
48353.13492765327,0.0818273729513871
48384.14712427117,0.0933982208289294
48415.15932088907,0.10057628198278085
48446.17151750697,0.10282323926352788
48477.18371412487,0.0998938268111148
48508.195910742776,0.09180415095380522
48539.20810736068,0.0787317547226492
48570.22030397858,0.061280650408286994
48601.23250059648,0.04029626870309433
48632.24469721438,0.016722537312522715
48663.25689383228,-0.00816040769907807
48694.26909045018,-0.03290722739361476
48725.28128706808,-0.056149082250336
48756.29348368598,-0.07652803620471145
48787.30568030388,-0.09272508860350888
48818.31787692178,-0.10375627571514627
48849.33007353968,-0.10886972872551103
48880.342270157584,-0.10770088675250516
48911.35446677549,-0.10028160497688329
48942.36666339339,-0.08703302809118368
48973.37886001129,-0.06875367782055884
49004.39105662919,-0.046576345478577155
49034.794251315885,-0.0223193182135787
49065.19744600258,0.0029781301624367948
49095.600640689285,0.027883483538160756
49126.00383537598,0.051053955216723255
49156.40703006268,0.0711593862229129
49186.81022474938,0.08725031920648232
49217.21341943608,0.09853014673127422
49247.61661412277,0.10450728964405884
49278.01980880948,0.10504267212852657
49308.42300349617,0.10023364906137895
49338.82619818287,0.09050476477672297
49369.22939286957,0.07644040247893852
49399.63258755627,0.058904401176418195
49430.035782242965,0.03880348045409997
49460.43897692967,0.017151454019385084
49490.842171616365,-0.004949755713373135
49977.29328660354,0.030189934925945846
50007.69648129024,0.04959605321826742
50038.09967597693,0.06695400303311974
50068.50287066364,0.08145758879668138
50098.90606535033,0.0923894446418424
50129.30926003703,0.09919338232608417
50159.71245472373,0.10146523259639366
50190.11564941043,0.09895896385777085
50220.518844097125,0.09169131441660353
50250.92203878383,0.07986473590874603
50281.325233470525,0.06388302346084768
50311.72842815722,0.044471857494578944
50342.131622843925,0.022523557623214813
50372.53481753062,-0.0010542593612108439
50402.93801221732,-0.02495491817827694
50433.34120690402,-0.047904795779104656
50463.74440159072,-0.06871200878821823
50494.14759627741,-0.08618535547546734
50524.55079096412,-0.09918294180477288
50554.95398565081,-0.10691065716257295
50585.35718033751,-0.10882739544404112
50615.76037502421,-0.10467342160762262
50646.16356971091,-0.09461609141557877
50676.566764397605,-0.07912516760791516
50706.96995908431,-0.05907875801799001
50737.373153771005,-0.035620893892901705
50767.7763484577,-0.01010980453102619
50798.179543144404,0.015954437608283634
50828.5827378311,0.04101850146559687
50858.9859325178,0.06365680012606804
50889.3891272045,0.08257601976265208
50919.7923218912,0.09670745396546432
50950.19551657789,0.10537239045518645
50983.17848484359,0.1081115290131237
51016.16145310929,0.10394372267900272
51049.14442137499,0.09327586113843311
51082.12738964069,0.07702513631947587
51115.11035790639,0.05629990119560883
51148.09332617209,0.032550041437965506
51214.05926270349,-0.01799043527528839
51247.04223096919,-0.0417388395279886
51280.02519923489,-0.06272895352966325
51313.00816750059,-0.07980141710504292
51345.99113576629,-0.09216653193191789
51378.97410403199,-0.09925630816934143
51411.95707229769,-0.10082570412608717
51444.94004056339,-0.09690945066165868
51477.92300882909,-0.08782984979818291
51510.90597709479,-0.07413827985029839
51543.88894536049,-0.05661139166551725
51576.87191362619,-0.03619008268966801
51609.85488189189,-0.013932406458073816
51642.83785015759,0.009005699487178732
51675.82081842329,0.03147156880631247
51708.80378668899,0.05231244831435104
51741.78675495469,0.0704551708814356
51774.769723220394,0.08495474276894813
51807.752691486094,0.09501313995708766
51840.735659751794,0.10004677883711635
51873.718628017494,0.0997094925722504
51906.701596283194,0.09389821143370396
51939.684564548894,0.08282315809965131
51972.667532814594,0.06694514764271982
52005.6505010803,0.04699833035935439
52038.63346934601,0.024044140365750546
52071.61643761171,-0.0007133865181626416
52104.59940587741,-0.025938392813871076
52137.58237414311,-0.05003399563655426
52170.56534240881,-0.07152295682012422
52203.54831067451,-0.08908652870014706
52236.53127894021,-0.10134464588743654
52269.51424720591,-0.10739821583302732
52302.49721547161,-0.10667597164492969
52335.48018373731,-0.09896959347645835
52368.46315200301,-0.08467028545642456
52401.44612026871,-0.06454721931756005
52434.42908853441,-0.03987369769256992
52467.41205680011,-0.012310944052864406
52500.39502506581,0.016311984541321756
52533.37799333151,0.04393946801594597
52566.36096159721,0.06863746721376275
52599.34392986291,0.08866492971238057
52632.32689812861,0.10261640529316678
52665.30986639431,0.10955784490507912
52698.29283466001,0.10908063867974961
52731.27580292571,0.10132444404939023
52764.25877119141,0.08694736014043995
52797.24173945711,0.0670411750980913
52830.22470772281,0.043101329717424725
52863.20767598851,0.01671010833523092
52896.19064425421,-0.010223547680767196
52929.17361251991,-0.03611363897520188
52962.15658078561,-0.059308847755872036
52995.13954905131,-0.07849482985156364
53028.12251731701,-0.09265528941792396
53061.10548558271,-0.10107934831366135
53091.88506416211,-0.10351006980933294
53122.6646427415,-0.10069700481155756
53153.4442213209,-0.09292901753391893
53184.2237999003,-0.08068433541817288
53215.00337847969,-0.06467893283024855
53245.782957059084,-0.045719278842847474
53276.562535638484,-0.024762269641050525
53307.34211421788,-0.002810460257494515
53338.12169279727,0.019126091625567342
53368.90127137667,0.040020505702025394
53399.680849956065,0.058955280059367746
53430.46042853546,0.0750765288575493
53461.24000711486,0.087654491867363
53492.01958569425,0.0961327954113066
53522.799164273645,0.1001089790524765
53553.578742853046,0.09938136760092353
53584.358321432446,0.09394104307060676
53615.13790001184,0.0839864225350878
53645.91747859123,0.06992860739203513
53676.69705717063,0.05234840212865777
53707.47663575003,0.03200593482014788
53738.25621432942,0.009850979354015852
53799.815371488214,-0.035749255423652135
53830.59495006761,-0.056914536384207376
53861.37452864701,-0.07547072968039059
53892.1541072264,-0.09044038637186247
53922.933685805794,-0.10085797193491723
53953.713264385195,-0.10602883684640951
53984.49284296459,-0.10554654194359776
54015.27242154398,-0.09920219484726939
54046.05200012338,-0.08720203690294769
54076.83157870278,-0.07011520713221295
54107.611157282176,-0.04868542300885065
54138.39073586157,-0.024114880293192024
54169.17031444097,0.0021470301956279746
54199.94989302036,0.028614988092028573
54230.729471599756,0.053665014324170895
54261.50905017916,0.07568745089574755
54292.28862875855,0.09332666765598203
54323.06820733794,0.10540047608251131
54353.84778591734,0.11112737206235851
54384.62736449674,0.11013865156461895
54415.40694307613,0.10249712387401164
54446.18652165553,0.08871623734861495
54476.966100234924,0.06970408375721115
54507.74567881432,0.046655016614150946
54538.52525739372,0.021118171363636414
54569.30483597311,-0.005414960421107697
54600.084414552504,-0.0312967423923027
54630.863993131905,-0.055013024904789154
54661.6435717113,-0.07529858252478372
54692.42315029069,-0.09100045999730427
54723.20272887009,-0.1014399430240103
54753.982307449485,-0.10615052224147697
54784.76188602888,-0.1050577132415793
54815.54146460828,-0.09837644217241283
54846.32104318767,-0.08663295182884756
54877.100621767066,-0.07057162013060878
54907.880200346466,-0.05111376273107865
54938.65977892586,-0.029364643377437428
54969.43935750525,-0.006410487028069338
55000.21893608465,0.016558530633291647
55030.99851466405,0.0384545760349543
55064.35786682245,0.05978385640451636
55097.71721898085,0.07749347857239858
55131.076571139245,0.09067679971874677
55164.43592329764,0.09865280687953495
55197.79527545604,0.10104195386879637
55231.154627614436,0.0977378344420315
55264.51397977283,0.08893840018753772
55297.87333193123,0.07510927773344253
55331.23268408963,0.056987516883283164
55364.592036248025,0.035533671135679804
55397.95138840642,0.011884135348711867
55431.31074056482,-0.01265117715968342
55464.670092723216,-0.03671962711897515
55498.02944488161,-0.05895113808501887
55531.38879704001,-0.07797793286820583
55564.74814919841,-0.09262791046910653
55598.107501356804,-0.10190722178559211
55631.4668535152,-0.10505899781354554
55664.8262056736,-0.10173790928588206
55698.185557831996,-0.09188270170752322
55731.54490999039,-0.07594176529575584
55764.90426214879,-0.054800275818209766
55798.26361430719,-0.02954871574626988
55831.622966465584,-0.001851375205791744
55864.98231862398,0.02639637390547491
55898.34167078238,0.05330811556613334
55931.701022940775,0.07697620749493177
55965.06037509917,0.09550063995403281
55998.41972725757,0.10747922635019401
56031.77907941597,0.11188798720472616
56065.13843157436,0.10827226180209594
56098.49778373277,0.0968226265270653
56131.85713589117,0.07833374267093958
56165.21648804957,0.05417141596772751
56198.57584020797,0.02613532495171374
56231.93519236636,-0.0036244507864605147
56265.29454452476,-0.03295384678782136
56298.65389668316,-0.0596604511027965
56332.013248841555,-0.0818609390094187
56365.37260099995,-0.09810430472581606
56398.73195315835,-0.10731526334390801
56432.091305316746,-0.10909928900372078
56465.45065747514,-0.10350158608896715
56498.81000963354,-0.09115031626764426
56532.16936179194,-0.07305916792521266
56565.528713950334,-0.050522906557502904
56598.88806610873,-0.025256385667501845
56632.24741826713,0.0012004946672088622
56665.606770425526,0.027154792892792205
56698.96612258392,0.050989191921357396
56732.32547474232,0.07141219088341075
56765.68482690072,0.08727031677755469
56799.044179059114,0.09775013982224605
56832.40353121751,0.102376569615722
56865.76288337591,0.10097703491088503
56899.122235534305,0.09373373999800018
56932.4815876927,0.08111247408640036
56965.8409398511,0.06387192064300032
56999.2002920095,0.04299383784008864
57032.55964416789,0.019645378587448987
57065.91899632629,-0.00487312873603786
57099.27834848469,-0.029196112655994633
57132.637700643085,-0.05196177280236353
57165.99705280149,-0.07185290013786477
57198.74740302868,-0.08746268982995407
57231.497753255884,-0.0982333237822478
57264.24810348308,-0.10345799609772773
57296.99845371027,-0.1027289859629796
57329.748803937466,-0.09590629061917158
57362.49915416466,-0.08324599470282838
57395.24950439185,-0.06536159782211248
57427.99985461905,-0.04307111319288337
57460.75020484624,-0.017719059732265622
57493.500555073435,0.009176726657448113
57526.250905300636,0.036072847781942606
57559.00125552783,0.061099814581469326
57591.751605755024,0.08250528543032602
57624.501955982225,0.09881554225230574
57657.25230620942,0.10870128118866415
57690.00265643661,0.11126922209903202
57722.75300666381,0.10620225838340194
57755.503356891,0.09364220016632707
57788.2537071182,0.07439580244254103
57821.004057345395,0.04972475170111425
57853.75440757259,0.02138720402782325
57886.50475779979,-0.008548508969843367
57919.255108026984,-0.037902183745632395
57952.00545825418,-0.06452037481340603
57984.75580848137,-0.08644348898819969
58017.506158708566,-0.10215424923677632
58050.25650893576,-0.11057530047348894
58083.00685916295,-0.11124200747460651
58115.75720939015,-0.1042453167261868
58148.50755961734,-0.09027281582037538
58181.25790984454,-0.07043718349797873
58214.008260071736,-0.046234496649924336
58246.75861029893,-0.019439972315939767
58279.50896052613,0.00820642041825094
58312.259310753325,0.0347712347331584
58345.00966098052,0.05873508775279484
58377.76001120771,0.07862662160154947
58410.51036143491,0.09337475091436219
58443.2607116621,0.1022435619437047
58476.011061889294,0.1048585842874468
58508.76141211649,0.10123606006505768
58541.51176234368,0.09172722903367586
58574.26211257088,0.07699864307541847
58607.01246279808,0.05796759659090933
58639.76281302527,0.035776463227659844
58672.51316325247,0.011676332985833466
58705.263513479666,-0.012965542657823454
58738.01386370686,-0.036810901619006874
58770.76421393405,-0.05854814282603869
58803.51456416125,-0.07697665665349457
58836.26491438845,-0.09108209393989045
58869.01526461564,-0.10004680214001059
58901.765614842836,-0.10332749390890089
58934.51596507004,-0.10065634474525818
58967.26631529723,-0.09209317771894512
59000.016665524425,-0.07802418432019673
59032.76701575162,-0.05910615122946501
59065.51736597881,-0.036378807141469384
59098.267716206006,-0.011108774898718777
59131.0180664332,0.015340202644753501
59163.768416660394,0.041253120283068205
59196.51876688759,0.06499315316410133
59229.26911711479,0.08507007833741217
59262.01946734198,0.09992942371178908
59292.56642788288,0.1080895336789416
59323.113388423764,0.11012002608153332
59353.66034896466,0.1056394525351394
59384.20730950555,0.09477156497494836
59414.75427004644,0.07806602622467972
59445.301230587334,0.056307536131392125
59475.84819112823,0.030833286120286497
59506.395151669116,0.003178356782209048
59536.94211221,-0.024922966734038418
59567.4890727509,-0.05164652646761617
59598.03603329179,-0.07523306671189406
59628.58299383268,-0.09414386300309417
59659.129954373566,-0.10710321187500121
59689.67691491446,-0.11328749804343907
59720.223875455355,-0.11231765755790074
59750.77083599624,-0.10431408770834362
59781.31779653713,-0.0898786700064677
59811.86475707802,-0.07001748721340834
59842.41171761892,-0.04607532168194447
59872.958678159805,-0.0196423378278664
59903.50563870069,0.007623801993776644
59934.052599241586,0.03404427912636482
59964.59955978248,0.05804686297379192
59995.14652032337,0.07832769537624809
60025.693480864255,0.09377638865384585
60056.24044140515,0.10368934175783877
60086.78740194604,0.10764335396585156
60117.33436248693,0.10560477609808094
60147.88132302782,0.09784944590703583
60178.42828356871,0.08493513364838694
60208.975244109606,0.06768395412976969
60239.52220465049,0.04708466062930614
60270.06916519138,0.024269936230421212
60300.616125732275,0.00045562885525549145
60331.16308627317,-0.023174082102013428
60361.710046814056,-0.045426214368067076
60392.25700735494,-0.0652127871169479
60422.80396789584,-0.08160179057465888
60453.35092843673,-0.09380822928197512
60483.89788897762,-0.10124780711458654
60514.444849518506,-0.10357446166709812
60544.9918100594,-0.10066198424667144
60575.538770600295,-0.09263726362982418
60606.08573114118,-0.079846850822002
60636.63269168207,-0.06288666988403331
60667.17965222296,-0.042560706308186876
60697.72661276386,-0.019821354756992277
60728.273573304745,0.0042117907875496114
60758.82053384563,0.02829523836885271
60789.367494386526,0.05118615310592904
60819.91445492742,0.07168340408210273
60850.46141546831,0.08854368291015123
60881.008376009195,0.10076722505672916
60911.55533655009,0.10757395981880824
60942.10229709098,0.10835382762095482
60972.64925763187,0.10290798170031339
61003.19621817276,0.09138910972242018
61033.74317871365,0.07419806068090612
61064.29013925455,0.05229131051258914
61094.83709979543,0.026913797548208385
61125.38406033632,-0.0005785049016160324
61155.931020877215,-0.02842600849936917
61186.47798141811,-0.05479814067762065
61217.024941958996,-0.07802158348676921
61250.15167607889,-0.09780991415261255
61283.27841019878,-0.11038244094390286
61316.405144318676,-0.11469720681967822
61349.53187843857,-0.11032579295930951
61382.65861255846,-0.09759123187494546
61415.785346678356,-0.077492993136008
61448.91208079825,-0.05161780124965565
61482.03881491814,-0.02206842803020679
61515.16554903803,0.008908683989973114
61548.29228315792,0.038855291167195896
61581.41901727782,0.06561315665864532
61614.54575139771,0.08724041291782147
61647.6724855176,0.10229565966660902
61680.7992196375,0.10989512248771909
61713.92595375739,0.1097033529179823
61747.05268787728,0.10197931096805125
61780.17942199717,0.08748424030615098
61813.30615611706,0.06739536127587227
61846.43289023696,0.04319261394266947
61879.55962435685,0.016595683799308928
61912.68635847674,-0.010683753987688014
61945.81309259664,-0.036850453991630186
61978.93982671653,-0.060373551611281454
62012.06656083642,-0.07983182809696274
62045.19329495631,-0.0941532841630526
62078.3200290762,-0.1025550872886659
62111.4467631961,-0.10462446908093534
62144.57349731599,-0.10030294603584766
62177.70023143588,-0.08989989518330925
62210.82696555578,-0.07404295782252272
62243.95369967567,-0.05367070350704742
62277.08043379556,-0.02997809914627231
62310.207167915454,-0.0043376588052995175
62343.333902035345,0.021727066560332683
62376.46063615524,0.046677089957899244
62409.587370275134,0.06896166316000488
62442.714104395025,0.08715214995543695
62475.84083851492,0.10005663534804556
62508.967572634814,0.10669262793025434
62542.094306754705,0.10647798791986475
62575.221040874596,0.09923100077666419
62608.34777499449,0.08517700127503489
62641.474509114385,0.06510432048530276
62674.601243234276,0.04015505399523897
62707.72797735417,0.01187562139919717
62740.854711474065,-0.017716324015032956
62773.981445593956,-0.04658438228576196
62807.10817971385,-0.07261067141569169
62840.23491383374,-0.09363747467880955
62873.36164795363,-0.10800227578097239
62906.48838207353,-0.11440960792350907
62939.61511619342,-0.11217600715228451
62972.74185031331,-0.10132569382464839
63005.86858443321,-0.08258435767421454
63038.9953185531,-0.05738691657097345
63072.12205267299,-0.027687170689812524
63105.24878679288,0.004145269494597623
63138.37552091277,0.035543150198367894
63171.50225503266,0.06405794128120156
63204.62898915255,0.08746193027343738
63237.75572327244,0.1039984595740994
63270.882457392334,0.11255565850605678
63304.00919151223,0.1126235824214525
63337.13592563212,0.10444060769442555
63368.059270065714,0.09003939948070754
63398.9826144993,0.07027678353934952
63429.90595893289,0.04645865662079126
63460.82930336648,0.020224582246790024
63491.752647800065,-0.0067929734646609025
63522.67599223366,-0.03300782373428099
63553.59933666725,-0.05681554560121939
63584.52268110083,-0.0770024911794038
63615.44602553442,-0.09247496482435823
63646.36936996801,-0.1024899850664041
63677.2927144016,-0.10662618927011361
63708.21605883518,-0.10476943961906506
63739.13940326877,-0.0971402386313588
63770.06274770236,-0.0842296013473316
63800.98609213595,-0.06680836882585613
63831.909436569535,-0.04583189105988563
63862.83278100312,-0.02244446774816414
63893.75612543671,0.0021227191841870705
63924.6794698703,0.026573662379387884
63955.602814303886,0.04961069105307035
63986.52615873747,0.07003501543893247
64017.44950317106,0.08672149777311049
64048.37284760465,0.09874442629157226
64079.29619203824,0.10540476190687152
64110.21953647182,0.10623631873866156
64141.14288090541,0.10109504336212867
64172.066225339004,0.09014301063068884
64202.98956977259,0.07382696758352827
64233.91291420618,0.052986731172694326
64264.83625863977,0.02872683625632407
64326.682947506946,-0.02475204333644699
64357.60629194054,-0.050682946645989976
64388.52963637412,-0.07398987558555056
64419.45298080771,-0.09302416665519962
64450.376325241305,-0.10641464164919778
64481.29966967489,-0.1131828528597231
64512.22301410848,-0.11263657034219955
64543.14635854207,-0.10460319991840795
64574.069702975656,-0.08950880570984215
64604.99304740924,-0.06817006218265384
64635.91639184283,-0.041987106145839274
64666.83973627642,-0.012749761259530533
64697.76308071001,0.017583858776521143
64728.68642514359,0.04680905068305728
64759.60976957718,0.07284836774375435
64790.533114010774,0.09386051109800786
64821.45645844436,0.10836760213473491
64852.37980287794,0.11537218279888829
64883.30314731153,0.11448425530394174
64914.226491745125,0.10584327823516858
64945.14983617871,0.09022376258875571
64976.07318061229,0.06877315549137338
65006.996525045884,0.043096114106287664
65037.919869479476,0.015005563993480683
65068.84321391306,-0.013681526370279123
65099.766558346644,-0.04095616343429018
65130.689902780236,-0.06527522824016355
65161.61324721383,-0.0851529078680809
65192.53659164741,-0.09949684608283697
65223.459936081,-0.10762743607179744
65254.383280514594,-0.1092042506735492
65285.30662494818,-0.10433409972294744
65316.22996938177,-0.0934374360197075
65346.54431188415,-0.07766360871900353
65376.85865438654,-0.0577824004326395
65407.17299688893,-0.03495545814920672
65437.487339391315,-0.010431397272446687
65467.8016818937,0.014490734640648636
65498.116024396084,0.038473822244578036
65528.430366898465,0.06030954887643458
65558.74470940085,0.07886377948173762
65589.05905190323,0.0931935289483552
65619.37339440561,0.1025497575498335
65649.687736908,0.10643148908327267
65680.00207941039,0.10460623949946586
65710.31642191278,0.09711158445317142
65740.63076441517,0.0842860066135427
65770.94510691756,0.06672758529049379
65801.25944941994,0.04528531015522563
65831.57379192233,0.021082877361977392
65861.88813442472,-0.004611047697237501
65892.20247692711,-0.03045791246930215
65922.5168194295,-0.05490717431020447
65952.83116193188,-0.07652304110228966
65983.14550443427,-0.09403023008907997
66013.45984693666,-0.10617429882390148
66043.77418943903,-0.11207592595528346
66074.08853194141,-0.11121681382302834
66104.4028744438,-0.10337703197988406
66134.71721694618,-0.08889220175413903
66165.03155944857,-0.06855574601695986
66195.34590195096,-0.04338184048248763
66225.66024445335,-0.015060046535656178
66255.97458695574,0.014556902055960514
66286.28892945813,0.04358848121154714
66316.60327196051,0.06994523929387912
66346.9176144629,0.09177830879358852
66377.23195696529,0.10754421377886597
66407.54629946768,0.11606804509711609
66437.86064197007,0.11673998109473925
66468.17498447245,0.10951739976689077
66498.48932697484,0.09491526418588701
66528.80366947722,0.0740444788319514
66559.11801197959,0.048361954272420196
66589.43235448198,0.01970227393318668
66619.74669698437,-0.009917681819647714
66650.06103948675,-0.03858135605455926
66680.37538198914,-0.06432171684497195
66710.68972449153,-0.08562573289362581
66741.00406699392,-0.10121681464580842
66771.3184094963,-0.11025499117980146
66801.6327519987,-0.11238944153876823
66831.94709450108,-0.1076618980528465
66862.26143700347,-0.09656903273083245
66892.57577950585,-0.07990981498605552
66922.89012200822,-0.058853481245900834
66953.2044645106,-0.034664900172991134
67013.83314951538,0.017195902240696843
67044.14749201777,0.04197546523937981
67074.46183452016,0.06414946605720283
67104.77617702255,0.08259093455672976
67135.09051952494,0.09633878133886371
67165.40486202732,0.10471792477874162
67195.71920452971,0.1073215073034353
67226.0335470321,0.1040420385597435
67256.34788953447,0.09506250883671993
67289.24200561587,0.0794266102447955
67322.13612169726,0.05859816481384941
67355.03023777864,0.03383746919101167
67387.92435386003,0.006691088752623113
67420.81846994141,-0.021155105990194874
67453.7125860228,-0.0479101498066615
67486.60670210418,-0.07176538266677407
67519.50081818557,-0.09110313366333754
67552.39493426695,-0.10448072315459388
67585.28905034834,-0.1107913290568688
67618.18316642972,-0.1094187512453211
67651.07728251112,-0.10015927590105611
67683.97139859252,-0.08346889673552495
67716.8655146739,-0.06035679748005287
67749.75963075529,-0.03221212647022439
67782.65374683667,-0.001170836186214118
67815.54786291806,0.03044925101305114
67848.44197899944,0.06033848608288499
67881.33609508083,0.08585856954411511
67914.23021116223,0.10488991902546145
67947.12432724363,0.1157618788293857
67980.01844332501,0.11738162274026619
68012.9125594064,0.10950359516213772
68045.80667548778,0.09267481389660677
68078.70079156916,0.06827203374100388
68111.59490765055,0.03833083664581197
68144.48902373193,0.005354196274135925
68177.38313981332,-0.027837533346524446
68210.2772558947,-0.0585638443417349
68243.17137197609,-0.08430097915061067
68276.06548805747,-0.10308820112456958
68308.95960413887,-0.1135783856042869
68341.85372022027,-0.11514433901730321
68374.74783630166,-0.10791015602345891
68407.64195238304,-0.09268976251181754
68440.53606846443,-0.07084841297789705
68473.43018454581,-0.04418942698989709
68506.3243006272,-0.014816654667938845
68539.21841670858,0.015156055354803485
68572.11253278996,0.043534462400157924
68605.00664887135,0.06848737840473351
68637.90076495273,0.08834867682386051
68670.79488103412,0.10194711147169164
68703.68899711552,0.10849568326756379
68736.58311319692,0.10770556999476573
68769.4772292783,0.09973526940400938
68802.37134535969,0.08519775294210698
68835.26546144107,0.06507775799488609
68868.15957752246,0.040707755542314324
68901.05369360384,0.013646505452765172
68933.94780968523,-0.014365815077085656
68966.84192576662,-0.041528090241575666
68999.73604184802,-0.06608440803057737
69032.63015792941,-0.08638330731471888
69065.5242740108,-0.1010408525096881
69098.41839009218,-0.1089633037103712
69131.31250617356,-0.10946742062392772
69164.20662225495,-0.10235669975016218
69197.10073833633,-0.08787611993282378
69229.99485441772,-0.06688306894669432
69262.8889704991,-0.04068817475138465
69295.78308658049,-0.010945433879001706
69328.67720266187,0.020114567630826634
69361.57131874327,0.050204321255054966
69392.26204513834,0.07544341657402488
69422.95277153343,0.09592830167157364
69453.64349792851,0.1101498314634016
69484.3342243236,0.11699140140349425
69515.02495071868,0.11568194596830927
69545.71567711377,0.10617303637746511
69576.40640350885,0.0890006500589883
69607.09712990394,0.06526527772216027
69637.78785629902,0.03668335196657988
69668.47858269411,0.005284562274900965
69699.1693090892,-0.02657086474001534
69729.86003548426,-0.056496269456279384
69760.55076187933,-0.08226755200225686
69791.24148827442,-0.1020063510362716
69821.9322146695,-0.11427774340189152
69852.62294106459,-0.11831233689079607
69883.31366745968,-0.11391818930878983
69914.00439385476,-0.10160874460501135
69944.69512024985,-0.08237920781064129
69975.38584664493,-0.05779205441910208
70006.07657304002,-0.02964476377902052
70036.7672994351,0.00007433068975622008
70067.45802583019,0.02926738038865531
70098.14875222526,0.05612586114841976
70128.83947862033,0.07888987618391044
70159.53020501541,0.09628830040389152
70190.2209314105,0.10735059673449653
70220.91165780558,0.1115612136536946
70251.60238420067,0.10883324016171159
70282.29311059575,0.09949057639729955
70312.98383699084,0.08422669411094369
70343.67456338592,0.06403414649311924
70374.36528978101,0.040197534563653374
70405.0560161761,0.014118659693410881
70435.74674257118,-0.012663359656679585
70466.43746896627,-0.03860748364763815
70497.12819536135,-0.06223514781274101
70527.81892175644,-0.08218807782895193
70558.50964815152,-0.09732030163200125
70589.20037454659,-0.10672967050881928
70619.89110094166,-0.10982857384288217
70650.58182733675,-0.10635732277450008
70681.27255373183,-0.09643709770388342
70711.96328012692,-0.08052683508905323
70742.654006522,-0.05947959153931191
70773.34473291709,-0.034492812394474374
70804.03545931217,-0.006904250533399176
70834.72618570726,0.021514132095055632
70865.41691210234,0.04897058215132946
70896.10763849743,0.07372377123807304
70926.79836489251,0.09407276686985588
70957.4890912876,0.1084161141508728
70988.17981768269,0.1156476698464872
71018.87054407777,0.11508742086018055
71049.56127047286,0.10644176668017878
71080.25199686793,0.09015220134589183
71110.942723263,0.06725522698438878
71141.63344965808,0.0391360732714485
71172.32417605317,0.007860968411366185
71203.01490244825,-0.024254532820522243
71233.70562884334,-0.05490541683530956
71264.39635523842,-0.08164336183227842
71295.08708163351,-0.10241287462925845
71325.7778080286,-0.11561690154167273
71359.04830800268,-0.1202109074715831
71392.31880797676,-0.11434762445284201
71425.58930795084,-0.09865363813962269
71458.85980792494,-0.07458656294426477
71492.13030789903,-0.04449283407405316
71525.40080787311,-0.010976333241316874
71558.6713078472,0.022972578403969043
71591.94180782128,0.054490071221623915
71625.21230779536,0.08112203120656972
71658.48280776944,0.10071762097730476
71691.75330774352,0.11205394191616838
71725.02380771762,0.1144273200918519
71758.29430769171,0.10796164757476986
71791.5648076658,0.0933680263332453
71824.83530763988,0.07201942928363782
71858.10580761396,0.04561233959185979
71891.37630758804,0.01620328216539756
71924.64680756212,-0.014030650340620272
71957.9173075362,-0.04296461509821375
71991.1878075103,-0.0685414559637304
72024.4583074844,-0.0890678346542474
72057.72880745848,-0.10314792707230094
72090.99930743256,-0.1098550024304664
72124.26980740664,-0.10873929200791271
72157.54030738072,-0.09987016101953806
72190.8108073548,-0.08381651656874183
72224.08130732889,-0.06164759445935661
72257.35180730297,-0.03482954470643417
72290.62230727705,-0.005202802390731635
72323.89280725113,0.025133063488378866
72357.16330722522,0.054043501007280635
72390.43380719931,0.07930214727418725
72423.70430717341,0.0989044538951662
72456.97480714749,0.11124031587199791
72490.24530712157,0.11505069951041517
72523.51580709565,0.10979709795221985
72556.78630706973,0.09558674132388581
72590.05680704382,0.07324412788681377
72623.3273070179,0.044466470337824984
72656.59780699198,0.011404305772201861
72689.86830696606,-0.0232157498979656
72723.13880694014,-0.05629022739896774
72756.40930691423,-0.08494619480858716
72789.67980688832,-0.10645748104795733
72822.95030686242,-0.1187438980294341
72856.2208068365,-0.12056402863131872
72889.49130681058,-0.11163541251311042
72922.76180678466,-0.09273963911427069
72956.03230675875,-0.06559655980951112
72989.30280673283,-0.03272981922391707
73022.57330670691,0.0028036633445883163
73055.843806681,0.03782948989613945
73089.1143066551,0.06911139146699269
73122.38480662918,0.09410030124269966
73155.65530660326,0.1106874027900934
73188.92580657735,0.11772569582205554
73222.19630655143,0.11485475733263538
73255.46680652551,0.10264190187844924
73288.73730649959,0.08230798914790627
73322.00780647369,0.05580277775348814
73355.27830644778,0.02532081038356617
73388.54880642187,-0.006621116519807477
73421.81930639595,-0.03756597959067402
73455.08980637003,-0.0652279418405903
73486.15691665781,-0.08632511445941606
73517.2240269456,-0.10158814904759796
73548.29113723338,-0.11012659139380106
73579.35824752116,-0.11152174257727861
73610.42535780894,-0.10576069563215043
73641.49246809672,-0.09327020178153851
73672.5595783845,-0.07485510992386367
73703.62668867227,-0.051677810345967426
73734.69379896004,-0.025157958810740552
73765.76090924782,0.0030587036140145036
73796.8280195356,0.031221568326205505
73827.89512982339,0.057576737891236254
73858.96224011117,0.08039616243237044
73890.02935039895,0.09817108458363437
73921.09646068673,0.10966681660618795
73952.16357097452,0.11394739053442743
73983.2306812623,0.11058523725550903
74014.29779155008,0.09957166298451292
74045.36490183786,0.08144466472844003
74076.43201212565,0.05731486734864603
74107.49912241343,0.028639317749744396
74138.56623270121,-0.0026470494285181527
74169.633342989,-0.034227556883451554
74200.70045327676,-0.06381676644996478
74231.76756356453,-0.08915562217896437
74262.83467385231,-0.10803562459820161
74293.9017841401,-0.11887926871136105
74324.96889442788,-0.12063281566785218
74356.03600471566,-0.11293647298685157
74387.10311500344,-0.0962710433289321
74418.17022529122,-0.07182685048380529
74449.237335579,-0.041561438722575145
74480.30444586679,-0.007907784377711597
74511.37155615457,0.02638745712500488
74542.43866644235,0.05850681918119128
74573.50577673013,0.08582282971542987
74604.57288701792,0.10621445676621115
74635.6399973057,0.11808742410182448
74666.70710759348,0.12068295384427326
74697.77421788125,0.11394240262901295
74728.84132816902,0.09865163850340954
74759.9084384568,0.07614590365297703
74790.97554874458,0.04830814018572732
74822.04265903236,0.017407225818280928
74853.10976932014,-0.014313951522813353
74884.17687960793,-0.04444410431225202
74915.24398989571,-0.07098062273578257
74946.31110018349,-0.09215497773422493
74977.37821047127,-0.10663537103534892
75008.44532075906,-0.11364213429344525
75039.51243104684,-0.11285515553237603
75070.57954133462,-0.10450740748247989
75101.6466516224,-0.08926596704428415
75132.71376191018,-0.06824871125553089
75163.78087219797,-0.04285919775857271
75194.84798248573,-0.014779708431972578
75225.9150927735,0.014189191518698062
75256.98220306128,0.04220182676126332
75288.04931334907,0.06746665361257068
75319.11642363685,0.08836996458696406
75350.18353392463,0.10353423058519931
75381.25064421241,0.11193417811554227
75412.3177545002,0.11292269755280983
75443.38486478798,0.10632252378026875
75473.84297314455,0.09277483028766888
75504.30108150114,0.07290751994670085
75534.75918985772,0.047921471848521066
75565.2172982143,0.019372118459066286
75595.67540657087,-0.011053330758428159
75626.13351492745,-0.0411715990252462
75656.59162328404,-0.06887793728429273
75687.04973164061,-0.09223568042746672
75717.50783999718,-0.10933451046902233
75747.96594835377,-0.11872085694404858
75778.42405671036,-0.11953250706345173
75808.88216506693,-0.11138503188771666
75839.3402734235,-0.0946967257863378
75869.79838178007,-0.07061847918868644
75900.25649013664,-0.04074009722832535
75930.71459849323,-0.007454936213600577
75961.17270684981,0.026665681829375818
75991.63081520639,0.058908978495355445
76022.08892356296,0.08661860314466183
76052.54703191953,0.1075503837382262
76083.0051402761,0.12002175322829106
76113.46324863269,0.12304841604421901
76143.92135698927,0.1164820774043229
76174.37946534585,0.10093514859237943
76204.83757370242,0.0777860432693834
76235.295682059,0.04898095598906474
76265.75379041559,0.016790090962373057
76296.21189877216,-0.01612727175887579
76326.67000712873,-0.04743262541397939
76357.12811548532,-0.07478278600407798
76387.5862238419,-0.09631603615802752
76418.04433219848,-0.11068483949084533
76448.50244055505,-0.11702183815047462
76478.96054891164,-0.11515886726665707
76509.41865726822,-0.10540695750125995
76539.8767656248,-0.08864910608657435
76570.33487398137,-0.06612242834021441
76600.79298233795,-0.03948032925486173
76661.70919905111,0.018935397619734288
76692.16730740768,0.04690133088412514
76722.62541576427,0.07167064445990123
76753.08352412086,0.0916857873943257
76783.54163247743,0.10572694071207206
76813.999740834,0.11291554560197492
76844.45784919057,0.11279361087618335
76874.91595754714,0.1053298119445974
76905.37406590373,0.090950058769082
76935.83217426031,0.07048811695673134
76966.29028261689,0.045178168582189135
76996.74839097346,0.0166131079324627
77027.20649933003,-0.013422652581467211
77057.6646076866,-0.04295856022795196
77088.12271604319,-0.06992949035261663
77118.58082439977,-0.09245084783751892
77149.03893275635,-0.10885474018529367
77179.49704111292,-0.11771610452699528
77209.9551494695,-0.11822797011257909
77240.41325782609,-0.11006930984005056
77270.87136618266,-0.0935556009419653
77301.32947453923,-0.06976645018993725
77331.78758289582,-0.040265030351297186
77362.2456912524,-0.007151729604589599
77392.70379960898,0.02691557769749418
77425.74168154456,0.06186139024441809
77458.77956348014,0.09145975403088703
77491.81744541571,0.11270654061912211
77524.8553273513,0.12347799558026733
77557.89320928688,0.12259305501308564
77590.93109122245,0.11010384521772275
77623.96897315803,0.08722628773871788
77657.00685509361,0.05621314632199218
77690.0447370292,0.020175491318908226
77723.08261896478,-0.017461883831220257
77756.12050090036,-0.053011162487981
77789.15838283594,-0.0833070300469757
77822.19626477153,-0.10562679451253493
77855.23414670711,-0.11819745588900618
77888.27202864268,-0.12015562469902738
77921.30991057826,-0.11166288327315173
77954.34779251384,-0.0937252520448682
77987.38567444941,-0.06819697122176002
78020.423556385,-0.0373679817869678
78053.46143832058,-0.003945202309912047
78086.49932025616,0.029317384352788002
78119.53720219174,0.05978502577861759
78152.57508412733,0.08510103559725142
78185.61296606291,0.10341988506464278
78218.65084799849,0.11341221607893147
78251.68872993407,0.11443542821873345
78284.72661186964,0.10648305534229116
78317.76449380523,0.09020833242693366
78350.80237574081,0.06686557177395692
78383.84025767638,0.03820297749490631
78416.87813961196,0.006399902607521755
78449.91602154754,-0.02611707572144978
78482.95390348313,-0.05686597817259684
78515.99178541871,-0.08334453896458621
78549.02966735428,-0.10337987407789323
78582.06754928986,-0.11521620960808897
78615.10543122544,-0.11762030388500315
78648.14331316101,-0.11017429994978128
78681.1811950966,-0.09312389668120669
78714.21907703218,-0.06769322465943432
78747.25695896776,-0.03590195020006935
78780.29484090334,-0.00016738819835231903
78813.33272283891,0.036163560403978716
78846.37060477449,0.06975490575132709
78879.40848671008,0.0975287304376416
78912.44636864564,0.11647883213954725
78945.48425058123,0.12461284555214142
78978.52213251681,0.12091446854647146
79011.56001445239,0.10552457063610667
79044.59789638798,0.07982261754138993
79077.63577832354,0.04626814889727171
79110.67366025913,0.008200888639501136
79143.71154219471,-0.030583846823997157
79176.74942413028,-0.06626728911872425
79209.78730606586,-0.09528506112657723
79242.82518800144,-0.1149892976487096
79275.86306993703,-0.1235836568474734
79308.90095187261,-0.12053463284695123
79341.93883380819,-0.1063744286693186
79374.97671574377,-0.08276141237188042
79408.01459767936,-0.05203510887908343
79441.05247961494,-0.017267632643071393
79474.09036155051,0.018486936144526053
79507.12824348609,0.05199419109272853
79537.96273573537,0.07885014461933323
79568.79722798464,0.09949498937155538
79599.63172023391,0.11260290026386172
79630.46621248318,0.11740683410281584
79661.30070473245,0.11373329285123956
79692.13519698173,0.10198973334463567
79722.96968923102,0.08310298309103863
79753.80418148029,0.05846931829785692
79784.63867372955,0.029810757530774806
79815.47316597884,-0.0008744794113722451
79846.30765822812,-0.03149842823515786
79877.14215047739,-0.05995820949572875
79907.97664272666,-0.08429229286700829
79938.81113497594,-0.1027818543109348
79969.64562722523,-0.11407386026906238
80000.4801194745,-0.11727443557618285
80031.31461172376,-0.11200115106396753
80062.14910397305,-0.09847270387979318
80092.98359622233,-0.07744543372976134
80123.8180884716,-0.05033201584048684
80154.65258072087,-0.018953891640824224
80185.48707297015,0.014436716102567287
80216.32156521943,0.04722203089615207
80247.1560574687,0.07685621059786438
80277.99054971797,0.10093600192111059
80308.82504196725,0.11717830052423121
80339.65953421654,0.12408249854351361
80370.4940264658,0.12081635208482347
80401.32851871508,0.10730947693141331
80432.16301096436,0.0845613698755684
80462.99750321364,0.054331690990461354
80493.83199546291,0.01913651886503214
80524.66648771218,-0.017926815045024427
80555.50097996146,-0.053639797135692086
80586.33547221075,-0.08475649500391923
80617.16996446002,-0.10848994169852504
80648.00445670928,-0.12276382709125117
80678.83894895857,-0.12636150992911221
80709.67344120785,-0.11909120977562444
80740.50793345712,-0.10172909367302589
80771.34242570639,-0.07596073768600282
80802.17691795567,-0.04417102918653979
80833.01141020496,-0.009111057386754532
80863.84590245422,0.02610744662846682
80894.6803947035,0.058738109679035026
80925.51488695278,0.08612389912435049
80956.34937920206,0.10630367635049436
80987.18387145133,0.11788028556584246
81018.0183637006,0.12020153871058877
81048.85285594988,0.11333059457635725
81079.68734819916,0.09801904615313814
81110.52184044843,0.07557464118948289
81141.3563326977,0.0477788947879924
81172.19082494699,0.016751018171186922
81203.02531719627,-0.01527449430368353
81233.85980944554,-0.04597344038908789
81264.6943016948,-0.07321426144700134
81295.52879394409,-0.09509301433844365
81326.36328619337,-0.11007359679473575
81357.19777844264,-0.11710301440261309
81388.03227069191,-0.11564846367808766
81418.86676294118,-0.10574095470926712
81449.70125519045,-0.08800121365464897
81480.53574743973,-0.06360049970160264
81513.95001326801,-0.031550099301828005
81547.36427909628,0.0036890588276520062
81580.77854492456,0.03916656493524781
81614.19281075284,0.07165167254053083
81647.60707658112,0.09811006290781489
81681.0213424094,0.11594501363299885
81714.43560823768,0.12310058947752972
81747.84987406596,0.11862197542391349
81781.26413989424,0.10245165969415806
81814.67840572252,0.07588532773866707
81848.09267155078,0.04133827946102042
81881.50693737906,0.001970795986163224
81914.92120320734,-0.038070480540787356
81948.3354690356,-0.07466940970746129
81981.74973486389,-0.10385226623618987
82015.16400069217,-0.1223653815657449
82048.57826652045,-0.12815792767411038
82081.99253234873,-0.12052580525162226
82115.406798177,-0.10031117140417513
82148.82106400529,-0.06975853588229335
82182.23532983357,-0.0321506842193392
82215.64959566185,0.008298780502803445
82249.06386149011,0.047493443819414595
82282.47812731839,0.08136209745822513
82315.89239314667,0.10661583743626302
82349.30665897494,0.12102718880772984
82382.72092480322,0.12342458254683478
82416.1351906315,0.11400221178371246
82449.54945645978,0.0939532577807813
82482.96372228806,0.06551130887266099
82516.37798811634,0.03143380920696377
82549.79225394462,-0.004950103152623572
82583.2065197729,-0.04043936859658303
82616.62078560118,-0.07189429178735697
82650.03505142944,-0.09666310514427481
82683.44931725772,-0.11272577668997569
82716.863583086,-0.11879457311911251
82750.27784891427,-0.11444846370401808
82783.69211474255,-0.10009769730497323
82817.10638057083,-0.0769655492448204
82850.5206463991,-0.0470008139327701
82883.93491222739,-0.012713327747301596
82917.34917805567,0.022972514939189486
82950.76344388395,0.05693895188837409
82984.17770971222,0.08620343075616443
83017.5919755405,0.10797386446734433
83051.00624136877,0.12008884937467201
83084.42050719705,0.12118250444751975
83117.83477302533,0.11074566943040463
83151.2490388536,0.08948214613893198
83184.66330468188,0.05905128865292631
83218.07757051016,0.022138455321646582
83251.49183633843,-0.017603035641766764
83284.90610216671,-0.05629609135538165
83318.320367995,-0.0898411281956093
83351.73463382327,-0.11443426596243607
83385.14889965155,-0.12731258819037666
83418.56316547983,-0.126770451043665
83451.9774313081,-0.11266595474354314
83485.39169713638,-0.08637677751434501
83518.80596296466,-0.05071445060247536
83552.22022879292,-0.009615008298144418
83585.6344946212,0.0323739052030109
83619.04876044948,0.07069622623048846
83651.85402434657,0.10068809519095706
83684.65928824364,0.12018844147024908
83717.46455214071,0.1273694589321128
83750.26981603779,0.12180911387800775
83783.07507993486,0.10438008398575357
83815.88034383193,0.07711582350093078
83848.68560772901,0.04292822714708495
83881.49087162608,0.005249186089385644
83914.29613552315,-0.032283788034398735
83947.10139942024,-0.06627129350973927
83979.9066633173,-0.09370185190422367
84012.71192721438,-0.11233054221016678
84045.51719111146,-0.12070233943038705
84078.32245500853,-0.1183071231587523
84111.1277189056,-0.10554125436789577
84143.93298280268,-0.08362759305873724
84176.73824669977,-0.05454240884745941
84209.54351059684,-0.020780651085563668
84242.3487744939,0.014772449794296967
84275.15403839099,0.04911533093922646
84307.95930228806,0.07930072546821998
84340.76456618513,0.10271513867971595
84373.56983008221,0.11723518269592245
84406.37509397928,0.12143825375015196
84439.18035787635,0.11475798161742537
84471.98562177343,0.09749184454863968
84504.7908856705,0.07098545447407557
84537.59614956757,0.03739386355195704
84570.40141346466,-0.00039543227831292634
84603.20667736173,-0.0387706840016102
84636.0119412588,-0.07409240438604586
84668.81720515588,-0.10278484035501913
84701.62246905296,-0.12160738295757173
84734.42773295003,-0.1284294962332441
84767.2329968471,-0.12212307515710333
84800.03826074419,-0.10301171015355191
84832.84352464126,-0.07289828032032698
84865.64878853832,-0.03474946021028138
84898.45405243541,0.007330461222617135
84931.25931633248,0.04885107280086839
84964.06458022955,0.08522075650554063
84996.86984412663,0.11245012993607596
85029.6751080237,0.12763941519230626
85062.48037192077,0.12922775646396162
85095.28563581785,0.11725743096000561
85128.09089971492,0.09318621677295126
85160.896163612,0.059884858014403554
85193.70142750908,0.020900122152357307
85226.50669140616,-0.019519287776016993
85259.31195530323,-0.05739642965913968
85292.1172192003,-0.0889910396460625
85324.92248309738,-0.11147038661595554
85357.72774699447,-0.12292607933745017
85390.53301089154,-0.12260607526901043
85423.3382747886,-0.11083007997636767
85456.14353868569,-0.08898053582178754
85488.94880258277,-0.05920426586865442
85521.75406647984,-0.024367098496256977
85554.55933037691,0.012420310386988886
85587.364594274,0.04787235675890397
85620.16985817107,0.07889860166856363
85652.97512206814,0.10280677743809737
85685.78038596522,0.11749953256197464
85718.58564986229,0.12165515114737242
85749.18752407306,0.11562699977133951
85779.78939828384,0.10037989990769222
85810.39127249461,0.0769865550045451
85840.99314670538,0.04715564500165606
85871.59502091615,0.013090041916765164
85902.19689512692,-0.022482906877359612
85932.79876933769,-0.05673622261501276
85963.40064354846,-0.08676852111063228
85994.00251775923,-0.1098646146160932
86024.60439197,-0.12390336172477207
86055.20626618077,-0.12729305814651523
86085.80814039154,-0.1194461194363952
86116.41001460231,-0.1007611953750223
86147.01188881308,-0.07252393006872065
86177.61376302385,-0.037233265593164894
86208.21563723462,0.0019656259382848243
86238.81751144539,0.04150520191568782
86269.41938565616,0.07745791097753785
86300.02125986693,0.10634309980477305
86330.6231340777,0.1252218707892709
86361.22500828847,0.1321676304985062
86391.82688249924,0.12647792864825594
86422.42875671001,0.10871324747860821
86453.03063092078,0.08069071342128074
86483.63250513155,0.045225988885069485
86514.23437934232,0.00577891094241649
86544.83625355309,-0.033713106034081945
86575.43812776386,-0.06967806617698245
86606.04000197463,-0.09875978030319002
86636.6418761854,-0.11852248687530073
86667.24375039617,-0.12741344732814416
86697.84562460694,-0.12493281715413021
86728.44749881771,-0.11160790072610233
86759.04937302848,-0.08887695131680257
86789.65124723925,-0.05892170624377344
86820.25312145002,-0.024386463404300517
86850.85499566079,0.011707683811511908
86881.45686987156,0.046458911717742524
86912.05874408233,0.0770315916731522
86942.6606182931,0.10108298418298195
86973.26249250387,0.11677355277678353
87003.86436671464,0.12294669508139655
87034.46624092541,0.11917563205803455
87065.06811513618,0.10578645835668456
87095.66998934695,0.08382357543679209
87126.27186355772,0.054997655077238895
87156.8737377685,0.021508959376804068
87187.47561197927,-0.013977112869484156
87218.07748619004,-0.048619908007311315
87248.67936040083,-0.07963684524863868
87279.2812346116,-0.10432122941940611
87309.88310882237,-0.12046485356442974
87340.48498303314,-0.12652013187717345
87371.0868572439,-0.12161012866331064
87401.68873145468,-0.10588443284146795
87432.29060566545,-0.08047139252631838
87462.89247987622,-0.0472016046493235
87493.49435408699,-0.009074545868672975
87524.09622829776,0.030452540775911533
87554.69810250853,0.06784327874678606
87585.2999767193,0.09927200332844911
87615.90185093007,0.12151184726870039
87646.50372514084,0.1322515880349142
87677.1055993516,0.13015329283173505
87710.28724714139,0.11348109390353554
87743.46889493115,0.0835968082932075
87776.65054272092,0.044002566677347935
87809.8321905107,-0.0006343329626765356
87843.01383830047,-0.044969585732179226
87876.19548609023,-0.08389406590735647
87909.37713388001,-0.11287896204771343
87942.55878166978,-0.1288546609429099
87975.74042945955,-0.1302417170827128
88008.92207724933,-0.11729807862288817
88042.1037250391,-0.09176353093394479
88075.28537282886,-0.056851800845539695
88108.46702061864,-0.016463577688335212
88141.64866840841,0.024986783099572564
88174.83031619817,0.06317896282735029
88208.01196398796,0.09439397514621464
88241.19361177774,0.1155951131538531
88274.3752595675,0.12499522945120817
88307.55690735727,0.12186532894078358
88340.73855514705,0.10673655516113588
88373.92020293683,0.08119117186022885
88407.1018507266,0.047798301486854676
88440.28349851636,0.009760655199731865
88473.46514630615,-0.029269272432034178
88506.64679409593,-0.06556250042882072
88539.8284418857,-0.09557456285713375
88573.01008967546,-0.11632999296748998
88606.19173746524,-0.12562207241970275
88639.373385255,-0.12229829043557498
88672.55503304477,-0.10640663169827495
88705.73668083455,-0.07919086734251983
88738.91832862432,-0.04323559253171799
88772.09997641409,-0.0019820515901851194
88805.28162420387,0.04026667875944077
88838.46327199363,0.07881516556162224
88871.6449197834,0.10938644552229056
88904.82656757318,0.12811294898528341
88938.00821536295,0.13249814520156655
88971.18986315271,0.12163883478504459
89004.3715109425,0.09640628445827086
89037.55315873228,0.0595653934716194
89070.73480652204,0.015313827076203683
89103.91645431181,-0.030975436043076114
89137.09810210159,-0.0737135388216024
89170.27974989137,-0.10765619365628196
89203.46139768114,-0.12867614951907297
89236.6430454709,-0.13436903793006164
89269.82469326069,-0.12420560031990989
89303.00634105047,-0.09972767195934548
89336.18798884023,-0.06401444136280214
89369.36963663,-0.02157955231580424
89402.55128441978,0.022667978981461136
89435.73293220955,0.06367002958928263
89468.91457999931,0.09699960823015708
89502.0962277891,0.1192980514338543
89535.27787557886,0.12845619889852405
89568.45952336863,0.12390121781357676
89601.64117115841,0.10644394022218245
89634.82281894817,0.07816398280265746
89668.00446673794,0.04213669788648782
89701.18611452772,0.002115273773013412
89734.36776231749,-0.037879924843339
89767.54941010725,-0.07386589527926206
89800.73105789704,-0.10231528166325088
89831.7093160005,-0.11956881298060075
89862.68757410397,-0.12626348955524566
89893.66583220744,-0.12174746035773834
89924.6440903109,-0.10627172318256728
89955.62234841437,-0.08105758092799087
89986.60060651784,-0.04821358840623187
90017.5788646213,-0.010479880586128289
90048.55712272477,0.02877105862130507
90079.53538082824,0.06586561779161733
90110.5136389317,0.09730386512662677
90141.49189703517,0.11992492573537038
90172.47015513864,0.1311224351513139
90203.4484132421,0.12952821719704835
90234.42667134557,0.11487137272425184
90265.40492944905,0.08820644809267394
90296.38318755252,0.05209384756050993
90327.36144565599,0.010009266989183578
90358.33970375947,-0.033625886210654266
90389.31796186294,-0.074153437091225
90420.2962199664,-0.10709350323912939
90451.27447806987,-0.12874264697904397
90482.25273617334,-0.13663633750828963
90513.2309942768,-0.12986600130785975
90544.20925238027,-0.10920441461753877
90575.18751048374,-0.07695758024665876
90606.1657685872,-0.03681780605058066
90637.14402669067,0.006848127629208847
90668.12228479414,0.04935190222795483
90699.1005428976,0.08616994825617104
90730.07880100107,0.11367651890913669
90761.05705910454,0.12929763826869287
90792.035317208,0.13177951379335057
90823.01357531147,0.12120306840899665
90853.99183341494,0.09898979493355807
90884.97009151841,0.06754136694381796
90915.94834962187,0.030115370271458636
90946.92660772534,-0.009707059284531847
90977.90486582881,-0.04815462258827582
91008.88312393229,-0.08175803403759485
91039.86138203576,-0.10753666795099062
91070.83964013922,-0.12327429512827735
91101.8178982427,-0.12764696481925666
91132.79615634617,-0.12032202126565661
91163.77441444964,-0.1019760948403032
91194.7526725531,-0.07423111636177125
91225.73093065657,-0.039516744894641145
91256.70918876004,-0.000890455440041456
91287.6874468635,0.038132598137029475
91318.66570496697,0.07399406438682839
91349.64396307044,0.10326015355377945
91380.62222117391,0.12300085179081988
91411.60047927737,0.1311112394232676
91442.57873738084,0.1264112705723167
91473.55699548431,0.10906577124671842
91504.53525358778,0.080318758158558
91535.51351169124,0.04285654617671987
91566.49176979471,0.00037767050370145563
91597.47002789818,-0.04299259793286737
91628.44828600164,-0.08236854915351807
91659.42654410511,-0.11342415790611599
91690.40480220858,-0.1325728860424373
91721.38306031204,-0.1373771566927317
91752.36131841553,-0.1270972503224254
91783.33957651899,-0.10268752954535403
91813.70883269125,-0.06762692066553255
91844.07808886352,-0.02534554245846319
91874.44734503579,0.01955794903154716
91904.81660120806,0.06213990913182833
91935.18585738033,0.09791588460785788
91965.55511355259,0.12310913753219617
91995.92436972485,0.13527283453874764
92026.29362589712,0.13338499304672097
92056.66288206939,0.1179903367453011
92087.03213824164,0.09094767932635106
92117.4013944139,0.05527779494176772
92147.77065058617,0.014733434393550801
92178.13990675844,-0.02668194137828223
92208.50916293071,-0.06488970884966265
92238.87841910298,-0.09646852557095936
92269.24767527524,-0.11855265323569238
92299.6169314475,-0.12935712065340918
92329.98618761977,-0.1280769373552701
92360.35544379204,-0.115030943922613
92390.72469996431,-0.09151433665080186
92421.09395613658,-0.05975043877599147
92451.46321230884,-0.0225889813487152
92481.8324684811,0.016635296924023973
92512.20172465337,0.05443144175450683
92542.57098082564,0.08738224005618501
92572.94023699789,0.1125160406666873
92603.30949317015,0.12738489184336405
92633.67874934242,0.13048119802053493
92664.04800551469,0.12128558401295214
92694.41726168696,0.10034286738943005
92724.78651785923,0.06942282767941838
92755.15577403149,0.031228512530913195
92785.52503020375,-0.010788080429324172
92815.89428637602,-0.05236263620492291
92846.26354254829,-0.08926289269031185
92876.63279872056,-0.11772787906618874
92907.00205489283,-0.13425088012994332
92937.37131106509,-0.13683628993578514
92967.74056723734,-0.12485625743137282
92998.10982340961,-0.09923584302896787
93028.47907958188,-0.0625691241071077
93058.84833575414,-0.01875462148401589
93089.2175919264,0.027371195968519838
93119.58684809867,0.07063036276449525
93149.95610427094,0.10613856619547271
93180.32536044321,0.12990745116687527
93210.69461661548,0.1393410710371043
93241.06387278774,0.133529216960421
93271.43312896,0.11332178008843179
93301.80238513227,0.08118259961917469
93332.17164130454,0.04080811279566472
93362.5408974768,-0.0033432546581940396
93392.91015364908,-0.0464469167615438
93423.27940982133,-0.08421664805567457
93453.64866599359,-0.11282736557038656
93484.01792216586,-0.1297100100604391
93514.38717833813,-0.1334746417623801
93544.75643451039,-0.12407132484223535
93575.12569068265,-0.10271122485892074
93605.49494685492,-0.07164754439684805
93635.86420302719,-0.03403212679425391
93666.23345919946,0.006570420639847541
93696.60271537173,0.046309185561236706
93726.97197154399,0.08152453752349186
93759.92100129524,0.11086786503080757
93792.8700310465,0.12789157009625576
93825.81906079777,0.13069299252715702
93858.76809054904,0.11884896701463246
93891.71712030031,0.09346091451564693
93924.66615005158,0.057173336217268174
93957.61517980284,0.01380184478688382
93990.56420955411,-0.031806025779497094
94023.51323930538,-0.07434089920130058
94056.46226905665,-0.10879184845859756
94089.41129880791,-0.13065976702669047
94122.36032855918,-0.13680666761579405
94155.30935831045,-0.12607948696789956
94188.25838806172,-0.09909687672520015
94221.20741781298,-0.058951828560522467
94254.15644756425,-0.01063853734191177
94287.10547731552,0.03983760511765927
94320.05450706679,0.0855555711252871
94353.00353681805,0.12029273880867833
94385.95256656932,0.13915452361484718
94418.90159632059,0.13942209944141043
94451.85062607186,0.12104560672415753
94484.79965582312,0.08655823218499481
94517.74868557439,0.040832740316293886
94550.69771532566,-0.009902387978892278
94583.64674507693,-0.058763906529277266
94616.5957748282,-0.09939359218359693
94649.54480457946,-0.12675022526418933
94682.49383433073,-0.13766339899620156
94715.442864082,-0.13123491523841818
94748.39189383326,-0.1087724398263117
94781.34092358453,-0.07340453855890111
94814.2899533358,-0.029742995121794437
94847.23898308707,0.01687061441757604
94880.18801283833,0.06094052485973751
94913.1370425896,0.09742100193841798
94946.08607234087,0.12228488356593221
94979.03510209214,0.13283775145273502
95011.9841318434,0.12800913424973498
95044.93316159467,0.10840335589577929
95077.88219134594,0.07622252090057861
95110.8312210972,0.03505628157964194
95143.78025084847,-0.010487476006929067
95176.72928059974,-0.05519024504692382
95209.67831035101,-0.09391140065392622
95242.62734010228,-0.1218318084879127
95275.57636985354,-0.13539366802422972
95308.52539960481,-0.13254239451347638
95341.47442935608,-0.11304825624117593
95374.42345910735,-0.07895848879343834
95407.37248885861,-0.034066599026436245
95440.32151860988,0.01616718467452645
95473.27054836115,0.06503849620476722
95506.21957811242,0.10603738168179276
95539.16860786368,0.13333134847712894
95572.11763761495,0.14273649780149045
95605.06666736622,0.13263289074115592
95638.01569711749,0.10410723988433655
95670.96472686875,0.0610545406362317
95703.91375662002,0.009500268289575666
95736.86278637129,-0.04326206592008645
95769.81181612256,-0.08979298445597352
95802.76084587383,-0.1236638501741472
95835.70987562509,-0.14040408951519143
95866.45551569006,-0.13880305430723622
95897.20115575501,-0.1211326563074768
95927.94679581997,-0.08976791759750688
95958.69243588494,-0.048722305417567405
95989.4380759499,-0.0027626530992481135
96020.18371601487,0.0427629889988475
96050.92935607984,0.08301496220014568
96081.6749961448,0.11366005756428323
96112.42063620975,0.1317515222526762
96143.16627627471,0.1355849483328436
96173.91191633968,0.1250369160393309
96204.65755640465,0.10136831104758515
96235.40319646962,0.06723151398510013
96266.14883653457,0.02613339024318229
96296.89447659953,-0.017657995546957468
96327.6401166645,-0.059668542702467395
96358.38575672946,-0.09555821348222557
96389.13139679443,-0.12157589296681437
96419.8770368594,-0.13486285524360433
96450.62267692435,-0.13383245595235047
96481.3683169893,-0.11828071998893107
96512.11395705427,-0.08960060548786106
96542.85959711924,-0.05051112242651853
96573.60523718421,-0.005157895013978708
96604.35087724918,0.04153622042119803
96635.09651731413,0.08433536893624283
96665.84215737908,0.11793375342456855
96696.58779744405,0.1381637919706957
96727.33343750902,0.14221541613690158
96758.07907757399,0.12901894968864389
96788.82471763896,0.09991191573932748
96819.57035770391,0.05810514071248083
96850.31599776886,0.008696245586971145
96881.06163783383,-0.042093097090905994
96911.8072778988,-0.08782891747194686
96942.55291796377,-0.12260286811983837
96973.29855802873,-0.1419789502940505
97004.04419809369,-0.1435605240439942
97034.78983815864,-0.12733375070052613
97065.53547822361,-0.09558125230686526
97096.28111828858,-0.05245919428719872
97127.02675835355,-0.0035991351170631537
97157.77239841851,0.04504128242873698
97188.51803848347,0.08772297577255361
97219.26367854842,0.11943792738856826
97250.00931861339,0.13693855036671312
97280.75495867836,0.138524302235645
97311.50059874333,0.12443643812023834
97342.2462388083,0.09659793362252352
97372.99187887325,0.0583331078002096
97403.7375189382,0.013992155615874472
97434.48315900317,-0.03154503605552969
97465.22879906814,-0.07341200694280654
97495.9744391331,-0.10711684424516427
97526.72007919807,-0.12913959335515393
97557.46571926303,-0.13711893707969203
97588.21135932798,-0.13013248512561126
97618.95699939295,-0.10876648610173249
97649.70263945792,-0.0751936809017946
97680.44827952288,-0.03288814005429837
97711.19391958785,0.013638325211073183
97741.9395596528,0.05921178910073128
97772.68519971776,0.09873845026315371
97803.43083978273,0.12731082491088908
97837.75220102337,0.14189507586582686
97872.073562264,0.1355155693102901
97906.39492350465,0.10850944638881027
97940.71628474529,0.06420927330666007
97975.03764598593,0.009219761138005666
98009.35900722657,-0.04810683245088754
98043.6803684672,-0.09848061426918982
98078.00172970784,-0.13353002199847558
98112.32309094848,-0.14729860582681656
98146.64445218912,-0.13729776586555517
98180.96581342976,-0.10511421693073997
98215.2871746704,-0.056117120685718606
98249.60853591104,0.0015391029320397038
98283.92989715168,0.05839941655712791
98318.25125839232,0.10538661815848878
98352.57261963296,0.13531320360114749
98386.8939808736,0.14398207199344268
98421.21534211424,0.1306348434881402
98455.53670335488,0.0979312502942684
98489.85806459552,0.051238478085863286
98524.17942583616,-0.002254272318836982
98558.5007870768,-0.05468003899355354
98592.82214831744,-0.09864917760313853
98627.14350955808,-0.12812621121954174
98661.46487079872,-0.13924459420727223
98695.78623203936,-0.13064343018778338
98730.10759328,-0.10362868809647983
98764.42895452064,-0.061945076510199745
98798.75031576128,-0.011312546537560204
98833.07167700192,0.041293243064543135
98867.39303824256,0.0884791613057663
98901.7143994832,0.12336921060219248
98936.03576072384,0.14070221341864367
98970.35712196448,0.137343823453178
99004.67848320512,0.11321751696763313
99038.99984444576,0.07137773866388344
99073.3212056864,0.017469215798021825
99107.64256692704,-0.04011820774080263
99141.96392816768,-0.09064142717921064
99176.28528940832,-0.13051464837180907
99210.60665064896,-0.14784297982679004
99244.9280118896,-0.14091010910236365
99279.24937313024,-0.11040448359340556
99313.57073437088,-0.06119485355482987
99347.89209561152,-0.0015658689760247686
99382.21345685216,0.058332056998115146
99416.5348180928,0.10820096668253139
99450.85617933344,0.1397354941384371
99485.17754057408,0.14791070276601936
99519.49890181472,0.1318242241627487
99553.82026305536,0.09468114593230119
99588.141624296,0.042959894987240524
99622.46298553664,-0.014636269314007742
99656.78434677728,-0.06907218338760601
99691.10570801792,-0.11204375947482437
99725.42706925856,-0.13735042058533975
99759.7484304992,-0.14167095768882784
99794.06979173984,-0.12481055436037376
99828.39115298048,-0.08959400387106699
99862.71251422112,-0.04137425394416147
99897.03387546176,0.012765540016598263
99931.3552367024,0.06501316292642195
99965.67659794303,0.10779490080654466
99999.99795918367,0.13483449491179256
