0.002040816326530612,-0.10223818554851774
30.671792055962676,-0.09990885160296818
61.341543295598825,-0.09306652982711879
92.01129453523498,-0.08209365512442093
122.68104577487112,-0.06759382252318813
153.35079701450726,-0.05034574036485139
184.02054825414342,-0.031241625139331698
245.3600507334157,0.008747311989705991
276.02980197305186,0.02782761079059024
306.699553212688,0.045223506612062474
337.3693044523242,0.06031681806288123
368.0390556919603,0.07262621886054915
398.7088069315964,0.08183499433479223
429.3785581712326,0.0877779737334333
460.04830941086874,0.09043417490635948
490.71806065050487,0.08990800456066712
521.387811890141,0.08640953724633434
552.0575631297772,0.08023117417495222
582.7273143694133,0.07172488789962222
613.3970656090495,0.061285061207959325
644.0668168486857,0.04932347481186216
674.7365680883217,0.03627973884454342
736.0760705675941,0.008576564380739532
766.7458218072302,-0.005288417341609346
797.4155730468664,-0.018684981461415198
828.0853242865026,-0.03129140214197751
858.7550755261386,-0.042827337509683254
889.4248267657748,-0.05304864690320235
920.094578005411,-0.061752334891024496
950.7643292450471,-0.06877405091523543
981.4340804846832,-0.07399076743117855
1012.1038317243194,-0.07731709984428292
1042.7735829639555,-0.07870801488523696
1073.4433342035918,-0.07815403366843719
1104.1130854432279,-0.0756835576717245
1134.782836682864,-0.07135952017752618
1165.4525879225002,-0.06527903759255269
1196.1223391621363,-0.057573483258666444
1226.7920904017724,-0.04840298158609349
1257.4618416414087,-0.03796104530640175
1288.1315928810448,-0.0264673311972463
1349.4710953603171,-0.001338073470084483
1380.1408465999532,0.011733275150803944
1410.8105978395893,0.024730653863383228
1441.4803490792256,0.03732908546259175
1472.1501003188616,0.04919187573241897
1502.8198515584977,0.0599787650368694
1533.489602798134,0.06934744538473613
1564.15935403777,0.0769840259380943
1594.8291052774061,0.08256676243208236
1625.4988565170424,0.08583375071858328
1656.1686077566785,0.08654596598681075
1686.8383589963146,0.08454014131451168
1717.5081102359509,0.07970664772664748
1748.177861475587,0.07202896863225117
1778.847612715223,0.061641666224700194
1809.5173639548593,0.048621296646027753
1840.1871151944954,0.033414590232206706
1870.8568664341315,0.01639617222076807
1901.5266176737678,-0.001833263441704619
1962.86612015304,-0.03923491395802938
1996.1156449716777,-0.05819310674252763
2029.3651697903158,-0.07486214948417355
2062.614694608954,-0.08820281661687827
2095.8642194275917,-0.09732499876877375
2129.1137442462295,-0.10152722720372487
2162.3632690648674,-0.10040206355193199
2195.612793883505,-0.09387642444182097
2228.862318702143,-0.08223617500264294
2262.111843520781,-0.06611788354871721
2295.3613683394187,-0.046467562048894503
2328.6108931580566,-0.024460093000846728
2361.8604179766944,-0.0014061045744317713
2395.1099427953322,0.02136483861223768
2428.35946761397,0.04257157821863866
2461.608992432608,0.06111662748220602
2494.858517251246,0.07612707702674036
2528.1080420698845,0.08700140142628987
2561.3575668885223,0.09341515527569272
2594.60709170716,0.09531338731755698
2627.856616525798,0.09288001295350219
2661.106141344436,0.08649529362182971
2694.3556661630737,0.0767017396904331
2727.6051909817115,0.06412870535697908
2760.8547158003494,0.04946529491008114
2794.104240618987,0.033422150583012775
2827.353765437625,0.01669664111298675
2860.603290256263,-0.00005125833529573236
2893.8528150749007,-0.01624031948487144
2927.1023398935386,-0.03134901291551384
2960.3518647121764,-0.04493202896519184
2993.6013895308142,-0.056637044105379515
3026.8509143494525,-0.06618577260878435
3060.100439168091,-0.07338712218611179
3093.3499639867287,-0.0781220877926845
3126.5994888053665,-0.08034559769734206
3159.8490136240043,-0.08007689333664403
3193.098538442642,-0.07739600727649878
3226.34806326128,-0.07243593525043214
3259.597588079918,-0.06537909308906019
3292.8471128985557,-0.05644903679057638
3326.0966377171935,-0.04590783802648958
3359.3461625358314,-0.03404910753430627
3425.845212173107,-0.0076831671855685894
3459.094736991745,0.00612221072089972
3492.3442618103827,0.01984931477556319
3525.5937866290205,0.033122703843252214
3558.843311447659,0.045561796187451355
3592.092836266297,0.05679587184757186
3625.342361084935,0.06646568427076517
3658.591885903573,0.07423438593857155
3691.8414107222106,0.07979487107149211
3725.0909355408485,0.0828837921859633
3758.3404603594863,0.08328588445737356
3791.589985178124,0.080852920931073
3824.839509996762,0.07551319152634854
3858.0890348154,0.0672863029363962
3891.3385596340377,0.05628622730158857
3924.5880844526755,0.04277060903218255
3957.8376092713133,0.027048651817515777
3991.087134089951,0.009743261917171876
4024.336658908589,-0.00882591564629449
4090.835708545865,-0.045947683144910226
4121.8818436781985,-0.061897164629672694
4152.927978810532,-0.07587459408290259
4183.974113942866,-0.0871822111600454
4215.020249075199,-0.09515205520886674
4246.066384207532,-0.09922847054278477
4277.112519339866,-0.09901605714616435
4308.1586544721995,-0.09432348376299651
4339.204789604533,-0.08518268445309056
4370.250924736867,-0.07191213424971016
4401.2970598692,-0.05506093018364687
4432.343195001533,-0.03541672276207981
4463.389330133867,-0.013953822636498173
4494.4354652662005,0.008234392303738283
4525.481600398534,0.029975268046627056
4556.527735530868,0.05016396135442854
4587.573870663201,0.06778647080037654
4618.620005795534,0.08200923991455245
4649.666140927868,0.09222130184280847
4680.7122760602015,0.09806124917572168
4711.758411192535,0.09942833402840215
4742.804546324869,0.09645851613923785
4773.850681457202,0.08949526034253674
4804.896816589535,0.07905207107558185
4835.942951721869,0.06576604551006303
4866.9890868542025,0.05036117518014469
4898.035221986536,0.033566503293805415
4929.08135711887,0.016095733695736206
4960.127492251203,-0.0013399384062581978
4991.173627383536,-0.018115303058960922
5022.21976251587,-0.03370818446786562
5053.2658976482035,-0.04765020644237071
5084.312032780537,-0.05958519867790925
5115.358167912871,-0.06925976419623758
5146.404303045205,-0.07649518113643926
5177.450438177539,-0.08120368107160456
5208.496573309872,-0.08337701620191479
5239.5427084422045,-0.08306776985643644
5270.588843574538,-0.0803937089684342
5301.634978706872,-0.0755186000357939
5332.681113839206,-0.0686505357804804
5363.72724897154,-0.060029593979752396
5394.773384103873,-0.04992499333425849
5425.819519236205,-0.038623268909579955
5456.865654368539,-0.026428605042058663
5487.911789500873,-0.013649881663221251
5518.957924633207,-0.0006040215598262086
5581.050194897874,0.025042730409791075
5612.096330030206,0.03703461155005094
5643.14246516254,0.0480854061066781
5674.188600294874,0.05792651752487464
5705.234735427208,0.06630796009402924
5736.280870559542,0.07300796241390596
5767.327005691875,0.07783012313960042
5798.373140824207,0.08061503733523023
5829.419275956541,0.08123894916609894
5860.465411088875,0.07962192883703513
5891.511546221209,0.07573134834682946
5922.557681353543,0.06958723130844074
5953.6038164858755,0.06126493579976397
5984.649951618208,0.05091274316954568
6015.696086750542,0.038710420180956356
6046.742221882876,0.024957343541864463
6077.78835701521,0.009982559144088722
6108.225490216341,-0.005501606157841395
6138.662623417473,-0.021291141644753882
6169.099756618603,-0.03695636691080402
6199.536889819735,-0.05188962385796517
6229.974023020866,-0.06551871337717641
6260.411156221997,-0.07737484419000468
6290.848289423128,-0.08674319876127555
6321.28542262426,-0.09316140298735345
6351.72255582539,-0.09622700581956106
6382.159689026522,-0.09555103957384457
6412.596822227653,-0.09095419555839941
6443.033955428784,-0.08241672816084909
6473.471088629915,-0.07011527282970072
6503.908221831047,-0.054446224083492124
6534.345355032177,-0.03596666291966164
6564.782488233309,-0.015515529454683333
6595.21962143444,0.005979363968482355
6625.656754635571,0.02751986218447432
6656.093887836702,0.04796696213845543
6686.531021037834,0.06629690397965894
6716.968154238964,0.08156969959869413
6747.405287440096,0.09302048704023834
6777.842420641227,0.10010856021497903
6808.279553842358,0.1025499289137266
6838.716687043489,0.10033111678109495
6869.153820244621,0.09368710749616843
6899.590953445751,0.08309094214634048
6930.028086646883,0.06919258681457705
6960.465219848014,0.05275908168476541
6990.902353049145,0.03462812346904926
7051.776619451408,-0.0033157898866987773
7082.2137526525385,-0.02152009378254878
7112.65088585367,-0.03831651913239041
7143.088019054801,-0.053158184523407585
7173.525152255932,-0.06562798214967713
7203.962285457063,-0.07541208174367545
7234.399418658195,-0.08236492189569317
7264.8365518593255,-0.0863970494113816
7295.273685060457,-0.08756393934013533
7325.710818261588,-0.08598208395782742
7356.147951462719,-0.08184240302678197
7386.5850846638505,-0.07539463580295548
7417.022217864982,-0.06693202524713712
7447.4593510661125,-0.0567724557094794
7477.896484267244,-0.04526726905762879
7538.770750669506,-0.019604230317258275
7569.2078838706375,-0.006162833378486422
7599.645017071769,0.0072314833168572
7630.0821502728995,0.020258760070700876
7660.519283474031,0.03261703453755564
7690.9564166751625,0.04401884992348835
7721.393549876293,0.0542107432765133
7751.8306830774245,0.06296977330238379
7782.267816278556,0.07010435402538899
7812.704949479687,0.07544964858629323
7843.142082680818,0.0788804923169194
7873.5792158819495,0.08030811918966486
7904.01634908308,0.07968114886520228
7934.4534822842115,0.07698889387054031
7964.890615485343,0.07226111670993465
7995.327748686474,0.06557204345250287
8025.764881887605,0.05703774599675417
8058.7817886677385,0.045884558122339755
8091.798695447871,0.03302131817664477
8124.815602228004,0.018772658882330685
8157.832509008136,0.003539135122065977
8190.84941578827,-0.012232127388847068
8223.866322568403,-0.028054399323979275
8256.883229348536,-0.04335135841010105
8289.900136128668,-0.05757210608401626
8322.9170429088,-0.07011640025428657
8355.933949688933,-0.08036834934341829
8388.950856469066,-0.08781597901539681
8421.9677632492,-0.09191028677147228
8454.984670029335,-0.09227690963781637
8488.001576809467,-0.08861502540887903
8521.0184835896,-0.08081582260452129
8554.035390369732,-0.06900679306743022
8587.052297149865,-0.05345820152362044
8620.069203929997,-0.034750107494208586
8653.08611071013,-0.013680726935785831
8686.103017490264,0.00873403000667319
8719.119924270399,0.031308025151198016
8752.136831050531,0.05275407298218333
8785.153737830664,0.07178295548884456
8818.170644610796,0.08719173047278578
8851.187551390929,0.09796990732641114
8884.204458171062,0.10340157432107583
8917.221364951194,0.10312437677451762
8950.238271731327,0.09716144899284296
8983.25517851146,0.08593380681702455
9016.272085291592,0.07019730130562334
9049.288992071724,0.050954444100476504
9082.305898851859,0.029480714002380694
9115.322805631993,0.006998182126480377
9148.339712412126,-0.015211496991352026
9181.356619192258,-0.03599760434728316
9214.37352597239,-0.05437849659781071
9247.390432752523,-0.0695790413765714
9280.407339532656,-0.081071369956815
9313.424246312788,-0.08856886599684612
9346.441153092921,-0.09199169484473417
9379.458059873054,-0.09145745078443167
9412.474966653186,-0.08723980834939014
9445.491873433319,-0.07973423837159037
9478.508780213453,-0.06944427203422993
9511.525686993587,-0.056907420706211465
9544.54259377372,-0.04270320854683611
9610.576407333985,-0.011633949054803533
9643.593314114118,0.004124938209375774
9676.61022089425,0.019352416323836785
9709.627127674383,0.03360118864154172
9742.644034454517,0.04647449906816043
9775.660941234652,0.057631031707217804
9808.677848014784,0.06680039464238555
9841.694754794917,0.07377305164748624
9874.71166157505,0.07839291782193131
9907.728568355182,0.080569675629026
9940.745475135314,0.08027424330699401
9973.762381915447,0.07753435745747275
10006.779288695581,0.07243412131722246
10039.796195475716,0.06511287369044051
10072.813102255848,0.05576354059383302
10105.83000903598,0.0446274463609895
10138.846915816113,0.03199678493376256
10169.660432909943,0.01915398684144114
10200.47395000377,0.005606301767161471
10262.100984191427,-0.022253624803117218
10292.914501285257,-0.035831659641661885
10323.728018379084,-0.04866455260773997
10354.541535472912,-0.0603524479682902
10385.355052566742,-0.0705019236044686
10416.168569660571,-0.07874888342015018
10446.982086754399,-0.08472183311930834
10477.795603848226,-0.08811431523993939
10508.609120942056,-0.08867266260764545
10539.422638035885,-0.08619129619809515
10570.236155129713,-0.08060369506856514
10601.04967222354,-0.07186921127212201
10631.86318931737,-0.06013540728508624
10662.6767064112,-0.04573345753316422
10693.490223505027,-0.028926554628192
10724.303740598854,-0.010363674229538551
10755.117257692684,0.009183590913656357
10785.930774786513,0.02911436509555697
10816.74429188034,0.04836875696163245
10847.557808974168,0.06605391818583754
10878.371326067998,0.0812154398274554
10909.184843161827,0.09298997609800322
10939.998360255655,0.10063525208236149
10970.811877349483,0.10361609199930191
11001.625394443312,0.10164370727014985
11032.438911537141,0.09471155882037526
11063.252428630969,0.08311847144756622
11094.065945724797,0.06744769242543487
11124.879462818626,0.04852979645821915
11155.692979912455,0.027371520301144616
11186.506497006283,0.005169929493719036
11217.32001410011,-0.017008653861697927
11248.13353119394,-0.03792564201159657
11278.94704828777,-0.05669749687757406
11309.760565381597,-0.07242816134331713
11340.574082475425,-0.08453408063149759
11371.387599569254,-0.0926531586430824
11402.201116663084,-0.0965979297664832
11433.014633756911,-0.09645265719797129
11463.828150850739,-0.09245249489729669
11494.641667944568,-0.08499262135791762
11525.455185038398,-0.07455715875698861
11556.268702132225,-0.0617358025200297
11587.082219226053,-0.04713792454365065
11617.895736319882,-0.031370564830498285
11648.709253413712,-0.01506340201495765
11679.52277050754,0.0012358416430020827
11710.336287601367,0.01698594222014745
11741.149804695197,0.03174206199464029
11771.963321789026,0.04509572726773585
11802.776838882854,0.05673110206176313
11833.590355976681,0.06638388337626135
11864.40387307051,0.07387196243807902
11895.21739016434,0.07906883032262989
11926.030907258168,0.08191724697847298
11956.844424351995,0.08241334125856072
11987.657941445825,0.08060928640686657
12018.471458539654,0.07660479610391316
12049.284975633484,0.07054520002632561
12080.098492727313,0.06261574163921146
12110.91200982114,0.05303153869785124
12144.305300493972,0.04107328829665536
12177.698591166802,0.027822005416075823
12244.48517251246,-0.0009932554483393055
12277.87846318529,-0.01572296370395233
12311.271753858122,-0.030089992384221637
12344.665044530953,-0.04365290004492431
12378.058335203783,-0.05597910758606055
12411.451625876613,-0.06664707863435276
12444.844916549444,-0.07526128494016047
12478.238207222275,-0.08146503474567915
12511.631497895105,-0.08494266896169879
12545.024788567935,-0.08545278939417465
12578.418079240764,-0.08281649733629463
12611.811369913594,-0.0769590504245318
12645.204660586425,-0.06793410761923489
12678.597951259257,-0.0558511731324449
12711.991241932086,-0.04103521635556767
12745.384532604916,-0.02397595419645706
12778.777823277745,-0.00513960906442661
12812.171113950575,0.014654084037479882
12845.564404623407,0.034468576199389714
12878.957695296238,0.05352479308951001
12912.350985969068,0.07064321286344863
12945.744276641897,0.08481553129960297
12979.137567314729,0.09516991327897086
13012.53085798756,0.10077475410796927
13045.92414866039,0.10112379471909896
13079.31743933322,0.09588497413985775
13112.710730006049,0.08515196729198295
13146.104020678878,0.06936000403737111
13179.49731135171,0.049365342006384205
13212.890602024541,0.026319063798589754
13246.28389269737,0.0016418141775901866
13279.6771833702,-0.02310499994892146
13313.07047404303,-0.04640567237623626
13346.46376471586,-0.0667704428831239
13379.857055388691,-0.08310092811371286
13413.250346061523,-0.09444309389418691
13446.643636734352,-0.10039669183874135
13480.036927407182,-0.10079936944145754
13513.430218080013,-0.09591593967710417
13546.823508752845,-0.08632730368908104
13580.216799425674,-0.0727413731700556
13613.610090098504,-0.05617540245799949
13647.003380771333,-0.03753668321122512
13713.789962116995,0.0017893702531964744
13747.183252789826,0.020672764485725754
13780.576543462656,0.03801348308178139
13813.969834135485,0.05319731270345921
13847.363124808315,0.06573519144498426
13880.756415481144,0.07534961659321467
13914.149706153976,0.08182027567371604
13947.542996826807,0.08509135752026256
13980.936287499637,0.08520982934708583
14014.329578172466,0.08231750571332229
14047.722868845298,0.07663720284914978
14081.11615951813,0.06845815914645137
14114.509450190959,0.058126317498423605
14147.902740863788,0.046021807966817575
14181.296031536618,0.03256447286800654
14248.08261288228,0.003328213423364633
14280.866901623907,-0.011288136375823737
14313.651190365534,-0.025514296805407247
14346.435479107162,-0.038947097251595834
14379.21976784879,-0.05119773554432033
14412.004056590418,-0.061910655004211966
14444.788345332046,-0.07075477607503954
14477.572634073675,-0.07743713021494686
14510.356922815303,-0.08172002580050644
14543.141211556931,-0.08340924557539392
14575.92550029856,-0.08237566168403694
14608.709789040187,-0.0785579342832713
14641.494077781816,-0.07196654978011816
14674.278366523444,-0.0627061969272595
14707.062655265072,-0.05097106908675459
14739.846944006698,-0.037012354689868694
14772.631232748327,-0.02123655654150871
14805.415521489955,-0.004150205261444146
14838.199810231581,0.013725097794302872
14870.98409897321,0.031686993584832415
14903.768387714837,0.0490030242630659
14936.552676456466,0.06487865939215015
14969.336965198094,0.0785066827441499
15002.121253939722,0.089100607133193
15034.90554268135,0.09594196055930784
15067.689831422978,0.09843759163188387
15100.474120164607,0.09616475550553337
15133.258408906235,0.08894808994360949
15166.042697647863,0.07689459690159735
15198.826986389491,0.060416914593432174
15231.61127513112,0.04023283663439994
15264.395563872746,0.017386087561065862
15297.179852614374,-0.006812802872039898
15329.964141356002,-0.03100015257943021
15362.748430097628,-0.05364037140786799
15395.532718839257,-0.07333591865979082
15428.317007580885,-0.0888820235658666
15461.101296322513,-0.09932073785207424
15493.885585064141,-0.10410344337438403
15526.66987380577,-0.10306237861356472
15559.454162547398,-0.09643322721384714
15592.238451289026,-0.08479852228973168
15625.022740030654,-0.06901028389935247
15657.807028772282,-0.05013835386447235
15690.59131751391,-0.029376044456663863
15723.375606255539,-0.007853768886115952
15756.159894997167,0.013309691930581534
15788.944183738793,0.03306426754643725
15821.728472480421,0.05063385490638115
15854.51276122205,0.0653728463590602
15887.297049963676,0.07678388029427534
15920.081338705304,0.0846427058934992
15952.865627446932,0.08883379244911722
15985.64991618856,0.08942005235286685
16018.434204930189,0.08658990990142792
16051.218493671817,0.08063784215425514
16084.002782413445,0.07193438414822811
16116.787071155073,0.060918557415171944
16149.571359896701,0.04806540559171587
16182.35564863833,0.03386282473041324
16215.139937379958,0.018814625350647603
16247.924226121586,0.003421977048923569
16280.708514863214,-0.011820018818300145
16313.49280360484,-0.026469220213577168
16346.277092346469,-0.04011441810458635
16376.857991401794,-0.05159335640849359
16407.438890457117,-0.06156942871742715
16438.01978951244,-0.06980834526327492
16468.600688567763,-0.07611546235828197
16499.181587623087,-0.0803268485675426
16529.76248667841,-0.08232724090746436
16560.343385733733,-0.08204829260165931
16590.924284789056,-0.07947015551469187
16621.50518384438,-0.07462220193109814
16652.086082899703,-0.06758668816347001
16682.666981955026,-0.05849824335956326
16713.24788101035,-0.04754679957780288
16743.828780065673,-0.03497688156311441
16774.409679120996,-0.02108421620743879
16835.571477231646,0.0092087462077265
16866.15237628697,0.024759959040590897
16896.733275342296,0.03993605175010331
16927.31417439762,0.05426749029161973
16957.895073452943,0.06717563869809089
16988.475972508266,0.07813409984678933
17019.05687156359,0.08668157438903576
17049.637770618912,0.09228855302273298
17080.218669674236,0.0945850311005661
17110.79956872956,0.09326912761433669
17141.380467784882,0.088128724477354
17171.961366840205,0.07921657070866175
17202.54226589553,0.06658283931021769
17233.12316495085,0.050611931752004825
17263.704064006175,0.03197268351625725
17294.2849630615,0.011201391741296059
17324.86586211682,-0.0106284319859694
17355.446761172145,-0.03246167763804876
17386.027660227468,-0.05329212794848719
17416.60855928279,-0.07183105152450098
17447.189458338114,-0.08714949782631033
17477.770357393438,-0.09827473940702941
17508.35125644876,-0.10456889808983913
17538.932155504088,-0.10564550040392855
17569.51305455941,-0.10144740149527698
17600.093953614734,-0.092236406352978
17630.67485267006,-0.07856912485835119
17661.255751725384,-0.061278808317051556
17691.836650780708,-0.041335260372903394
17722.41754983603,-0.01987774807988776
17752.998448891354,0.0020097952748592864
17783.579347946677,0.02319921712569364
17814.160247002,0.04277074316114833
17844.741146057324,0.059868764124948
17875.322045112647,0.07390426380686634
17905.90294416797,0.08441774669577948
17936.483843223294,0.09119961339148742
17967.064742278617,0.09417981749197078
17997.64564133394,0.09348329451447032
18028.226540389263,0.08934156659227012
18058.807439444587,0.08211993517711294
18089.38833849991,0.07223677992308285
18119.969237555233,0.060191547735211626
18150.550136610556,0.04648499245515539
18181.13103566588,0.031656528142037066
18211.711934721203,0.016209656414020463
18242.292833776526,0.0006562304651501387
18272.873732831853,-0.014554949630412534
18303.454631887176,-0.028983855683587863
18336.615304521503,-0.04331632454306156
18369.775977155827,-0.05587516574684388
18402.936649790154,-0.06631369405931219
18436.09732242448,-0.07436359889002495
18469.257995058804,-0.07982834564954377
18502.41866769313,-0.08258779977653063
18535.57934032746,-0.08259447510375206
18568.74001296178,-0.0798723967453591
18601.900685596105,-0.07451462046504527
18635.061358230432,-0.0666825339803854
18668.22203086476,-0.05659941720626665
18701.382703499083,-0.044553714116866934
18734.543376133406,-0.030886254906167095
18767.704048767733,-0.01599474005835115
18834.025394036384,0.015633986251314597
18867.186066670707,0.03137294729957734
18900.346739305034,0.04633353866452114
18933.50741193936,0.059963515408641664
18966.668084573685,0.0717250739049601
18999.828757208008,0.08106782500262212
19032.989429842335,0.08750684862078056
19066.150102476662,0.09061638610420295
19099.310775110986,0.09006265697252695
19132.47144774531,0.08563192689347375
19165.632120379636,0.07725069787945311
19198.792793013963,0.06505946721221155
19231.953465648287,0.049324822111239716
19265.11413828261,0.030618687224785158
19298.274810916937,0.009686332224212555
19364.596156185587,-0.03488113521117879
19397.75682881991,-0.05617139363422162
19430.917501454238,-0.07499096562894308
19464.078174088565,-0.09015078600885856
19497.23884672289,-0.10053414170271906
19530.399519357212,-0.10528827846751895
19563.56019199154,-0.10394123815826516
19596.720864625866,-0.09642276337580899
19629.88153726019,-0.08310600427708267
19663.042209894513,-0.06481737785421966
19696.20288252884,-0.042745050866154106
19729.363555163167,-0.018292210259978008
19762.52422779749,0.0068415341426880175
19795.684900431814,0.03121612484264385
19828.84557306614,0.0532666226862849
19862.006245700468,0.0718167203565092
19895.16691833479,0.08595569944733895
19928.327590969115,0.09508482507629414
19961.48826360344,0.09901301498471704
19994.64893623777,0.0978296232296666
20027.809608872092,0.09190750755580873
20060.970281506416,0.08182864450240855
20094.130954140743,0.06836863439874766
20127.29162677507,0.052326168267325245
20160.452299409393,0.03458187159192136
20193.612972043717,0.016021575580295225
20226.773644678044,-0.002587228640902094
20259.93431731237,-0.020458785497710463
20293.094989946694,-0.0369803196794045
20326.25566258102,-0.051589977937540575
20359.41633521535,-0.06386519540653814
20392.57700784967,-0.07347597217278877
20425.737680484,-0.08021115389172626
20456.69496343202,-0.08379782778619187
20487.652246380043,-0.08475586769363413
20518.609529328063,-0.08313446294619388
20549.566812276084,-0.07904314907637264
20580.524095224104,-0.07264408284636736
20611.481378172124,-0.0641525899079944
20642.438661120144,-0.05382261723877349
20673.395944068165,-0.041949467725721154
20704.353227016185,-0.028860991024208835
20735.310509964205,-0.014907683204762306
20797.22507586025,0.014079084992323614
20828.18235880827,0.028326679143982014
20859.139641756294,0.04187604954123576
20890.096924704314,0.054330257706857114
20921.054207652334,0.06530700582482997
20952.011490600355,0.07444405222833714
20982.968773548375,0.08140255891974985
21013.9260564964,0.08589094289700926
21044.88333944442,0.08767094189634608
21075.84062239244,0.08655643442185033
21106.797905340463,0.08244572371759418
21137.755188288484,0.07532269061342785
21168.712471236504,0.06527012429753626
21199.669754184524,0.052479695808069916
21230.627037132545,0.03726836994360181
21261.584320080565,0.020076224625740297
21292.541603028585,0.0014733668968699761
21323.498885976605,-0.017877967868370856
21354.456168924626,-0.037160233496356464
21385.41345187265,-0.05555371928517793
21416.37073482067,-0.07208941403989126
21447.32801776869,-0.08594530674538119
21478.285300716714,-0.09619553136981766
21509.242583664734,-0.10218726651424359
21540.199866612755,-0.10334178848218858
21571.157149560775,-0.09936497900872558
21602.114432508795,-0.09028262091145839
21633.071715456816,-0.07636191580344727
21664.028998404836,-0.05828669092283923
21694.986281352856,-0.03694256922781308
21725.943564300876,-0.013523615726907828
21756.9008472489,0.010670078934323417
21787.85813019692,0.03424386832411065
21818.81541314494,0.05588283276007816
21849.772696092965,0.07439270705188562
21880.729979040985,0.08881572732177886
21911.687261989005,0.09849758865640111
21942.644544937026,0.1030816214767757
21973.601827885046,0.10252594986569219
22004.55911083307,0.09710093490429095
22035.51639378109,0.08733073527172203
22066.47367672911,0.07387405035644394
22097.430959677135,0.057616358734375414
22128.388242625155,0.039403070922572295
22159.345525573175,0.020158617209387657
22190.302808521195,0.0007697702759075376
22221.260091469216,-0.018015062120873965
22252.217374417236,-0.03542387106935866
22283.174657365256,-0.050945403505169996
22314.131940313277,-0.06407004167452487
22345.089223261297,-0.07450704541087562
22376.04650620932,-0.08200055052442894
22407.00378915734,-0.08647438546660204
22437.352070174158,-0.08791994636598534
22467.70035119098,-0.08654210427428013
22498.048632207796,-0.08249304337858698
22528.396913224613,-0.07600021600459324
22558.745194241434,-0.06732365998994626
22589.09347525825,-0.056781205757571326
22619.441756275068,-0.044707835252129055
22649.79003729189,-0.031473676846778445
22680.13831830871,-0.01745216994900324
22710.486599325526,-0.0030347907748841203
22740.834880342343,0.011395535407253446
22771.183161359164,0.02545496096883636
22801.531442375985,0.03877164106418842
22831.8797233928,0.050997671356157355
22862.22800440962,0.061799960946823995
22892.57628542644,0.07087383087666994
22922.92456644326,0.0779571590627648
22953.272847460077,0.08281981547444439
22983.621128476894,0.08527878530292585
23013.969409493715,0.0852044990587068
23044.317690510536,0.08252480777787971
23074.665971527353,0.07722714912836548
23105.01425254417,0.06937426298115668
23135.36253356099,0.05910759401047394
23165.71081457781,0.04662957618469801
23196.059095594628,0.032242898899222286
23226.407376611445,0.01632749138851995
23256.755657628266,-0.0006535159388786045
23287.103938645083,-0.018159359836619402
23317.4522196619,-0.035580037295218664
23347.80050067872,-0.05225750626812224
23378.148781695538,-0.0674618238645888
23408.497062712355,-0.08053822329193014
23438.845343729176,-0.09074059367396474
23469.193624745993,-0.09749439001115368
23499.54190576281,-0.10024530751346751
23529.89018677963,-0.09863290224952895
23560.238467796447,-0.09249830583205318
23590.586748813264,-0.08182547177054068
23620.935029830085,-0.06701378003898938
23651.283310846906,-0.048510306188896825
23681.631591863723,-0.027261564086030556
23711.97987288054,-0.004185699536129894
23742.32815389736,0.019412433528112404
23772.67643491418,0.04232529691786923
23803.024715931,0.06321845205864694
23833.372996947815,0.08094222463308973
23863.721277964636,0.09449248299648355
23894.069558981457,0.10314726867130476
23924.417839998274,0.10649761704608152
23954.76612101509,0.10446783047922076
23985.11440203191,0.09729814959868882
24015.462683048732,0.0855620822027532
24045.81096406555,0.06997412632663094
24076.159245082366,0.05156654695827036
24106.507526099187,0.03128152781210472
24136.855807116008,0.010225330502013921
24167.204088132825,-0.010610198503516563
24197.552369149642,-0.030333370308215032
24227.900650166463,-0.04810988551438242
24258.24893118328,-0.06338524254945316
24288.597212200097,-0.07561352877820691
24318.945493216917,-0.08456280176039627
24349.293774233734,-0.09005525536784156
24382.221828829555,-0.09211339293514724
24415.149883425373,-0.09027379342203866
24448.077938021193,-0.08482067063776359
24481.005992617014,-0.07616091820173547
24513.934047212835,-0.0648048812957172
24546.862101808656,-0.05127795322933546
24579.790156404477,-0.036172207870459806
24612.718211000298,-0.020059781022590144
24645.64626559612,-0.0035498416614785215
24678.57432019194,0.012813921998374219
24711.502374787757,0.028484996563360714
24744.430429383578,0.04297851994480144
24777.3584839794,0.05584396831703659
24810.286538575216,0.06669863803959315
24843.214593171037,0.07521243456888337
24876.142647766857,0.08112716843390894
24909.07070236268,0.08425236711138297
24941.9987569585,0.08447325641034455
24974.92681155432,0.08175173527414702
25007.85486615014,0.07612912257882787
25040.78292074596,0.06773047237111404
25073.710975341783,0.056768382693180755
25106.6390299376,0.04353964135044308
25139.56708453342,0.028427293615327916
25172.49513912924,0.011897416012281935
25205.42319372506,-0.005529910389367241
25238.35124832088,-0.023220397155831237
25271.2793029167,-0.04050891590002383
25304.20735751252,-0.05667764366893755
25337.135412108342,-0.07099521813627778
25370.063466704163,-0.08273544128778132
25402.991521299984,-0.09120130115092964
25435.919575895805,-0.0957844934217736
25468.847630491626,-0.09600238647289754
25501.775685087447,-0.09155373282618844
25534.703739683267,-0.08230764700035519
25567.63179427909,-0.06848222624771692
25600.55984887491,-0.05049490871012691
25633.487903470726,-0.02912865080299881
25666.415958066547,-0.005458956270972839
25699.34401266237,0.019273008860648033
25732.272067258185,0.04347743374988887
25765.200121854006,0.06572953623467888
25798.128176449827,0.08439718843399037
25831.056231045648,0.09823305827717169
25863.98428564147,0.10618565519910715
25896.91234023729,0.10767158214602633
25929.84039483311,0.10256964034514598
25962.76844942893,0.0912495573679659
25995.696504024752,0.07455278008131411
26028.624558620573,0.05362930635529087
26061.552613216394,0.030019207249971966
26094.480667812215,0.005160985405259744
26127.408722408036,-0.01926246855499845
26160.336777003853,-0.04194740497202293
26193.264831599674,-0.061635818140794774
26226.192886195495,-0.07742811638283599
26259.120940791312,-0.08873667506578982
26292.048995387133,-0.09522020455301165
26324.977049982954,-0.09689530492368986
26357.905104578775,-0.09397320940134198
26390.833159174595,-0.08687579161468327
26423.761213770416,-0.0761947270532578
26456.689268366237,-0.06259065465596524
26487.413933275755,-0.04791798926106528
26518.13859818527,-0.031965872717063526
26579.5879280043,0.0013821952317735536
26610.31259291382,0.01764396270191768
26641.037257823333,0.03296398742224026
26671.761922732847,0.04688695917828776
26702.486587642365,0.05905710563916973
26733.211252551882,0.06915361630174034
26763.935917461396,0.07694413908743226
26794.66058237091,0.08225013366409463
26825.38524728043,0.08496596972760638
26856.109912189946,0.08505281373291529
26886.83457709946,0.08253412133726126
26917.559242008974,0.07749608794443519
26948.283906918492,0.07008396956279563
26979.00857182801,0.06050339469238202
27009.733236737524,0.04900621440912381
27040.457901647038,0.035900345635355185
27071.182566556556,0.021542461036617753
27101.907231466073,0.006326501552833742
27132.631896375588,-0.0093164373954582
27194.08122619462,-0.04001873153047834
27224.805891104137,-0.0540997028458791
27255.53055601365,-0.06667382425775356
27286.255220923165,-0.07725576343410144
27316.979885832683,-0.08538350170701614
27347.7045507422,-0.09065649923059285
27378.429215651715,-0.09272316883382264
27409.15388056123,-0.09132116595576258
27439.878545470747,-0.0862967083126444
27470.603210380264,-0.07764018010889535
27501.32787528978,-0.06546057996782251
27532.052540199293,-0.05007387429193888
27562.77720510881,-0.03196603046014375
27593.50187001833,-0.01174865712353692
27624.226534927842,0.009650386944619138
27654.951199837356,0.03142017932398878
27685.675864746874,0.05227257324845156
27716.400529656392,0.07126897262455513
27747.125194565906,0.0871379033754965
27777.84985947542,0.09895474468344904
27808.574524384938,0.105845983922259
27839.299189294456,0.1072729663200065
27870.02385420397,0.10298158872500018
27900.748519113484,0.09309087269933007
27931.473184023,0.0781129431877293
27962.19784893252,0.05887920110839602
27992.922513842033,0.03653012709899099
28023.647178751547,0.012353035090691963
28054.371843661065,-0.01215691444694696
28085.096508570583,-0.03571533927760089
28115.821173480097,-0.05689543755338195
28146.54583838961,-0.07479978517482827
28177.27050329913,-0.08846368190895465
28207.995168208647,-0.09747579015654705
28238.71983311816,-0.10154365619867191
28269.444498027675,-0.10077510099979409
28300.169162937193,-0.09547169675413592
28330.89382784671,-0.08611677810897986
28361.618492756228,-0.07339387160684097
28392.343157665746,-0.05802146382116729
28423.06782257526,-0.04080664032508991
28456.372261063778,-0.020995939164319986
28489.676699552292,-0.0009076350082404417
28522.98113804081,0.01850090176075258
28556.285576529328,0.03651475172019583
28589.590015017846,0.05246360822544135
28622.894453506364,0.0657615375652064
28656.19889199488,0.07606879080886898
28689.5033304834,0.08312783057703345
28722.807768971918,0.08680361199245802
28756.112207460435,0.08708617386948975
28789.416645948953,0.08407227164257516
28822.72108443747,0.0779567026570062
28856.02552292599,0.06901921475390585
28889.329961414507,0.057613603274986734
28922.634399903025,0.04415784181623639
28955.938838391543,0.02912111700522233
28989.24327688006,0.013014969735398304
29022.54771536858,-0.0036148828971079164
29055.852153857097,-0.02021298205310577
29089.156592345615,-0.03620600548115957
29122.461030834133,-0.051025819575661394
29155.76546932265,-0.06412069746093721
29189.06990781117,-0.0749708535279297
29222.374346299686,-0.08310275407430474
29255.678784788204,-0.08811115387134953
29288.983223276722,-0.08967568412148184
29322.28766176524,-0.08755947809950944
29355.592100253758,-0.08167409032764336
29388.896538742276,-0.07203287394409526
29422.200977230794,-0.05884736030762088
29455.50541571931,-0.04253312542977642
29488.80985420783,-0.023564152216415914
29522.114292696348,-0.0027378860652085644
29555.418731184865,0.019032615223906535
29588.723169673383,0.04066363403332947
29622.0276081619,0.06097490887813258
29655.33204665042,0.07873026757504974
29688.636485138937,0.09272153509815324
29721.940923627455,0.10186576778825344
29755.245362115973,0.10529360387803786
29788.54980060449,0.10246649603825188
29821.85423909301,0.09325800211244262
29855.158677581527,0.07801352519447972
29888.463116070045,0.057555707221222246
29921.767554558563,0.03311682019903698
29955.07199304708,0.0063587282539701254
29988.376431535595,-0.02088733640983081
30021.680870024113,-0.0467399090456834
30054.98530851263,-0.06942858489170134
30088.289747001145,-0.08741969610119195
30121.594185489663,-0.09967996207629266
30154.89862397818,-0.10552283576607244
30188.2030624667,-0.1048838259359138
30221.507500955217,-0.09807606973739628
30254.811939443734,-0.08584299972847115
30288.116377932252,-0.06919197019571531
30321.42081642077,-0.04934136650171893
30354.72525490929,-0.027615441987656583
30388.029693397806,-0.005244764437588116
30421.334131886324,0.016576192854360232
30454.638570374842,0.036772682480380625
30487.94300886336,0.05450621899379056
30521.247447351878,0.06912109232008988
30554.551885840396,0.08014188749773345
30587.24732239771,0.0872091534840435
30619.942758955025,0.0904775740070576
30652.638195512343,0.090006103377513
30685.333632069658,0.08599286414118346
30718.029068626973,0.07874241175601102
30750.72450518429,0.06864022205287076
30783.419941741606,0.056150095289197496
30816.11537829892,0.04177520165209477
30848.810814856235,0.026059622125978177
30881.50625141355,0.009573168010892408
30914.201687970864,-0.007129002957830691
30946.89712452818,-0.02347843195997187
30979.592561085494,-0.0389402245009692
31012.28799764281,-0.053000018548964946
31044.983434200127,-0.06518401976708475
31077.67887075744,-0.07507285752290976
31110.374307314756,-0.08230174279709383
31143.069743872074,-0.08657709273593454
31175.76518042939,-0.08768409082953135
31208.460616986704,-0.08549449320672592
31241.15605354402,-0.07998352831487114
31273.851490101333,-0.07123499030771294
31306.546926658648,-0.05943638886710617
31339.242363215963,-0.044904718390126795
31371.937799773277,-0.028089229191883343
31404.633236330592,-0.009553179175338862
31437.32867288791,0.010014149215113798
31470.024109445225,0.029811968891345797
31502.71954600254,0.04893184732073418
31535.414982559858,0.0664700334240192
31568.110419117173,0.08141820184502513
31600.805855674487,0.09283873575578924
31633.501292231802,0.09991328773566913
31666.196728789117,0.10193995573742819
31698.892165346435,0.09845694210237806
31731.58760190375,0.08936456281299301
31764.283038461064,0.07478969042119095
31796.978475018383,0.055440820841484446
31829.673911575697,0.03218879708245283
31862.369348133012,0.006498738882543164
31895.064784690327,-0.02013669101119965
31927.76022124764,-0.045853824053322965
31960.45565780496,-0.06896828567364902
31993.151094362274,-0.08782267160334321
32025.84653091959,-0.10114388732563864
32058.541967476907,-0.10804598604135023
32091.237404034222,-0.10816226816712271
32123.932840591537,-0.10161348916094808
32156.62827714885,-0.08906493813055597
32189.323713706166,-0.0714665121658081
32222.019150263484,-0.05022294993329527
32254.7145868208,-0.026680600092222992
32287.410023378114,-0.002462699575570059
32320.105459935432,0.021135541910802063
32352.800896492747,0.0427522069618771
32385.49633305006,0.06144672323131359
32418.191769607376,0.07638593494602341
32450.88720616469,0.08710651091584348
32483.582642722005,0.09334329423783387
32516.27807927932,0.09509056516833514
32548.973515836635,0.09254351819886145
32581.66895239395,0.08605244139530677
32614.364388951268,0.07611301828329989
32647.059825508582,0.06330154702169488
32677.55187237959,0.04933274225676228
32708.043919250602,0.03396242809778113
32769.028012992625,0.0012883232754990212
32799.52005986364,-0.014956763437132141
32830.01210673465,-0.030477898800080318
32860.50415360566,-0.0448098845328955
32890.99620047667,-0.05755342822353962
32921.48824734768,-0.06834883806898889
32951.980294218694,-0.07689717530980095
32982.472341089706,-0.08296500143904763
33012.96438796072,-0.08637783025730708
33043.45643483173,-0.08703132068162726
33073.94848170274,-0.08488868717082518
33104.440528573745,-0.07998495772563409
33134.93257544476,-0.07242729938195225
33165.42462231577,-0.06239555498947554
33195.91666918677,-0.05014329071154806
33226.408716057784,-0.03599634638140135
33256.900762928795,-0.02034336298799304
33287.39280979981,-0.0036503574843754667
33317.88485667082,0.013556328800708993
33378.86895041284,0.047201812949530075
33409.36099728385,0.0624024894963195
33439.853044154865,0.07565525274457618
33470.345091025876,0.08632794535872416
33500.83713789689,0.09385369312440138
33531.3291847679,0.0977138487406152
33561.82123163891,0.09751859788284555
33592.31327850992,0.09302535353059217
33622.805325380934,0.08415256426072425
33653.297372251945,0.07105814322604427
33683.78941912296,0.05413778448810073
33714.28146599397,0.03397240151535717
33744.77351286498,0.0114907580953378
33775.26555973599,-0.01221085912524494
33805.757606607,-0.036004288682747104
33836.24965347801,-0.058355287634353326
33866.74170034902,-0.0780953020697432
33897.23374722003,-0.09386241325352877
33927.725794091035,-0.10467260716262883
33958.21784096205,-0.10975457467192665
33988.70988783306,-0.10874523758409436
34019.20193470407,-0.10168025995762034
34049.69398157508,-0.08899695682840403
34080.18602844609,-0.07153121900157587
34110.678075317104,-0.05035051473584773
34141.170122188116,-0.026856352227812262
34171.66216905913,-0.002355629364053981
34202.15421593014,0.02164321797070622
34232.64626280115,0.043990815244419876
34263.13830967216,0.0634343709041549
34293.63035654317,0.07927827398035928
34324.122403414185,0.0907857298349326
34354.6144502852,0.09775919298984675
34385.10649715621,0.10006301669668378
34415.59854402722,0.09790251004789846
34446.09059089823,0.0916255444235795
34476.58263776924,0.08172901234091244
34507.074684640254,0.06884115632374711
34537.566731511266,0.05362149624310794
34568.05877838227,0.03679917733443965
34598.55082525328,0.01907422906741383
34631.62264570329,-0.00040391241137577565
34664.694466153305,-0.007295105823792733
34697.76628660332,-0.03691188841034418
34730.838107053336,-0.052607124000592226
34763.90992750335,-0.06584939478927117
34796.98174795336,-0.07622986724834398
34830.05356840337,-0.08345056912857153
34863.12538885338,-0.0873275842078585
34896.1972093034,-0.08778729571703729
34929.26902975341,-0.08486539627006898
34962.34085020343,-0.07869882862128176
34995.41267065344,-0.06952145430641389
35028.484491103445,-0.05765814986401936
35061.55631155346,-0.04351573622140469
35094.628132003476,-0.027577019342803787
35127.69995245349,-0.010393935120390285
35160.77177290351,0.007430452282965189
35193.843593353515,0.02524390498568551
35226.91541380352,0.042365980211222655
35259.98723425354,0.05811571775111089
35293.05905470355,0.0717842152748997
35326.13087515357,0.08274250392579911
35359.202695603584,0.09036494565488784
35392.27451605359,0.0941575543850181
35425.3463365036,0.09371961801612487
35458.418156953616,0.08880911235483875
35491.48997740363,0.07937646915701724
35524.56179785365,0.06559839547620896
35557.63361830366,0.04793468239448323
35590.70543875367,0.026993893827257136
35623.77725920368,0.003777190293479546
35656.84907965369,-0.02053018456625321
35689.92090010371,-0.0445343950733106
35722.99272055372,-0.06672915562846836
35756.064541003725,-0.08554984735098839
35789.13636145374,-0.0996088318339466
35822.208181903756,-0.10769745602855306
35855.28000235377,-0.1090046321214765
35888.35182280379,-0.10320420168687466
35921.423643253795,-0.09050038093991522
35954.4954637038,-0.0716954923601521
35987.56728415382,-0.04807607405835799
36020.63910460383,-0.02131691081126358
36053.71092505385,0.00664706533929744
36086.782745503864,0.03380426431471225
36119.85456595387,0.058360836853872194
36152.92638640388,0.07865148272894605
36185.998206853896,0.09359135845069222
36219.07002730391,0.10241732714628449
36252.14184775392,0.10490375704258559
36285.21366820393,0.10125882617272265
36318.28548865394,0.09205973338571033
36351.35730910396,0.07815612672226184
36384.42912955397,0.06060035099699536
36417.50095000399,0.04058625983785948
36450.572770454,0.01924323295527402
36483.644590904005,-0.002307143515456918
36516.71641135402,-0.022956186506924332
36549.788231804036,-0.04190621640878705
36582.86005225405,-0.05836651139083534
36615.931872704066,-0.07175933912364696
36649.003693154074,-0.08169698098706508
36682.07551360408,-0.08791436082428218
36715.1473340541,-0.09033437845398805
36746.01576481781,-0.08920077416426034
36776.884195581515,-0.0849357301615626
36807.752626345224,-0.07775902695297979
36838.62105710893,-0.06797663875019987
36869.48948787264,-0.05594022067680519
36900.35791863635,-0.04207097633023604
36931.22634940006,-0.02681922464572154
36962.09478016377,-0.010675113729914974
36992.963210927475,0.005848039703279216
37023.831641691184,0.022232899285756072
37054.70007245489,0.037953620174839116
37085.5685032186,0.05249635273834282
37116.43693398231,0.06536625072339311
37147.30536474602,0.07610062001942453
37178.17379550973,0.08428209084418246
37209.042226273436,0.08955293467002093
37239.910657037144,0.091621688140342
37270.77908780085,0.09028832124787363
37301.64751856456,0.08545275627241301
37332.51594932827,0.07712816929333878
37363.38438009198,0.0654720040019993
37394.25281085569,0.05074419906284603
37425.121241619396,0.03342597019673948
37455.989672383104,0.014033484756262997
37486.85810314681,-0.006626874644187871
37517.72653391052,-0.027737933023129838
37548.59496467423,-0.04829575581022341
37579.46339543794,-0.06726135690244311
37610.33182620165,-0.08357829677311286
37641.200256965356,-0.0962038056709984
37672.06868772906,-0.10424222122560316
37702.937118492766,-0.10696470649234867
37733.805549256474,-0.10394948723646572
37764.673980020176,-0.09504939984215731
37795.542410783884,-0.08060562815844607
37826.41084154759,-0.061204243479517154
37857.2792723113,-0.0379975847279688
37888.14770307501,-0.012252464165149636
37919.01613383872,0.014361760277063467
37949.88456460243,0.040210462550241285
37980.752995366136,0.0636633533931471
38011.621426129845,0.08318900229802485
38042.48985689355,0.09773010766522248
38073.35828765726,0.10642981828930372
38104.22671842097,0.10898792341037108
38135.09514918468,0.10543856995502915
38165.96357994839,0.09625757697406252
38196.832010712096,0.08220337338472637
38227.700441475805,0.06431180278006622
38258.56887223951,0.04372999151465296
38289.43730300322,0.02163715660438013
38320.30573376693,-0.0007113441081831318
38351.17416453064,-0.022318718455918686
38382.04259529435,-0.04212056027865964
38412.91102605806,-0.059428950494589156
38443.779456821765,-0.07356649059409762
38474.647887585474,-0.08416378345203977
38505.51631834918,-0.09095975644077003
38536.38474911289,-0.09389485603771285
38567.2531798766,-0.09304897630395927
38598.12161064031,-0.08862621700044734
38628.99004140402,-0.08095408819731852
38659.858472167725,-0.0704284745169366
38690.726902931434,-0.057523240331736954
38724.175107274146,-0.04145849266338779
38757.62331161686,-0.02390863631899116
38791.07151595957,-0.005598642695577712
38824.519720302276,0.012756347214309342
38857.96792464498,0.030452428825662483
38891.416128987694,0.04682746828022641
38924.864333330406,0.061268886870272175
38958.31253767312,0.07322667161683125
38991.76074201583,0.0822319961029887
39025.208946358536,0.08790471611327871
39058.65715070124,0.08996884008661479
39092.105355043954,0.0882622538164444
39125.553559386666,0.08275190549782716
39159.00176372938,0.07353324289878334
39192.44996807209,0.060851272563463635
39225.898172414796,0.045113323640596975
39259.3463767575,0.02684673024086785
39292.794581100214,0.006754439516412441
39326.242785442926,-0.014284239036991971
39359.69098978564,-0.03536718747906556
39393.13919412835,-0.05539823331114614
39426.587398471056,-0.0732436961419033
39460.03560281376,-0.08784326102336107
39493.48380715647,-0.09807832861579534
39526.932011499186,-0.1031160247419935
39560.3802158419,-0.10223327847070021
39593.82842018461,-0.09512036919022539
39627.276624527316,-0.08179059660677022
39660.72482887002,-0.06283933129021516
39694.17303321273,-0.03909553680640772
39727.621237555446,-0.012218765553813096
39761.06944189816,0.016246532142854493
39794.51764624087,0.0440409232360736
39827.96585058358,0.06920623097812786
39861.414054926296,0.08971903178124505
39894.862259269,0.1040181497774508
39928.310463611706,0.11100043420317683
39961.75866795442,0.11021197498999925
39995.20687229713,0.10183733914937676
40028.65507663984,0.0866694582834351
40062.103280982556,0.06606749819740086
40095.55148532526,0.041589032333117705
40128.999689667966,0.01524272133204702
40162.44789401068,-0.011313172264826931
40195.89609835339,-0.03623457333411128
40229.3443026961,-0.05816908344818751
40262.792507038816,-0.07595745576641813
40296.24071138152,-0.08883928629793483
40329.688915724226,-0.09643600806734627
40363.13712006694,-0.09865208427431356
40396.58532440965,-0.09572353807036574
40430.03352875236,-0.08811514111461606
40463.481733095075,-0.07644929691849672
40496.92993743778,-0.061515476858135354
40530.378141780486,-0.044127448367882544
40563.8263461232,-0.025212289400535718
40597.27455046591,-0.005609309324662047
40630.72275480862,0.013827275209061726
40664.170959151335,0.0322703357137977
40697.61916349404,0.049053981546387494
40731.067367836746,0.06352449338277812
40764.51557217946,0.07518006647209342
40797.96377652217,0.08360016637682698
40831.41198086488,0.08849135625094018
40864.25118327639,0.08969613272475241
40897.0903856879,0.08728612027803957
40929.9295880994,0.08133093705441184
40962.76879051091,0.07201463802785173
40995.60799292242,0.05963626965979882
41028.44719533392,0.04461032980387008
41061.28639774543,0.02745946800456469
41094.12560015694,0.008806978735634359
41126.96480256845,-0.010652640903617033
41159.80400497996,-0.03011443204415047
41192.64320739147,-0.048741191669716674
41225.48240980298,-0.06566495734741712
41258.32161221449,-0.08000147738272302
41291.160814626,-0.09092462183634871
41324.0000170375,-0.09767322487198427
41356.83921944901,-0.0996439942629101
41389.67842186052,-0.09641221365376756
41422.51762427202,-0.08779616356105117
41455.35682668353,-0.07391784515862178
41488.19602909504,-0.055287115362309035
41521.03523150655,-0.03260974603992741
41553.874433918056,-0.007244719430214075
41586.713636329565,0.01953106718767655
41619.552838741074,0.0457761468017439
41652.39204115258,0.06983226839317382
41685.23124356409,0.08975208242122802
41718.070445975594,0.10406231761744965
41750.9096483871,0.11147023791137664
41783.74885079861,0.11132376320595465
41816.588053210115,0.10351721034180485
41849.427255621624,0.08861703110583616
41882.26645803313,0.06772826068771795
41915.10566044464,0.04251211981754835
41947.94486285615,0.01479429128424598
41980.78406526765,-0.013288917536450383
42013.62326767916,-0.039912772196210436
42046.46247009067,-0.06322721966322568
42079.30167250217,-0.08199662702036661
42112.14087491368,-0.09517526575407904
42144.98007732519,-0.10236107345848161
42177.8192797367,-0.10343368249019178
42210.65848214821,-0.09873978024658103
42243.49768455972,-0.08889388884127432
42276.33688697123,-0.07472641456940016
42309.17608938274,-0.0572624972097025
42342.01529179425,-0.037525415259154184
42407.69369661726,0.004408493885395024
42440.53289902877,0.024620119677813544
42473.37210144027,0.043188432297931054
42506.21130385178,0.059367833394490935
42539.05050626329,0.0726069769971745
42571.8897086748,0.08245782184835126
42604.728911086306,0.08864769166459648
42637.568113497815,0.09102733805629279
42670.407315909324,0.08959403090881427
42703.24651832083,0.08446699790592421
42736.08572073234,0.07589289164789727
42768.924923143844,0.06421856655649744
42801.76412555535,0.049899258868450626
42834.60332796686,0.033470429161611935
42867.442530378365,0.015547652358984806
42933.12093520138,-0.022033209763750568
42963.756747926585,-0.0390371257364441
42994.39256065179,-0.054851742769834066
43025.02837337699,-0.06887714510535548
43055.66418610219,-0.08051688861539039
43086.299998827395,-0.08925143581701672
43116.9358115526,-0.09459221280505599
43147.5716242778,-0.09618084076518665
43178.20743700301,-0.09374670349294417
43208.84324972822,-0.08716554915663978
43239.47906245342,-0.0765285044189183
43270.114875178624,-0.06199668670398988
43300.75068790383,-0.044058568720059026
43331.38650062903,-0.023365901808909354
43362.02231335423,-0.000852477594880361
43423.293938804636,0.04561709729380793
43453.92975152984,0.06694926675038036
43484.56556425504,0.08541346769731079
43515.20137698024,0.0995433047317035
43545.837189705446,0.10842211056789801
43576.47300243065,0.11118279071751229
43607.10881515585,0.10743752215512938
43637.74462788105,0.0972094956691217
43668.38044060626,0.08099717542736537
43699.01625333147,0.05969211922673458
43729.652066056675,0.034706847710753594
43760.28787878188,0.0076194135851866554
43790.92369150708,-0.019799004470994242
43821.55950423228,-0.045745074986927196
43852.195316957484,-0.0686586957206313
43882.83112968269,-0.08708351770750586
43913.46694240789,-0.100167902727691
43944.10275513309,-0.1072193552765502
43974.738567858294,-0.10819326891574983
44005.3743805835,-0.10328362118190379
44036.0101933087,-0.09305174692962244
44066.6460060339,-0.0784044290133041
44097.281818759104,-0.06028616144190739
44127.917631484306,-0.039832560505118776
44158.553444209516,-0.018188642187790212
44189.189256934726,0.0036020419661186333
44219.82506965993,0.024499894712889724
44250.46088238513,0.043663680040831265
44281.09669511033,0.06037356677497745
44311.732507835535,0.07404355335883565
44342.36832056074,0.08430596444095544
44373.00413328594,0.09089441256562555
44403.63994601114,0.09372997650302664
44434.275758736345,0.09284804764901068
44464.91157146155,0.08841818996936297
44495.54738418675,0.08070847845893243
44526.18319691196,0.0700781009323195
44556.81900963717,0.05698197584384322
44587.45482236237,0.04189773621648184
44618.090635087574,0.025384075926973754
44648.726447812776,0.008007334613786502
44679.36226053798,-0.009634435094133455
44709.99807326318,-0.02693760688177152
44740.63388598838,-0.04331732852913532
44771.269698713586,-0.05819996995769123
44801.90551143879,-0.07105249842675268
44832.54132416399,-0.08138554475999227
44863.17713688919,-0.08877478396131376
44893.8129496144,-0.0928734354967562
44927.02853591861,-0.0932993613667818
44960.24412222281,-0.0893780763662907
44993.459708527014,-0.08109711910425099
45026.67529483122,-0.06860436953925386
45059.89088113543,-0.052298915944185245
45093.10646743963,-0.032775326881804914
45126.32205374384,-0.010843975842770937
45159.537640048045,0.01248500215870944
45192.75322635225,0.035974717204427215
45225.96881265646,0.058307514979290605
45259.18439896066,0.0780661046369038
45292.39998526486,0.09381748363404153
45325.61557156907,0.10429206488453119
45358.83115787327,0.1084484133633912
45392.046744177474,0.1056050675958681
45425.26233048168,0.09551341085984785
45458.47791678589,0.07862450216589267
45491.69350309009,0.05572353183717862
45524.9090893943,0.02848967891198021
45558.124675698506,-0.001272937379721561
45591.34026200271,-0.031190875995184976
45624.55584830692,-0.05901729207318155
45657.77143461112,-0.08250639946184812
45690.98702091532,-0.09990724348296026
45724.20260721953,-0.10997250137165022
45757.41819352373,-0.11211272695658739
45790.633779827935,-0.10642399772914787
45823.84936613214,-0.09362431260589171
45857.06495243635,-0.07492804112082728
45890.28053874055,-0.05196511742426334
45923.49612504476,-0.026452199312407623
45956.711711348966,-0.0001508897396464582
45989.92729765317,0.02514537915312824
46023.14288395738,0.048109215261408364
46056.358470261584,0.06750901090081832
46089.57405656579,0.08248771364159145
46122.78964287,0.09253582475948975
46156.0052291742,0.09740654788174112
46189.2208154784,0.0971672786508351
46222.43640178261,0.09210612304386664
46255.651988086815,0.0826853757913867
46288.86757439101,0.06960005325105593
46322.08316069522,0.05353889264623528
46355.298746999426,0.0353598709307847
46388.51433330363,0.01588965697803723
46421.72991960784,-0.00399081182883715
46454.945505912045,-0.023457561989448268
46488.16109221625,-0.04170391606393201
46521.37667852046,-0.05800649813977653
46554.59226482466,-0.07170955729490233
46587.80785112887,-0.08226523337448438
46621.023437433076,-0.089228568064434
46654.23902373728,-0.09228208059041497
46687.45461004149,-0.09124418667189554
46720.67019634569,-0.08607682691377576
46753.88578264989,-0.07689591598021624
46787.1013689541,-0.06398286724382736
46820.3169552583,-0.04776589233371797
46853.532541562505,-0.028867035727697915
46886.74812786671,-0.008038226589575113
46919.96371417092,0.013815895869755665
46953.17930047512,0.03562264716126798
46986.39488677933,0.056333414714565905
47019.610473083536,0.07468160961722833
47050.622669701435,0.08869577741978395
47081.634866319335,0.09878079584535851
47112.647062937234,0.10413599823124406
47143.65925955514,0.1042147610893137
47174.67145617305,0.09861590023629896
47205.68365279095,0.0874078252244862
47236.69584940885,0.07073240678348398
47267.708046026746,0.04944916660109425
47298.720242644646,0.024630184406950834
47329.732439262545,-0.0024515479534370534
47360.744635880445,-0.02989898842187508
47391.756832498344,-0.05610248748569833
47422.76902911624,-0.07907888662969428
47453.78122573414,-0.09728276777314866
47484.79342235204,-0.10931880390554258
47515.80561896995,-0.1143371618630942
47546.817815587856,-0.1119868560792328
47577.830012205755,-0.10251548359580592
47608.842208823655,-0.08664333718539302
47639.854405441554,-0.06566847706465283
47670.866602059454,-0.04101086107493582
47701.87879867735,-0.014530593300242747
47732.89099529525,0.012187750954866603
47763.90319191315,0.037366611283294236
47794.91538853105,0.05971904242751743
47825.92758514895,0.0780318142404903
47856.93978176685,0.09157808041595353
47887.95197838476,0.09988199128213898
47918.964175002664,0.1028297555264974
47949.97637162056,0.10059527209339739
47980.98856823846,0.0935778169823903
48012.00076485636,0.0823874710989865
48043.01296147426,0.06775858470022084
48074.02515809216,0.050513737008470894
48105.03735471006,0.03153386941817217
48136.04955132797,0.011674904095721354
48167.061747945874,-0.00820747742766541
48198.073944563774,-0.027323121831080675
48229.08614118167,-0.04496314101959424
48260.09833779957,-0.06047977888284844
48291.11053441747,-0.07336605150335596
48322.12273103537,-0.0831919033529975
48353.13492765327,-0.08964729641439458
48384.14712427117,-0.09254631729410571
48415.15932088907,-0.09180931177650786
48446.17151750697,-0.08747678308164497
48477.18371412487,-0.0796998535841666
48508.195910742776,-0.06874343390889553
48539.20810736068,-0.054974183406356736
48570.22030397858,-0.03885963692546967
48601.23250059648,-0.0209598261427785
48632.24469721438,-0.0019213405167681384
48663.25689383228,0.017543294333123554
48694.26909045018,0.03670833161213727
48725.28128706808,0.05469733404491679
48756.29348368598,0.07077445026629028
48787.30568030388,0.08412263426083878
48818.31787692178,0.09399935375682225
48849.33007353968,0.09977850052640466
48880.342270157584,0.10093793565645479
48911.35446677549,0.09714007929141731
48942.36666339339,0.08825857745644995
48973.37886001129,0.07446265352491029
49004.39105662919,0.05616196487462649
49034.794251315885,0.03457220182676115
49065.19744600258,0.010399962015183133
49095.600640689285,-0.015207015192926866
49126.00383537598,-0.04066157682704229
49156.40703006268,-0.06459398997814148
49186.81022474938,-0.08521221877865266
49217.21341943608,-0.1012240668728239
49247.61661412277,-0.11129648153194367
49278.01980880948,-0.11461937127903041
49308.42300349617,-0.11080394784039418
49338.82619818287,-0.09999100897559542
49369.22939286957,-0.08284913896098978
49399.63258755627,-0.06052350601136333
49430.035782242965,-0.03458072178382614
49490.842171616365,0.02109530789769034
49521.24536630306,0.04711310288206374
49551.648560989765,0.06976142217535831
49582.05175567646,0.08779002098565002
49612.45495036316,0.10034453284715811
49642.85814504986,0.10692740960427811
49673.26133973656,0.10751250023083457
49703.66453442325,0.10239182834460141
49734.06772910996,0.09215402823024946
49764.47092379665,0.07764647394280551
49794.87411848335,0.05980713073663191
49825.27731317005,0.03967760020346768
49855.68050785675,0.01838166828104907
49886.083702543445,-0.0031407583298604987
49916.48689723015,-0.023858990728014878
49946.890091916845,-0.043003784424135875
49977.29328660354,-0.05978706757447424
50007.69648129024,-0.07368767134400613
50038.09967597693,-0.08424903310405248
50068.50287066364,-0.09119485479072639
50098.90606535033,-0.09437370991781975
50129.30926003703,-0.09377719920913855
50159.71245472373,-0.08951424330027764
50190.11564941043,-0.08181534402105167
50220.518844097125,-0.07100572245486736
50250.92203878383,-0.05751009974492589
50281.325233470525,-0.04182167775981248
50311.72842815722,-0.024506491083782517
50342.131622843925,-0.0061855565311736
50372.53481753062,0.012492847954566951
50402.93801221732,0.03084875790483891
50433.34120690402,0.0482001991780737
50463.74440159072,0.0638697568403493
50494.14759627741,0.07721816352122664
50524.55079096412,0.08764813160646581
50554.95398565081,0.09463678569366536
50585.35718033751,0.09776559987455154
50615.76037502421,0.09672019798558876
50646.16356971091,0.09136065455592476
50676.566764397605,0.08166313935329436
50706.96995908431,0.06787433428779893
50737.373153771005,0.05039230115613769
50767.7763484577,0.02980896561501685
50798.179543144404,0.007080421792824825
50828.5827378311,-0.016890066989659894
50858.9859325178,-0.040773245087225476
50889.3891272045,-0.0631846158585514
50919.7923218912,-0.08296663046088111
50950.19551657789,-0.09852679834316079
50983.17848484359,-0.10942048320905143
51016.16145310929,-0.11290181051696058
51049.14442137499,-0.1083705896010416
51082.12738964069,-0.09576860511741851
51115.11035790639,-0.07588308969023885
51148.09332617209,-0.05000207782403236
51181.07629443779,-0.02018479730954774
51214.05926270349,0.01124528492272023
51247.04223096919,0.04174360960623971
51280.02519923489,0.0688664125017765
51313.00816750059,0.0905563170428993
51345.99113576629,0.10526078233267414
51378.97410403199,0.11210245458138032
51411.95707229769,0.11092025140806464
51444.94004056339,0.10215797078097258
51477.92300882909,0.08684570056580974
51510.90597709479,0.06640082477611463
51543.88894536049,0.04243000373932429
51576.87191362619,0.016744497326044792
51609.85488189189,-0.009083825275919034
51642.83785015759,-0.033398415818473845
51675.82081842329,-0.055022137620722784
51708.80378668899,-0.0728472062805754
51741.78675495469,-0.08619309747248269
51774.769723220394,-0.09459563149073837
51807.752691486094,-0.09789707754763938
51840.735659751794,-0.09618397558484888
51873.718628017494,-0.08974580648729068
51906.701596283194,-0.07909030277089409
51939.684564548894,-0.06482475643404911
51972.667532814594,-0.047714044065485156
52005.6505010803,-0.02856798688995401
52038.63346934601,-0.008273794045389561
52071.61643761171,0.012281760149671346
52104.59940587741,0.032205391876518996
52137.58237414311,0.05063369386019613
52170.56534240881,0.06677146549896566
52203.54831067451,0.07989150412959461
52236.53127894021,0.08937419999834245
52269.51424720591,0.09472314583318253
52302.49721547161,0.09558885349924776
52335.48018373731,0.09179042267433996
52368.46315200301,0.0833456364883244
52401.44612026871,0.07044537454210639
52434.42908853441,0.05354633885833344
52467.41205680011,0.03333191549447774
52500.39502506581,0.010599121536167141
52533.37799333151,-0.013450942672041746
52566.36096159721,-0.037626865468397365
52599.34392986291,-0.06042147165363861
52632.32689812861,-0.08045707520265355
52665.30986639431,-0.09617835112315783
52698.29283466001,-0.10633963513235029
52731.27580292571,-0.10982877336391073
52764.25877119141,-0.10596880615722616
52797.24173945711,-0.09458845355158362
52830.22470772281,-0.0761385700020847
52863.20767598851,-0.051561730859330204
52896.19064425421,-0.0226495085826856
52929.17361251991,0.008616523211547617
52962.15658078561,0.03961151814487671
52995.13954905131,0.06791568467504157
53028.12251731701,0.09110351187934938
53061.10548558271,0.10728483782189539
53091.88506416211,0.11494064911667672
53122.6646427415,0.11493668190284952
53153.4442213209,0.10745358872401288
53184.2237999003,0.09324240503007952
53215.00337847969,0.07344492052362603
53245.782957059084,0.04966234788428313
53276.562535638484,0.023520109034783396
53307.34211421788,-0.0032255887668362574
53338.12169279727,-0.028913302305074346
53368.90127137667,-0.05220765605649655
53399.680849956065,-0.0717759658795261
53430.46042853546,-0.08694573407980086
53461.24000711486,-0.09707701649683233
53492.01958569425,-0.10198891764733133
53522.799164273645,-0.10171303576995558
53553.578742853046,-0.09655067092639168
53584.358321432446,-0.08700202286174775
53615.13790001184,-0.07369669285971796
53645.91747859123,-0.05740325652628118
53676.69705717063,-0.03893363239899672
53707.47663575003,-0.0191475408189356
53738.25621432942,0.0010974059994322428
53769.03579290882,0.020971106643599562
53799.815371488214,0.03970784042426719
53830.59495006761,0.05658726552895554
53861.37452864701,0.0709717254779987
53892.1541072264,0.08235238907148758
53922.933685805794,0.09030219713368945
53953.713264385195,0.09452273109846004
53984.49284296459,0.09483719215564583
54015.27242154398,0.09120051827624182
54046.05200012338,0.0837018263118778
54076.83157870278,0.07256830390562864
54107.611157282176,0.05815792320178415
54138.39073586157,0.040969518930467415
54169.17031444097,0.02164256608936043
54199.94989302036,0.0009282227045368501
54230.729471599756,-0.020324939043088533
54261.50905017916,-0.041277044013359535
54292.28862875855,-0.06077650323987644
54323.06820733794,-0.07794806123175
54353.84778591734,-0.09175242055694574
54384.62736449674,-0.1012944358345969
54415.40694307613,-0.10581128308300618
54446.18652165553,-0.10473639863824215
54476.966100234924,-0.09777720778592412
54507.74567881432,-0.0849818119498339
54538.52525739372,-0.06672801007485638
54569.30483597311,-0.043841106187252774
54600.084414552504,-0.017569894375429003
54630.863993131905,0.0106594895752033
54661.6435717113,0.03890130286076826
54692.42315029069,0.06526676247576195
54723.20272887009,0.08779688490360202
54753.982307449485,0.10478212414784205
54784.76188602888,0.11484568417251016
54815.54146460828,0.11715930204567684
54846.32104318767,0.11150561323329546
54877.100621767066,0.09830046690107988
54907.880200346466,0.07855390861592501
54938.65977892586,0.053837293257081906
54969.43935750525,0.025942832775769684
55000.21893608465,-0.003037528012193657
55030.99851466405,-0.031148297801287406
55064.35786682245,-0.05856957185733838
55097.71721898085,-0.0808965310432748
55131.076571139245,-0.09689130668463196
55164.43592329764,-0.10579198188995866
55197.79527545604,-0.1074110813055767
55231.154627614436,-0.10212920598504295
55264.51397977283,-0.0907046426992059
55297.87333193123,-0.07418918591518202
55331.23268408963,-0.05389725072644358
55364.592036248025,-0.031159114460369737
55397.95138840642,-0.007361980256601496
55431.31074056482,0.016135543348774792
55464.670092723216,0.03817827491947946
55498.02944488161,0.05768593842067338
55531.38879704001,0.07380696302068561
55564.74814919841,0.08586845628162304
55598.107501356804,0.09340681444914778
55631.4668535152,0.09617236380946359
55664.8262056736,0.09411955492598563
55698.185557831996,0.08739832924835308
55731.54490999039,0.07634683607558747
55764.90426214879,0.06147679733975233
55798.26361430719,0.04345737083478275
55831.622966465584,0.023097953541066744
55864.98231862398,0.0013239892030276336
55898.34167078238,-0.020846416854350083
55931.701022940775,-0.0423404574802307
55965.06037509917,-0.062034587471727895
55998.41972725757,-0.07884637409307974
56031.77907941597,-0.09178202820957485
56065.13843157436,-0.09990703028339804
56098.49778373277,-0.10249638590682889
56131.85713589117,-0.09908495410622042
56165.21648804957,-0.0894740506222898
56198.57584020797,-0.07393856534576293
56231.93519236636,-0.05293261004649055
56265.29454452476,-0.027660042961895413
56298.65389668316,0.0005242516633376009
56332.013248841555,0.02968499141326467
56365.37260099995,0.05775386555966644
56398.73195315835,0.0824806194437231
56432.091305316746,0.10166417566370663
56465.45065747514,0.1135071247737266
56498.81000963354,0.11663873680364004
56532.16936179194,0.11048669326802751
56565.528713950334,0.09533658396640969
56598.88806610873,0.07230014215081819
56632.24741826713,0.04334220771724251
56665.606770425526,0.010951941842548017
56698.96612258392,-0.022012637260962704
56732.32547474232,-0.05280751440215413
56765.68482690072,-0.07882139957400582
56799.044179059114,-0.09822275492722199
56832.40353121751,-0.10966236853193677
56865.76288337591,-0.11270276833146377
56899.122235534305,-0.10756964026179787
56932.4815876927,-0.0950916043599235
56965.8409398511,-0.07659298508911659
56999.2002920095,-0.05372705363970122
57032.55964416789,-0.02819231237798918
57065.91899632629,-0.0018556642264106913
57099.27834848469,0.02372315617174382
57132.637700643085,0.047036657031700985
57165.99705280149,0.06690726081719003
57198.74740302868,0.08218307918063839
57231.497753255884,0.0926641588541456
57264.24810348308,0.0980487845736484
57296.99845371027,0.09826335732762691
57329.748803937466,0.09348771673345789
57362.49915416466,0.08408924285834975
57395.24950439185,0.07063973297986646
57427.99985461905,0.053822269899736506
57460.75020484624,0.03447197007578097
57493.500555073435,0.013485226965958889
57526.250905300636,-0.008164943996607044
57559.00125552783,-0.029490964530234868
57591.751605755024,-0.049500771305466075
57624.501955982225,-0.06724103438463172
57657.25230620942,-0.08182335464921701
57690.00265643661,-0.0924664214957559
57722.75300666381,-0.0985144036136601
57755.503356891,-0.0994934446303964
57788.2537071182,-0.09515441868899299
57821.004057345395,-0.08544865364891652
57853.75440757259,-0.07062543673635287
57886.50475779979,-0.05128080575345227
57919.255108026984,-0.028168372963258807
57952.00545825418,-0.002557729395549619
57984.75580848137,0.02413574111994808
58017.506158708566,0.05035104951666576
58050.25650893576,0.07411567146012302
58083.00685916295,0.09379879245833432
58115.75720939015,0.10753668928963786
58148.50755961734,0.1140522434013717
58181.25790984454,0.11232970230837724
58214.008260071736,0.10212580334220472
58246.75861029893,0.08377432190240452
58279.50896052613,0.05856432824425898
58312.259310753325,0.02824881629824657
58345.00966098052,-0.0046107918009629534
58377.76001120771,-0.03732737265812593
58410.51036143491,-0.06706637976300973
58443.2607116621,-0.09132118464617346
58476.011061889294,-0.10815501913868789
58508.76141211649,-0.11628249049875555
58541.51176234368,-0.1153392807881512
58574.26211257088,-0.10572803428496476
58607.01246279808,-0.08861211650391493
58639.76281302527,-0.06562324632222157
58672.51316325247,-0.03874372100036399
58738.01386370686,0.018091823113136857
58770.76421393405,0.0441829134468693
58803.51456416125,0.06659581418566497
58836.26491438845,0.08415840952323604
58869.01526461564,0.09610301004417218
58901.765614842836,0.10209128998267566
58934.51596507004,0.10209878193222033
58967.26631529723,0.09643807368291235
59000.016665524425,0.08568285229725635
59032.76701575162,0.07059922566821433
59065.51736597881,0.05211805596073379
59098.267716206006,0.03126560609947596
59131.0180664332,0.009125306352830972
59163.768416660394,-0.013227651344938607
59196.51876688759,-0.03470981904147742
59229.26911711479,-0.054333583785753016
59262.01946734198,-0.07118372097327148
59292.56642788288,-0.0837052577014427
59323.113388423764,-0.09259885657933532
59353.66034896466,-0.09746263664244288
59384.20730950555,-0.09803412687466236
59414.75427004644,-0.09420331917957595
59445.301230587334,-0.08602842335812597
59475.84819112823,-0.07372479016312704
59506.395151669116,-0.05771405248163497
59536.94211221,-0.038593888297579586
59567.4890727509,-0.017088494427480158
59598.03603329179,0.005872956225601571
59628.58299383268,0.029177725130209768
59659.129954373566,0.051724215453735296
59689.67691491446,0.07223405910148337
59720.223875455355,0.08943341864489722
59750.77083599624,0.10224904767575858
59781.31779653713,0.10954668119659978
59811.86475707802,0.11060385515177508
59842.41171761892,0.10493807651952948
59872.958678159805,0.09248794053007242
59903.50563870069,0.07382682211402114
59934.052599241586,0.04960139021625526
59964.59955978248,0.021478721205437777
59995.14652032337,-0.008712976022369815
60025.693480864255,-0.03899820025711194
60056.24044140515,-0.06696676644305594
60086.78740194604,-0.09060405782978652
60117.33436248693,-0.10795084827581553
60147.88132302782,-0.11768637887347204
60178.42828356871,-0.11906946817729608
60208.975244109606,-0.1120742660099261
60239.52220465049,-0.09734215632624689
60270.06916519138,-0.07617691558542104
60300.616125732275,-0.0502421632885952
60331.16308627317,-0.021603538632457637
60361.710046814056,0.007727153211002966
60392.25700735494,0.035706168427032295
60422.80396789584,0.060636672508016284
60453.35092843673,0.08108843212334338
60483.89788897762,0.09609215953402474
60514.444849518506,0.10506077124343097
60544.9918100594,0.10784594553725388
60575.538770600295,0.10463186737093397
60606.08573114118,0.09594307045399786
60636.63269168207,0.08250739005658374
60667.17965222296,0.06526467271103308
60697.72661276386,0.0452258424812456
60728.273573304745,0.023486952090530484
60758.82053384563,0.0011182865147378457
60789.367494386526,-0.020837939655640247
60819.91445492742,-0.041430135101112785
60850.46141546831,-0.059770635954933586
60881.008376009195,-0.07515632841124216
60911.55533655009,-0.08697528659347216
60942.10229709098,-0.0947938903321258
60972.64925763187,-0.09832136109250951
61003.19621817276,-0.0974358841261127
61033.74317871365,-0.0921769817307996
61064.29013925455,-0.08274662545173005
61094.83709979543,-0.06950244253033788
61125.38406033632,-0.052956760520359455
61155.931020877215,-0.03375630073961135
61186.47798141811,-0.012685866372663753
61217.024941958996,0.009368027269699826
61250.15167607889,0.03327496549984277
61283.27841019878,0.05584627053345246
61316.405144318676,0.07574553138124343
61349.53187843857,0.09172573811480025
61382.65861255846,0.10250656810229311
61415.785346678356,0.10714221246227794
61448.91208079825,0.10490948953977992
61482.03881491814,0.09554726461122559
61515.16554903803,0.0791686216285911
61548.29228315792,0.05651169423902087
61581.41901727782,0.028952989523676937
61614.54575139771,-0.001953760608331831
61647.6724855176,-0.03359752423142694
61680.7992196375,-0.06365361957462687
61713.92595375739,-0.08937529377056332
61747.05268787728,-0.10830635221695308
61780.17942199717,-0.11859058217709476
61813.30615611706,-0.11901505062470329
61846.43289023696,-0.10934048764681023
61879.55962435685,-0.09035623861586471
61912.68635847674,-0.06376939778653906
61945.81309259664,-0.03204359167079578
61978.93982671653,0.0019305172150244528
62012.06656083642,0.03509221211110255
62045.19329495631,0.06472257186436767
62078.3200290762,0.08840567455929614
62111.4467631961,0.10464608602549302
62144.57349731599,0.11245247553000923
62177.70023143588,0.11179911365818902
62210.82696555578,0.10323282938404049
62243.95369967567,0.08781174040085109
62277.08043379556,0.06705632822003438
62310.207167915454,0.04262273656720261
62343.333902035345,0.01630042618639327
62376.46063615524,-0.010175283878352771
62409.587370275134,-0.03524452578396026
62442.714104395025,-0.057493570371103225
62475.84083851492,-0.0758417952775386
62508.967572634814,-0.08941774714474975
62542.094306754705,-0.09769865879882185
62575.221040874596,-0.1004076814409895
62608.34777499449,-0.09756648466896603
62641.474509114385,-0.08944101944687853
62674.601243234276,-0.07652918971233448
62707.72797735417,-0.05953615600126842
62740.854711474065,-0.03933582752837554
62773.981445593956,-0.01694691225012858
62807.10817971385,0.00650412129764056
62840.23491383374,0.029826812177441507
62873.36164795363,0.0518028759735727
62906.48838207353,0.07122750744259174
62939.61511619342,0.08696828630705762
62972.74185031331,0.09801656377292611
63005.86858443321,0.10352470862198734
63038.9953185531,0.10293091174394131
63072.12205267299,0.09591174464674519
63105.24878679288,0.08254414183575214
63138.37552091277,0.06332638491179719
63171.50225503266,0.039089301059302306
63204.62898915255,0.0113276037627788
63237.75572327244,-0.018407751256979604
63270.882457392334,-0.04784683661652987
63304.00919151223,-0.0747411428970923
63337.13592563212,-0.0968783168262818
63368.059270065714,-0.11120954862096055
63398.9826144993,-0.1181545415288517
63429.90595893289,-0.11670458408709307
63460.82930336648,-0.10672059294318573
63491.752647800065,-0.08858205064644151
63522.67599223366,-0.06361911459625173
63553.59933666725,-0.03359858458927928
63584.52268110083,-0.0009462586714301668
63615.44602553442,0.03171772620670092
63646.36936996801,0.061837605198113835
63677.2927144016,0.08697127226196787
63708.21605883518,0.10538561644885368
63739.13940326877,0.11577555535678283
63770.06274770236,0.11772366456763585
63800.98609213595,0.11143894769293919
63831.909436569535,0.09771879707426541
63862.83278100312,0.07798296329388259
63893.75612543671,0.05376317512265139
63924.6794698703,0.027010329500621225
63955.602814303886,-0.0005737991632723876
63986.52615873747,-0.02716503918315235
64017.44950317106,-0.05133810978822597
64048.37284760465,-0.07180213995591493
64079.29619203824,-0.08766156177802814
64110.21953647182,-0.09829293764730437
64141.14288090541,-0.10340135092764957
64172.066225339004,-0.1029811003064193
64202.98956977259,-0.09727954595995306
64233.91291420618,-0.08677216523492169
64264.83625863977,-0.07210448757469105
64295.759603073355,-0.0541113626424865
64326.682947506946,-0.0336679669082368
64357.60629194054,-0.0117773050285533
64388.52963637412,0.010561452135744255
64419.45298080771,0.032322684668309246
64450.376325241305,0.05252898493551162
64481.29966967489,0.07025422273914465
64512.22301410848,0.08466672931286902
64543.14635854207,0.09505653917888607
64574.069702975656,0.10086046128879023
64604.99304740924,0.10168855877092339
64635.91639184283,0.09735462414070155
64666.83973627642,0.08788369438892078
64697.76308071001,0.07355031648926157
64728.68642514359,0.05490928967368587
64759.60976957718,0.03271551252757234
64790.533114010774,0.00796951175379481
64821.45645844436,-0.01797624889921632
64852.37980287794,-0.04377292387055575
64883.30314731153,-0.06777852545952137
64914.226491745125,-0.08834648127575084
64945.14983617871,-0.10407177732910627
64976.07318061229,-0.11341104320868618
65006.996525045884,-0.11544542342442951
65037.919869479476,-0.10949484888455618
65068.84321391306,-0.09564381537131945
65099.766558346644,-0.07444695722915802
65130.689902780236,-0.047197779444405515
65161.61324721383,-0.01591977385393164
65192.53659164741,0.01717885988784531
65223.459936081,0.049315114362611184
65254.383280514594,0.0779424812975085
65285.30662494818,0.10061375302672378
65316.22996938177,0.11549222055791036
65346.54431188415,0.12140814210655426
65376.85865438654,0.1184227409169648
65407.17299688893,0.10694892639137663
65437.487339391315,0.08817989388427523
65467.8016818937,0.06365019309378488
65498.116024396084,0.035507922070342014
65558.74470940085,-0.023476944960034017
65589.05905190323,-0.05033357111073576
65619.37339440561,-0.073154197251596
65649.687736908,-0.09086678089818366
65680.00207941039,-0.10264332100386467
65710.31642191278,-0.10817407530315339
65740.63076441517,-0.1074823516551818
65770.94510691756,-0.10093006071321195
65801.25944941994,-0.08917077674867084
65831.57379192233,-0.07303757536627216
65861.88813442472,-0.05354248199840673
65892.20247692711,-0.03176287313176094
65922.5168194295,-0.008823173267203867
65952.83116193188,0.014175294307622217
65983.14550443427,0.03613638590764983
66013.45984693666,0.05611771551075485
66043.77418943903,0.07323083008018545
66074.08853194141,0.08675554425210882
66104.4028744438,0.09610790018378593
66134.71721694618,0.10087859702509985
66165.03155944857,0.1008417474529473
66195.34590195096,0.09595806069858455
66225.66024445335,0.08638229955187081
66255.97458695574,0.07247034649325762
66286.28892945813,0.05475975240893241
66316.60327196051,0.03399375394225851
66346.9176144629,0.011069713265191992
66377.23195696529,-0.012969018220275779
66407.54629946768,-0.03690328872373295
66437.86064197007,-0.059482199427534195
66468.17498447245,-0.07951095371515071
66498.48932697484,-0.09560267446781985
66528.80366947722,-0.10667754819131688
66559.11801197959,-0.11175616687126688
66589.43235448198,-0.1101688220695563
66619.74669698437,-0.10160070646770629
66650.06103948675,-0.08615159184948616
66680.37538198914,-0.06459694998225997
66710.68972449153,-0.037774359520938966
66741.00406699392,-0.007630655227293162
66771.3184094963,0.023869310939960378
66801.6327519987,0.05454084368887797
66831.94709450108,0.08175380689919282
66862.26143700347,0.10342949096390508
66892.57577950585,0.11760082370923876
66922.89012200822,0.12303369870424313
66953.2044645106,0.1191681436560901
66983.518807013,0.10631240652174964
67013.83314951538,0.08553118778789139
67044.14749201777,0.05861776700936888
67074.46183452016,0.027753277768184342
67104.77617702255,-0.004496187125403722
67135.09051952494,-0.03576368312818159
67165.40486202732,-0.06368021289611679
67195.71920452971,-0.08653058847891498
67226.0335470321,-0.1028737834292831
67256.34788953447,-0.11204834063220839
67289.24200561587,-0.11360491505269836
67322.13612169726,-0.10686306535905132
67355.03023777864,-0.09283281907132344
67387.92435386003,-0.07287551945875888
67420.81846994141,-0.04872406324639649
67453.7125860228,-0.02212220177717208
67486.60670210418,0.00509163354401499
67519.50081818557,0.03126099181497811
67552.39493426695,0.05486354922369217
67585.28905034834,0.07464520496301962
67618.18316642972,0.08961685308421012
67651.07728251112,0.09908667493625592
67683.97139859252,0.10267149909244165
67716.8655146739,0.10028341172963101
67749.75963075529,0.09212969105306897
67782.65374683667,0.07868933608688236
67815.54786291806,0.06068771077286748
67848.44197899944,0.03907813589880672
67881.33609508083,0.015003406769547104
67914.23021116223,-0.010249103518112793
67947.12432724363,-0.03528001366031636
67980.01844332501,-0.05865850636481735
68012.9125594064,-0.07892621962339531
68045.80667548778,-0.09475884029346945
68078.70079156916,-0.10493577609396386
68111.59490765055,-0.10853169492183296
68144.48902373193,-0.10491073983046403
68177.38313981332,-0.09391486702592856
68210.2772558947,-0.07581055649415326
68243.17137197609,-0.05147580115722363
68276.06548805747,-0.022421657866221124
68308.95960413887,0.009600823516461942
68341.85372022027,0.041874205696503436
68374.74783630166,0.07195409227859614
68407.64195238304,0.09692324922015688
68440.53606846443,0.1143022954458243
68473.43018454581,0.12216310531998706
68506.3243006272,0.1193475507342331
68539.21841670858,0.10574201866935794
68572.11253278996,0.08244429300581871
68605.00664887135,0.05151368026518866
68637.90076495273,0.01591402830555313
68670.79488103412,-0.020859827208891013
68703.68899711552,-0.05542314949264737
68736.58311319692,-0.08441873719729977
68769.4772292783,-0.10558035455871358
68802.37134535969,-0.11715139635855798
68835.26546144107,-0.11870016650446369
68868.15957752246,-0.11058103850673077
68901.05369360384,-0.09396308830852564
68933.94780968523,-0.07075047658513417
68966.84192576662,-0.042984941311744865
68999.73604184802,-0.013139196340458202
69032.63015792941,0.0166880040946544
69065.5242740108,0.044306444740827074
69098.41839009218,0.06812031028645539
69131.31250617356,0.08670679145295691
69164.20662225495,0.09922578602797705
69197.10073833633,0.10515456778119421
69229.99485441772,0.10442956968366482
69262.8889704991,0.0973344718900674
69295.78308658049,0.08446432879519922
69328.67720266187,0.06670891465123126
69361.57131874327,0.04514581816229943
69392.26204513834,0.022705818599167198
69422.95277153343,-0.0008565758617034794
69453.64349792851,-0.024395556539780757
69484.3342243236,-0.04676284121043027
69515.02495071868,-0.06685714887441303
69545.71567711377,-0.08364801893087323
69576.40640350885,-0.09622500766267639
69607.09712990394,-0.10383487777080971
69637.78785629902,-0.10592825371651253
69668.47858269411,-0.10218858001692582
69699.1693090892,-0.09257875561773563
69729.86003548426,-0.07734922331548073
69760.55076187933,-0.05714219998001132
69791.24148827442,-0.03282168251830486
69821.9322146695,-0.005665749402365005
69852.62294106459,0.02269631408022583
69883.31366745968,0.05067897336116625
69914.00439385476,0.07613410253897619
69944.69512024985,0.09728174447987774
69975.38584664493,0.11224309975325736
70006.07657304002,0.11954985934924872
70036.7672994351,0.11821764723665197
70067.45802583019,0.10787458440719874
70098.14875222526,0.08896171350565608
70128.83947862033,0.06259610925915736
70159.53020501541,0.031288438529908244
70190.2209314105,-0.0038034744836437243
70220.91165780558,-0.03841551819075117
70251.60238420067,-0.0700438577632777
70282.29311059575,-0.09594121342391279
70312.98383699084,-0.11399880233378547
70343.67456338592,-0.12275022158843733
70374.36528978101,-0.121745900939813
70405.0560161761,-0.11133297149374748
70435.74674257118,-0.09276034899718794
70466.43746896627,-0.06779951704050943
70497.12819536135,-0.038598590555337375
70527.81892175644,-0.007602021341894479
70558.50964815152,0.022946783682202036
70589.20037454659,0.05096795985683587
70619.89110094166,0.07473758906545812
70650.58182733675,0.09293721410156634
70681.27255373183,0.10477103461273785
70711.96328012692,0.10986262922457117
70742.654006522,0.10826218768339259
70773.34473291709,0.10039504981196883
70804.03545931217,0.08698788534843116
70834.72618570726,0.06897338643295171
70865.41691210234,0.04747022992122738
70896.10763849743,0.023805898942647667
70926.79836489251,-0.0008074647873471614
70957.4890912876,-0.025112993779307147
70988.17981768269,-0.04787512165435674
71018.87054407777,-0.0679602065042656
71049.56127047286,-0.08440580443706205
71080.25199686793,-0.09639188466644395
71110.942723263,-0.10330060530727414
71141.63344965808,-0.10473358284810505
71172.32417605317,-0.10053232575020787
71203.01490244825,-0.09079631475294943
71233.70562884334,-0.07588400157107773
71264.39635523842,-0.05643950164965668
71295.08708163351,-0.03332135665011621
71325.7778080286,-0.0077197973602832586
71359.04830800268,0.021269940797391838
71392.31880797676,0.04972247245571702
71425.58930795084,0.07542878069380954
71458.85980792494,0.09640768344382954
71492.13030789903,0.11063406212407169
71525.40080787311,0.11657486316440656
71558.6713078472,0.1131138129424237
71591.94180782128,0.09999977882173824
71625.21230779536,0.07765146048056405
71658.48280776944,0.047667047030667674
71691.75330774352,0.012456468539599358
71725.02380771762,-0.024951353886754908
71758.29430769171,-0.0607146435879458
71791.5648076658,-0.09135491773891236
71824.83530763988,-0.11349217521204903
71858.10580761396,-0.12476665510915433
71891.37630758804,-0.12393829054008854
71924.64680756212,-0.1111724780413545
71957.9173075362,-0.08794157543350302
71991.1878075103,-0.056796113368237075
72024.4583074844,-0.021116018852805063
72057.72880745848,0.01565785380264684
72090.99930743256,0.049854655649033575
72124.26980740664,0.07874564083805144
72157.54030738072,0.1000010958390186
72190.8108073548,0.11234051008020747
72224.08130732889,0.115305118921148
72257.35180730297,0.10922420428262995
72290.62230727705,0.09510361063584186
72323.89280725113,0.07448279536952422
72357.16330722522,0.04912467511009551
72390.43380719931,0.02109630093641336
72423.70430717341,-0.007676982596159244
72456.97480714749,-0.03521997489336233
72490.24530712157,-0.05988100291196505
72523.51580709565,-0.08017357929551953
72556.78630706973,-0.09499553982944417
72590.05680704382,-0.10354580222602101
72623.3273070179,-0.1054102175701198
72656.59780699198,-0.10053219363162137
72689.86830696606,-0.08921777094450606
72723.13880694014,-0.07212317833525345
72756.40930691423,-0.0502201094399002
72789.67980688832,-0.02477898347408348
72822.95030686242,0.0027072621267092167
72856.2208068365,0.03052455140215138
72889.49130681058,0.05690125479144504
72922.76180678466,0.07997440714866016
72956.03230675875,0.0980050874397069
72989.30280673283,0.10945089480873542
73022.57330670691,0.113058598029589
73055.843806681,0.10809109060743928
73089.1143066551,0.09434575399435591
73122.38480662918,0.0724635645692561
73155.65530660326,0.043527568165642926
73188.92580657735,0.009891551754528166
73222.19630655143,-0.025872861454122764
73255.46680652551,-0.06061222539854676
73288.73730649959,-0.0905807973042903
73322.00780647369,-0.1132105842493194
73355.27830644778,-0.12466386047073118
73388.54880642187,-0.1245095051567696
73421.81930639595,-0.11206396549167418
73455.08980637003,-0.0884169712227936
73486.15691665781,-0.058361428801236286
73517.2240269456,-0.023433531911346638
73548.29113723338,0.013134201731510128
73579.35824752116,0.04805851496371854
73610.42535780894,0.07839505274265902
73641.49246809672,0.10156011613565312
73672.5595783845,0.1160201153779637
73703.62668867227,0.12099654417146836
73734.69379896004,0.11658837169033509
73765.76090924782,0.10362534874767375
73796.8280195356,0.08360381490533893
73827.89512982339,0.05830097976547516
73858.96224011117,0.029844428408438515
73890.02935039895,0.0002517515589621159
73921.09646068673,-0.028474411518668058
73952.16357097452,-0.054487837249126356
73983.2306812623,-0.07641967712696511
74014.29779155008,-0.09307871827611963
74045.36490183786,-0.10374229688590249
74076.43201212565,-0.10800548267331483
74107.49912241343,-0.10583432682825365
74138.56623270121,-0.0975180558103259
74169.633342989,-0.08364850040974266
74200.70045327676,-0.06506615519404113
74231.76756356453,-0.04282646575639343
74262.83467385231,-0.018144353751104077
74293.9017841401,0.007643657375909135
74324.96889442788,0.03314529612613629
74356.03600471566,0.05694834396100607
74387.10311500344,0.07770348643367428
74418.17022529122,0.09414897110854038
74449.237335579,0.10521870055654918
74480.30444586679,0.1100412909719296
74511.37155615457,0.10808918919745625
74542.43866644235,0.0991864137352837
74573.50577673013,0.0834774437104011
74604.57288701792,0.061702881073941174
74635.6399973057,0.034956700108211794
74666.70710759348,0.004783382581377518
74697.77421788125,-0.026692057946620065
74728.84132816902,-0.05741477625540457
74759.9084384568,-0.08474450317418526
74790.97554874458,-0.10628517837972241
74822.04265903236,-0.12008562244365358
74853.10976932014,-0.12430971089461335
74884.17687960793,-0.11825191089310294
74915.24398989571,-0.10188767988194623
74946.31110018349,-0.07643079350318892
74977.37821047127,-0.043820549699640415
75008.44532075906,-0.007083525692699677
75039.51243104684,0.0304806681764284
75070.57954133462,0.06532600619621819
75101.6466516224,0.09417489619250345
75132.71376191018,0.1145381270082244
75163.78087219797,0.1246803394143793
75194.84798248573,0.12408356441059479
75225.9150927735,0.11315079796822029
75256.98220306128,0.09332318336922989
75288.04931334907,0.06659725249669927
75319.11642363685,0.03558117898254759
75350.18353392463,0.0027945546350960837
75381.25064421241,-0.0290518973363576
75412.3177545002,-0.057836377361793125
75443.38486478798,-0.08157564615056333
75473.84297314455,-0.0987589830062241
75504.30108150114,-0.1090547207585759
75534.75918985772,-0.11221610443785097
75565.2172982143,-0.10836804812373384
75595.67540657087,-0.09804210031636525
75626.13351492745,-0.08209322426209015
75656.59162328404,-0.0616044825647257
75687.04973164061,-0.03785701601111913
75717.50783999718,-0.0122290610764478
75747.96594835377,0.013864849173743428
75778.42405671036,0.038991473472412226
75808.88216506693,0.06183042746105718
75839.3402734235,0.08116746959726791
75869.79838178007,0.09594059553418673
75900.25649013664,0.10531806999767175
75930.71459849323,0.1087045010551214
75961.17270684981,0.10579244275339465
75991.63081520639,0.09657788917446801
76022.08892356296,0.08139265211237987
76052.54703191953,0.06091113734799172
76083.0051402761,0.03611797671817314
76113.46324863269,0.008396007470335344
76143.92135698927,-0.02073731883336155
76174.37946534585,-0.049348166956433986
76204.83757370242,-0.07551467240627999
76235.295682059,-0.0973844717317804
76265.75379041559,-0.11286118798984555
76296.21189877216,-0.1205247165400262
76326.67000712873,-0.11945499319196509
76357.12811548532,-0.10895225942097057
76387.5862238419,-0.08940474924927547
76418.04433219848,-0.06215377704215368
76448.50244055505,-0.028921669150362785
76478.96054891164,0.007415266873856785
76509.41865726822,0.04384395562876386
76539.8767656248,0.07696825305750384
76570.33487398137,0.10369540061691859
76600.79298233795,0.12151613505140187
76631.25109069454,0.128726690503452
76661.70919905111,0.12474823231678288
76692.16730740768,0.11010582502965725
76722.62541576427,0.08634672667265338
76753.08352412086,0.05587382172520415
76783.54163247743,0.021513991682478972
76813.999740834,-0.013708078022539493
76844.45784919057,-0.046791173040739424
76874.91595754714,-0.07534524513204108
76905.37406590373,-0.09734492018101568
76935.83217426031,-0.11155017706723776
76966.29028261689,-0.11738366946838998
76996.74839097346,-0.11489016147434544
77027.20649933003,-0.1046960548733903
77057.6646076866,-0.08788104779161786
77088.12271604319,-0.06585278213845826
77118.58082439977,-0.04022168639030564
77149.03893275635,-0.012646405129124839
77179.49704111292,0.015160968325184609
77209.9551494695,0.041463562996856454
77240.41325782609,0.06491672559749856
77270.87136618266,0.08425063790548061
77301.32947453923,0.09844644765835149
77331.78758289582,0.10679296497491127
77362.2456912524,0.10887411934981421
77392.70379960898,0.1045857178668929
77425.74168154456,0.09298631417060133
77458.77956348014,0.07482694033241967
77491.81744541571,0.05120998685227237
77524.8553273513,0.023560259404930506
77557.89320928688,-0.006289937981610653
77590.93109122245,-0.03638375748056581
77623.96897315803,-0.06450346247059609
77657.00685509361,-0.08851920679231381
77690.0447370292,-0.10629378747130327
77723.08261896478,-0.11613230447190213
77756.12050090036,-0.11667531250782974
77789.15838283594,-0.10728452438693362
77822.19626477153,-0.0881687030209444
77855.23414670711,-0.06034089345025567
77888.27202864268,-0.02591349323894449
77921.30991057826,0.01217462114914938
77954.34779251384,0.05029522723221611
77987.38567444941,0.08450137375670962
78020.423556385,0.11094517599199784
78053.46143832058,0.12650935647395642
78086.49932025616,0.12911242799981348
78119.53720219174,0.11822027444781803
78152.57508412733,0.09490008752567852
78185.61296606291,0.06171921627185678
78218.65084799849,0.02247495498666349
78251.68872993407,-0.01849881670040802
78284.72661186964,-0.05679991027364919
78317.76449380523,-0.08856128254911338
78350.80237574081,-0.11087332451105585
78383.84025767638,-0.12204515361899282
78416.87813961196,-0.12159302700315737
78449.91602154754,-0.11026996416957208
78482.95390348313,-0.08972164353946202
78515.99178541871,-0.06228582617938776
78549.02966735428,-0.030621852176483888
78582.06754928986,0.002500178209538962
78615.10543122544,0.03440870230920082
78648.14331316101,0.06276290344961695
78681.1811950966,0.08567476016328349
78714.21907703218,0.1017107732325114
78747.25695896776,0.11001737240003227
78780.29484090334,0.11022927688518035
78813.33272283891,0.10256859325364055
78846.37060477449,0.08768326794854495
78879.40848671008,0.0666481282584151
78912.44636864564,0.04091328822979076
78945.48425058123,0.012188804441975051
78978.52213251681,-0.017610946971359894
79011.56001445239,-0.04646479968474133
79044.59789638798,-0.07235843310163195
79077.63577832354,-0.0933637362394058
79110.67366025913,-0.10780345917595147
79143.71154219471,-0.11431521220385414
79176.74942413028,-0.11202398983393133
79209.78730606586,-0.10064399119579676
79242.82518800144,-0.08057563227539642
79275.86306993703,-0.05291462246500045
79308.90095187261,-0.019729235012439103
79341.93883380819,0.01662367245815509
79374.97671574377,0.052680047781648864
79408.01459767936,0.08504568082430446
79441.05247961494,0.11030517201420803
79474.09036155051,0.1252643299195266
79507.12824348609,0.1279278602199307
79537.96273573537,0.11842742448630812
79568.79722798464,0.09788708037582357
79599.63172023391,0.06792266714024227
79630.46621248318,0.0313843424037929
79661.30070473245,-0.008297860468167804
79692.13519698173,-0.047102086135204224
79722.96968923102,-0.08131282640532582
79753.80418148029,-0.10758978013385109
79784.63867372955,-0.12366550089831767
79815.47316597884,-0.1283560669110533
79846.30765822812,-0.12166635108490766
79877.14215047739,-0.10469416528898573
79907.97664272666,-0.07940763888496656
79938.81113497594,-0.04845352333037791
79969.64562722523,-0.014529382905434901
80000.4801194745,0.019338028994088804
80031.31461172376,0.05072422895949745
80062.14910397305,0.07731584784571717
80092.98359622233,0.09754539938583635
80123.8180884716,0.11027253069948774
80154.65258072087,0.1150311248391393
80185.48707297015,0.11183944081615547
80216.32156521943,0.10124351342555517
80247.1560574687,0.08416529210754002
80277.99054971797,0.06188494927389861
80308.82504196725,0.03588992650377692
80339.65953421654,0.007850917011360242
80370.4940264658,-0.020522038717058235
80401.32851871508,-0.04750496163367432
80432.16301096436,-0.07148508100509393
80462.99750321364,-0.09098819846119167
80493.83199546291,-0.10479041448469947
80524.66648771218,-0.11193468066445182
80555.50097996146,-0.11183092440285966
80586.33547221075,-0.10426994004115435
80617.16996446002,-0.089508001375086
80648.00445670928,-0.06818281513771746
80678.83894895857,-0.04153708781706864
80709.67344120785,-0.01107886143731392
80740.50793345712,0.021088574943514925
80771.34242570639,0.05273779622927381
80802.17691795567,0.08135005337277272
80833.01141020496,0.10447954506358359
80863.84590245422,0.11982918943399254
80894.6803947035,0.12565787533267136
80925.51488695278,0.12084237067759421
80956.34937920206,0.10518683355521805
80987.18387145133,0.07965550789431765
81018.0183637006,0.04604854195583212
81048.85285594988,0.00753552070869836
81079.68734819916,-0.03250754735689815
81110.52184044843,-0.06985389409609599
81141.3563326977,-0.10077767873760035
81172.19082494699,-0.12207453221643624
81203.02531719627,-0.13162404741873382
81233.85980944554,-0.12856708168394704
81264.6943016948,-0.11344991136425368
81295.52879394409,-0.08810632181295404
81326.36328619337,-0.05529174027368218
81357.19777844264,-0.018323819063959808
81388.03227069191,0.019126193723255417
81418.86676294118,0.0538821408183862
81449.70125519045,0.08305168602914789
81480.53574743973,0.10454152007227223
81513.95001326801,0.11771702385043045
81547.36427909628,0.1198188199762673
81580.77854492456,0.11132264796909122
81614.19281075284,0.09355958605789948
81647.60707658112,0.06845603516215752
81681.0213424094,0.038372806532356384
81747.84987406596,-0.02638683975870662
81781.26413989424,-0.05608619796717698
81814.67840572252,-0.08106571406092893
81848.09267155078,-0.0995637833207969
81881.50693737906,-0.11030761318819882
81914.92120320734,-0.11254352451066608
81948.3354690356,-0.10608027041022844
81981.74973486389,-0.09129370804490733
82015.16400069217,-0.06915843991638329
82048.57826652045,-0.04117878011064415
82081.99253234873,-0.009263710681002315
82115.406798177,0.02411420877549858
82148.82106400529,0.05640574723078405
82182.23532983357,0.084794273823015
82215.64959566185,0.10656483474847964
82249.06386149011,0.11945792644715052
82282.47812731839,0.1216438511115552
82315.89239314667,0.11221219445144053
82349.30665897494,0.09139253503825628
82382.72092480322,0.060428216069524754
82416.1351906315,0.022029267809392704
82449.54945645978,-0.019948039389280164
82482.96372228806,-0.060989688130301825
82516.37798811634,-0.096301136842427
82549.79225394462,-0.1214039628227874
82583.2065197729,-0.13295785803556145
82616.62078560118,-0.12927076116567987
82650.03505142944,-0.11063800563763236
82683.44931725772,-0.07933258123741585
82716.863583086,-0.03925097610769439
82750.27784891427,0.004663057496901683
82783.69211474255,0.04709164816366647
82817.10638057083,0.08343781930313249
82850.5206463991,0.10975893137064113
82883.93491222739,0.1239556978772803
82917.34917805567,0.12513871977817279
82950.76344388395,0.11397245081601137
82984.17770971222,0.09229038087400354
83017.5919755405,0.06277684999872694
83051.00624136877,0.028534137821817355
83084.42050719705,-0.007177715179782642
83117.83477302533,-0.041221165588956554
83151.2490388536,-0.0708745771138377
83184.66330468188,-0.09394237671095622
83218.07757051016,-0.10884821888356021
83251.49183633843,-0.11468965186078811
83284.90610216671,-0.11125485554710592
83318.320367995,-0.09896367942614707
83351.73463382327,-0.07885797440165221
83385.14889965155,-0.05246846517533188
83418.56316547983,-0.021781609689088332
83451.9774313081,0.010915172763962963
83485.39169713638,0.0431317462754624
83518.80596296466,0.07232542556913546
83552.22022879292,0.09605757692735381
83585.6344946212,0.11216545377393845
83619.04876044948,0.11893801385721846
83651.85402434657,0.11545195145196993
83684.65928824364,0.10168130696529089
83717.46455214071,0.07822361956752302
83750.26981603779,0.046594374392915264
83783.07507993486,0.00947450040629291
83815.88034383193,-0.030144442730540955
83848.68560772901,-0.06800715253370113
83881.49087162608,-0.10010333679782846
83914.29613552315,-0.12265172482234177
83947.10139942024,-0.13240786619195655
83979.9066633173,-0.1277778452836347
84012.71192721438,-0.10867423871249841
84045.51719111146,-0.0769490718720638
84078.32245500853,-0.036159388813570476
84111.1277189056,0.008831787196695839
84143.93298280268,0.05267707259649585
84176.73824669977,0.09007624911498499
84209.54351059684,0.116910710056412
84242.3487744939,0.1303057063629175
84275.15403839099,0.12936699111969427
84307.95930228806,0.11486811228456655
84340.76456618513,0.08895931288901267
84373.56983008221,0.0550869347239434
84406.37509397928,0.01690029871610936
84439.18035787635,-0.021523914991730918
84471.98562177343,-0.056725721189724
84504.7908856705,-0.08565992161753709
84537.59614956757,-0.10618477795470954
84570.40141346466,-0.11699786858498747
84603.20667736173,-0.11766233372054227
84636.0119412588,-0.10856521082673394
84668.81720515588,-0.09078182345117927
84701.62246905296,-0.06594987327721813
84734.42773295003,-0.03615178616218713
84767.2329968471,-0.003715223421697819
84800.03826074419,0.02888626398143262
84832.84352464126,0.05918541666466068
84865.64878853832,0.08490140197713686
84898.45405243541,0.10403445489671213
84931.25931633248,0.11497137792323628
84964.06458022955,0.1166617475609597
84996.86984412663,0.10865871670326196
85029.6751080237,0.09125773245502107
85062.48037192077,0.06544848864417614
85095.28563581785,0.03311517724348223
85128.09089971492,-0.0033550708386505465
85160.896163612,-0.040697863454132656
85193.70142750908,-0.07551564104055988
85226.50669140616,-0.10412885747287429
85259.31195530323,-0.12319528401462428
85292.1172192003,-0.13012304497439697
85324.92248309738,-0.12327617609366827
85357.72774699447,-0.1027591539582353
85390.53301089154,-0.07005092631709488
85423.3382747886,-0.028681201100062795
85456.14353868569,0.016922768317385112
85488.94880258277,0.06105600061597573
85521.75406647984,0.09838875181958733
85554.55933037691,0.12419008828487525
85587.364594274,0.1353298734317967
85620.16985817107,0.13069430756484363
85652.97512206814,0.11115760930180722
85685.78038596522,0.07961343701408952
85718.58564986229,0.04001252887982459
85749.18752407306,0.00024217166596313643
85779.78939828384,-0.038547821717655625
85810.39127249461,-0.07253583374590851
85840.99314670538,-0.09923911572317261
85871.59502091615,-0.11659181214766866
85902.19689512692,-0.12375272785089761
85932.79876933769,-0.12063537180280283
85963.40064354846,-0.10806121965273989
85994.00251775923,-0.08739346595373337
86024.60439197,-0.06061710559771096
86055.20626618077,-0.029857523421408683
86085.80814039154,0.0025120356328236972
86116.41001460231,0.03417940495230673
86147.01188881308,0.06298338615091387
86177.61376302385,0.08699005247502922
86208.21563723462,0.10464763810178176
86238.81751144539,0.11479663497942091
86269.41938565616,0.1167555925053746
86300.02125986693,0.11034312567493117
86330.6231340777,0.09589464138448943
86361.22500828847,0.07427682358262916
86391.82688249924,0.04681890468967392
86422.42875671001,0.015318361616706935
86453.03063092078,-0.018017843490766825
86483.63250513155,-0.050828669998784264
86514.23437934232,-0.0804827438557569
86544.83625355309,-0.10443246338888981
86575.43812776386,-0.12049085290317794
86606.04000197463,-0.12669773613029928
86636.6418761854,-0.12203777172196915
86667.24375039617,-0.10611342157301247
86697.84562460694,-0.07984366457275377
86728.44749881771,-0.04525925667016756
86759.04937302848,-0.004965080273894417
86789.65124723925,0.03678479653973726
86820.25312145002,0.07586680490464996
86850.85499566079,0.1079898040094703
86881.45686987156,0.12939146934951098
86912.05874408233,0.13746799508016236
86942.6606182931,0.13112505782574913
86973.26249250387,0.11098792378716862
87003.86436671464,0.07933415880888967
87034.46624092541,0.03977215838934558
87065.06811513618,-0.0032695297499743584
87095.66998934695,-0.04514440432852636
87126.27186355772,-0.08157489363797076
87156.8737377685,-0.10916064515324181
87187.47561197927,-0.12552171904779444
87218.07748619004,-0.12983692209167352
87248.67936040083,-0.12225716434932783
87279.2812346116,-0.1041699588768134
87309.88310882237,-0.07765104016265373
87340.48498303314,-0.04546608065209867
87371.0868572439,-0.010396904455531746
87401.68873145468,0.02447233376190257
87432.29060566545,0.05660952050006961
87462.89247987622,0.08363152843845695
87493.49435408699,0.10375277888345134
87524.09622829776,0.11572582921473586
87554.69810250853,0.11889340386107662
87585.2999767193,0.11320929165052569
87615.90185093007,0.09918616174619499
87646.50372514084,0.07786994033122252
87677.1055993516,0.050754084398115205
87710.28724714139,0.01699657906210191
87743.46889493115,-0.018587434516734894
87776.65054272092,-0.05304043301518384
87809.8321905107,-0.08332800009454658
87843.01383830047,-0.1066065571834058
87876.19548609023,-0.12050896761266978
87909.37713388001,-0.12320937622405127
87942.55878166978,-0.1139180311539415
87975.74042945955,-0.09270477935016444
88008.92207724933,-0.06113828017580337
88042.1037250391,-0.021943881921019454
88075.28537282886,0.02130624769180426
88108.46702061864,0.06352298935316458
88141.64866840841,0.09993603001753383
88174.83031619817,0.1256099733256744
88208.01196398796,0.13669402245795767
88241.19361177774,0.13118414394051053
88274.3752595675,0.10910746816862377
88307.55690735727,0.07294820595485303
88340.73855514705,0.027290565576807327
88373.92020293683,-0.021822935913668733
88407.1018507266,-0.06786197924030338
88440.28349851636,-0.1048450583863664
88473.46514630615,-0.12825199608298415
88506.64679409593,-0.13562159838271926
88539.8284418857,-0.12675178564383832
88573.01008967546,-0.10352198481058363
88606.19173746524,-0.06942389088319713
88639.373385255,-0.028864532111323574
88672.55503304477,0.013579572377707409
88705.73668083455,0.05292721615212231
88738.91832862432,0.08578809162459224
88772.09997641409,0.10912335103860017
88805.28162420387,0.1212747888216489
88838.46327199363,0.12159306706944005
88871.6449197834,0.11057826195674934
88904.82656757318,0.08958368762300782
88938.00821536295,0.06075429229911905
88971.18986315271,0.026725375484012177
89004.3715109425,-0.00948680565884665
89037.55315873228,-0.04478724427598716
89070.73480652204,-0.07615070000014619
89103.91645431181,-0.10083116908761547
89137.09810210159,-0.11657673141251962
89170.27974989137,-0.12176681448588246
89203.46139768114,-0.11561253393673236
89236.6430454709,-0.09820339258960366
89269.82469326069,-0.07073856994020661
89303.00634105047,-0.03537387963384352
89336.18798884023,0.0048737418720932665
89369.36963663,0.04590661299277356
89402.55128441978,0.08356329843432939
89435.73293220955,0.11316100912555711
89468.91457999931,0.13091536121892094
89502.0962277891,0.133767100797844
89535.27787557886,0.12057462996521388
89568.45952336863,0.09193906735346541
89601.64117115841,0.05105226627190322
89634.82281894817,0.0026477028398008678
89668.00446673794,-0.0467726081093178
89701.18611452772,-0.09057278960323806
89734.36776231749,-0.12260991323568599
89767.54941010725,-0.13855832313896496
89800.73105789704,-0.13642912133247012
89831.7093160005,-0.11870640124685072
89862.68757410397,-0.08835392018408543
89893.66583220744,-0.04910270870603044
89924.6440903109,-0.005878193711582381
89955.62234841437,0.03684555710013633
89986.60060651784,0.07444151500902131
90017.5788646213,0.10364231511833268
90048.55712272477,0.12197450006183308
90079.53538082824,0.128373839370452
90110.5136389317,0.12289124661843343
90141.49189703517,0.10660077286114115
90172.47015513864,0.081439192898076
90203.4484132421,0.04987501993488994
90234.42667134557,0.014762257957185993
90265.40492944905,-0.020973346190880295
90296.38318755252,-0.05447635096291598
90327.36144565599,-0.08317733889554799
90358.33970375947,-0.10492049124710667
90389.31796186294,-0.11808038852536043
90420.2962199664,-0.12165050242273392
90451.27447806987,-0.11530348242871127
90482.25273617334,-0.09941400273800792
90513.2309942768,-0.07506306466326203
90544.20925238027,-0.04398656754090799
90575.18751048374,-0.008521679530322901
90606.1657685872,0.028466491221095826
90637.14402669067,0.0639424703302501
90668.12228479414,0.09460804107737576
90699.1005428976,0.11737847669225601
90730.07880100107,0.12972992132870043
90761.05705910454,0.12972127549346685
90792.035317208,0.11668833241367402
90823.01357531147,0.09104632103713316
90853.99183341494,0.05503554938110335
90884.97009151841,0.011738458508014669
90915.94834962187,-0.034021525792306176
90946.92660772534,-0.07705505271350395
90977.90486582881,-0.11218401582304838
91008.88312393229,-0.1347975395353029
91039.86138203576,-0.1418584015437055
91070.83964013922,-0.13225895405541774
91101.8178982427,-0.10712524877065094
91132.79615634617,-0.06961594306518634
91163.77441444964,-0.024518445411330216
91194.7526725531,0.022665147144269412
91225.73093065657,0.06626987859084585
91256.70918876004,0.10153611980686765
91287.6874468635,0.12488169134417323
91318.66570496697,0.13439884965734958
91349.64396307044,0.12984633742679685
91380.62222117391,0.11241639104211947
91411.60047927737,0.08457367940562391
91442.57873738084,0.049501530991201206
91473.55699548431,0.01083425983767623
91504.53525358778,-0.027768621220665188
91535.51351169124,-0.06294816613694577
91566.49176979471,-0.09180351684019662
91597.47002789818,-0.11216661712216539
91628.44828600164,-0.12258951162411835
91659.42654410511,-0.12247397218056914
91690.40480220858,-0.11200968835502846
91721.38306031204,-0.09214842037114458
91752.36131841553,-0.0645172743597266
91783.33957651899,-0.0313329853232398
91813.70883269125,0.004047266308124179
91844.07808886352,0.039517440117457295
91874.44734503579,0.07220105201781063
91904.81660120806,0.09935441471251522
91935.18585738033,0.11854971058063934
91965.55511355259,0.12776041725835294
91995.92436972485,0.1257550544825713
92026.29362589712,0.11207917579317551
92056.66288206939,0.08746558844685193
92087.03213824164,0.05346162097428606
92117.4013944139,0.013078438704292449
92147.77065058617,-0.029992391410908342
92178.13990675844,-0.07143319027446239
92208.50916293071,-0.10638744385690431
92238.87841910298,-0.1308593944255784
92269.24767527524,-0.1412586650753268
92299.6169314475,-0.13591330241758476
92329.98618761977,-0.11479893448981046
92360.35544379204,-0.08016602897259817
92390.72469996431,-0.03587568826946655
92421.09395613658,0.012620471398305043
92451.46321230884,0.059484892291553564
92481.8324684811,0.09900922115257631
92512.20172465337,0.12669780876078793
92542.57098082564,0.13965686572731134
92572.94023699789,0.1369249656855785
92603.30949317015,0.11948421970412773
92633.67874934242,0.08992233547805818
92664.04800551469,0.05202017935219061
92694.41726168696,0.009967970571471807
92724.78651785923,-0.03167501131740483
92755.15577403149,-0.06913080020356047
92785.52503020375,-0.09891768242258975
92815.89428637602,-0.11889494242554613
92846.26354254829,-0.12763961424177603
92876.63279872056,-0.12492419457812559
92907.00205489283,-0.11139349535835283
92937.37131106509,-0.08849647519432968
92967.74056723734,-0.05838399229762101
92998.10982340961,-0.02360026696728279
93028.47907958188,0.012957042119310482
93058.84833575414,0.04837173853377667
93089.2175919264,0.07977164250234679
93119.58684809867,0.10461057083471091
93149.95610427094,0.12074501544550167
93180.32536044321,0.12668534507770532
93210.69461661548,0.12162285014203578
93241.06387278774,0.10567716024192271
93271.43312896,0.0797151674730874
93301.80238513227,0.045686478887478676
93332.17164130454,0.006409510688728702
93362.5408974768,-0.034794843453665
93392.91015364908,-0.07386629163142892
93423.27940982133,-0.10669875973264913
93453.64866599359,-0.12940702427434594
93484.01792216586,-0.1390115416200004
93514.38717833813,-0.13361803130094155
93544.75643451039,-0.11301409960964585
93575.12569068265,-0.07883021041322193
93605.49494685492,-0.03468373489683055
93635.86420302719,0.014353335105547788
93666.23345919946,0.06236747383259455
93696.60271537173,0.10322800821649201
93726.97197154399,0.13174124727043418
93759.92100129524,0.14463296166718165
93792.8700310465,0.13717558778179653
93825.81906079777,0.11092325435139166
93858.76809054904,0.07015948058204456
93891.71712030031,0.02116201202317808
93924.66615005158,-0.029164184251070865
93957.61517980284,-0.07427499187396784
93990.56420955411,-0.10869059766702249
94023.51323930538,-0.12893549006354751
94056.46226905665,-0.1334308173477828
94089.41129880791,-0.12254631872230022
94122.36032855918,-0.09829536804795531
94155.30935831045,-0.06394000200013958
94188.25838806172,-0.02356311824201411
94221.20741781298,0.018535136553417954
94254.15644756425,0.05804717663426443
94287.10547731552,0.09100512840505141
94320.05450706679,0.11439049531160732
94353.00353681805,0.12595124555226658
94385.95256656932,0.12455944822065729
94418.90159632059,0.11026302072921779
94451.85062607186,0.0842873244833884
94484.79965582312,0.04899918210744642
94517.74868557439,0.00773634626021744
94550.69771532566,-0.035324967817819825
94583.64674507693,-0.07565563126269467
94616.5957748282,-0.10848841714083357
94649.54480457946,-0.12971159741357416
94682.49383433073,-0.13595816970754065
94715.442864082,-0.12554419165250494
94748.39189383326,-0.09869946524384875
94781.34092358453,-0.057934651441925805
94814.2899533358,-0.00794976993797663
94847.23898308707,0.04460693258951473
94880.18801283833,0.09240352496411448
94913.1370425896,0.1279355174384305
94946.08607234087,0.1455502372037281
94979.03510209214,0.1421066878579169
95011.9841318434,0.11786390736727854
95044.93316159467,0.07655605265716185
95077.88219134594,0.02454029282694302
95110.8312210972,-0.030069575507513498
95143.78025084847,-0.07936566899972176
95176.72928059974,-0.11650926598152296
95209.67831035101,-0.13691760191069463
95242.62734010228,-0.1387851332935572
95275.57636985354,-0.12290227039386709
95308.52539960481,-0.0922456727915368
95341.47442935608,-0.051416753043492476
95374.42345910735,-0.005791102140926428
95407.37248885861,0.03922297303679016
95440.32151860988,0.0785764121017381
95473.27054836115,0.10832988987493519
95506.21957811242,0.12560499921781657
95539.16860786368,0.12901984610523035
95572.11763761495,0.11853175960686445
95605.06666736622,0.09541290594424585
95638.01569711749,0.06213870318703241
95670.96472686875,0.02208793964874749
95703.91375662002,-0.020659214252070592
95736.86278637129,-0.06167952130679222
95769.81181612256,-0.096584191524682
95802.76084587383,-0.1213489236232177
95835.70987562509,-0.13282872940335033
95866.45551569006,-0.12975811547829433
95897.20115575501,-0.11307032264784744
95927.94679581997,-0.08370514866486918
95958.69243588494,-0.044139518928299495
95989.4380759499,0.0016825976984585116
96020.18371601487,0.04897717896899204
96050.92935607984,0.09186156721609225
96081.6749961448,0.1250863550978106
96112.42063620975,0.1435737500415231
96143.16627627471,0.14438170823980143
96173.91191633968,0.1265346719339413
96204.65755640465,0.09196402683061074
96235.40319646962,0.0448706692765623
96266.14883653457,-0.008329873359549503
96296.89447659953,-0.060381059898386415
96327.6401166645,-0.10416409855057569
96358.38575672946,-0.13390359786348058
96389.13139679443,-0.14604737009637528
96419.8770368594,-0.13957739866186464
96450.62267692435,-0.1161137862061119
96481.3683169893,-0.07934445887888715
96512.11395705427,-0.03433918259093463
96542.85959711924,0.013290548729492688
96573.60523718421,0.05784508417190783
96604.35087724918,0.09483134816103334
96635.09651731413,0.12061430140409339
96665.84215737908,0.13307554600495922
96696.58779744405,0.13157529158184694
96727.33343750902,0.11682322278069798
96758.07907757399,0.09069995521556767
96788.82471763896,0.05601350338082366
96819.57035770391,0.016241268505511594
96850.31599776886,-0.024875566944565934
96881.06163783383,-0.06343064987108259
96911.8072778988,-0.09589541471483128
96942.55291796377,-0.11916972077112198
96973.29855802873,-0.13092770051828792
97004.04419809369,-0.12979942552533658
97034.78983815864,-0.11552409545995164
97065.53547822361,-0.0890500266784281
97096.28111828858,-0.05258675136173992
97127.02675835355,-0.009445436467704762
97157.77239841851,0.036029646612205514
97188.51803848347,0.07886109886050219
97219.26367854842,0.11412823835001416
97250.00931861339,0.13694569656123315
97280.75495867836,0.14394484979222003
97311.50059874333,0.13312748959651058
97342.2462388083,0.10512192967770327
97372.99187887325,0.06246093790025385
97403.7375189382,0.010665277243435176
97434.48315900317,-0.04356367641191645
97465.22879906814,-0.09255022667992162
97495.9744391331,-0.12930719129003512
97526.72007919807,-0.14844631431513317
97557.46571926303,-0.1473291509772884
97588.21135932798,-0.12635850848769573
97618.95699939295,-0.08895687986914501
97649.70263945792,-0.04062891718171962
97680.44827952288,0.011729967780343367
97711.19391958785,0.06119722727573792
97741.9395596528,0.10176317133676144
97772.68519971776,0.12885668189474073
97803.43083978273,0.140092232578801
97837.75220102337,0.13337614356377453
97872.073562264,0.10843125294249831
97906.39492350465,0.06956737046359568
97940.71628474529,0.022545942142396205
97975.03764598593,-0.026396783859978047
98009.35900722657,-0.07101701287234084
98043.6803684672,-0.10604935753715544
98078.00172970784,-0.12737931548616374
98112.32309094848,-0.1326020143557875
98146.64445218912,-0.12109914268165081
98180.96581342976,-0.09413189991238329
98215.2871746704,-0.05474519358380232
98249.60853591104,-0.0075565895667124554
98283.92989715168,0.041713565537001014
98318.25125839232,0.08661427759774967
98352.57261963296,0.12092764721413954
98386.8939808736,0.13912876979377345
98421.21534211424,0.1376772628026293
98455.53670335488,0.11533867515540637
98489.85806459552,0.07444186412979317
98524.17942583616,0.019895100349460133
98558.5007870768,-0.03957051605842114
98592.82214831744,-0.0943468951722439
98627.14350955808,-0.13434509586800178
98661.46487079872,-0.15187228417412255
98695.78623203936,-0.14300814267926854
98730.10759328,-0.10894478982890131
98764.42895452064,-0.05585310330996806
98798.75031576128,0.006464791972523723
98833.07167700192,0.06669864790751848
98867.39303824256,0.11438651960719501
98901.7143994832,0.1418943921129132
98936.03576072384,0.14570331792734875
98970.35712196448,0.12651088586359796
99004.67848320512,0.08860814103724579
99038.99984444576,0.03878847863536626
99073.3212056864,-0.015026085118609353
99107.64256692704,-0.06512971428293997
99141.96392816768,-0.1048161529393027
99176.28528940832,-0.1292863056031089
99210.60665064896,-0.1359298768478758
99244.9280118896,-0.12442600589378486
99279.24937313024,-0.09661695531288135
99313.57073437088,-0.05622633479710752
99347.89209561152,-0.008386051948933115
99382.21345685216,0.040868916095438634
99416.5348180928,0.0852386556688702
99450.85617933344,0.11880169678081055
99485.17754057408,0.13669937036910884
99519.49890181472,0.13579984280875454
99553.82026305536,0.11527642999704465
99588.141624296,0.0769864903570956
99622.46298553664,0.025544398622986582
99656.78434677728,-0.03168812405327914
99691.10570801792,-0.08619754428592456
99725.42706925856,-0.1281673571581747
99759.7484304992,-0.14986507553215306
99794.06979173984,-0.14597517165525678
99828.39115298048,-0.11608628788498801
99862.71251422112,-0.06466680778550242
99897.03387546176,-0.0008783328878997936
99931.3552367024,0.06338045370442787
99965.67659794303,0.11593332945713587
99999.99795918367,0.14703843056756513
