0.002040816326530612,-0.15972804683209282
30.671792055962676,-0.1501574948366533
61.341543295598825,-0.1239241181833454
92.01129453523498,-0.08721379653404472
122.68104577487112,-0.04716313072335239
153.35079701450726,-0.009555204914841547
184.02054825414342,0.022163436562772365
214.69029949377955,0.04675180325091616
245.3600507334157,0.0643168146578435
276.02980197305186,0.07574785962094673
306.699553212688,0.08216314181471994
337.3693044523242,0.08467299253747819
368.0390556919603,0.08424364955628154
398.7088069315964,0.08167623465678416
429.3785581712326,0.07757731214293638
460.04830941086874,0.07244352649494798
490.71806065050487,0.06661541244284293
521.387811890141,0.06036915990187601
552.0575631297772,0.053918881898911836
613.3970656090495,0.040933604700407356
644.0668168486857,0.03458436908700707
674.7365680883217,0.028412697523045212
736.0760705675941,0.016747908476102906
766.7458218072302,0.011302002615266293
797.4155730468664,0.0061361376742246655
828.0853242865026,0.0012250287044231166
858.7550755261386,-0.003348666547333453
889.4248267657748,-0.007711102232188481
920.094578005411,-0.011702223589480037
981.4340804846832,-0.018959926855168445
1012.1038317243194,-0.022208977261575256
1042.7735829639555,-0.025137318859607016
1073.4433342035918,-0.027839783448335795
1104.1130854432279,-0.030264330034632244
1134.782836682864,-0.032449368932772366
1165.4525879225002,-0.03438732109846987
1196.1223391621363,-0.03608283987771555
1226.7920904017724,-0.03755263629348756
1257.4618416414087,-0.038787419236457954
1288.1315928810448,-0.03980326366626111
1318.8013441206808,-0.040601105172874755
1349.4710953603171,-0.04118534027960796
1380.1408465999532,-0.04156443276182879
1410.8105978395893,-0.04173915408530307
1441.4803490792256,-0.04171801380942435
1472.1501003188616,-0.04150349163828739
1502.8198515584977,-0.04110073059530535
1533.489602798134,-0.04051565408411426
1564.15935403777,-0.03975022748476225
1594.8291052774061,-0.03881212660070765
1625.4988565170424,-0.03770332168144357
1656.1686077566785,-0.03643024720980744
1686.8383589963146,-0.03499646245970148
1717.5081102359509,-0.033407055097621194
1748.177861475587,-0.031665058084450505
1778.847612715223,-0.029780985405939746
1840.1871151944954,-0.0255797130265177
1870.8568664341315,-0.02329250342755191
1901.5266176737678,-0.02086909249359884
1962.86612015304,-0.015666863849198694
1996.1156449716777,-0.012662683826396215
2029.3651697903158,-0.009509786223991002
2095.8642194275917,-0.0029545031249236676
2228.862318702143,0.011313124509816076
2262.111843520781,0.01494412717635197
2295.3613683394187,0.01868407615905055
2361.8604179766944,0.02616514618724878
2395.1099427953322,0.0299005576914521
2428.35946761397,0.033621645966937036
2494.858517251246,0.04069291982935095
2528.1080420698845,0.04400803608448865
2561.3575668885223,0.04718333925765923
2594.60709170716,0.050114313129358705
2627.856616525798,0.052747721830812916
2661.106141344436,0.05502049291463588
2694.3556661630737,0.056861350949405656
2727.6051909817115,0.0581427205831833
2760.8547158003494,0.058802567483165764
2794.104240618987,0.0586265730619186
2827.353765437625,0.057548123713637676
2860.603290256263,0.05525077581807073
2893.8528150749007,0.051634140937460694
2927.1023398935386,0.046278518594700044
2960.3518647121764,0.0390057604293127
2993.6013895308142,0.029353451681612387
3026.8509143494525,0.016813232635387518
3060.100439168091,0.0014781361580608332
3093.3499639867287,-0.017354664042488366
3126.5994888053665,-0.03952053331201445
3159.8490136240043,-0.06455819755894242
3193.098538442642,-0.09111324557674016
3226.34806326128,-0.11653708438831129
3259.597588079918,-0.1365085349902553
3292.8471128985557,-0.14532536183538702
3326.0966377171935,-0.13723909327418612
3359.3461625358314,-0.10924406185580081
3392.595687354469,-0.06381211095337949
3425.845212173107,-0.00934724646776523
3459.094736991745,0.04302422725175613
3492.3442618103827,0.08420219435154389
3525.5937866290205,0.10998705853717065
3558.843311447659,0.12100397289687354
3592.092836266297,0.12027830543972956
3625.342361084935,0.1115544009936284
3658.591885903573,0.09813632659080862
3691.8414107222106,0.0824862937712103
3725.0909355408485,0.06625785579709728
3758.3404603594863,0.05047573996445593
3791.589985178124,0.03571236424534997
3824.839509996762,0.022224956002649232
3858.0890348154,0.010185375578936999
3891.3385596340377,-0.00043895473718034983
3924.5880844526755,-0.00970796922098299
3957.8376092713133,-0.017711217180070234
3991.087134089951,-0.024550330550643564
4024.336658908589,-0.03032876498792589
4057.586183727227,-0.03514625467154758
4090.835708545865,-0.03909597137189741
4121.8818436781985,-0.042055978409650335
4152.927978810532,-0.04444896616361073
4183.974113942866,-0.046238224561581484
4215.020249075199,-0.04752897802350058
4246.066384207532,-0.04836203448019755
4277.112519339866,-0.04875932335232832
4308.1586544721995,-0.04879317864200514
4339.204789604533,-0.04846285105671432
4370.250924736867,-0.04782880771984391
4401.2970598692,-0.046902747820245075
4432.343195001533,-0.04571222537513461
4463.389330133867,-0.044290698529010276
4494.4354652662005,-0.04264498984295721
4525.481600398534,-0.04081167008007358
4556.527735530868,-0.038796502162506796
4587.573870663201,-0.03662552206603156
4618.620005795534,-0.03430557200551158
4649.666140927868,-0.031873759201409405
4711.758411192535,-0.026662802944204637
4835.942951721869,-0.015279843705510427
5084.312032780537,0.00878035772367423
5115.358167912871,0.011713784808433752
5146.404303045205,0.01460315868625866
5208.496573309872,0.020189859389860003
5239.5427084422045,0.02288009202133524
5270.588843574538,0.02549250524579147
5332.681113839206,0.03036750102544907
5363.72724897154,0.03265490186404679
5394.773384103873,0.03479666328574011
5425.819519236205,0.036788532510468125
5456.865654368539,0.038645749260139056
5487.911789500873,0.04034396443945493
5518.957924633207,0.041830655158781496
5550.004059765541,0.04314294062270306
5581.050194897874,0.04425360989422231
5612.096330030206,0.04512518260345191
5643.14246516254,0.045765675351737034
5674.188600294874,0.04615282981500136
5705.234735427208,0.04623456825965698
5736.280870559542,0.046041922738978794
5767.327005691875,0.04555307662127994
5798.373140824207,0.044672613845336544
5829.419275956541,0.04338908620241248
5860.465411088875,0.04182193666399238
5891.511546221209,0.03972975612928977
5922.557681353543,0.03717094521999709
5953.6038164858755,0.03422967256494694
5984.649951618208,0.03056031516196718
6015.696086750542,0.026485806292608088
6046.742221882876,0.021710911384357594
6077.78835701521,0.016248717392641426
6108.225490216341,0.010299218516843352
6138.662623417473,0.0033619019514278085
6169.099756618603,-0.00392679237797991
6199.536889819735,-0.012507868414677058
6229.974023020866,-0.021368315580289315
6260.411156221997,-0.03148387133720237
6321.28542262426,-0.05347343934246837
6351.72255582539,-0.06534438910040026
6382.159689026522,-0.07729818953918657
6412.596822227653,-0.08887215018424476
6443.033955428784,-0.09924753149231116
6473.471088629915,-0.10727934351890982
6503.908221831047,-0.11138011270286653
6534.345355032177,-0.10951941966616734
6564.782488233309,-0.09939855498247466
6595.21962143444,-0.07888445761220664
6625.656754635571,-0.046787979971144755
6656.093887836702,-0.004366816060210672
6686.531021037834,0.0439842952893319
6716.968154238964,0.09090354274817593
6747.405287440096,0.12800476228601013
6777.842420641227,0.148925364112866
6808.279553842358,0.15182240660982552
6838.716687043489,0.13919815475302127
6869.153820244621,0.11605766403945904
6899.590953445751,0.08776792799100148
6930.028086646883,0.05868299351462197
6960.465219848014,0.031438884425769725
6990.902353049145,0.007574562101697501
7021.339486250276,-0.012381669202542044
7051.776619451408,-0.02848868010412258
7082.2137526525385,-0.04100456142773007
7112.65088585367,-0.05046980766154216
7143.088019054801,-0.05726733218174216
7173.525152255932,-0.0618167367122978
7203.962285457063,-0.06458644320526073
7234.399418658195,-0.06587194414191426
7264.8365518593255,-0.06594009428089502
7295.273685060457,-0.06502450250243934
7325.710818261588,-0.06331830011212797
7356.147951462719,-0.06098067006020381
7386.5850846638505,-0.058142602005416884
7417.022217864982,-0.05490635312977919
7447.4593510661125,-0.051401488220100475
7477.896484267244,-0.04760243258386491
7538.770750669506,-0.03961724026356517
7569.2078838706375,-0.0355153972754207
7599.645017071769,-0.03132731504758972
7660.519283474031,-0.02299658532918307
7782.267816278556,-0.006920752361265167
7812.704949479687,-0.0030682697782326764
7843.142082680818,0.0006037805360499743
7904.01634908308,0.007655104610912148
7934.4534822842115,0.010996208228168491
7964.890615485343,0.01416773426409015
8025.764881887605,0.02009092245620377
8058.7817886677385,0.023045627048783417
8091.798695447871,0.025799736051754823
8124.815602228004,0.02836749447614724
8157.832509008136,0.03072489382035013
8190.84941578827,0.032885158306226445
8223.866322568403,0.03482825124098225
8256.883229348536,0.036563676614117434
8289.900136128668,0.038078210712778275
8322.9170429088,0.03937066333568959
8355.933949688933,0.04044004753866301
8388.950856469066,0.04128078954358254
8421.9677632492,0.04189025785064218
8454.984670029335,0.042265538182859344
8488.001576809467,0.04240372410288859
8521.0184835896,0.04230119509750429
8554.035390369732,0.04195744364989315
8587.052297149865,0.04136257306649269
8620.069203929997,0.040527750690110956
8653.08611071013,0.039437912069636934
8686.103017490264,0.03808463611641754
8719.119924270399,0.0364986044396179
8752.136831050531,0.0346328177608902
8785.153737830664,0.032511885346829056
8818.170644610796,0.03014757974333819
8851.187551390929,0.027473823748407154
8884.204458171062,0.024587442944893415
8917.221364951194,0.0214187837355036
8950.238271731327,0.01790466080380061
8983.25517851146,0.014275319728755575
9016.272085291592,0.010280857773374126
9082.305898851859,0.0015825766638824824
9115.322805631993,-0.0032387678452578846
9148.339712412126,-0.008195974148773003
9214.37352597239,-0.01890761440389998
9247.390432752523,-0.024482178997457846
9280.407339532656,-0.030432212420259855
9346.441153092921,-0.04232956403993077
9379.458059873054,-0.0482466288379903
9412.474966653186,-0.05426674958189033
9445.491873433319,-0.05990224007850302
9478.508780213453,-0.06531179503525024
9511.525686993587,-0.07006035297297644
9544.54259377372,-0.07398359544992357
9577.559500553853,-0.07672474467727267
9610.576407333985,-0.07773690102638112
9643.593314114118,-0.07648181501940185
9676.61022089425,-0.0722017912501292
9709.627127674383,-0.06389796066230663
9742.644034454517,-0.050603802576325976
9775.660941234652,-0.031252283551304064
9808.677848014784,-0.005069402638734642
9841.694754794917,0.02790259695447918
9874.71166157505,0.06586212520815116
9907.728568355182,0.10510138624607382
9940.745475135314,0.13836620645080475
9973.762381915447,0.15744606328080532
10006.779288695581,0.15558600540041467
10039.796195475716,0.13149265308321512
10072.813102255848,0.0906147564786774
10105.83000903598,0.042493943348476934
10138.846915816113,-0.003554006454750465
10169.660432909943,-0.039231748286647924
10200.47395000377,-0.06565030457078078
10231.287467097598,-0.08316077506973599
10262.100984191427,-0.09286481178402371
10292.914501285257,-0.0964619636972631
10323.728018379084,-0.095525303738696
10354.541535472912,-0.09138274700986253
10385.355052566742,-0.08508963092327364
10416.168569660571,-0.07744542887037885
10446.982086754399,-0.06903623441433962
10508.609120942056,-0.05146640853710627
10539.422638035885,-0.04281023989261364
10570.236155129713,-0.034441416275927436
10631.86318931737,-0.01887905321113893
10662.6767064112,-0.01175637407422054
10693.490223505027,-0.005077947865839963
10724.303740598854,0.001140861438271485
10755.117257692684,0.006807545865519257
10785.930774786513,0.012064390037993035
10816.74429188034,0.01687488950646789
10847.557808974168,0.021192037747138688
10878.371326067998,0.02514472482871332
10909.184843161827,0.02867059899027099
10939.998360255655,0.03177100458804157
10970.811877349483,0.0345482706918835
11001.625394443312,0.03693539241572484
11032.438911537141,0.03896649171587196
11063.252428630969,0.040692084447171185
11094.065945724797,0.04206783964113004
11124.879462818626,0.043159871039746306
11155.692979912455,0.04394369701113401
11186.506497006283,0.04445199802844951
11217.32001410011,0.04468661934888522
11248.13353119394,0.04466252656142797
11278.94704828777,0.0443890953058756
11309.760565381597,0.043878083333241516
11340.574082475425,0.04313625735272095
11371.387599569254,0.042179198597943154
11402.201116663084,0.04100723251636246
11433.014633756911,0.03964045813468535
11463.828150850739,0.03807657579269358
11494.641667944568,0.03633439892520538
11525.455185038398,0.03441627540301511
11556.268702132225,0.03233146884329427
11617.895736319882,0.027705522145289714
11648.709253413712,0.025178184342516886
11679.52277050754,0.022518442909329316
11741.149804695197,0.016847398013966952
11864.40387307051,0.00431060821335706
12110.91200982114,-0.023119558886826805
12144.305300493972,-0.02685175066625739
12177.698591166802,-0.030454829314960963
12244.48517251246,-0.03744874676695463
12277.87846318529,-0.04066262418480949
12311.271753858122,-0.04375353883330297
12344.665044530953,-0.04663923076503396
12378.058335203783,-0.04918487187764386
12411.451625876613,-0.05147480201571944
12444.844916549444,-0.05335653653037943
12478.238207222275,-0.05481539954239146
12511.631497895105,-0.055724387066441596
12545.024788567935,-0.056086988171931314
12578.418079240764,-0.055637005331392465
12611.811369913594,-0.054510178783108154
12645.204660586425,-0.05225325093441799
12678.597951259257,-0.04902705605996974
12711.991241932086,-0.044262024307471504
12745.384532604916,-0.03828979960229488
12778.777823277745,-0.030197309311914982
12812.171113950575,-0.020452520997810007
12845.564404623407,-0.008181799113901558
12878.957695296238,0.00650323168386133
12912.350985969068,0.023791750184527435
12945.744276641897,0.043751431217270584
12979.137567314729,0.06580083634121212
13012.53085798756,0.08894358930819374
13045.92414866039,0.11115912996954733
13079.31743933322,0.1291296839711904
13112.710730006049,0.13813552816664165
13146.104020678878,0.13279342981228573
13179.49731135171,0.10908456210606997
13212.890602024541,0.06671246041521622
13246.28389269737,0.011845937410428926
13279.6771833702,-0.04462473865750059
13313.07047404303,-0.09124247078304838
13346.46376471586,-0.12109673909720667
13379.857055388691,-0.13292092237003147
13413.250346061523,-0.12990646303034145
13446.643636734352,-0.11687142940887757
13480.036927407182,-0.09830598208048873
13513.430218080013,-0.07756965200511756
13546.823508752845,-0.05689106474143218
13580.216799425674,-0.03755046112593451
13613.610090098504,-0.02011012819934759
13647.003380771333,-0.004884650471598334
13680.396671444163,0.008106205304734035
13713.789962116995,0.019135665987068153
13747.183252789826,0.028232234249860717
13780.576543462656,0.03567743288802222
13813.969834135485,0.041401193827057245
13847.363124808315,0.046101511049839436
13880.756415481144,0.04951759930258752
13914.149706153976,0.051885455173537334
13947.542996826807,0.05340610041913179
13980.936287499637,0.05415822087491441
14014.329578172466,0.054216606676475945
14047.722868845298,0.05368396272296885
14081.11615951813,0.05264662813081297
14114.509450190959,0.05115647083361437
14147.902740863788,0.04927843193162357
14181.296031536618,0.04705469502808233
14214.689322209448,0.044536035260503426
14248.08261288228,0.041772284424254034
14280.866901623907,0.03883985167601756
14313.651190365534,0.03573089137489573
14379.21976784879,0.02909038806720618
14510.356922815303,0.014779858686194185
14543.141211556931,0.011104227961636568
14575.92550029856,0.007424915576264585
14641.494077781816,0.00010968835279258349
14772.631232748327,-0.013904316627049853
14805.415521489955,-0.01719936964313801
14838.199810231581,-0.020388238721099072
14903.768387714837,-0.026389134803154194
14936.552676456466,-0.029169014912520805
14969.336965198094,-0.031797007419232415
15002.121253939722,-0.03424626953646049
15034.90554268135,-0.036513073348999496
15067.689831422978,-0.038589716060385186
15100.474120164607,-0.04042748440934563
15133.258408906235,-0.04205737671776684
15166.042697647863,-0.04345267213705016
15198.826986389491,-0.044578076079625634
15231.61127513112,-0.04543224357178372
15264.395563872746,-0.046004444350064205
15297.179852614374,-0.04625927903243747
15329.964141356002,-0.046209904317693035
15362.748430097628,-0.04580468017867116
15395.532718839257,-0.04502339135507717
15428.317007580885,-0.04389444988917823
15461.101296322513,-0.04230167282611058
15493.885585064141,-0.04035427544726999
15526.66987380577,-0.037883825308181865
15559.454162547398,-0.03497277769747747
15592.238451289026,-0.031544693578869756
15625.022740030654,-0.027522965321381848
15657.807028772282,-0.0230113797416051
15690.59131751391,-0.017838102762784032
15723.375606255539,-0.012054509018168437
15756.159894997167,-0.00562556792790115
15788.944183738793,0.0015624327621691601
15821.728472480421,0.009338049156521203
15854.51276122205,0.017982343921084554
15887.297049963676,0.027175759242204875
15952.865627446932,0.047610926020005495
15985.64991618856,0.05838035293269519
16018.434204930189,0.06934016556253808
16051.218493671817,0.08014847745232706
16084.002782413445,0.08987650262239574
16116.787071155073,0.09783621362538024
16149.571359896701,0.1026600122043398
16182.35564863833,0.10258368904665925
16215.139937379958,0.09541967882576231
16247.924226121586,0.07884862866877476
16280.708514863214,0.05085232503835318
16313.49280360484,0.01114078010776584
16346.277092346469,-0.037386046446871816
16376.857991401794,-0.08458769764323112
16407.438890457117,-0.12519245270122006
16438.01978951244,-0.15131194715285146
16468.600688567763,-0.15825155202339555
16499.181587623087,-0.146504904622532
16529.76248667841,-0.12081884734211441
16560.343385733733,-0.08773859964117042
16590.924284789056,-0.05308151731399176
16621.50518384438,-0.020788133198874466
16652.086082899703,0.006906707863186999
16682.666981955026,0.029206474631677908
16713.24788101035,0.04628955264800342
16743.828780065673,0.05866241449345242
16774.409679120996,0.06704246893445709
16804.990578176323,0.07214360742557502
16835.571477231646,0.07461948915102201
16866.15237628697,0.07502733279465026
16896.733275342296,0.07383102550432377
16927.31417439762,0.0713926617608595
16957.895073452943,0.06801103493158064
16988.475972508266,0.06392993065113511
17019.05687156359,0.059342025206370955
17080.218669674236,0.0492224051601023
17110.79956872956,0.043938142929635216
17141.380467784882,0.038474145531266435
17202.54226589553,0.027726293723729336
17324.86586211682,0.007421182440987075
17355.446761172145,0.002771578122723852
17386.027660227468,-0.0017598276694241449
17447.189458338114,-0.010146093913624457
17477.770357393438,-0.014001998711658683
17508.35125644876,-0.017673197577959893
17569.51305455941,-0.024304206541917797
17600.093953614734,-0.02724620827137118
17630.67485267006,-0.02999656375588279
17661.255751725384,-0.032485442492775254
17691.836650780708,-0.03473957656765471
17722.41754983603,-0.036759709157931884
17752.998448891354,-0.038525857194593054
17783.579347946677,-0.040067019204286305
17814.160247002,-0.041355661195685366
17844.741146057324,-0.0424071910770484
17875.322045112647,-0.043215065893102665
17905.90294416797,-0.04378083785999289
17936.483843223294,-0.04410582812439211
17967.064742278617,-0.04418923709694077
17997.64564133394,-0.04403227303196669
18028.226540389263,-0.04363540184288859
18058.807439444587,-0.04299822006092298
18089.38833849991,-0.04212653066801562
18119.969237555233,-0.04101547628901764
18150.550136610556,-0.03966096570049923
18181.13103566588,-0.03808715366567596
18211.711934721203,-0.036277904644277346
18242.292833776526,-0.03422204983281498
18272.873732831853,-0.03194625408306009
18303.454631887176,-0.02946574397886123
18336.615304521503,-0.026492340676798693
18369.775977155827,-0.023240190562030624
18402.936649790154,-0.01981207339353092
18436.09732242448,-0.01607923504170218
18469.257995058804,-0.012036326614678704
18502.41866769313,-0.0079290916423857
18568.74001296178,0.0012322786721292618
18601.900685596105,0.005966564131675513
18635.061358230432,0.010967708622018877
18701.382703499083,0.02149475132708255
18834.025394036384,0.04352326714333914
18867.186066670707,0.04885124246784693
18900.346739305034,0.05409723174682244
18933.50741193936,0.058971943898079984
18966.668084573685,0.06346461803442831
18999.828757208008,0.06728570977411706
19032.989429842335,0.07030857216415003
19066.150102476662,0.0721431688780322
19099.310775110986,0.07256506683465812
19132.47144774531,0.07091484262427457
19165.632120379636,0.06696138360382892
19198.792793013963,0.059630020596810024
19231.953465648287,0.048464129365468386
19265.11413828261,0.032560862178665294
19298.274810916937,0.011204910838531139
19331.435483551264,-0.01596756361697472
19364.596156185587,-0.0485178563578344
19397.75682881991,-0.08425996734722356
19430.917501454238,-0.11902166465051892
19464.078174088565,-0.14601331968260522
19497.23884672289,-0.15720105219989763
19530.399519357212,-0.14662650180496728
19563.56019199154,-0.113829596566027
19596.720864625866,-0.06550687708835376
19629.88153726019,-0.012336205240783271
19663.042209894513,0.03544386342773866
19696.20288252884,0.07159475773468987
19729.363555163167,0.09465758452590647
19762.52422779749,0.10595344085459862
19795.684900431814,0.10805143801149616
19828.84557306614,0.10368241268749448
19862.006245700468,0.09515057873836172
19895.16691833479,0.08418619328820606
19928.327590969115,0.07209473115504457
19961.48826360344,0.05960779796696672
19994.64893623777,0.04731685504967768
20027.809608872092,0.03555921103504017
20060.970281506416,0.02453359192036422
20094.130954140743,0.014350910201336997
20127.29162677507,0.005120269360790072
20160.452299409393,-0.003389301133248375
20193.612972043717,-0.010943628775198121
20226.773644678044,-0.017670059626639516
20259.93431731237,-0.023587308410569875
20293.094989946694,-0.02875815248531611
20326.25566258102,-0.03321872652118415
20359.41633521535,-0.03704127220826545
20392.57700784967,-0.04023270854150866
20425.737680484,-0.04284400474691517
20456.69496343202,-0.04474155613099371
20487.652246380043,-0.046252979613565
20518.609529328063,-0.04729629545060607
20549.566812276084,-0.04797271308398154
20580.524095224104,-0.04825838699413576
20611.481378172124,-0.04820044685065107
20642.438661120144,-0.0478109788148738
20673.395944068165,-0.04711073184361646
20704.353227016185,-0.04612148819904813
20735.310509964205,-0.044858423072784585
20766.26779291223,-0.043338977472051995
20797.22507586025,-0.04158327990757918
20828.18235880827,-0.03959931227750261
20859.139641756294,-0.03740562778778991
20921.054207652334,-0.03245931373710875
20952.011490600355,-0.02972964044984235
20982.968773548375,-0.02685326281030655
21044.88333944442,-0.020683759435143632
21168.712471236504,-0.007112231385710162
21416.37073482067,0.02198205770475207
21447.32801776869,0.025433476827439648
21478.285300716714,0.028852085788955636
21509.242583664734,0.03220932126915234
21540.199866612755,0.03546872921375181
21571.157149560775,0.03848291786862613
21602.114432508795,0.041353047735709206
21633.071715456816,0.044069318991686604
21664.028998404836,0.04656661293116862
21694.986281352856,0.04872174546490128
21725.943564300876,0.05064382002426628
21756.9008472489,0.05223590947315547
21787.85813019692,0.05340793050441164
21818.81541314494,0.054205388232874296
21849.772696092965,0.05452020946304666
21880.729979040985,0.05419512814436461
21911.687261989005,0.05340205215624323
21942.644544937026,0.0519044777221689
21973.601827885046,0.04944355573700169
22004.55911083307,0.04643388552951527
22035.51639378109,0.04231798319617694
22066.47367672911,0.0367857951097024
22097.430959677135,0.030668480123999083
22128.388242625155,0.02270156656803829
22159.345525573175,0.013533312944718653
22190.302808521195,0.0026402405374413504
22221.260091469216,-0.010228260340760922
22252.217374417236,-0.0243262585194148
22283.174657365256,-0.04084473872139746
22314.131940313277,-0.05824267347396224
22345.089223261297,-0.07685258928338964
22376.04650620932,-0.09544049971256988
22407.00378915734,-0.11243926622701642
22437.352070174158,-0.1252278220780748
22467.70035119098,-0.13111161726370088
22498.048632207796,-0.1265480884263596
22528.396913224613,-0.10834487742290332
22558.745194241434,-0.07524522231068971
22589.09347525825,-0.028950613222398336
22619.441756275068,0.02386518627251141
22649.79003729189,0.07430276140772005
22680.13831830871,0.11369735679026202
22710.486599325526,0.13677968510058153
22740.834880342343,0.14314645561069775
22771.183161359164,0.1357080113317205
22801.531442375985,0.1189465244076766
22831.8797233928,0.09707052644111801
22862.22800440962,0.07355449738297008
22892.57628542644,0.05050261948406552
22922.92456644326,0.029232851276334876
22953.272847460077,0.010395718231387394
22983.621128476894,-0.005791810333899736
23013.969409493715,-0.019370855091040133
23044.317690510536,-0.030519764181803986
23074.665971527353,-0.039510616998661346
23105.01425254417,-0.04655848825150024
23135.36253356099,-0.051903308033215856
23165.71081457781,-0.05577682063393852
23196.059095594628,-0.05838401546625089
23226.407376611445,-0.05990508510375662
23256.755657628266,-0.06049494938280078
23287.103938645083,-0.0602974058584259
23317.4522196619,-0.059410064788261274
23347.80050067872,-0.057936838254697004
23378.148781695538,-0.055968249669748255
23408.497062712355,-0.053574782305675854
23438.845343729176,-0.05083035226197034
23469.193624745993,-0.04779805267703826
23499.54190576281,-0.044491759949441725
23529.89018677963,-0.04100617584341079
23560.238467796447,-0.037342334399628106
23620.935029830085,-0.029671563508011013
23651.283310846906,-0.025698815246468634
23681.631591863723,-0.021713649197916438
23742.32815389736,-0.01364659607532239
23863.721277964636,0.002139781976009546
23894.069558981457,0.005944308382743344
23924.417839998274,0.00962859720264253
23985.11440203191,0.01667859302083082
24015.462683048732,0.019999255087433797
24045.81096406555,0.02319969287324384
24106.507526099187,0.02910616340562741
24136.855807116008,0.03180251049914068
24167.204088132825,0.034315447269445534
24197.552369149642,0.036629085053768766
24227.900650166463,0.03874078339669839
24258.24893118328,0.04063401375119785
24288.597212200097,0.04229888045895576
24318.945493216917,0.043734415965092865
24349.293774233734,0.04492396189213291
24382.221828829555,0.045912263017353246
24415.149883425373,0.0465950622181915
24448.077938021193,0.04694403418161762
24481.005992617014,0.046944252949406684
24513.934047212835,0.04660270437224054
24546.862101808656,0.04587341263240571
24579.790156404477,0.044733454340261346
24612.718211000298,0.04324268544729935
24645.64626559612,0.041289109522792605
24678.57432019194,0.03889808612031234
24711.502374787757,0.03609975119082163
24744.430429383578,0.032727246704976544
24777.3584839794,0.02897873022062968
24810.286538575216,0.024651505096058884
24843.214593171037,0.01982639003171071
24876.142647766857,0.014462372395234444
24909.07070236268,0.008484651466742833
24941.9987569585,0.0020659529549870055
24974.92681155432,-0.005113957576022782
25007.85486615014,-0.012637796036973101
25040.78292074596,-0.020846256569776747
25073.710975341783,-0.029531127899349696
25139.56708453342,-0.04819714496678834
25172.49513912924,-0.05773306371543671
25205.42319372506,-0.06745873808705043
25238.35124832088,-0.07660360450884954
25271.2793029167,-0.08489411004468062
25304.20735751252,-0.09160207730830207
25337.135412108342,-0.095708393834974
25370.063466704163,-0.09590153932593454
25402.991521299984,-0.09051981137081484
25435.919575895805,-0.07764123757372514
25468.847630491626,-0.05543303461742645
25501.775685087447,-0.02265074189028913
25534.703739683267,0.020122098513512873
25567.63179427909,0.06860758218224994
25600.55984887491,0.11484550135221513
25633.487903470726,0.14897994909490198
25666.415958066547,0.16194121797273406
25699.34401266237,0.15109447652067803
25732.272067258185,0.12080063987172487
25765.200121854006,0.0797657423329064
25798.128176449827,0.037048258173540474
25831.056231045648,-0.0013424985960623428
25863.98428564147,-0.03237193235365011
25896.91234023729,-0.05520624302648033
25929.84039483311,-0.07064869420241912
25962.76844942893,-0.0798357330338325
25995.696504024752,-0.08407010159078421
26028.624558620573,-0.08459048818657297
26061.552613216394,-0.08233860185504004
26094.480667812215,-0.07810709069065586
26127.408722408036,-0.07250783387153178
26160.336777003853,-0.0660043937477753
26193.264831599674,-0.058943306569866113
26226.192886195495,-0.05151200850149136
26259.120940791312,-0.04402673488624314
26324.977049982954,-0.02918263629061278
26357.905104578775,-0.022074262966486173
26390.833159174595,-0.015207413637925275
26456.689268366237,-0.0023967773268848743
26487.413933275755,0.0031277243528991146
26518.13859818527,0.00831210982083998
26548.863263094783,0.01313889848518033
26579.5879280043,0.017691069712290692
26610.31259291382,0.02185583246648366
26641.037257823333,0.025718586905715463
26671.761922732847,0.029232092421592252
26702.486587642365,0.03240978059763357
26733.211252551882,0.03525344379613399
26763.935917461396,0.03777416029275141
26794.66058237091,0.039958864846204714
26825.38524728043,0.041831248796335985
26856.109912189946,0.043374446669555256
26886.83457709946,0.04461222178053656
26917.559242008974,0.04553171145762672
26948.283906918492,0.046151084163780415
26979.00857182801,0.046464660886276876
27009.733236737524,0.0464842328778248
27040.457901647038,0.046210795072020784
27071.182566556556,0.04564972904711298
27101.907231466073,0.04480710579855933
27132.631896375588,0.04369007841861838
27163.3565612851,0.04229806843105601
27194.08122619462,0.040643083085717964
27224.805891104137,0.03872484343863115
27255.53055601365,0.03655852659025466
27286.255220923165,0.03414326524680554
27316.979885832683,0.031473573739400094
27347.7045507422,0.028597016477207554
27378.429215651715,0.025480857563882305
27439.878545470747,0.01860798677443492
27470.603210380264,0.014862338690391625
27501.32787528978,0.010889984046417178
27562.77720510881,0.0025472040755041506
27685.675864746874,-0.01594841336213935
27716.400529656392,-0.020714427020530057
27747.125194565906,-0.02564688749705002
27808.574524384938,-0.03543406433831754
27839.299189294456,-0.04033996300686189
27870.02385420397,-0.044996725520091964
27931.473184023,-0.05389402595924703
27962.19784893252,-0.05790308526188537
27992.922513842033,-0.06149968478734968
28023.647178751547,-0.06454261366668795
28054.371843661065,-0.06690488938304631
28085.096508570583,-0.06843432545406043
28115.821173480097,-0.06888200610039015
28146.54583838961,-0.06801662230238512
28177.27050329913,-0.06558099455415507
28207.995168208647,-0.06105621678916233
28238.71983311816,-0.05436507164475906
28269.444498027675,-0.044503048463107577
28300.169162937193,-0.0317543802066298
28330.89382784671,-0.014922134913188008
28361.618492756228,0.005920089528119989
28392.343157665746,0.030859718315732226
28423.06782257526,0.05930384375729156
28456.372261063778,0.09211598986901975
28489.676699552292,0.12313522580407782
28522.98113804081,0.1460826622379826
28556.285576529328,0.15348672624469845
28589.590015017846,0.13935340223539439
28622.894453506364,0.10271610588613414
28656.19889199488,0.05013886763619933
28689.5033304834,-0.0070018245635610175
28722.807768971918,-0.056846433132560006
28756.112207460435,-0.09271183594759791
28789.416645948953,-0.11289507307088233
28822.72108443747,-0.11939310026142001
28856.02552292599,-0.11573261984736008
28889.329961414507,-0.10546697457432783
28922.634399903025,-0.09143157853212996
28955.938838391543,-0.07572839068078285
28989.24327688006,-0.05962569322995796
29022.54771536858,-0.044044333080052116
29055.852153857097,-0.02947591517054298
29089.156592345615,-0.01615908577635728
29122.461030834133,-0.004197509488555708
29155.76546932265,0.006395727359412632
29189.06990781117,0.015702707776125997
29222.374346299686,0.02368767655572937
29255.678784788204,0.03043717237295459
29288.983223276722,0.03625605311804384
29322.28766176524,0.04098756062174566
29355.592100253758,0.04479380183771989
29388.896538742276,0.04774906499772346
29422.200977230794,0.04992903252864207
29455.50541571931,0.05141084670012584
29488.80985420783,0.052249275777067984
29522.114292696348,0.05249400710079981
29555.418731184865,0.0521861741481507
29588.723169673383,0.051397345437149744
29622.0276081619,0.05015571487065049
29655.33204665042,0.04849669741579035
29688.636485138937,0.0464752705204379
29721.940923627455,0.044104165014990815
29755.245362115973,0.04143637343517402
29788.54980060449,0.03848809481792939
29821.85423909301,0.035293854868903574
29888.463116070045,0.028274096617851407
29921.767554558563,0.024507829524162947
29955.07199304708,0.02058253299136449
30021.680870024113,0.012416217403713403
30054.98530851263,0.008202511401624651
30088.289747001145,0.0039415932026084476
30154.89862397818,-0.004642499084756518
30188.2030624667,-0.008929127354825792
30221.507500955217,-0.013173099559365058
30288.116377932252,-0.02145801093112677
30321.42081642077,-0.02543586959504824
30354.72525490929,-0.029282327321904614
30388.029693397806,-0.03299659408470905
30421.334131886324,-0.036473253040509385
30454.638570374842,-0.03975695306239901
30487.94300886336,-0.042816957123432114
30521.247447351878,-0.04552987179129709
30554.551885840396,-0.04796792934015295
30587.24732239771,-0.05000715757637695
30619.942758955025,-0.05164591873205577
30652.638195512343,-0.05287610664706074
30685.333632069658,-0.05360441028875609
30718.029068626973,-0.05384659937868811
30750.72450518429,-0.05346561778322538
30783.419941741606,-0.05243179274925916
30816.11537829892,-0.05076892137479823
30848.810814856235,-0.04816219692423486
30881.50625141355,-0.0448098060041883
30914.201687970864,-0.04046328746364445
30946.89712452818,-0.034927530479133474
30979.592561085494,-0.02847758216317071
31012.28799764281,-0.020280367163720052
31044.983434200127,-0.01134392078696602
31077.67887075744,-0.00036148789037390716
31110.374307314756,0.011791185895351698
31143.069743872074,0.025710402433075777
31175.76518042939,0.041240221535072605
31208.460616986704,0.05765008021049191
31241.15605354402,0.09011266303315488
31273.851490101333,0.09236415891925343
31306.546926658648,0.10792515336785088
31339.242363215963,0.11959350534897434
31371.937799773277,0.12424988904337354
31404.633236330592,0.11805022052871203
31437.32867288791,0.09751290464621208
31470.024109445225,0.06043916502448544
31502.71954600254,0.00957091290760223
31535.414982559858,-0.04788455629126211
31568.110419117173,-0.1001200859536026
31600.805855674487,-0.1363753969388721
31633.501292231802,-0.15102912527300727
31666.196728789117,-0.1453444755781499
31698.892165346435,-0.12493770638010292
31731.58760190375,-0.0966118099651626
31764.283038461064,-0.06592919347007328
31796.978475018383,-0.036658521626869486
31829.673911575697,-0.01076359026801376
31862.369348133012,0.010949449606810803
31895.064784690327,0.028449043263132405
31927.76022124764,0.04203297497885525
31960.45565780496,0.05216067525692286
31993.151094362274,0.059329818982405136
32025.84653091959,0.06401407260259388
32058.541967476907,0.06663734356030324
32091.237404034222,0.06758180397712656
32123.932840591537,0.0671070264253648
32156.62827714885,0.06552279359870963
32189.323713706166,0.06303417930207475
32222.019150263484,0.05982926402562721
32254.7145868208,0.056009516349608324
32287.410023378114,0.05176266747611344
32320.105459935432,0.04718154806338011
32385.49633305006,0.037260572342567945
32418.191769607376,0.032089210649795266
32450.88720616469,0.026838352219188136
32516.27807927932,0.01634761400226971
32647.059825508582,-0.0037463334495187652
32677.55187237959,-0.008117359136341696
32708.043919250602,-0.012328955448044732
32769.028012992625,-0.020218751464333315
32799.52005986364,-0.023863604893618006
32830.01210673465,-0.02730777993586183
32890.99620047667,-0.03350152346929816
32921.48824734768,-0.03623151216993945
32951.980294218694,-0.03871548051538022
32982.472341089706,-0.040928895477721765
33012.96438796072,-0.042868525700640904
33043.45643483173,-0.044527166888167005
33073.94848170274,-0.04589290267836871
33104.440528573745,-0.04695967513608537
33134.93257544476,-0.04771344323125716
33165.42462231577,-0.04815326635163716
33195.91666918677,-0.048263922583349855
33226.408716057784,-0.0480429775310741
33256.900762928795,-0.04748230959085459
33287.39280979981,-0.046555488743516546
33317.88485667082,-0.04529192657918961
33348.37690354183,-0.043658442893463704
33378.86895041284,-0.0416134402996298
33409.36099728385,-0.03924190738370711
33439.853044154865,-0.036466446845579516
33470.345091025876,-0.03322483651546528
33500.83713789689,-0.029686266702152138
33531.3291847679,-0.025707903138658193
33561.82123163891,-0.021201266837920337
33622.805325380934,-0.011194320093927856
33653.297372251945,-0.005482874238473885
33683.78941912296,0.0005148170040826343
33744.77351286498,0.013861287722435518
33775.26555973599,0.021139090344435712
33805.757606607,0.02869709771890641
33866.74170034902,0.04449832318041175
33897.23374722003,0.052603566173964666
33927.725794091035,0.06060841351465627
33958.21784096205,0.06841985461390065
33988.70988783306,0.07562939322652358
34019.20193470407,0.08204196957101972
34049.69398157508,0.0870258127352824
34080.18602844609,0.09007790228489548
34110.678075317104,0.09034615556794598
34141.170122188116,0.08682323801436329
34171.66216905913,0.0783882908834333
34202.15421593014,0.06372256360566653
34232.64626280115,0.041666205250095165
34263.13830967216,0.011567304298555306
34293.63035654317,-0.025816764954643023
34324.122403414185,-0.06833045772170596
34354.6144502852,-0.11019100747377575
34385.10649715621,-0.14404012264780044
34415.59854402722,-0.16209750717573684
34446.09059089823,-0.159233475959135
34476.58263776924,-0.1359556484740721
34507.074684640254,-0.09786346431191448
34537.566731511266,-0.053403064919751886
34568.05877838227,-0.010062750101772641
34598.55082525328,0.02703814475484284
34631.62264570329,0.05768147514790568
34664.694466153305,0.07816477906586965
34697.76628660332,0.08984101236699019
34730.838107053336,0.09453910357389061
34763.90992750335,0.09403383960857209
34796.98174795336,0.08985103755233328
34830.05356840337,0.08318853053991533
34863.12538885338,0.07494920425184312
34896.1972093034,0.06579494860019945
34929.26902975341,0.056202098910374476
34995.41267065344,0.03703123467888092
35028.484491103445,0.027661880422074278
35061.55631155346,0.01887668044347856
35127.69995245349,0.002627818453680958
35160.77177290351,-0.004555211260666259
35193.843593353515,-0.011353347491853953
35226.91541380352,-0.01746056375832159
35259.98723425354,-0.023008918706096823
35293.05905470355,-0.02801748669514388
35326.13087515357,-0.03241169794051345
35359.202695603584,-0.03631756921660981
35392.27451605359,-0.039659283353052056
35425.3463365036,-0.04247558311315855
35458.418156953616,-0.04480726694616362
35491.48997740363,-0.046620163464847784
35524.56179785365,-0.0479811316110115
35557.63361830366,-0.04886282840216362
35590.70543875367,-0.049307456783450866
35623.77725920368,-0.049312833543958524
35656.84907965369,-0.04890290752899524
35689.92090010371,-0.04808796687480309
35722.99272055372,-0.04688317580882465
35756.064541003725,-0.04530434044833882
35789.13636145374,-0.0433636638446058
35822.208181903756,-0.041078325600914296
35855.28000235377,-0.038459657939416914
35888.35182280379,-0.03552947859668683
35921.423643253795,-0.03229484829262236
35954.4954637038,-0.028776522779116458
35987.56728415382,-0.02499802485953194
36053.71092505385,-0.016689341429290638
36086.782745503864,-0.012217995452107295
36119.85456595387,-0.007512059656038855
36185.998206853896,0.0022867687659589696
36219.07002730391,0.007454418008364456
36252.14184775392,0.012605689663344462
36318.28548865394,0.02323771656156667
36351.35730910396,0.028430680973327523
36384.42912955397,0.033656592932740426
36450.572770454,0.04370690291938204
36483.644590904005,0.048455198878769735
36516.71641135402,0.052816085073923165
36549.788231804036,0.056824408012538886
36582.86005225405,0.060291355405251705
36615.931872704066,0.0631323939375005
36649.003693154074,0.06516522596620215
36682.07551360408,0.06623924920139737
36715.1473340541,0.0661275992901823
36746.01576481781,0.06469951360005838
36776.884195581515,0.06182913327138316
36807.752626345224,0.0571024370505827
36838.62105710893,0.05037300561342953
36869.48948787264,0.04098721891481974
36900.35791863635,0.029119179442785734
36931.22634940006,0.013797447363261071
36962.09478016377,-0.004782360516073232
36992.963210927475,-0.026895813416023682
37023.831641691184,-0.05216656407718661
37054.70007245489,-0.079486006202582
37085.5685032186,-0.10683621535791454
37116.43693398231,-0.13069927153366823
37147.30536474602,-0.1462162514678768
37178.17379550973,-0.1478703293714774
37209.042226273436,-0.13123716118003553
37239.910657037144,-0.09533805225317721
37270.77908780085,-0.04486805116248049
37301.64751856456,0.010933365371844011
37332.51594932827,0.061795625325642825
37363.38438009198,0.09983709273718926
37394.25281085569,0.12226560308134281
37425.121241619396,0.12988045078372043
37455.989672383104,0.12599169378740108
37486.85810314681,0.11429222172778089
37517.72653391052,0.09802359983774583
37548.59496467423,0.07968102637905126
37579.46339543794,0.060986515853641364
37610.33182620165,0.043058736842809864
37641.200256965356,0.026330334494181935
37672.06868772906,0.01137707000193144
37702.937118492766,-0.0020196383605401436
37733.805549256474,-0.013655656640972152
37764.673980020176,-0.02357888998036638
37795.542410783884,-0.031971213272114385
37826.41084154759,-0.03892913519888426
37857.2792723113,-0.04458262180176198
37888.14770307501,-0.04900263137318293
37919.01613383872,-0.05245138140046189
37949.88456460243,-0.054890390257162205
37980.752995366136,-0.05644347108264006
38011.621426129845,-0.05725839313824149
38042.48985689355,-0.05735054990502398
38073.35828765726,-0.05681735616722584
38104.22671842097,-0.05572784646887772
38135.09514918468,-0.05413743084873715
38165.96357994839,-0.052089805609891605
38196.832010712096,-0.04965751921755053
38227.700441475805,-0.0468568286675607
38258.56887223951,-0.04375833471551953
38320.30573376693,-0.03676147210098739
38351.17416453064,-0.0329363503305979
38382.04259529435,-0.028943427170005382
38443.779456821765,-0.020547543720412557
38474.647887585474,-0.01620300608651827
38505.51631834918,-0.011792260804109425
38567.2531798766,-0.0028908220835124417
38690.726902931434,0.014670379415637504
38724.175107274146,0.01921631570721693
38757.62331161686,0.02361866309361562
38791.07151595957,0.02784384964100497
38824.519720302276,0.03188963375204246
38857.96792464498,0.0356663921502372
38891.416128987694,0.03920939065489876
38924.864333330406,0.04244735517664061
38958.31253767312,0.04535798567283676
38991.76074201583,0.04792614353523611
39025.208946358536,0.0500617040720965
39058.65715070124,0.051789072447069796
39092.105355043954,0.053028427626441395
39125.553559386666,0.0537458915174992
39159.00176372938,0.053900197282297974
39192.44996807209,0.05341495455019145
39225.898172414796,0.05230540854309109
39259.3463767575,0.05037166587477078
39292.794581100214,0.047759165487146746
39326.242785442926,0.04418348381522384
39359.69098978564,0.03976824599741462
39393.13919412835,0.03424060680824013
39426.587398471056,0.027723468332403193
39460.03560281376,0.019955818868617282
39493.48380715647,0.011005303158781204
39526.932011499186,0.0006391059325071245
39560.3802158419,-0.010836401570600115
39593.82842018461,-0.023961004617929705
39627.276624527316,-0.03799144243771764
39660.72482887002,-0.05321872474877545
39694.17303321273,-0.0691391143168724
39727.621237555446,-0.08482460468810005
39761.06944189816,-0.0994631577810907
39794.51764624087,-0.1111086141347841
39827.96585058358,-0.11736755078563554
39861.414054926296,-0.11504111993111694
39894.862259269,-0.10046235929287145
39928.310463611706,-0.07063039474565683
39961.75866795442,-0.02535151175298423
39995.20687229713,0.03080130321511329
40028.65507663984,0.08793036612028968
40062.103280982556,0.1330073677357885
40095.55148532526,0.1558711037668269
40128.999689667966,0.15404119079465942
40162.44789401068,0.1322676587388759
40195.89609835339,0.09898155077704052
40229.3443026961,0.06197957697322244
40262.792507038816,0.02696230313694619
40296.24071138152,-0.003287189597226882
40329.688915724226,-0.02760772917832239
40363.13712006694,-0.046025228712255464
40396.58532440965,-0.059255549238771854
40430.03352875236,-0.06799493767523847
40463.481733095075,-0.07309875834416249
40496.92993743778,-0.0752468139910317
40530.378141780486,-0.0750695421570765
40563.8263461232,-0.07309117229535872
40597.27455046591,-0.06972362274677438
40630.72275480862,-0.06529204602125024
40664.170959151335,-0.06007231218625282
40697.61916349404,-0.05429106990946201
40731.067367836746,-0.048151124322694645
40764.51557217946,-0.04169437499656462
40831.41198086488,-0.0285120162648404
40864.25118327639,-0.022069393765199417
40897.0903856879,-0.015665235461907213
40962.76879051091,-0.0033952531251622486
40995.60799292242,0.002460719447429301
41028.44719533392,0.008018555460190046
41094.12560015694,0.0183418369750476
41126.96480256845,0.023068234650492188
41159.80400497996,0.027417004756670114
41192.64320739147,0.03144623519807637
41225.48240980298,0.03509309677086215
41258.32161221449,0.03837671811571485
41291.160814626,0.041268619021991644
41324.0000170375,0.04376884867525676
41356.83921944901,0.045857535807785565
41389.67842186052,0.04754212261094427
41422.51762427202,0.04880191380176042
41455.35682668353,0.04963571143863289
41488.19602909504,0.05003368601751664
41521.03523150655,0.049992976679695905
41553.874433918056,0.049504719091858065
41586.713636329565,0.04857077387106133
41619.552838741074,0.04716950509722043
41652.39204115258,0.0453278956051997
41685.23124356409,0.04301271165334181
41718.070445975594,0.040221014114427585
41750.9096483871,0.03700021940155176
41783.74885079861,0.03325597341647232
41816.588053210115,0.029103069084332942
41849.427255621624,0.02448474011990707
41882.26645803313,0.019298904769538803
41915.10566044464,0.01381890200805783
41947.94486285615,0.007821379964382251
42013.62326767916,-0.005376819646368316
42046.46247009067,-0.012698415869450778
42079.30167250217,-0.020099466182750977
42144.98007732519,-0.03589753426298767
42177.8192797367,-0.04409932486078492
42210.65848214821,-0.05210660869047654
42243.49768455972,-0.060091657728807625
42276.33688697123,-0.06752810011941632
42309.17608938274,-0.07438094558564826
42342.01529179425,-0.08003476414211294
42374.85449420575,-0.08411257053299663
42407.69369661726,-0.08595414481337812
42440.53289902877,-0.0846797758150411
42473.37210144027,-0.07915931083516774
42506.21130385178,-0.06845880941015053
42539.05050626329,-0.05101711340615364
42571.8897086748,-0.025852431586019506
42604.728911086306,0.007456500484835284
42637.568113497815,0.04775283240560167
42670.407315909324,0.09146408143485997
42703.24651832083,0.13126417880816407
42736.08572073234,0.1578014687260867
42768.924923143844,0.1623415346185903
42801.76412555535,0.1414369607959849
42834.60332796686,0.09957845621897242
42867.442530378365,0.047254607327869805
42900.281732789874,-0.0042522570241951725
42933.12093520138,-0.04700140940181194
42963.756747926585,-0.075928500116895
42994.39256065179,-0.09414500613723634
43025.02837337699,-0.10323068712525281
43055.66418610219,-0.10513140666939999
43086.299998827395,-0.10177199653384499
43116.9358115526,-0.09479964291159984
43147.5716242778,-0.08551256280457754
43178.20743700301,-0.0748817162704929
43208.84324972822,-0.06360762677460541
43239.47906245342,-0.05212171872073862
43270.114875178624,-0.04082930711010808
43300.75068790383,-0.02998218362595031
43331.38650062903,-0.019717479206216068
43362.02231335423,-0.010076397600713586
43392.658126079434,-0.0010912148556682308
43423.293938804636,0.00713706510394594
43453.92975152984,0.014592435843020338
43484.56556425504,0.021272118222361976
43515.20137698024,0.027340731187635886
43545.837189705446,0.032637598428940706
43576.47300243065,0.037239961465679004
43607.10881515585,0.041237535555530516
43637.74462788105,0.04457274556372533
43668.38044060626,0.04728727681800547
43699.01625333147,0.04946079414140334
43729.652066056675,0.05103385358117825
43760.28787878188,0.05211770162660456
43790.92369150708,0.05266727028462907
43821.55950423228,0.052748728159496536
43852.195316957484,0.052361630894187654
43882.83112968269,0.05153884306461373
43913.46694240789,0.05030002692761614
43944.10275513309,0.04866379808993043
43974.738567858294,0.04665615066938942
44005.3743805835,0.04429211868573826
44036.0101933087,0.04159715450489201
44066.6460060339,0.03858669167412076
44097.281818759104,0.035284870899643675
44158.553444209516,0.027885482590879654
44189.189256934726,0.023832153550512963
44219.82506965993,0.01956045539422291
44281.09669511033,0.01049417969813412
44403.63994601114,-0.00919714371106032
44434.275758736345,-0.014229138480593765
44464.91157146155,-0.01931268276826265
44526.18319691196,-0.029342316736717455
44556.81900963717,-0.0342417994018788
44587.45482236237,-0.039025947220239485
44648.726447812776,-0.04782312808553921
44679.36226053798,-0.05182799417198469
44709.99807326318,-0.05539355580571556
44740.63388598838,-0.05858152469105461
44771.269698713586,-0.061184072194516534
44801.90551143879,-0.06316890459643068
44832.54132416399,-0.06437632187530862
44863.17713688919,-0.06476046255064745
44893.8129496144,-0.06401756856401199
44927.02853591861,-0.06200526972767119
44960.24412222281,-0.058134653638635396
44993.459708527014,-0.052569064006973205
45026.67529483122,-0.04451356207615233
45059.89088113543,-0.03407724408422793
45093.10646743963,-0.020655623195316303
45126.32205374384,-0.003826396955324586
45159.537640048045,0.016020006999722107
45192.75322635225,0.039401245768215055
45225.96881265646,0.06533618571265987
45259.18439896066,0.09231217450950284
45292.39998526486,0.11769501706285856
45325.61557156907,0.13700096420963143
45358.83115787327,0.14421330535704596
45392.046744177474,0.1331900529240913
45425.26233048168,0.1005063213750388
45458.47791678589,0.04835958911024929
45491.69350309009,-0.013591764554358825
45524.9090893943,-0.0717576476950731
45558.124675698506,-0.1141438057541509
45591.34026200271,-0.13612147896560906
45624.55584830692,-0.13870552259143648
45657.77143461112,-0.12706094796404802
45690.98702091532,-0.1068393713021436
45724.20260721953,-0.08274762934435159
45757.41819352373,-0.058063506608756345
45790.633779827935,-0.034749677868014806
45823.84936613214,-0.013882152417665581
45857.06495243635,0.0042696803489036955
45890.28053874055,0.01950914982286563
45923.49612504476,0.03192011291111374
45956.711711348966,0.04195602233673697
45989.92729765317,0.04969001568093221
46023.14288395738,0.05540327130275834
46056.358470261584,0.059361710121950295
46089.57405656579,0.06179555642208966
46122.78964287,0.0629106892017728
46156.0052291742,0.06288613451704203
46189.2208154784,0.06187650857732087
46222.43640178261,0.060016894588743805
46255.651988086815,0.0574317810726631
46288.86757439101,0.05421724425736816
46322.08316069522,0.05047507289003274
46355.298746999426,0.046299704518311974
46388.51433330363,0.04177318422385651
46421.72991960784,0.03689887893712435
46488.16109221625,0.026555384394966554
46521.37667852046,0.021185297810839363
46554.59226482466,0.01568788843331137
46621.023437433076,0.004663845107465793
46654.23902373728,-0.0007946804422433885
46687.45461004149,-0.0061936467300177
46753.88578264989,-0.016591963713339833
46787.1013689541,-0.02153739032544926
46820.3169552583,-0.02625790513194804
46853.532541562505,-0.030734240754450526
46886.74812786671,-0.034938244006438315
46919.96371417092,-0.03881082244096749
46953.17930047512,-0.04235563176387768
46986.39488677933,-0.04551542034224097
47019.610473083536,-0.04825680119260289
47050.622669701435,-0.05043051239758738
47081.634866319335,-0.05217128833274313
47112.647062937234,-0.05347161189447509
47143.65925955514,-0.054297680598006104
47174.67145617305,-0.05460180037084143
47205.68365279095,-0.05438768090862859
47236.69584940885,-0.05356923347767905
47267.708046026746,-0.05213487411656962
47298.720242644646,-0.050108844671675284
47329.732439262545,-0.04730724829831708
47360.744635880445,-0.0438047090688067
47391.756832498344,-0.0395871172257979
47422.76902911624,-0.034371878157541176
47453.78122573414,-0.028591009236404286
47484.79342235204,-0.021649107557376177
47515.80561896995,-0.013972870074566542
47546.817815587856,-0.0051832553749505475
47577.830012205755,0.004412217036731461
47608.842208823655,0.015168706154638015
47639.854405441554,0.02659276387546277
47670.866602059454,0.03910269352604971
47701.87879867735,0.05195577843502477
47763.90319191315,0.07856358251152637
47794.91538853105,0.09112258740246272
47825.92758514895,0.10173979260442866
47856.93978176685,0.10926093064464408
47887.95197838476,0.11175372450916012
47918.964175002664,0.10695302886858368
47949.97637162056,0.0923096692729051
47980.98856823846,0.06576838886954348
48012.00076485636,0.02674282636015282
48043.01296147426,-0.02255129577495999
48074.02515809216,-0.0757180629418541
48105.03735471006,-0.12296409555582899
48136.04955132797,-0.1540826693161803
48167.061747945874,-0.16287319475846934
48198.073944563774,-0.1494870382643409
48229.08614118167,-0.11971762334705956
48260.09833779957,-0.08156526880169979
48291.11053441747,-0.04211214451026801
48322.12273103537,-0.006245208782720522
48353.13492765327,0.023648543228104044
48384.14712427117,0.04680107430738396
48415.15932088907,0.06353075790252966
48446.17151750697,0.07464225654823944
48477.18371412487,0.08108652434112515
48508.195910742776,0.08378332370526134
48539.20810736068,0.08354429333756713
48570.22030397858,0.08105133130911454
48601.23250059648,0.07685178125645517
48632.24469721438,0.07140540723757101
48663.25689383228,0.06508295077349807
48694.26909045018,0.05814125197377311
48756.29348368598,0.0432145157095819
48787.30568030388,0.03561042136764739
48818.31787692178,0.028029846666082853
48880.342270157584,0.013331078361802166
48911.35446677549,0.006223255172324882
48942.36666339339,-0.0004435154387077943
49004.39105662919,-0.012889284875938371
49034.794251315885,-0.018485234245752102
49065.19744600258,-0.023614994595127857
49095.600640689285,-0.02841047457228897
49126.00383537598,-0.03274156908567387
49156.40703006268,-0.036692869281992904
49186.81022474938,-0.04018370375880169
49217.21341943608,-0.043263493139402184
49247.61661412277,-0.04588155265001356
49278.01980880948,-0.04808090814740529
49308.42300349617,-0.04981885584543073
49338.82619818287,-0.05111096868542458
49369.22939286957,-0.0519577926521859
49399.63258755627,-0.05235296915716846
49430.035782242965,-0.05230027016918591
49460.43897692967,-0.05180043135127654
49490.842171616365,-0.05085301777892907
49521.24536630306,-0.049461508902608725
49551.648560989765,-0.04763434431357151
49582.05175567646,-0.04535801985935544
49612.45495036316,-0.0426599076734756
49642.85814504986,-0.03953973352025711
49673.26133973656,-0.035965118560352706
49703.66453442325,-0.03202396897976521
49734.06772910996,-0.027666929938456444
49764.47092379665,-0.022851960068325405
49794.87411848335,-0.017774557462872202
49855.68050785675,-0.006299769047235983
49886.083702543445,-0.00028830765464119
49916.48689723015,0.006161573391827902
49977.29328660354,0.019841655131401043
50007.69648129024,0.026875661105515897
50038.09967597693,0.03421067829765099
50098.90606535033,0.04846498863965268
50129.30926003703,0.05555364678813091
50159.71245472373,0.062338116886009716
50190.11564941043,0.06826528255972161
50220.518844097125,0.0737498881787134
50250.92203878383,0.07816293028286746
50281.325233470525,0.08107826332479767
50311.72842815722,0.08239847883222212
50342.131622843925,0.08112128752366482
50372.53481753062,0.07699303793792003
50402.93801221732,0.06915793457343307
50433.34120690402,0.05664771090856722
50463.74440159072,0.03886404493610904
50494.14759627741,0.015103668829521744
50524.55079096412,-0.014797767899961026
50554.95398565081,-0.04989849270483654
50585.35718033751,-0.08761206831613033
50615.76037502421,-0.1236993163975343
50646.16356971091,-0.15102467288988702
50676.566764397605,-0.16239427884222224
50706.96995908431,-0.15235614253579194
50737.373153771005,-0.12069099665677224
50767.7763484577,-0.07304903601662745
50798.179543144404,-0.019565430626045228
50828.5827378311,0.03040330899148975
50858.9859325178,0.0699903126305721
50889.3891272045,0.09697697366100692
50919.7923218912,0.11141895200555386
50950.19551657789,0.11573705219317458
50983.17848484359,0.11186207293557529
51016.16145310929,0.10206736758389487
51049.14442137499,0.08876202460312654
51082.12738964069,0.07373766010263719
51115.11035790639,0.058147965397928804
51148.09332617209,0.04287844061075381
51181.07629443779,0.02838282106329614
51214.05926270349,0.014806270302503333
51247.04223096919,0.002456562659462848
51280.02519923489,-0.008602379733309708
51313.00816750059,-0.01837735943498874
51345.99113576629,-0.026864031125860093
51378.97410403199,-0.03419634422750217
51411.95707229769,-0.040394814611176215
51444.94004056339,-0.045444996889056906
51477.92300882909,-0.049526698760628825
51510.90597709479,-0.052636595386905474
51543.88894536049,-0.05482616853819
51576.87191362619,-0.056194365611080405
51609.85488189189,-0.056780136106524326
51642.83785015759,-0.056626336512576814
51675.82081842329,-0.055805524980693334
51708.80378668899,-0.05435573964957602
51741.78675495469,-0.05231921031710381
51774.769723220394,-0.04975991466149504
51807.752691486094,-0.04668999297586979
51840.735659751794,-0.043191550879983075
51873.718628017494,-0.03925911845518222
51906.701596283194,-0.03497432249845219
51939.684564548894,-0.030349131234666104
52005.6505010803,-0.020271654472557632
52038.63346934601,-0.014894185829465797
52071.61643761171,-0.009332103493841377
52137.58237414311,0.0021421663272444547
52170.56534240881,0.007971688087755491
52203.54831067451,0.013806119540692184
52269.51424720591,0.025327792704900338
52302.49721547161,0.030913521871290945
52335.48018373731,0.0363380835948361
52368.46315200301,0.04141415138764132
52401.44612026871,0.04625248771790575
52434.42908853441,0.05066982260358148
52467.41205680011,0.054596669386268296
52500.39502506581,0.05801953328195274
52533.37799333151,0.06072850339095518
52566.36096159721,0.06271001960999589
52599.34392986291,0.06377511831309086
52632.32689812861,0.06385810492522813
52665.30986639431,0.06265262429511748
52698.29283466001,0.06026685236082154
52731.27580292571,0.05608070572579857
52764.25877119141,0.0503997743406739
52797.24173945711,0.042403347765620526
52830.22470772281,0.03249292426402583
52863.20767598851,0.01981517767696039
52896.19064425421,0.004583230506165367
52929.17361251991,-0.013469892967681977
52962.15658078561,-0.03438736916865794
52995.13954905131,-0.057399000152677127
53028.12251731701,-0.08183678457217602
53061.10548558271,-0.10565206706097194
53091.88506416211,-0.12462913183296963
53122.6646427415,-0.13678373432436997
53153.4442213209,-0.13765743616725035
53184.2237999003,-0.12275096982098471
53215.00337847969,-0.08975763602018141
53245.782957059084,-0.040447315983783545
53276.562535638484,0.01822810036341886
53307.34211421788,0.07485674172833988
53338.12169279727,0.11871889318208859
53368.90127137667,0.14329000862486813
53399.680849956065,0.1481358421048984
53430.46042853546,0.13704171571379486
53461.24000711486,0.11560289258501574
53492.01958569425,0.08905819257394679
53522.799164273645,0.06131737926282055
53553.578742853046,0.03488995331777337
53584.358321432446,0.011176398392039284
53615.13790001184,-0.00920670401839268
53645.91747859123,-0.026133647793610344
53676.69705717063,-0.03975958585849297
53707.47663575003,-0.05035019430651243
53738.25621432942,-0.05825073027263718
53769.03579290882,-0.06380391526943703
53799.815371488214,-0.06733167873143255
53830.59495006761,-0.06911079519909133
53861.37452864701,-0.06946504263778577
53892.1541072264,-0.06851874989844432
53922.933685805794,-0.06651527429274509
53953.713264385195,-0.06362682739561339
53984.49284296459,-0.060017437478312875
54015.27242154398,-0.05576581937822202
54046.05200012338,-0.051038727476016815
54076.83157870278,-0.04592244996223024
54107.611157282176,-0.04046049305852846
54169.17031444097,-0.02893833909217472
54292.28862875855,-0.005050010715235845
54323.06820733794,0.0007917948473705697
54353.84778591734,0.006545131013058171
54415.40694307613,0.017486340913860254
54446.18652165553,0.02261499728865904
54476.966100234924,0.0275053676762678
54538.52525739372,0.03635896124234968
54569.30483597311,0.04027519330087552
54600.084414552504,0.043819831046097234
54630.863993131905,0.04695632170550693
54661.6435717113,0.04966800209573678
54692.42315029069,0.05193096043610691
54723.20272887009,0.053692109464866425
54753.982307449485,0.054959471609524635
54784.76188602888,0.05568313251135017
54815.54146460828,0.055851364969159524
54846.32104318767,0.05542978732913101
54877.100621767066,0.054363176687563214
54907.880200346466,0.052708124726313074
54938.65977892586,0.05034074818875048
54969.43935750525,0.04723079257919906
55000.21893608465,0.043517380866330675
55030.99851466405,0.038937553988877674
55064.35786682245,0.03309806299609142
55097.71721898085,0.026404854201361252
55131.076571139245,0.01856038657293748
55164.43592329764,0.010004791183526823
55197.79527545604,0.00010027965710521919
55231.154627614436,-0.010289571935176794
55297.87333193123,-0.03415937471967559
55331.23268408963,-0.04727297631910815
55364.592036248025,-0.06031771778315591
55397.95138840642,-0.07346726061344953
55431.31074056482,-0.08577606572651646
55464.670092723216,-0.0963164542599513
55498.02944488161,-0.10384111180740856
55531.38879704001,-0.10644425121188947
55564.74814919841,-0.10184184922713192
55598.107501356804,-0.08743053629244077
55631.4668535152,-0.06076610295038351
55664.8262056736,-0.0207944489530289
55698.185557831996,0.03040571310792212
55731.54490999039,0.08609970122036882
55764.90426214879,0.1343993856977161
55798.26361430719,0.16278631082540526
55831.622966465584,0.16339182857201823
55864.98231862398,0.137718324252542
55898.34167078238,0.09493176009584062
55931.701022940775,0.046448189967941506
55965.06037509917,0.0011933999150205987
55998.41972725757,-0.03567642085417308
56031.77907941597,-0.06264364785860041
56065.13843157436,-0.08023952757731481
56098.49778373277,-0.08989208035321103
56131.85713589117,-0.09326741926076852
56165.21648804957,-0.09194974853038664
56198.57584020797,-0.0872441674758235
56231.93519236636,-0.08016599858244253
56265.29454452476,-0.07152140980607463
56298.65389668316,-0.06191982711854576
56365.37260099995,-0.04151825822704369
56398.73195315835,-0.031339786027001396
56432.091305316746,-0.02141996051345846
56465.45065747514,-0.011821925770427896
56498.81000963354,-0.002872815098006569
56532.16936179194,0.0057298933830228355
56565.528713950334,0.013569761941549269
56598.88806610873,0.020837247788358063
56632.24741826713,0.027398610881773776
56665.606770425526,0.0332652689604165
56698.96612258392,0.03846411723256371
56732.32547474232,0.042917706531238886
56765.68482690072,0.046721983088473154
56799.044179059114,0.049779781143541285
56832.40353121751,0.05218194800274441
56865.76288337591,0.053871055697218916
56899.122235534305,0.054895276137229165
56932.4815876927,0.055243021004748906
56965.8409398511,0.054935625851823974
56999.2002920095,0.053983046352296934
57032.55964416789,0.052397939198687196
57065.91899632629,0.05019733823569494
57099.27834848469,0.04739732305858378
57132.637700643085,0.044012721811481054
57165.99705280149,0.04006634595453791
57198.74740302868,0.03568595623563274
57231.497753255884,0.030771176819673413
57264.24810348308,0.025370753476812325
57296.99845371027,0.019617004243158605
57329.748803937466,0.013375856947628714
57362.49915416466,0.006663990115555837
57427.99985461905,-0.007406443468768079
57460.75020484624,-0.014957873237434954
57493.500555073435,-0.02246109217085162
57559.00125552783,-0.037956923778141735
57591.751605755024,-0.045517503790831
57624.501955982225,-0.05293106812033373
57657.25230620942,-0.05979765535123149
57690.00265643661,-0.06620887714924102
57722.75300666381,-0.0715955731054947
57755.503356891,-0.07594045305111244
57788.2537071182,-0.07870983451192275
57821.004057345395,-0.07946207662387039
57853.75440757259,-0.07782642944652611
57886.50475779979,-0.07286298111943611
57919.255108026984,-0.0641013994169005
57952.00545825418,-0.0505461964279411
57984.75580848137,-0.03141567509299056
58017.506158708566,-0.0062705558417255405
58050.25650893576,0.025038388740400427
58083.00685916295,0.06126429636447525
58115.75720939015,0.09934055538639308
58148.50755961734,0.13360663096514486
58181.25790984454,0.15601047765147477
58214.008260071736,0.1579485902391997
58246.75861029893,0.13402448218424612
58279.50896052613,0.0866501976000735
58312.259310753325,0.026207429625036253
58345.00966098052,-0.033594542469164344
58377.76001120771,-0.08124969935428351
58410.51036143491,-0.11164244231303133
58443.2607116621,-0.12498975203850556
58476.011061889294,-0.12463753704972994
58508.76141211649,-0.11477772237795254
58541.51176234368,-0.09917840720811576
58574.26211257088,-0.08075991034918226
58607.01246279808,-0.06141145228877681
58639.76281302527,-0.042466926389693724
58672.51316325247,-0.024720809512605156
58705.263513479666,-0.00865857886988949
58738.01386370686,0.0058018868322347004
58770.76421393405,0.018358751973432282
58803.51456416125,0.02904747516005337
58836.26491438845,0.03797397613059523
58869.01526461564,0.045315122593635786
58901.765614842836,0.051158027164713224
58934.51596507004,0.05557374391928811
58967.26631529723,0.05866682267751838
59000.016665524425,0.06062172065622711
59032.76701575162,0.06148970441833045
59065.51736597881,0.061368679429154395
59098.267716206006,0.06036107716107954
59131.0180664332,0.05854730705659894
59163.768416660394,0.056011214580646035
59196.51876688759,0.05280762006640857
59229.26911711479,0.049040637573452464
59262.01946734198,0.04473304736073967
59292.56642788288,0.040327213608312304
59323.113388423764,0.03554758556381239
59384.20730950555,0.025159497381142253
59506.395151669116,0.002201897049561264
59536.94211221,-0.003737453934736599
59567.4890727509,-0.009686826808729614
59628.58299383268,-0.02133861385143311
59659.129954373566,-0.02701707217298672
59689.67691491446,-0.03243262752907407
59750.77083599624,-0.04260166632093784
59781.31779653713,-0.04714560666448463
59811.86475707802,-0.05129224145904987
59842.41171761892,-0.05501306113524277
59872.958678159805,-0.05815602833871748
59903.50563870069,-0.06068276867095139
59934.052599241586,-0.062539822297864
59964.59955978248,-0.06359389065928352
59995.14652032337,-0.06381349861868765
60025.693480864255,-0.06297748521745887
60056.24044140515,-0.06116649814907137
60086.78740194604,-0.05806154750816742
60117.33436248693,-0.053686001508220914
60147.88132302782,-0.04779362849321135
60178.42828356871,-0.04026197025771675
60208.975244109606,-0.031078142309443668
60239.52220465049,-0.01977883415159121
60270.06916519138,-0.006756596089607589
60300.616125732275,0.008501787287076193
60331.16308627317,0.02568702843324839
60361.710046814056,0.04464460067276091
60392.25700735494,0.06500300679064264
60422.80396789584,0.0856910817777597
60453.35092843673,0.10542070719644332
60483.89788897762,0.12189628388405584
60514.444849518506,0.13202288867488549
60544.9918100594,0.13193772709113785
60575.538770600295,0.11765450576020745
60606.08573114118,0.08655090878653052
60636.63269168207,0.039316414981156615
60667.17965222296,-0.019039663694468904
60697.72661276386,-0.07733776367978981
60728.273573304745,-0.12412268750057501
60758.82053384563,-0.151014074861509
60789.367494386526,-0.15581067396367615
60819.91445492742,-0.1420229397979597
60850.46141546831,-0.11599726505941466
60881.008376009195,-0.08414592157721867
60911.55533655009,-0.05142792780678812
60942.10229709098,-0.021062968744851168
60972.64925763187,0.005340345388747329
61003.19621817276,0.027140327656855368
61033.74317871365,0.044332548668347654
61064.29013925455,0.05733025010998177
61094.83709979543,0.06657589713230347
61125.38406033632,0.07259112575534077
61155.931020877215,0.07588099408231475
61186.47798141811,0.07689814088845423
61217.024941958996,0.07604784607040581
61250.15167607889,0.07339851050601957
61283.27841019878,0.0692947383084748
61316.405144318676,0.06410471023127023
61349.53187843857,0.058034469646632905
61382.65861255846,0.051302279504739576
61415.785346678356,0.044190415251791064
61482.03881491814,0.028984773363072282
61515.16554903803,0.021252812792371303
61548.29228315792,0.013530208255527231
61614.54575139771,-0.0014593773046433552
61647.6724855176,-0.00857178993014042
61680.7992196375,-0.015439995108865411
61747.05268787728,-0.02796643851776636
61780.17942199717,-0.03356172180858783
61813.30615611706,-0.03867236415252082
61846.43289023696,-0.04324286490849085
61879.55962435685,-0.04724497410393483
61912.68635847674,-0.050646259201027534
61945.81309259664,-0.053406559949636244
61978.93982671653,-0.05550885814246589
62012.06656083642,-0.05691172395354639
62045.19329495631,-0.057597535933222296
62078.3200290762,-0.057528517950145144
62111.4467631961,-0.05668973334016186
62144.57349731599,-0.055057296020433855
62177.70023143588,-0.05254685636008694
62210.82696555578,-0.04929053675970231
62243.95369967567,-0.045109364282458694
62277.08043379556,-0.03999064641718568
62310.207167915454,-0.03413863628226563
62343.333902035345,-0.02721838157708126
62376.46063615524,-0.019465491218951574
62409.587370275134,-0.010863337964412193
62442.714104395025,-0.0012502435664413884
62475.84083851492,0.008949614257240073
62542.094306754705,0.03172669033979339
62575.221040874596,0.043994318106132205
62608.34777499449,0.05622099435470945
62641.474509114385,0.06842418146680986
62674.601243234276,0.07988422215835332
62707.72797735417,0.08991959462168261
62740.854711474065,0.09761687725938972
62773.981445593956,0.10152836476454873
62807.10817971385,0.10006199462928829
62840.23491383374,0.0911212599579467
62873.36164795363,0.07250409078383326
62906.48838207353,0.04239764316454133
62939.61511619342,0.0004726522737850819
62972.74185031331,-0.05040543859593403
63005.86858443321,-0.10324641193475079
63038.9953185531,-0.14662568080548033
63072.12205267299,-0.16804267103601697
63105.24878679288,-0.1604340404994718
63138.37552091277,-0.12613928706186284
63171.50225503266,-0.07575553642919294
63204.62898915255,-0.02176767260831165
63237.75572327244,0.025833420636276458
63270.882457392334,0.062099115835330065
63304.00919151223,0.08605751826454719
63337.13592563212,0.09911273902503186
63368.059270065714,0.1033313231170737
63398.9826144993,0.10175785499085975
63429.90595893289,0.09602346114307787
63460.82930336648,0.08745197030256639
63491.752647800065,0.07704038008700231
63522.67599223366,0.06559306579110077
63584.52268110083,0.04174592764763266
63615.44602553442,0.030001703531463593
63646.36936996801,0.018670348083458632
63677.2927144016,0.007948806839320557
63708.21605883518,-0.002019108121776348
63739.13940326877,-0.01124171833444259
63770.06274770236,-0.0196981674915839
63800.98609213595,-0.027227444836254666
63831.909436569535,-0.0340446303982703
63862.83278100312,-0.03994825712274118
63893.75612543671,-0.04501033940355439
63924.6794698703,-0.04927663130215557
63955.602814303886,-0.05270089831051
63986.52615873747,-0.05535416090584389
64017.44950317106,-0.057211779148180264
64048.37284760465,-0.05833263861685281
64079.29619203824,-0.05871050222474624
64110.21953647182,-0.058386494382215756
64141.14288090541,-0.05737728369994496
64172.066225339004,-0.05570655653026537
64202.98956977259,-0.05340606675646764
64233.91291420618,-0.05049711902531385
64264.83625863977,-0.047012437896951774
64295.759603073355,-0.042977762355023874
64326.682947506946,-0.0384281752762389
64357.60629194054,-0.03337599274938116
64388.52963637412,-0.02791668117451229
64450.376325241305,-0.015685105726905537
64481.29966967489,-0.00914069929308345
64512.22301410848,-0.002260568859930678
64574.069702975656,0.012187649444359735
64604.99304740924,0.019547091985207116
64635.91639184283,0.027069763499448663
64697.76308071001,0.04169098771527956
64728.68642514359,0.04879597288357605
64759.60976957718,0.055386493975861206
64790.533114010774,0.06155324889172759
64821.45645844436,0.06703661491372939
64852.37980287794,0.07158570310356824
64883.30314731153,0.07504509770982035
64914.226491745125,0.07711532690645352
64945.14983617871,0.07737097309773137
64976.07318061229,0.07569391679053933
65006.996525045884,0.07120821800960689
65037.919869479476,0.06402273464726191
65068.84321391306,0.05285834202596168
65099.766558346644,0.037995673946225134
65130.689902780236,0.018195650770509116
65161.61324721383,-0.006163497015386092
65192.53659164741,-0.035182731095776375
65223.459936081,-0.06761597072961134
65254.383280514594,-0.10102190995952476
65285.30662494818,-0.13108688056336495
65316.22996938177,-0.15176990807067223
65346.54431188415,-0.1560990368289807
65376.85865438654,-0.139286418635341
65407.17299688893,-0.10050992668043979
65437.487339391315,-0.04535813712298038
65467.8016818937,0.01531289774489726
65498.116024396084,0.06979714861224987
65528.430366898465,0.1093772233011816
65558.74470940085,0.1312331433428194
65589.05905190323,0.13663660836073868
65619.37339440561,0.12942975931864514
65649.687736908,0.11388649429538873
65680.00207941039,0.09369701356724558
65710.31642191278,0.07165632666193185
65740.63076441517,0.04966035665954297
65770.94510691756,0.028902195802114148
65801.25944941994,0.009964524564915114
65831.57379192233,-0.006780135720971414
65861.88813442472,-0.021228186446731034
65892.20247692711,-0.03341716918885272
65922.5168194295,-0.043451984662386006
65952.83116193188,-0.05153326249455855
65983.14550443427,-0.05759666753458655
66013.45984693666,-0.062188010659430686
66043.77418943903,-0.06509507077455648
66074.08853194141,-0.06675621378544902
66104.4028744438,-0.06710996831193046
66134.71721694618,-0.06641192908373687
66165.03155944857,-0.06472515653053933
66195.34590195096,-0.06216335762040606
66225.66024445335,-0.05886932567347344
66255.97458695574,-0.05486433151611662
66286.28892945813,-0.05033161036547331
66316.60327196051,-0.04524208279903596
66346.9176144629,-0.03978927054574237
66407.54629946768,-0.02783385124288028
66528.80366947722,-0.0017489448318621283
66559.11801197959,0.0048798591681787845
66589.43235448198,0.01143033401355755
66650.06103948675,0.02410633746930943
66680.37538198914,0.03012245304743876
66710.68972449153,0.03585758369856821
66741.00406699392,0.041219784457339065
66771.3184094963,0.04621121178708254
66801.6327519987,0.05070601985226976
66831.94709450108,0.0546918314985081
66862.26143700347,0.05809716936512781
66892.57577950585,0.06081340842186534
66922.89012200822,0.06282632433772196
66953.2044645106,0.06401113261325639
66983.518807013,0.06434234236551567
67013.83314951538,0.06365515922220642
67044.14749201777,0.06195434448644133
67074.46183452016,0.059094094226876365
67104.77617702255,0.054913743470399796
67135.09051952494,0.04952997792018791
67165.40486202732,0.042424844447175036
67195.71920452971,0.034128772004540404
67226.0335470321,0.023906288485048853
67256.34788953447,0.012102362529164808
67289.24200561587,-0.002758776246075765
67322.13612169726,-0.019454788281997197
67355.03023777864,-0.038289258908753045
67387.92435386003,-0.0580360288003806
67420.81846994141,-0.07867885209430185
67453.7125860228,-0.09835902759855378
67486.60670210418,-0.11518541364725655
67519.50081818557,-0.12603423133455335
67552.39493426695,-0.12687961349176474
67585.28905034834,-0.11325269805247284
67618.18316642972,-0.08160874491853372
67651.07728251112,-0.03154759919806134
67683.97139859252,0.030828628263962977
67716.8655146739,0.09340786067505914
67749.75963075529,0.14095579719502968
67782.65374683667,0.16258195513816714
67815.54786291806,0.15646821411348025
67848.44197899944,0.12902624346162878
67881.33609508083,0.09001604947238816
67914.23021116223,0.048506868526909136
67947.12432724363,0.010178687982781022
67980.01844332501,-0.021851642789365265
68012.9125594064,-0.04668162989868961
68045.80667548778,-0.06455571264672429
68078.70079156916,-0.0762952631992713
68111.59490765055,-0.08287938817367986
68144.48902373193,-0.08527980580393416
68177.38313981332,-0.08436787949676805
68210.2772558947,-0.08088587130725325
68243.17137197609,-0.07544923260023563
68276.06548805747,-0.06857288623043074
68308.95960413887,-0.06061569472520521
68341.85372022027,-0.05196836766492023
68374.74783630166,-0.04290531579851298
68440.53606846443,-0.024254338147616256
68473.43018454581,-0.014915530854925842
68506.3243006272,-0.005935875201525532
68572.11253278996,0.011104231539582201
68605.00664887135,0.018941411596161424
68637.90076495273,0.02620358194293375
68670.79488103412,0.032876196108266906
68703.68899711552,0.03889204781785097
68736.58311319692,0.04422811208284644
68769.4772292783,0.048833442931073584
68802.37134535969,0.05268656753875715
68835.26546144107,0.055754603666610426
68868.15957752246,0.058013398423529504
68901.05369360384,0.059442723544307186
68933.94780968523,0.060021218603700736
68966.84192576662,0.05973099576392302
68999.73604184802,0.05856594882112183
69032.63015792941,0.056457964151596526
69065.5242740108,0.05354317092481343
69098.41839009218,0.04972016080377173
69131.31250617356,0.04492625322541475
69164.20662225495,0.03911216106169835
69197.10073833633,0.03261900318415807
69229.99485441772,0.025207087586075053
69262.8889704991,0.016910853080809557
69295.78308658049,0.007805722739148565
69361.57131874327,-0.012630460021004606
69392.26204513834,-0.02295037370410989
69422.95277153343,-0.0336947888195075
69453.64349792851,-0.04461392175028782
69484.3342243236,-0.05548222940974519
69515.02495071868,-0.06613602163522213
69545.71567711377,-0.07613724521549574
69576.40640350885,-0.08494333732872603
69607.09712990394,-0.09202912501466298
69637.78785629902,-0.09655525157022038
69668.47858269411,-0.09752363641984046
69699.1693090892,-0.09365859731906917
69729.86003548426,-0.08363233495661111
69760.55076187933,-0.06598497476090853
69791.24148827442,-0.03949743805543469
69821.9322146695,-0.003742212095220715
69852.62294106459,0.03992057484216857
69883.31366745968,0.08714454650137549
69914.00439385476,0.13100877195484345
69944.69512024985,0.1613611805363258
69975.38584664493,0.16932600517781918
70006.07657304002,0.15087964320700342
70036.7672994351,0.10982642276946493
70067.45802583019,0.05603571367728671
70098.14875222526,0.001057576328594139
70128.83947862033,-0.0459573169936792
70159.53020501541,-0.08080222769684171
70190.2209314105,-0.10250729876723322
70220.91165780558,-0.11269038475076257
70251.60238420067,-0.1137056274667751
70282.29311059575,-0.10806342283314332
70312.98383699084,-0.09793032653503404
70343.67456338592,-0.0850431017453183
70374.36528978101,-0.07060908828942199
70405.0560161761,-0.05560854164835402
70435.74674257118,-0.04067384801966095
70466.43746896627,-0.02625602985729315
70497.12819536135,-0.012651324725759083
70527.81892175644,-0.00004928620863473704
70558.50964815152,0.011483148084571994
70589.20037454659,0.021666374490737134
70619.89110094166,0.030881100328842864
70650.58182733675,0.03867761724926165
70681.27255373183,0.04549018304940162
70711.96328012692,0.05097811451836104
70742.654006522,0.05548631860852744
70773.34473291709,0.05882252492231753
70804.03545931217,0.06117228936133913
70834.72618570726,0.06250266126688829
70865.41691210234,0.0629035210867531
70896.10763849743,0.062404725849564135
70926.79836489251,0.06105390037705415
70957.4890912876,0.058916117034437436
70988.17981768269,0.05600730823529612
71018.87054407777,0.05241065063694053
71049.56127047286,0.04814904026045274
71080.25199686793,0.04329000225166781
71110.942723263,0.03787335559202789
71141.63344965808,0.031959094190634856
71203.01490244825,0.018842550872446552
71233.70562884334,0.011730084587449861
71264.39635523842,0.0043976407509044475
71325.7778080286,-0.010868196929368835
71359.04830800268,-0.0192408590945891
71392.31880797676,-0.027688245986542404
71425.58930795084,-0.03593425726738726
71458.85980792494,-0.04380118299747697
71492.13030789903,-0.05138071816803604
71525.40080787311,-0.05824623712023044
71558.6713078472,-0.06438775795473908
71591.94180782128,-0.06955229783934289
71625.21230779536,-0.07339049310198517
71658.48280776944,-0.07570669217837103
71691.75330774352,-0.07618958396724682
71725.02380771762,-0.07426421034561191
71758.29430769171,-0.06987899045893309
71791.5648076658,-0.06194307524969444
71824.83530763988,-0.050774530599722145
71858.10580761396,-0.03482106323309267
71891.37630758804,-0.014859503473635568
71924.64680756212,0.010461515472759725
71957.9173075362,0.03982320010017523
71991.1878075103,0.072502080934255
72024.4583074844,0.10556495670714851
72057.72880745848,0.1340332919473807
72090.99930743256,0.1510089326527689
72124.26980740664,0.14826483370571517
72157.54030738072,0.11993400032510675
72190.8108073548,0.06655390400818223
72224.08130732889,-0.0017130839606745874
72257.35180730297,-0.0682552716614841
72290.62230727705,-0.11804287632145896
72323.89280725113,-0.1433015898637871
72357.16330722522,-0.14534476544252894
72390.43380719931,-0.13014760210499496
72423.70430717341,-0.10481701023816802
72456.97480714749,-0.07530173159382099
72490.24530712157,-0.04566613299764036
72523.51580709565,-0.018278811432536922
72556.78630706973,0.005574492941400194
72590.05680704382,0.025557987487467456
72623.3273070179,0.04157465115972189
72656.59780699198,0.05395191618507878
72689.86830696606,0.06301186727964242
72723.13880694014,0.06907995107910211
72756.40930691423,0.07253873621077968
72789.67980688832,0.07374845589080357
72822.95030686242,0.07301765296784396
72856.2208068365,0.07064583972057603
72889.49130681058,0.06689742927480746
72922.76180678466,0.06199680335944107
72956.03230675875,0.05609386552950914
72989.30280673283,0.04944499652337733
73022.57330670691,0.04217575769934178
73055.843806681,0.03441155678997904
73089.1143066551,0.026343416546683575
73122.38480662918,0.01802862612866232
73188.92580657735,0.0012451458198806161
73222.19630655143,-0.007028214994127757
73255.46680652551,-0.015111657695874865
73288.73730649959,-0.022894353420860804
73322.00780647369,-0.030289863351826464
73355.27830644778,-0.0372244403916404
73388.54880642187,-0.04358390336054542
73421.81930639595,-0.04932432593786923
73455.08980637003,-0.05430906334155608
73486.15691665781,-0.058256911498496475
73517.2240269456,-0.061387882958709346
73548.29113723338,-0.06369966328404587
73579.35824752116,-0.06509876673811488
73610.42535780894,-0.06543828205523726
73641.49246809672,-0.06474324268881176
73672.5595783845,-0.06290088264720277
73703.62668867227,-0.05970858516741518
73734.69379896004,-0.055389826226318536
73765.76090924782,-0.0495636487050817
73796.8280195356,-0.04214495605113082
73827.89512982339,-0.033462535425294156
73858.96224011117,-0.02284535066354566
73890.02935039895,-0.011042200227458953
73921.09646068673,0.002814849408732962
73952.16357097452,0.017703607586975596
73983.2306812623,0.03437723164296026
74014.29779155008,0.05166369517516882
74045.36490183786,0.06973886064001883
74076.43201212565,0.08721995320122192
74107.49912241343,0.10318338486431484
74138.56623270121,0.11566598998802546
74169.633342989,0.12224689417988366
74200.70045327676,0.11984594020458525
74231.76756356453,0.10524179063661254
74262.83467385231,0.07555334870363489
74293.9017841401,0.03044511972175766
74324.96889442788,-0.026631219809632733
74356.03600471566,-0.08673125068966564
74387.10311500344,-0.13686515258920195
74418.17022529122,-0.16532968704787612
74449.237335579,-0.16631925432095496
74480.30444586679,-0.14261978444836623
74511.37155615457,-0.10306763864389357
74542.43866644235,-0.05738001097695742
74573.50577673013,-0.013463868910301352
74604.57288701792,0.02392744713784828
74635.6399973057,0.053033246361045804
74666.70710759348,0.07365678164020603
74697.77421788125,0.08666450250256455
74728.84132816902,0.09334462336438795
74759.9084384568,0.09489103587601198
74790.97554874458,0.09247658609787081
74822.04265903236,0.08707516152083913
74853.10976932014,0.0795359578010188
74884.17687960793,0.07044257588295345
74915.24398989571,0.06032445109742916
74946.31110018349,0.049700312571311994
74977.37821047127,0.038710072685317884
75008.44532075906,0.027738135344348783
75070.57954133462,0.006549777400381481
75101.6466516224,-0.0033927818859651737
75132.71376191018,-0.012712390093263137
75163.78087219797,-0.02147158681134198
75194.84798248573,-0.029454768229206577
75225.9150927735,-0.0366392417935123
75256.98220306128,-0.043059338083847
75288.04931334907,-0.048594503549436036
75319.11642363685,-0.05327329321788935
75350.18353392463,-0.05705037496598937
75381.25064421241,-0.059917116204310436
75412.3177545002,-0.06186756391339657
75443.38486478798,-0.06288921291613037
75473.84297314455,-0.06298990987860835
75504.30108150114,-0.06219417170161502
75534.75918985772,-0.060516967651609285
75565.2172982143,-0.05795575754358371
75595.67540657087,-0.05449933349497775
75626.13351492745,-0.05023537921069042
75656.59162328404,-0.045100929593759144
75687.04973164061,-0.039102630109264645
75717.50783999718,-0.032442785472578284
75747.96594835377,-0.024943634854545784
75778.42405671036,-0.016667347850176886
75808.88216506693,-0.007967672798689082
75839.3402734235,0.001487559644187831
75869.79838178007,0.011486607215809195
75930.71459849323,0.032321882031609295
75961.17270684981,0.04285168738068344
75991.63081520639,0.05343475410176339
76022.08892356296,0.06359497356267042
76052.54703191953,0.07304880784733914
76083.0051402761,0.08141447097625973
76113.46324863269,0.08818553167425938
76143.92135698927,0.0926769188593908
76174.37946534585,0.09421728119559065
76204.83757370242,0.09171756952927361
76235.295682059,0.08432002242855613
76265.75379041559,0.07063234287825026
76296.21189877216,0.04971869790935855
76326.67000712873,0.02077422885273187
76357.12811548532,-0.016006677875197446
76387.5862238419,-0.05874813106952235
76418.04433219848,-0.10319594660369533
76448.50244055505,-0.1420043760294222
76478.96054891164,-0.16579291729368353
76509.41865726822,-0.16615303080523564
76539.8767656248,-0.13973639560573306
76570.33487398137,-0.0911008044602973
76600.79298233795,-0.03127844223000025
76631.25109069454,0.027155520672264323
76661.70919905111,0.07433541253611325
76692.16730740768,0.10598127629076107
76722.62541576427,0.12223785575317378
76753.08352412086,0.12550487376303757
76783.54163247743,0.11913107188517186
76813.999740834,0.10634080428617242
76844.45784919057,0.08975286171082768
76874.91595754714,0.07132576881632546
76905.37406590373,0.052441939711473
76935.83217426031,0.0340323126586852
76966.29028261689,0.01663167424366143
76996.74839097346,0.000846385029718049
77027.20649933003,-0.013492233605592381
77057.6646076866,-0.02600704163874363
77088.12271604319,-0.03672978291621615
77118.58082439977,-0.04583256393481474
77149.03893275635,-0.05323178062147094
77179.49704111292,-0.05900894726296163
77209.9551494695,-0.06326945423177927
77240.41325782609,-0.06614575146605711
77270.87136618266,-0.06766771191429766
77301.32947453923,-0.06793719577625097
77331.78758289582,-0.06706654049255921
77362.2456912524,-0.06512641105254391
77392.70379960898,-0.0621988722644385
77425.74168154456,-0.05801417432001579
77458.77956348014,-0.0528855215981657
77491.81744541571,-0.04689881070495247
77524.8553273513,-0.040169093032014026
77557.89320928688,-0.03280169418074695
77590.93109122245,-0.024886641414554045
77657.00685509361,-0.007859485608118714
77690.0447370292,0.0010316832734913062
77723.08261896478,0.010056570214691996
77789.15838283594,0.027923864550517014
77822.19626477153,0.036562063071807885
77855.23414670711,0.04471837225398029
77888.27202864268,0.05240956932407897
77921.30991057826,0.05924921353109751
77954.34779251384,0.065258879942892
77987.38567444941,0.07007828084948674
78020.423556385,0.0735783787691481
78053.46143832058,0.07541066635095335
78086.49932025616,0.07540926551569654
78119.53720219174,0.0730307519518096
78152.57508412733,0.06827816416005175
78185.61296606291,0.06028246634872096
78218.65084799849,0.049335072734173396
78251.68872993407,0.034276825848107505
78284.72661186964,0.0156252232273994
78317.76449380523,-0.007434548233306762
78350.80237574081,-0.03405030533444942
78383.84025767638,-0.06369385227555656
78416.87813961196,-0.09423168214619737
78449.91602154754,-0.12208319662310049
78482.95390348313,-0.1421624444166458
78515.99178541871,-0.14735111823191105
78549.02966735428,-0.13061024001260657
78582.06754928986,-0.0884178987626067
78615.10543122544,-0.02496868314735841
78648.14331316101,0.04656554844246438
78681.1811950966,0.10832859785911128
78714.21907703218,0.14658836805012984
78747.25695896776,0.1566557957416888
78780.29484090334,0.14311945002778878
78813.33272283891,0.11445408524681241
78846.37060477449,0.07902241209551092
78879.40848671008,0.04296520195176434
78912.44636864564,0.010118830686308387
78945.48425058123,-0.017822292758348044
78978.52213251681,-0.040205212829810544
79011.56001445239,-0.05714544088928569
79044.59789638798,-0.0691348352211554
79077.63577832354,-0.0767795378032659
79110.67366025913,-0.0807259317694244
79143.71154219471,-0.08152056408254124
79176.74942413028,-0.0797247541604355
79209.78730606586,-0.0758412750607132
79242.82518800144,-0.07014618925401338
79275.86306993703,-0.06322417817483658
79308.90095187261,-0.055128664162177675
79341.93883380819,-0.04635100968135952
79374.97671574377,-0.03694910404204994
79507.12824348609,0.002160565555955633
79537.96273573537,0.010992834899444207
79568.79722798464,0.019442843663501925
79599.63172023391,0.02749287065022452
79630.46621248318,0.03499320671946026
79661.30070473245,0.041911421425577924
79692.13519698173,0.04813591535755296
79722.96968923102,0.05361383460777588
79753.80418148029,0.05825694294649736
79784.63867372955,0.06201755997684208
79815.47316597884,0.06479838948521227
79846.30765822812,0.06656582296354527
79877.14215047739,0.06722790781315795
79907.97664272666,0.0667533502225794
79938.81113497594,0.0650274327178745
79969.64562722523,0.06208146371056635
80000.4801194745,0.05777445331164789
80031.31461172376,0.05206004471731176
80062.14910397305,0.04503848688208903
80092.98359622233,0.03635362285732436
80123.8180884716,0.026492860596634516
80154.65258072087,0.014996527042130014
80185.48707297015,0.002070594005978244
80216.32156521943,-0.012010815151205159
80247.1560574687,-0.02741486792549006
80277.99054971797,-0.043504147287003574
80308.82504196725,-0.06023717899936584
80339.65953421654,-0.07662172234897406
80370.4940264658,-0.09211740211737775
80401.32851871508,-0.10519399742731013
80432.16301096436,-0.11434784619407719
80462.99750321364,-0.11731927320610408
80493.83199546291,-0.11147044793271868
80524.66648771218,-0.0940783834991247
80555.50097996146,-0.06294447974957493
80586.33547221075,-0.017630455707896103
80617.16996446002,0.03835027833255995
80648.00445670928,0.09666674168160386
80678.83894895857,0.14512699148494568
80709.67344120785,0.17121998170204084
80740.50793345712,0.16841178151127115
80771.34242570639,0.13890037651700146
80802.17691795567,0.09202308494695575
80833.01141020496,0.03965013401006284
80863.84590245422,-0.009150536184394077
80894.6803947035,-0.048802253047771645
80925.51488695278,-0.0773581502987589
80956.34937920206,-0.09529877542965777
80987.18387145133,-0.1041297539200588
81018.0183637006,-0.10563598356209396
81048.85285594988,-0.10163817556978189
81079.68734819916,-0.09367891536001871
81110.52184044843,-0.08301059232517626
81141.3563326977,-0.07062243375782731
81172.19082494699,-0.05727553721062412
81233.85980944554,-0.029849412367649448
81264.6943016948,-0.01664505257683669
81295.52879394409,-0.003876909187155376
81326.36328619337,0.007989948274388193
81357.19777844264,0.018877263006245985
81388.03227069191,0.02885464188520831
81418.86676294118,0.03768562625369926
81449.70125519045,0.04534856848675096
81480.53574743973,0.05191623259959243
81513.95001326801,0.057641009795932736
81547.36427909628,0.062005412916258024
81580.77854492456,0.06496737649192609
81614.19281075284,0.06655756421302064
81647.60707658112,0.066797142408956
81681.0213424094,0.06571115776533501
81714.43560823768,0.06333727971983974
81747.84987406596,0.05971722116529729
81781.26413989424,0.054899653805915445
81814.67840572252,0.048931734682931945
81848.09267155078,0.0419053290562059
81881.50693737906,0.03387235576307141
81914.92120320734,0.024829753898410092
81948.3354690356,0.015133366545733537
82015.16400069217,-0.006571348623179438
82048.57826652045,-0.017906017469559284
82081.99253234873,-0.029707620720959716
82115.406798177,-0.041351335988591434
82148.82106400529,-0.05280756380764581
82182.23532983357,-0.06367762244517208
82215.64959566185,-0.07344233722404028
82249.06386149011,-0.08173257077587309
82282.47812731839,-0.0878842459233513
82315.89239314667,-0.09109473623779829
82349.30665897494,-0.09057312458507139
82382.72092480322,-0.08510561802176135
82416.1351906315,-0.07365423457447487
82449.54945645978,-0.054913176400935876
82482.96372228806,-0.027962789847661117
82516.37798811634,0.00747413495227018
82549.79225394462,0.050070752190770014
82583.2065197729,0.09592405259620418
82616.62078560118,0.1374956574439427
82650.03505142944,0.16364690288474748
82683.44931725772,0.1631049372506728
82716.863583086,0.12989191936975605
82750.27784891427,0.06945517385105968
82783.69211474255,-0.0024508059451413405
82817.10638057083,-0.06728132077036261
82850.5206463991,-0.11264883713175458
82883.93491222739,-0.13462377815611637
82917.34917805567,-0.13644847007168998
82950.76344388395,-0.12381779457500038
82984.17770971222,-0.10250788895213767
83017.5919755405,-0.07713103139961067
83051.00624136877,-0.050894771629456784
83084.42050719705,-0.025819980372972146
83117.83477302533,-0.003064789853363354
83151.2490388536,0.016827261759643584
83184.66330468188,0.033457801359420974
83218.07757051016,0.04710098733049822
83251.49183633843,0.05774304335331773
83284.90610216671,0.06552105032769155
83318.320367995,0.07068907428068016
83351.73463382327,0.07348820355469432
83385.14889965155,0.07415960913960999
83418.56316547983,0.07291139665728433
83451.9774313081,0.06995652166082547
83485.39169713638,0.06553104172607661
83518.80596296466,0.05974628897739759
83552.22022879292,0.05286267739545634
83585.6344946212,0.04504165173220624
83619.04876044948,0.03641732817415062
83651.85402434657,0.02735911893372234
83684.65928824364,0.017865131464718048
83750.26981603779,-0.001885512262289741
83783.07507993486,-0.011838021321692663
83815.88034383193,-0.02163491040941594
83881.49087162608,-0.040170558161936806
83914.29613552315,-0.048632140170500146
83947.10139942024,-0.05622277514316663
83979.9066633173,-0.06290540305030302
84012.71192721438,-0.06838649521687516
84045.51719111146,-0.0725198739348296
84078.32245500853,-0.07504874930606621
84111.1277189056,-0.07578269994554997
84143.93298280268,-0.07438476962816934
84176.73824669977,-0.07072300729970649
84209.54351059684,-0.06439799028237275
84242.3487744939,-0.05512359824220795
84275.15403839099,-0.04278246659843497
84307.95930228806,-0.02703913961713799
84340.76456618513,-0.007731127239806089
84373.56983008221,0.0147829687206
84406.37509397928,0.040527238662885705
84439.18035787635,0.06796380490591324
84471.98562177343,0.0957036505354256
84504.7908856705,0.12047822352433046
84537.59614956757,0.13778400961637266
84570.40141346466,0.14162443074421796
84603.20667736173,0.12572512296998054
84636.0119412588,0.0860703090075998
84668.81720515588,0.024547544448635543
84701.62246905296,-0.04771630192127703
84734.42773295003,-0.11327082926236048
84767.2329968471,-0.15507360738822404
84800.03826074419,-0.1656014859181843
84832.84352464126,-0.1481002596268476
84865.64878853832,-0.11244135420331558
84898.45405243541,-0.06915809165668159
84931.25931633248,-0.026510541986528136
84964.06458022955,0.010912007847851402
84996.86984412663,0.040939808933966725
85029.6751080237,0.06323121601480458
85062.48037192077,0.07833635117535216
85095.28563581785,0.08714236724197089
85128.09089971492,0.0907408769207303
85160.896163612,0.09007656310614376
85193.70142750908,0.08604759596975894
85226.50669140616,0.07941176514233834
85259.31195530323,0.07083254981168782
85292.1172192003,0.06076534602474572
85324.92248309738,0.0497426446322827
85357.72774699447,0.03813950759699049
85390.53301089154,0.02630247899382191
85456.14353868569,0.0026575708839082102
85488.94880258277,-0.00858820353776608
85521.75406647984,-0.019319213406045768
85554.55933037691,-0.02928424125105682
85587.364594274,-0.03838219952214654
85620.16985817107,-0.046528178487273454
85652.97512206814,-0.05358421370656736
85685.78038596522,-0.05946555385190035
85718.58564986229,-0.06410039628205
85749.18752407306,-0.06721347538742259
85779.78939828384,-0.06912264411495583
85810.39127249461,-0.06976180215680067
85840.99314670538,-0.06910168757973992
85871.59502091615,-0.06706985822821414
85902.19689512692,-0.06370443125287137
85932.79876933769,-0.058882106728669316
85963.40064354846,-0.05268969455643967
85994.00251775923,-0.04506296091748826
86024.60439197,-0.03593781646709479
86055.20626618077,-0.025630121086380533
86085.80814039154,-0.013745889595433748
86116.41001460231,-0.0009111431343776406
86147.01188881308,0.013175617004022932
86208.21563723462,0.04360256903488614
86238.81751144539,0.05936814502986183
86269.41938565616,0.0746096073599739
86300.02125986693,0.08880518059663414
86330.6231340777,0.10074485217984765
86361.22500828847,0.10917343485713096
86391.82688249924,0.11240010148320709
86422.42875671001,0.1083071303690763
86453.03063092078,0.0946461531486972
86483.63250513155,0.06936077534735278
86514.23437934232,0.031287515946086676
86544.83625355309,-0.018290681050415526
86575.43812776386,-0.07431876982635403
86606.04000197463,-0.12738706844037997
86636.6418761854,-0.16505020614611934
86667.24375039617,-0.17609480955821544
86697.84562460694,-0.15645811637935736
86728.44749881771,-0.11140349871311345
86759.04937302848,-0.05370500386675814
86789.65124723925,0.004265531121178792
86820.25312145002,0.05296674778063346
86850.85499566079,0.08790110203852187
86881.45686987156,0.10885228365322634
86912.05874408233,0.11752886466430627
86942.6606182931,0.11656440415852003
86973.26249250387,0.10863089263332706
87003.86436671464,0.09599906929057689
87034.46624092541,0.08048935552739708
87065.06811513618,0.06349062016206411
87095.66998934695,0.04601536531081449
87126.27186355772,0.028793299309587978
87156.8737377685,0.012341479631883288
87187.47561197927,-0.003011415134177974
87218.07748619004,-0.01709940490592038
87248.67936040083,-0.029435230101575355
87279.2812346116,-0.040444630195076464
87309.88310882237,-0.049624522933655026
87340.48498303314,-0.05727221350170239
87371.0868572439,-0.06320672425084502
87401.68873145468,-0.06756343452097396
87432.29060566545,-0.07033048293675574
87462.89247987622,-0.07158242121554895
87493.49435408699,-0.07136453546424269
87524.09622829776,-0.06975288408552852
87554.69810250853,-0.06680147019113301
87585.2999767193,-0.06260854858711888
87615.90185093007,-0.05722195414768448
87646.50372514084,-0.05075591783691205
87677.1055993516,-0.043288663469898105
87710.28724714139,-0.034175015649810674
87743.46889493115,-0.024150064308128102
87809.8321905107,-0.0019158022526307526
87843.01383830047,0.009839217455408285
87876.19548609023,0.02198007025258563
87942.55878166978,0.04575948339874136
87975.74042945955,0.05703234115444998
88008.92207724933,0.06721490401552589
88042.1037250391,0.0761300411023498
88075.28537282886,0.08317859347586334
88108.46702061864,0.08778976183147423
88141.64866840841,0.08928758369101134
88174.83031619817,0.08700496013680384
88208.01196398796,0.07991086563644594
88241.19361177774,0.06726032023287899
88274.3752595675,0.04807013361256228
88307.55690735727,0.021746245250369577
88340.73855514705,-0.01173648150313164
88373.92020293683,-0.05127956925546491
88407.1018507266,-0.093487883711633
88440.28349851636,-0.13248416446847827
88473.46514630615,-0.1587490547103991
88506.64679409593,-0.1614242136637926
88539.8284418857,-0.13273631376898082
88573.01008967546,-0.07416044435592976
88606.19173746524,0.0011029791234891985
88639.373385255,0.07287866934442089
88672.55503304477,0.12428215261385694
88705.73668083455,0.14805978465902905
88738.91832862432,0.1468011916810825
88772.09997641409,0.12770052318239777
88805.28162420387,0.0986388488599048
88838.46327199363,0.06584028210871976
88871.6449197834,0.03346277847694678
88904.82656757318,0.004107846366018214
88938.00821536295,-0.02108781146106052
88971.18986315271,-0.04165910188943209
89004.3715109425,-0.05746863720935199
89037.55315873228,-0.06918085114985309
89070.73480652204,-0.07678915214340827
89103.91645431181,-0.08082690101151124
89137.09810210159,-0.08179911245822
89170.27974989137,-0.0800719757992295
89203.46139768114,-0.07604424947493119
89236.6430454709,-0.07008775977835059
89269.82469326069,-0.062471798717838464
89303.00634105047,-0.05358252828811827
89336.18798884023,-0.04367281287649556
89402.55128441978,-0.021760883350714938
89435.73293220955,-0.01030657757415627
89468.91457999931,0.0013053268676327628
89535.27787557886,0.02384212679385788
89568.45952336863,0.034403341794459974
89601.64117115841,0.0442426849588783
89634.82281894817,0.05313157598346625
89668.00446673794,0.06092084174637419
89701.18611452772,0.06731568707551815
89734.36776231749,0.0722789340824424
89767.54941010725,0.07548948508819825
89800.73105789704,0.07669735370231942
89831.7093160005,0.07590687972703725
89862.68757410397,0.0730281441526033
89893.66583220744,0.06792590163654737
89924.6440903109,0.06041909661002139
89955.62234841437,0.05046770908881916
89986.60060651784,0.0377946411567181
90017.5788646213,0.022364158818814418
90048.55712272477,0.004169890768342666
90079.53538082824,-0.016448216513654523
90110.5136389317,-0.03912581280545126
90141.49189703517,-0.06323254933590472
90172.47015513864,-0.08734729145507754
90203.4484132421,-0.10963319296086357
90234.42667134557,-0.1270865591030676
90265.40492944905,-0.13593595191260008
90296.38318755252,-0.131517133219513
90327.36144565599,-0.10937293422295427
90358.33970375947,-0.06713231723826724
90389.31796186294,-0.00685343942016434
90420.2962199664,0.06179348954580921
90451.27447806987,0.1240885928377071
90482.25273617334,0.16416370486669996
90513.2309942768,0.17328405926361795
90544.20925238027,0.15290365800053346
90575.18751048374,0.11230141683574517
90606.1657685872,0.0631741079867725
90637.14402669067,0.01488316637788694
90668.12228479414,-0.02674604016661565
90699.1005428976,-0.05893334603402614
90730.07880100107,-0.08145900469813029
90761.05705910454,-0.0951806350188937
90792.035317208,-0.10137879209240656
90823.01357531147,-0.10151359645265236
90853.99183341494,-0.09694419051244488
90884.97009151841,-0.08884858987266986
90915.94834962187,-0.07821409198825326
90946.92660772534,-0.06586208432281636
90977.90486582881,-0.05243686416061335
91039.86138203576,-0.02437606870983
91070.83964013922,-0.010528931331877298
91101.8178982427,0.0028264046741623087
91132.79615634617,0.015370711138929289
91163.77441444964,0.027043690004114992
91194.7526725531,0.03761446031940633
91225.73093065657,0.04694528723342178
91256.70918876004,0.05502109026358851
91287.6874468635,0.06165017208903826
91318.66570496697,0.06686184304892408
91349.64396307044,0.07053465518514629
91380.62222117391,0.07266095404859828
91411.60047927737,0.07320010089370518
91442.57873738084,0.07213621089421234
91473.55699548431,0.06946178993838624
91504.53525358778,0.06518691405855344
91535.51351169124,0.059316995613606205
91566.49176979471,0.05190564323563884
91597.47002789818,0.042975383957244206
91628.44828600164,0.032616890924554144
91659.42654410511,0.020988344358548308
91690.40480220858,0.007930146298268206
91721.38306031204,-0.005855722341157022
91783.33957651899,-0.03588404389071581
91813.70883269125,-0.05097646612923391
91844.07808886352,-0.06583454064839417
91874.44734503579,-0.07956587925065539
91904.81660120806,-0.09185693929405324
91935.18585738033,-0.10124385401136721
91965.55511355259,-0.10694061119061082
91995.92436972485,-0.1072164179022316
92026.29362589712,-0.10062493128243984
92056.66288206939,-0.08510247723343946
92087.03213824164,-0.05938167416888343
92117.4013944139,-0.02251468770036856
92147.77065058617,0.02444729859851191
92178.13990675844,0.0772760048636924
92208.50916293071,0.12804073395087856
92238.87841910298,0.16518188833678674
92269.24767527524,0.17700742441464284
92299.6169314475,0.15726986953253128
92329.98618761977,0.1092887429856112
92360.35544379204,0.045167437692882006
92390.72469996431,-0.019813500839032654
92421.09395613658,-0.07346530561181357
92451.46321230884,-0.10974749811381669
92481.8324684811,-0.12817207653892143
92512.20172465337,-0.131425830465993
92542.57098082564,-0.12334763361507359
92572.94023699789,-0.1077082472991125
92603.30949317015,-0.08761439331797877
92633.67874934242,-0.06546746132591821
92664.04800551469,-0.042985619502094036
92694.41726168696,-0.021340504770547532
92724.78651785923,-0.0011779122867048436
92755.15577403149,0.016871919291441603
92785.52503020375,0.03256268790868416
92815.89428637602,0.04606798705343861
92846.26354254829,0.05700265062101205
92876.63279872056,0.06550035180795648
92907.00205489283,0.07174471754202558
92937.37131106509,0.07572600790916893
92967.74056723734,0.0775909191853115
92998.10982340961,0.07748024653217346
93028.47907958188,0.07553951047839744
93058.84833575414,0.0718984893334796
93089.2175919264,0.0667005647241679
93119.58684809867,0.06011383103956673
93149.95610427094,0.052269636170280055
93180.32536044321,0.04333994841026694
93210.69461661548,0.033481880847994056
93241.06387278774,0.022860624041911515
93271.43312896,0.011653974035085595
93301.80238513227,-1.8489674329102979e-7
93362.5408974768,-0.023674655412001207
93392.91015364908,-0.03529128169695689
93423.27940982133,-0.04647870396297284
93453.64866599359,-0.05707779982075911
93484.01792216586,-0.06647828779201075
93514.38717833813,-0.07474777437341376
93544.75643451039,-0.08130300202051775
93575.12569068265,-0.08587372205933054
93605.49494685492,-0.08797619085592817
93635.86420302719,-0.08721017646574572
93666.23345919946,-0.08297543519881818
93696.60271537173,-0.07494408019368196
93726.97197154399,-0.06229268102967865
93759.92100129524,-0.0432825274174095
93792.8700310465,-0.017840640203881715
93825.81906079777,0.013201464874006329
93858.76809054904,0.049401259190971714
93891.71712030031,0.08795352509179315
93924.66615005158,0.12423929462852001
93957.61517980284,0.15086920683117472
93990.56420955411,0.15832945721258584
94023.51323930538,0.13785607419100082
94056.46226905665,0.08619890826866472
94089.41129880791,0.011708337294161379
94122.36032855918,-0.067119139097707
94155.30935831045,-0.12845754778340257
94188.25838806172,-0.15930292018901243
94221.20741781298,-0.1586740795338344
94254.15644756425,-0.13442902965567408
94287.10547731552,-0.09699505022281205
94320.05450706679,-0.05560180144406726
94353.00353681805,-0.01609869298414937
94385.95256656932,0.018054630143319927
94418.90159632059,0.045463532405745424
94451.85062607186,0.06593774729298815
94484.79965582312,0.07993079489815691
94517.74868557439,0.08809800454536061
94550.69771532566,0.09124089556183929
94583.64674507693,0.09015851841327392
94616.5957748282,0.08558058294892806
94649.54480457946,0.07820236492367966
94682.49383433073,0.06867527445024599
94715.442864082,0.05741061718648485
94748.39189383326,0.04498380009122396
94781.34092358453,0.03183335672995963
94814.2899533358,0.01818123495668042
94847.23898308707,0.0045170406669699185
94880.18801283833,-0.008890702938247196
94913.1370425896,-0.021824598317821797
94946.08607234087,-0.03393061522029149
94979.03510209214,-0.045064876793000155
95011.9841318434,-0.05493584193352301
95044.93316159467,-0.0633494099824777
95077.88219134594,-0.07011633665293056
95110.8312210972,-0.07500896839109103
95143.78025084847,-0.07787833273573048
95176.72928059974,-0.07852657105130358
95209.67831035101,-0.07677221809030726
95242.62734010228,-0.07254109094094424
95275.57636985354,-0.06553532087340108
95308.52539960481,-0.05594635539522983
95341.47442935608,-0.0433073019711924
95374.42345910735,-0.02807928135954376
95407.37248885861,-0.009947639025955368
95440.32151860988,0.010578479703431842
95473.27054836115,0.03317172831725184
95506.21957811242,0.056872562445367994
95539.16860786368,0.0808075172701164
95572.11763761495,0.1026306607551366
95605.06666736622,0.1201188531656904
95638.01569711749,0.12940975603160573
95670.96472686875,0.12606734322327048
95703.91375662002,0.10543157878553677
95736.86278637129,0.06417873325198138
95769.81181612256,0.0034160881452634864
95802.76084587383,-0.06826474389929033
95835.70987562509,-0.13402674824979255
95866.45551569006,-0.17272700666553034
95897.20115575501,-0.1782455726752286
95927.94679581997,-0.15089545803713744
95958.69243588494,-0.10070479406175276
95989.4380759499,-0.04210993468479785
96020.18371601487,0.013094402915666721
96050.92935607984,0.057812126460125034
96081.6749961448,0.0892512088726122
96112.42063620975,0.10765439579621812
96143.16627627471,0.1149869520836197
96173.91191633968,0.11350992635336689
96204.65755640465,0.10548821909821703
96235.40319646962,0.09289419879220488
96266.14883653457,0.07734231940135863
96296.89447659953,0.06009892907450961
96327.6401166645,0.04221050960984703
96358.38575672946,0.024298031045690175
96389.13139679443,0.006976522588024383
96419.8770368594,-0.009256750735026974
96450.62267692435,-0.024111737847080608
96481.3683169893,-0.03746239582504352
96512.11395705427,-0.049038951769323595
96542.85959711924,-0.05872179792083868
96573.60523718421,-0.06649374125432896
96604.35087724918,-0.07223887004771948
96635.09651731413,-0.0760127198943719
96665.84215737908,-0.07775024714193839
96696.58779744405,-0.0775097349162138
96727.33343750902,-0.07531298262251962
96758.07907757399,-0.07122398108404197
96788.82471763896,-0.06530291389085718
96819.57035770391,-0.05765949147787684
96850.31599776886,-0.048370392277472016
96881.06163783383,-0.037605458657582254
96911.8072778988,-0.02547945921682633
96942.55291796377,-0.012205332890905297
96973.29855802873,0.0019975514164590775
97004.04419809369,0.016957919774579017
97065.53547822361,0.047380923031902625
97096.28111828858,0.062093513448188066
97127.02675835355,0.07561679551579509
97157.77239841851,0.08767804900705099
97188.51803848347,0.09691532068528427
97219.26367854842,0.10272926662383329
97250.00931861339,0.1037795604199366
97280.75495867836,0.09871732994616494
97311.50059874333,0.08625788822836003
97342.2462388083,0.06485983829491235
97372.99187887325,0.03385531695544149
97403.7375189382,-0.006837295529357794
97434.48315900317,-0.05485686774798405
97465.22879906814,-0.10469586708495973
97495.9744391331,-0.14852162315871803
97526.72007919807,-0.17351873897774664
97557.46571926303,-0.16909572694250005
97588.21135932798,-0.13131627464032114
97618.95699939295,-0.06708148019985002
97649.70263945792,0.007562607835066473
97680.44827952288,0.07402037261780935
97711.19391958785,0.12062430470165261
97741.9395596528,0.14351221328107566
97772.68519971776,0.14514431967893474
97803.43083978273,0.1310569825930993
97837.75220102337,0.10404984732558728
97872.073562264,0.07159767856088953
97906.39492350465,0.038428240286737164
97940.71628474529,0.007485441911465246
97975.03764598593,-0.019592063957452995
98009.35900722657,-0.04203689326294388
98043.6803684672,-0.05962236977033547
98078.00172970784,-0.07247287661584054
98112.32309094848,-0.08079172768899895
98146.64445218912,-0.08495189380202481
98180.96581342976,-0.0853907864363339
98215.2871746704,-0.08250731828333327
98249.60853591104,-0.07672522440774554
98283.92989715168,-0.06846468655577866
98318.25125839232,-0.05810260301837148
98352.57261963296,-0.04604944326517273
98386.8939808736,-0.03273340025523046
98421.21534211424,-0.018445217965484394
98489.85806459552,0.011325410722960436
98524.17942583616,0.026093533287743463
98558.5007870768,0.04020054190399992
98592.82214831744,0.05331903739434178
98627.14350955808,0.0649690173823482
98661.46487079872,0.07472311963336031
98695.78623203936,0.08213322645235029
98730.10759328,0.08664412243997005
98764.42895452064,0.08781238752758047
98798.75031576128,0.08498760653013086
98833.07167700192,0.07777735747124455
98867.39303824256,0.06539506050502703
98901.7143994832,0.047750127000378395
98936.03576072384,0.0243582191105728
98970.35712196448,-0.004697681870695313
99004.67848320512,-0.03822996918759855
99038.99984444576,-0.15921424542142815
99073.3212056864,-0.11032093363313397
99107.64256692704,-0.13901299818863644
99141.96392816768,-0.1523847062447245
99176.28528940832,-0.14080683341947392
99210.60665064896,-0.0976902310488774
99244.9280118896,-0.02503384354969123
99279.24937313024,0.060633415728096926
99313.57073437088,0.13321216526582302
99347.89209561152,0.17088785680709112
99382.21345685216,0.16744305495021775
99416.5348180928,0.1320315213857888
99450.85617933344,0.0804280500807843
99485.17754057408,0.026694508238038758
99519.49890181472,-0.020540215198115802
99553.82026305536,-0.057256327623653416
99588.141624296,-0.08254450484744878
99622.46298553664,-0.09725556100939309
99656.78434677728,-0.1029783366482624
99691.10570801792,-0.10145382250128139
99725.42706925856,-0.09424227385090941
99759.7484304992,-0.08286628932677581
99794.06979173984,-0.06855344762143482
99828.39115298048,-0.05233340084584734
99862.71251422112,-0.03495842078007419
99897.03387546176,-0.01729618826792014
99931.3552367024,0.00007673991490883894
99965.67659794303,0.016670205260892933
99999.99795918367,0.03205675802549935
