0.002040816326530612,-0.14414700555224774
30.671792055962676,-0.1371702122196501
61.341543295598825,-0.11757549202322194
92.01129453523498,-0.08882329820527043
122.68104577487112,-0.055394852487783544
153.35079701450726,-0.021569108053019332
184.02054825414342,0.009429526299318619
214.69029949377955,0.035604957099631275
245.3600507334157,0.056120222073680746
276.02980197305186,0.07094268870402173
306.699553212688,0.08061320990552337
337.3693044523242,0.08584000601720912
368.0390556919603,0.0874158480390972
398.7088069315964,0.08610766725836551
429.3785581712326,0.08257733280861504
460.04830941086874,0.07739818715267022
490.71806065050487,0.07103942081204784
521.387811890141,0.06387914749838822
552.0575631297772,0.056217180017078525
613.3970656090495,0.040276305909272045
644.0668168486857,0.03231071486290826
674.7365680883217,0.024518421842896557
736.0760705675941,0.009757194547168061
766.7458218072302,0.0028639055788925623
797.4155730468664,-0.0036505913073817224
828.0853242865026,-0.009745972583505232
858.7550755261386,-0.015409190542676723
889.4248267657748,-0.020632559663879807
920.094578005411,-0.025388027081019865
950.7643292450471,-0.029784117444373495
981.4340804846832,-0.03365714702780716
1012.1038317243194,-0.03713817161327756
1042.7735829639555,-0.0401555846959907
1073.4433342035918,-0.042747790229504326
1104.1130854432279,-0.044918881515136885
1134.782836682864,-0.04666054092256471
1165.4525879225002,-0.048005532262494766
1196.1223391621363,-0.04893516912542544
1226.7920904017724,-0.04948072785876836
1257.4618416414087,-0.0496344157827509
1288.1315928810448,-0.049413534026286704
1318.8013441206808,-0.048823217459495354
1349.4710953603171,-0.04787572273245757
1380.1408465999532,-0.04657770079582257
1410.8105978395893,-0.044941618381617414
1441.4803490792256,-0.04297626524606577
1472.1501003188616,-0.04069187593452855
1502.8198515584977,-0.0381005361382737
1533.489602798134,-0.0352136490822898
1564.15935403777,-0.03202985586478481
1594.8291052774061,-0.02859782634358859
1625.4988565170424,-0.024890778034609266
1656.1686077566785,-0.02093357562403369
1717.5081102359509,-0.012362482025884206
1748.177861475587,-0.007783500317448781
1778.847612715223,-0.0030300235171833844
1840.1871151944954,0.006939435987551208
1962.86612015304,0.02791568113246208
1996.1156449716777,0.03358779033840747
2029.3651697903158,0.03915542164257102
2062.614694608954,0.044637888908125575
2095.8642194275917,0.04970437080227017
2129.1137442462295,0.05453745591791196
2162.3632690648674,0.05883818659097638
2195.612793883505,0.06256407447827014
2228.862318702143,0.06553285262185517
2262.111843520781,0.06754642074045909
2295.3613683394187,0.06840429757387681
2328.6108931580566,0.06783631944826551
2361.8604179766944,0.06564455702984497
2395.1099427953322,0.061326033475532664
2428.35946761397,0.05467959826242161
2461.608992432608,0.04528833534027493
2494.858517251246,0.03279520823330008
2528.1080420698845,0.016911967713039662
2561.3575668885223,-0.002492458862667239
2594.60709170716,-0.025197802950740242
2627.856616525798,-0.05057108679581136
2661.106141344436,-0.07712946934668893
2694.3556661630737,-0.10248035232598163
2727.6051909817115,-0.12320590840102941
2760.8547158003494,-0.13518508646184432
2794.104240618987,-0.13452416940449236
2827.353765437625,-0.11886301625765706
2860.603290256263,-0.08875757884514544
2893.8528150749007,-0.04817607716993262
2927.1023398935386,-0.003530358226612469
2960.3518647121764,0.03846177763623336
2993.6013895308142,0.07248635959063181
3026.8509143494525,0.09593385508212317
3060.100439168091,0.10859287288675723
3093.3499639867287,0.1118043825240444
3126.5994888053665,0.10765582793272344
3159.8490136240043,0.09832288059840588
3193.098538442642,0.08572909223138958
3226.34806326128,0.07138180028354296
3292.8471128985557,0.0415743367251304
3326.0966377171935,0.027424421857898063
3359.3461625358314,0.014225245813941436
3392.595687354469,0.0021952188428537092
3425.845212173107,-0.008581491098051366
3459.094736991745,-0.018085642996644582
3492.3442618103827,-0.02636757514758359
3525.5937866290205,-0.03343761217939467
3558.843311447659,-0.039353894113846336
3592.092836266297,-0.04421655321661118
3625.342361084935,-0.04807832288643508
3658.591885903573,-0.05101419691674835
3691.8414107222106,-0.05309280054709369
3725.0909355408485,-0.054380790161594646
3758.3404603594863,-0.05493998566443877
3791.589985178124,-0.05483348627506833
3824.839509996762,-0.05411520096962961
3858.0890348154,-0.052837733070320574
3891.3385596340377,-0.05104518663093681
3924.5880844526755,-0.04879365587246603
3957.8376092713133,-0.046124322741220886
3991.087134089951,-0.043067200826234886
4024.336658908589,-0.03967942661392441
4090.835708545865,-0.03202265292577669
4121.8818436781985,-0.028122600550302145
4152.927978810532,-0.02402943235257771
4215.020249075199,-0.015442201381228317
4339.204789604533,0.0027181440801401923
4370.250924736867,0.007307603507712549
4401.2970598692,0.011880879918454445
4463.389330133867,0.0208273033799048
4494.4354652662005,0.02516038654119078
4525.481600398534,0.02934256213307612
4587.573870663201,0.03719819091525865
4618.620005795534,0.040810421222919085
4649.666140927868,0.04414382137817272
4680.7122760602015,0.047177893549398525
4711.758411192535,0.04989895112693763
4742.804546324869,0.05220708079810131
4773.850681457202,0.05411177451003484
4804.896816589535,0.0555458820223376
4835.942951721869,0.05644885641070289
4866.9890868542025,0.05679241189149603
4898.035221986536,0.056439923670873915
4929.08135711887,0.0554838395204549
4960.127492251203,0.05371690313617008
4991.173627383536,0.05099925920733207
5022.21976251587,0.047585020476118775
5053.2658976482035,0.043023595324776544
5084.312032780537,0.03727861463113591
5115.358167912871,0.030682927007821846
5146.404303045205,0.0225648404338178
5177.450438177539,0.013199622615553824
5208.496573309872,0.002630780254596548
5239.5427084422045,-0.00946877877340619
5270.588843574538,-0.022785659708439057
5332.681113839206,-0.052580711481366796
5363.72724897154,-0.0683057736867826
5394.773384103873,-0.08372873323728483
5425.819519236205,-0.09781285092291173
5456.865654368539,-0.10917009432917409
5487.911789500873,-0.11601511619520109
5518.957924633207,-0.11631801175699116
5550.004059765541,-0.10807188908044572
5581.050194897874,-0.08970008613969603
5612.096330030206,-0.061028619243606835
5643.14246516254,-0.02370549012720391
5674.188600294874,0.01860025316560674
5705.234735427208,0.060353827633332316
5736.280870559542,0.09585315421484598
5767.327005691875,0.12062351883618852
5798.373140824207,0.13255199723031633
5829.419275956541,0.13209722660692458
5860.465411088875,0.12151601146608271
5891.511546221209,0.10384073100044153
5922.557681353543,0.08223532457208711
5953.6038164858755,0.05918912475014185
5984.649951618208,0.03658576889392963
6015.696086750542,0.015643943241808258
6046.742221882876,-0.0029600546219323634
6077.78835701521,-0.018941016228302285
6108.225490216341,-0.03204359007691966
6138.662623417473,-0.04266753443703217
6169.099756618603,-0.05101927196781855
6199.536889819735,-0.0573072025390388
6229.974023020866,-0.06176312917931136
6260.411156221997,-0.06461002031380504
6290.848289423128,-0.0660574962864024
6321.28542262426,-0.06630160597589091
6351.72255582539,-0.06550095873285626
6382.159689026522,-0.06382295869802199
6412.596822227653,-0.06139995523502419
6443.033955428784,-0.058359484404445106
6473.471088629915,-0.0547763317165493
6503.908221831047,-0.050775772817143225
6564.782488233309,-0.04179881257656412
6595.21962143444,-0.03696629967257001
6625.656754635571,-0.031971225309419746
6686.531021037834,-0.02171286839625644
6808.279553842358,-0.0011975036571675174
6838.716687043489,0.003749796883780611
6869.153820244621,0.008549486923660423
6930.028086646883,0.017673416421377132
6960.465219848014,0.021944799768506797
6990.902353049145,0.026002758946504268
7051.776619451408,0.033383534327861404
7082.2137526525385,0.03667728908359557
7112.65088585367,0.039680503816223074
7143.088019054801,0.04237870273583404
7173.525152255932,0.0447556729640202
7203.962285457063,0.0467996677540754
7234.399418658195,0.04848535990887598
7264.8365518593255,0.04980920302145802
7295.273685060457,0.05074808916374912
7325.710818261588,0.05129106250093434
7356.147951462719,0.0514198752844589
7386.5850846638505,0.05112335061830405
7417.022217864982,0.050386057589198105
7447.4593510661125,0.049176789528554074
7477.896484267244,0.04752494405203877
7508.333617468375,0.04535633336444388
7538.770750669506,0.04270389597173405
7569.2078838706375,0.03955818368332454
7599.645017071769,0.03581425702040293
7630.0821502728995,0.03161885798989254
7660.519283474031,0.02686515970323601
7690.9564166751625,0.02143711651439341
7721.393549876293,0.015649195548552375
7751.8306830774245,0.009221024916140488
7782.267816278556,0.0020524369478045687
7812.704949479687,-0.005240806125648079
7843.142082680818,-0.013266356159682382
7904.01634908308,-0.03048459775811006
7934.4534822842115,-0.03967086626569381
7964.890615485343,-0.04901771671209362
8025.764881887605,-0.06717934194464396
8058.7817886677385,-0.07623422678694103
8091.798695447871,-0.08410284269338036
8124.815602228004,-0.09009273207703256
8157.832509008136,-0.09333457382578945
8190.84941578827,-0.09278353502117868
8223.866322568403,-0.08725024964068012
8256.883229348536,-0.07548802212419482
8289.900136128668,-0.05647118474011162
8322.9170429088,-0.029680877661960942
8355.933949688933,0.004209730827737575
8388.950856469066,0.04279366202449543
8421.9677632492,0.08192212918460792
8454.984670029335,0.1156644991411765
8488.001576809467,0.13801336168345332
8521.0184835896,0.14477384703763477
8554.035390369732,0.13506001244242855
8587.052297149865,0.11156289606298844
8620.069203929997,0.07919500134124956
8653.08611071013,0.04365138537409351
8686.103017490264,0.00938569868192599
8719.119924270399,-0.02052524935161542
8752.136831050531,-0.044591264533887585
8785.153737830664,-0.06249321629114019
8818.170644610796,-0.07459964211169462
8851.187551390929,-0.08169220211489493
8884.204458171062,-0.08461899589821431
8917.221364951194,-0.08423651340099274
8950.238271731327,-0.08128929241649305
8983.25517851146,-0.0764264002321007
9016.272085291592,-0.07018298064573507
9049.288992071724,-0.06296918378959307
9082.305898851859,-0.055134569227547836
9115.322805631993,-0.04697802007512867
9148.339712412126,-0.0386111014071963
9214.37352597239,-0.022147643174722995
9247.390432752523,-0.014249110860572789
9280.407339532656,-0.006613978708131875
9346.441153092921,0.007411622326766027
9379.458059873054,0.013792699926697988
9412.474966653186,0.019676643333261343
9445.491873433319,0.025075075032763926
9478.508780213453,0.029981981249573176
9511.525686993587,0.03435383915709724
9544.54259377372,0.03824646578169771
9577.559500553853,0.041593593908100746
9610.576407333985,0.044449154258149576
9643.593314114118,0.04677755346742445
9676.61022089425,0.04860092109524874
9709.627127674383,0.049917786827922306
9742.644034454517,0.05073313671748926
9775.660941234652,0.051056537455823205
9808.677848014784,0.05089099879024603
9841.694754794917,0.050247333459730904
9874.71166157505,0.04913178372560685
9907.728568355182,0.0475542252700741
9940.745475135314,0.04552544314667302
9973.762381915447,0.04305404491371978
10006.779288695581,0.04014985747686407
10039.796195475716,0.036837571742981884
10072.813102255848,0.033101171487930625
10105.83000903598,0.029006469664007755
10138.846915816113,0.024517358023316692
10169.660432909943,0.02001093946421558
10200.47395000377,0.015238528458605655
10262.100984191427,0.004864328159425836
10385.355052566742,-0.01832081730885321
10416.168569660571,-0.02445813392122747
10446.982086754399,-0.030514961681433663
10508.609120942056,-0.04268521787084617
10539.422638035885,-0.048459477508181706
10570.236155129713,-0.05408116802652131
10601.04967222354,-0.0592213983770882
10631.86318931737,-0.06385572052660946
10662.6767064112,-0.06787235992638346
10693.490223505027,-0.0709396273152683
10724.303740598854,-0.07299906549800358
10755.117257692684,-0.07364572176701194
10785.930774786513,-0.07273449336982275
10816.74429188034,-0.06981783049659628
10847.557808974168,-0.06454826911255876
10878.371326067998,-0.05656957813661573
10909.184843161827,-0.045463341653816665
10939.998360255655,-0.030889787586358866
10970.811877349483,-0.012653820700020857
11001.625394443312,0.009252015500576631
11032.438911537141,0.03429701851548427
11063.252428630969,0.061418548062155215
11094.065945724797,0.08873622574300469
11124.879462818626,0.11339892775445444
11155.692979912455,0.13187052536024613
11186.506497006283,0.14033738585606959
11217.32001410011,0.13589020530229334
11248.13353119394,0.11750588698907787
11278.94704828777,0.08680639068275282
11309.760565381597,0.047940930791053285
11340.574082475425,0.006539909476644169
11371.387599569254,-0.03228660349317926
11402.201116663084,-0.064216292976577
11433.014633756911,-0.08759961754961955
11463.828150850739,-0.10190541317059325
11494.641667944568,-0.10810378299129622
11525.455185038398,-0.10763765404897721
11556.268702132225,-0.10211516062437612
11587.082219226053,-0.09305006003115535
11617.895736319882,-0.08172767169311772
11648.709253413712,-0.06912225183996851
11679.52277050754,-0.056001818932897046
11710.336287601367,-0.04291746603736077
11741.149804695197,-0.03025273039493393
11771.963321789026,-0.018280459456625542
11802.776838882854,-0.007152118320461191
11833.590355976681,0.0030765498107329474
11864.40387307051,0.012344393036793123
11895.21739016434,0.02061201966678194
11926.030907258168,0.02789875758717483
11956.844424351995,0.03420039211980072
11987.657941445825,0.039616239165406776
12018.471458539654,0.044164660744042857
12049.284975633484,0.04784693069019508
12080.098492727313,0.05077219179587087
12110.91200982114,0.05295056912461959
12144.305300493972,0.054515414579554736
12177.698591166802,0.05532415212113813
12211.091881839631,0.055427777225643515
12244.48517251246,0.0548685710845606
12277.87846318529,0.053701253475873074
12311.271753858122,0.051975779884667554
12344.665044530953,0.049727211056666804
12378.058335203783,0.047008679950799055
12411.451625876613,0.04385811269272101
12444.844916549444,0.040309131692390435
12478.238207222275,0.03641667270570327
12511.631497895105,0.03219243803964021
12545.024788567935,0.027698457473827123
12578.418079240764,0.022956113938315564
12645.204660586425,0.012888485933016568
12678.597951259257,0.007629647881453394
12711.991241932086,0.0022793084936801383
12778.777823277745,-0.008592903374428203
12812.171113950575,-0.014000629776014501
12845.564404623407,-0.019385506201620863
12912.350985969068,-0.029770076564426064
12945.744276641897,-0.03474030604200681
12979.137567314729,-0.039397399857769855
13012.53085798756,-0.04380629026024453
13045.92414866039,-0.047853830813467474
13079.31743933322,-0.051455157646992586
13112.710730006049,-0.05460724871548171
13146.104020678878,-0.05715220447656661
13179.49731135171,-0.05907655424831223
13212.890602024541,-0.0602332536021441
13246.28389269737,-0.060584296225038435
13279.6771833702,-0.059956947358903556
13313.07047404303,-0.05823830498722917
13346.46376471586,-0.055403460249524555
13379.857055388691,-0.05103855813555481
13413.250346061523,-0.045420802358243945
13446.643636734352,-0.037972345034565036
13480.036927407182,-0.028893415379329115
13513.430218080013,-0.017777697288679596
13546.823508752845,-0.0047590297382307176
13580.216799425674,0.010285596752197403
13613.610090098504,0.027229408685071163
13647.003380771333,0.04569113899861936
13680.396671444163,0.06510358481422798
13713.789962116995,0.08439654717408981
13747.183252789826,0.10201614237074005
13780.576543462656,0.11573160646224338
13813.969834135485,0.1227676910264424
13847.363124808315,0.12009820662127971
13880.756415481144,0.10512180346647776
13914.149706153976,0.07682073298834174
13947.542996826807,0.0368561930559419
13980.936287499637,-0.009853934688163476
14014.329578172466,-0.056164360162749914
14047.722868845298,-0.09472993908431393
14081.11615951813,-0.12031982827397139
14114.509450190959,-0.13103046521333644
14147.902740863788,-0.12821941205978482
14181.296031536618,-0.11506294260443883
14214.689322209448,-0.09534148648137639
14248.08261288228,-0.07240680803780267
14280.866901623907,-0.04924222225433278
14313.651190365534,-0.02712309454428454
14346.435479107162,-0.0070821086965830275
14379.21976784879,0.010472712814784894
14412.004056590418,0.025320785103362147
14444.788345332046,0.03749412222769473
14477.572634073675,0.047146766131940694
14510.356922815303,0.054500076855184224
14543.141211556931,0.05979300769670647
14575.92550029856,0.06326534493373458
14608.709789040187,0.06514558984805019
14641.494077781816,0.06565179945632837
14674.278366523444,0.06494925891781014
14707.062655265072,0.06324820003728435
14739.846944006698,0.06067136912761585
14772.631232748327,0.05736320625634829
14805.415521489955,0.05346639475376436
14838.199810231581,0.04902403439974877
14870.98409897321,0.04421565547589752
14903.768387714837,0.03904026405692967
14936.552676456466,0.03364413747758338
14969.336965198094,0.028051273972105887
15034.90554268135,0.01657040254131618
15067.689831422978,0.01076218088167367
15100.474120164607,0.005012695050786781
15166.042697647863,-0.006259566815074908
15198.826986389491,-0.011694153925572905
15231.61127513112,-0.01692723114428744
15297.179852614374,-0.026717158637068857
15329.964141356002,-0.031204125061651208
15362.748430097628,-0.0353745276290222
15395.532718839257,-0.03920068508966121
15428.317007580885,-0.042659893833634666
15461.101296322513,-0.04570816425271125
15493.885585064141,-0.04834789411480516
15526.66987380577,-0.05049251565500649
15559.454162547398,-0.052173377929961316
15592.238451289026,-0.05334267339518028
15625.022740030654,-0.05395127365721195
15657.807028772282,-0.05399834299072207
15690.59131751391,-0.0534351730343387
15723.375606255539,-0.05222720364509706
15756.159894997167,-0.05038891061408575
15788.944183738793,-0.047805082623764254
15821.728472480421,-0.044537019602668974
15854.51276122205,-0.04050535223198749
15887.297049963676,-0.03568172516065595
15920.081338705304,-0.030085620739898393
15952.865627446932,-0.023601698392190736
15985.64991618856,-0.016392344948610728
16018.434204930189,-0.008201037356976259
16051.218493671817,0.0006474373502540175
16084.002782413445,0.010392152584494406
16116.787071155073,0.020808810952001114
16149.571359896701,0.03183074017583466
16215.139937379958,0.05501730566497007
16247.924226121586,0.06668802059946702
16280.708514863214,0.077578864138488
16313.49280360484,0.08732785845178365
16346.277092346469,0.09495237866859366
16376.857991401794,0.09921814410369456
16407.438890457117,0.09965923709165184
16438.01978951244,0.09506885810705201
16468.600688567763,0.08424488100330263
16499.181587623087,0.06618746548590798
16529.76248667841,0.04046962468936406
16560.343385733733,0.007691567771831123
16590.924284789056,-0.03007944627825001
16621.50518384438,-0.06917054763107588
16652.086082899703,-0.10448758430674904
16682.666981955026,-0.13073056498250768
16713.24788101035,-0.1439065233831171
16743.828780065673,-0.14242499782663334
16774.409679120996,-0.12753465860696384
16804.990578176323,-0.10254954795005009
16835.571477231646,-0.07206600496304488
16866.15237628697,-0.03992945757837501
16896.733275342296,-0.009545954735057094
16927.31417439762,0.017161472414504407
16957.895073452943,0.03919978196021376
16988.475972508266,0.05628366389229987
17019.05687156359,0.06864721642845688
17049.637770618912,0.0767854682884967
17080.218669674236,0.08129954482886842
17110.79956872956,0.08280146599230645
17141.380467784882,0.08186219552426116
17171.961366840205,0.07898689466353079
17202.54226589553,0.07460583291357922
17233.12316495085,0.06907754456016069
17263.704064006175,0.06272596355789253
17294.2849630615,0.05580825599547097
17324.86586211682,0.048492781557981424
17355.446761172145,0.040949348089974795
17386.027660227468,0.033350521151487844
17447.189458338114,0.018347403006396076
17477.770357393438,0.011080683736512689
17508.35125644876,0.004115405020131517
17569.51305455941,-0.008967323633585638
17600.093953614734,-0.014937305622892475
17630.67485267006,-0.020559745294617918
17661.255751725384,-0.025738741220947846
17691.836650780708,-0.03049257478124327
17722.41754983603,-0.03481826865685097
17752.998448891354,-0.03867164598173195
17783.579347946677,-0.04208399332921484
17814.160247002,-0.045020848983884566
17844.741146057324,-0.047493912881301927
17875.322045112647,-0.04949312356684602
17905.90294416797,-0.0510196156381277
17936.483843223294,-0.0520724073881718
17967.064742278617,-0.0526516907216514
17997.64564133394,-0.05275870440392765
18028.226540389263,-0.052395578898405216
18058.807439444587,-0.05156573898122978
18089.38833849991,-0.050271065398653156
18119.969237555233,-0.048519713468536216
18150.550136610556,-0.04631623839361917
18181.13103566588,-0.04365236866975685
18211.711934721203,-0.040569982740510706
18242.292833776526,-0.03705355487889507
18272.873732831853,-0.03308487358633731
18303.454631887176,-0.028755008578913534
18336.615304521503,-0.023605879627429546
18369.775977155827,-0.01794613889522503
18436.09732242448,-0.005581062888431108
18469.257995058804,0.0012499245885754882
18502.41866769313,0.008228012230548835
18568.74001296178,0.023039913810593324
18601.900685596105,0.030694288902158397
18635.061358230432,0.038290367005884965
18668.22203086476,0.04583303884648118
18701.382703499083,0.05312603810567228
18734.543376133406,0.060009489845671574
18767.704048767733,0.06624949287121315
18800.86472140206,0.07165151170460984
18834.025394036384,0.07581871928374409
18867.186066670707,0.07842864933462272
18900.346739305034,0.07905110134857628
18933.50741193936,0.07705881639621362
18966.668084573685,0.07203361575151368
18999.828757208008,0.0631538334146878
19032.989429842335,0.04986667845273664
19066.150102476662,0.03170746493149275
19099.310775110986,0.008363333072469281
19132.47144774531,-0.019730114440529724
19165.632120379636,-0.0513506353494244
19198.792793013963,-0.08403671604074843
19231.953465648287,-0.11374747330003888
19265.11413828261,-0.13538062891793554
19298.274810916937,-0.14379760814664613
19331.435483551264,-0.13562188984781415
19364.596156185587,-0.11082010415999417
19397.75682881991,-0.07318453405924918
19430.917501454238,-0.029133529558804043
19464.078174088565,0.014044426944934178
19497.23884672289,0.05102647373800276
19530.399519357212,0.07868612790815539
19563.56019199154,0.09624160617470721
19596.720864625866,0.1046033329569834
19629.88153726019,0.1053628316978756
19663.042209894513,0.10041348556633273
19696.20288252884,0.09146892173921438
19729.363555163167,0.07996736456945182
19762.52422779749,0.06705692293758997
19795.684900431814,0.05354617809243453
19828.84557306614,0.040060947960764176
19895.16691833479,0.014678958306422005
19928.327590969115,0.003239949333348875
19961.48826360344,-0.007200635236100449
19994.64893623777,-0.016621373851056585
20027.809608872092,-0.02487356332505286
20060.970281506416,-0.032202684690526756
20094.130954140743,-0.038356786517358465
20127.29162677507,-0.04363777718619258
20160.452299409393,-0.04783883427955967
20193.612972043717,-0.05122048845128293
20226.773644678044,-0.053658379612695165
20259.93431731237,-0.0553108405630864
20293.094989946694,-0.056157793212428773
20326.25566258102,-0.05628201547825934
20359.41633521535,-0.05571386392087526
20392.57700784967,-0.05449795756011039
20425.737680484,-0.05268549591305445
20456.69496343202,-0.0504803668009808
20487.652246380043,-0.04782855786928566
20518.609529328063,-0.04474591779155682
20549.566812276084,-0.04128246459031263
20580.524095224104,-0.037451717321622266
20611.481378172124,-0.033305624562888686
20673.395944068165,-0.024147606780075662
20704.353227016185,-0.01920482929995148
20735.310509964205,-0.014073079986569058
20797.22507586025,-0.003339440653683753
20921.054207652334,0.01898217887185153
20952.011490600355,0.024475784381240335
20982.968773548375,0.029896439322994624
21013.9260564964,0.03515098766845719
21044.88333944442,0.04016475823354663
21075.84062239244,0.04496509653485807
21106.797905340463,0.04937840278264403
21137.755188288484,0.0534025173921443
21168.712471236504,0.056987654103919295
21199.669754184524,0.05995557986129145
21230.627037132545,0.062306787940502456
21261.584320080565,0.06388758840452397
21292.541603028585,0.06462266340579081
21323.498885976605,0.06433362544724437
21354.456168924626,0.06298514494954456
21385.41345187265,0.06023955023281722
21416.37073482067,0.05626538517489193
21447.32801776869,0.05050970522067562
21478.285300716714,0.04316757352425778
21509.242583664734,0.03378025740590477
21540.199866612755,0.02238291582784079
21571.157149560775,0.008877415008070707
21602.114432508795,-0.006885672675225683
21633.071715456816,-0.024602315939413023
21664.028998404836,-0.044025474800165505
21694.986281352856,-0.06449894077556889
21725.943564300876,-0.08493475366454978
21756.9008472489,-0.1038107872504576
21787.85813019692,-0.11890262780892268
21818.81541314494,-0.12756936969152605
21849.772696092965,-0.127008581815401
21880.729979040985,-0.11484676987196055
21911.687261989005,-0.0900615269360231
21942.644544937026,-0.05398501133907429
21973.601827885046,-0.01043232275409715
22004.55911083307,0.03464776318426224
22035.51639378109,0.07499035130271159
22066.47367672911,0.10550743998568701
22097.430959677135,0.12359291985373956
22128.388242625155,0.12929509466807643
22159.345525573175,0.12438633036814109
22190.302808521195,0.1116191714974628
22221.260091469216,0.09385173781626033
22252.217374417236,0.07352817416780195
22283.174657365256,0.052541186618955626
22314.131940313277,0.032215069420602996
22345.089223261297,0.0133918563041571
22376.04650620932,-0.0034570389132387025
22407.00378915734,-0.018116844559487477
22437.352070174158,-0.030328162196345262
22467.70035119098,-0.04045519273804314
22498.048632207796,-0.04861771306825497
22528.396913224613,-0.054966074486336815
22558.745194241434,-0.05966270150188815
22589.09347525825,-0.06286855704824663
22619.441756275068,-0.06474791753190434
22649.79003729189,-0.06545042355454042
22680.13831830871,-0.06509660635821538
22710.486599325526,-0.0638385535198948
22740.834880342343,-0.06177385212177633
22771.183161359164,-0.059008158559430465
22801.531442375985,-0.05565984658719898
22831.8797233928,-0.05176527234249943
22862.22800440962,-0.04748033119106196
22892.57628542644,-0.0427733816073146
22922.92456644326,-0.03781833476463441
22953.272847460077,-0.032579146424908
23013.969409493715,-0.021651837355340528
23135.36253356099,0.000876318803048622
23165.71081457781,0.006404399778620609
23196.059095594628,0.011819303507958527
23256.755657628266,0.022160383907389253
23287.103938645083,0.027020967076072537
23317.4522196619,0.0316320501065654
23347.80050067872,0.03595763878694746
23378.148781695538,0.039982348019578305
23408.497062712355,0.043636031084263546
23438.845343729176,0.046929703641441854
23469.193624745993,0.04982287492922448
23499.54190576281,0.05224920082464096
23529.89018677963,0.0542179828269611
23560.238467796447,0.0556819512570378
23590.586748813264,0.056591010883367904
23620.935029830085,0.05693963760454993
23651.283310846906,0.056661392372570424
23681.631591863723,0.055736329078984966
23711.97987288054,0.0541587443959132
23742.32815389736,0.051810285621101695
23772.67643491418,0.04870121492213972
23803.024715931,0.044891479215805635
23833.372996947815,0.04014661660436677
23863.721277964636,0.034486154270216826
23894.069558981457,0.028178042242458894
23924.417839998274,0.02077051180147658
23954.76612101509,0.012259327428600982
23985.11440203191,0.0033352625524474266
24015.462683048732,-0.006776450448679196
24045.81096406555,-0.017978819547699993
24106.507526099187,-0.041534589903191366
24136.855807116008,-0.05431443713275656
24167.204088132825,-0.06670315594472184
24197.552369149642,-0.07875701967440085
24227.900650166463,-0.08968033818357271
24258.24893118328,-0.09862704194199857
24288.597212200097,-0.10452560587528012
24318.945493216917,-0.1060884817494927
24349.293774233734,-0.10189070464065986
24382.221828829555,-0.08921638071938746
24415.149883425373,-0.06664226361583635
24448.077938021193,-0.034179177336694865
24481.005992617014,0.00641279070939379
24513.934047212835,0.051176888270360626
24546.862101808656,0.09328090029650274
24579.790156404477,0.12569876112537853
24612.718211000298,0.14287769680158047
24645.64626559612,0.1427037817129082
24678.57432019194,0.1269310348732849
24711.502374787757,0.09999410726964043
24744.430429383578,0.0675023072461724
24777.3584839794,0.03402772312966598
24810.286538575216,0.003008241209256031
24843.214593171037,-0.023422930916789677
24876.142647766857,-0.04460119220448033
24909.07070236268,-0.06045110846662611
24941.9987569585,-0.0713847252702679
24974.92681155432,-0.07802351145129895
25007.85486615014,-0.08105063754097683
25040.78292074596,-0.0811264988699015
25073.710975341783,-0.07884645345422746
25106.6390299376,-0.0747299681016029
25139.56708453342,-0.0692140590097283
25172.49513912924,-0.0626627003569818
25205.42319372506,-0.05537120603484598
25271.2793029167,-0.039473059547484604
25402.991521299984,-0.007191441692151463
25435.919575895805,0.0003316125699549411
25468.847630491626,0.007573490347356762
25501.775685087447,0.014363815794643058
25534.703739683267,0.020747700032709437
25567.63179427909,0.02663043487057894
25600.55984887491,0.032020335731699955
25633.487903470726,0.03687276523400365
25666.415958066547,0.04117510225979992
25699.34401266237,0.04491083635477601
25732.272067258185,0.048060374605604056
25765.200121854006,0.050619092460563224
25798.128176449827,0.05257016995574405
25831.056231045648,0.05391111653721636
25863.98428564147,0.05463209871315488
25896.91234023729,0.05473016460939349
25929.84039483311,0.0542027451281127
25962.76844942893,0.05304581947175808
25995.696504024752,0.051261590949978765
26028.624558620573,0.04885453042848095
26061.552613216394,0.045805956628119315
26094.480667812215,0.042176562377506804
26127.408722408036,0.037902697193784106
26160.336777003853,0.0330573749661159
26193.264831599674,0.027629604572267232
26226.192886195495,0.02157904156569651
26259.120940791312,0.015108498063018238
26324.977049982954,0.0005444275691084861
26357.905104578775,-0.007362610232236021
26390.833159174595,-0.01571109018708907
26456.689268366237,-0.032986071528362824
26487.413933275755,-0.04104906178924069
26518.13859818527,-0.04921136723350102
26548.863263094783,-0.05697417479281139
26579.5879280043,-0.06441606912596558
26610.31259291382,-0.07110777892527755
26641.037257823333,-0.0768794909870873
26671.761922732847,-0.08130570142866371
26702.486587642365,-0.0840218920721777
26733.211252551882,-0.08444717670320544
26763.935917461396,-0.08214052907373155
26794.66058237091,-0.07632860510812046
26825.38524728043,-0.0664433449501911
26856.109912189946,-0.051844477637496444
26886.83457709946,-0.03208878476325981
26917.559242008974,-0.007132716777360673
26948.283906918492,0.0224233281841912
26979.00857182801,0.055025218739427416
27009.733236737524,0.08791818719469992
27040.457901647038,0.11716548718063752
27071.182566556556,0.13813137053708746
27101.907231466073,0.14644427056148096
27132.631896375588,0.13948926091626346
27163.3565612851,0.11752579641356435
27194.08122619462,0.0837935612144467
27224.805891104137,0.04376095739112041
27255.53055601365,0.0030735098288865326
27286.255220923165,-0.03356762822509926
27316.979885832683,-0.06302989924372715
27347.7045507422,-0.08417105707147653
27378.429215651715,-0.09719408214119987
27409.15388056123,-0.10299929626585667
27439.878545470747,-0.10293617322315947
27470.603210380264,-0.09838749729414425
27501.32787528978,-0.09059379139688457
27532.052540199293,-0.08061075203020099
27562.77720510881,-0.06928407570830875
27593.50187001833,-0.057268675195929014
27624.226534927842,-0.045039393934275376
27685.675864746874,-0.02140112503564273
27716.400529656392,-0.010411479145934866
27747.125194565906,-0.00009903694966000715
27777.84985947542,0.009375546537385374
27808.574524384938,0.017966256475043706
27839.299189294456,0.025706078673322995
27870.02385420397,0.032553548717449116
27900.748519113484,0.038482270628762374
27931.473184023,0.043598899822470165
27962.19784893252,0.04784300075632568
27992.922513842033,0.05129631251037399
28023.647178751547,0.0539477605014998
28054.371843661065,0.055842452997163256
28085.096508570583,0.05702099395860375
28115.821173480097,0.05750049726919715
28146.54583838961,0.05732231167144995
28177.27050329913,0.05651741254434984
28207.995168208647,0.0551203973058798
28238.71983311816,0.05315370125195648
28269.444498027675,0.05066610360784904
28300.169162937193,0.04767559994199119
28330.89382784671,0.04422226302188691
28361.618492756228,0.040339002277639285
28392.343157665746,0.036055318603758886
28423.06782257526,0.03140893149734805
28456.372261063778,0.025998285070991216
28489.676699552292,0.020242649161119747
28556.285576529328,0.007895192365077151
28689.5033304834,-0.018686715291822073
28722.807768971918,-0.025399859580851884
28756.112207460435,-0.03204180211174429
28789.416645948953,-0.038353168176040044
28822.72108443747,-0.04447176333901512
28856.02552292599,-0.05016198276846083
28889.329961414507,-0.055354274489362414
28922.634399903025,-0.059970983105055206
28955.938838391543,-0.06373955894825066
28989.24327688006,-0.06663380363789038
29022.54771536858,-0.06841114100826227
29055.852153857097,-0.06887003902830352
29089.156592345615,-0.06784870786583196
29122.461030834133,-0.06497743265987603
29155.76546932265,-0.060170643311582304
29189.06990781117,-0.05291587752907685
29222.374346299686,-0.04319433845718494
29255.678784788204,-0.030487484060985257
29288.983223276722,-0.014846046570768712
29322.28766176524,0.003996074537287394
29355.592100253758,0.025585930980867356
29388.896538742276,0.0494887807883081
29422.200977230794,0.07445271547789915
29455.50541571931,0.09850786806760792
29488.80985420783,0.11870390567845442
29522.114292696348,0.13131765324012581
29555.418731184865,0.13235016843388128
29588.723169673383,0.1184862091186688
29622.0276081619,0.08888704914366055
29655.33204665042,0.04626802266220664
29688.636485138937,-0.003133268382937795
29721.940923627455,-0.05106623527704462
29755.245362115973,-0.09018346464219998
29788.54980060449,-0.11563858293911537
29821.85423909301,-0.1266562651519526
29855.158677581527,-0.12485512330245666
29888.463116070045,-0.11342800534896723
29921.767554558563,-0.09579143323180513
29955.07199304708,-0.0749142267016786
30021.680870024113,-0.03187018025692181
30054.98530851263,-0.01228410647421685
30088.289747001145,0.00524912279170358
30121.594185489663,0.02040181411164479
30154.89862397818,0.033112775691438556
30188.2030624667,0.043456341709678915
30221.507500955217,0.051580487473614635
30254.811939443734,0.05766609239971885
30288.116377932252,0.06194766010312106
30321.42081642077,0.06456628234145036
30354.72525490929,0.06565554803655109
30388.029693397806,0.0654868957302793
30421.334131886324,0.06414422072281839
30454.638570374842,0.061796558156214224
30487.94300886336,0.058596445257449115
30521.247447351878,0.054607730137256484
30554.551885840396,0.05002859687177107
30587.24732239771,0.044949609008414236
30619.942758955025,0.039501803915987885
30685.333632069658,0.02757141809959395
30816.11537829892,0.0018001337143617952
30848.810814856235,-0.004682827093581235
30881.50625141355,-0.011042223553778242
30946.89712452818,-0.023252712464503854
30979.592561085494,-0.028990618892075656
31012.28799764281,-0.03440155387646146
31044.983434200127,-0.03945961963831548
31077.67887075744,-0.04407592220001389
31110.374307314756,-0.04823079762308617
31143.069743872074,-0.0518570482163675
31175.76518042939,-0.054883129895907934
31208.460616986704,-0.057284608714379716
31241.15605354402,-0.05896515621927198
31273.851490101333,-0.0598970905239862
31306.546926658648,-0.05998065716278386
31339.242363215963,-0.05920690405429839
31371.937799773277,-0.05743528660307362
31404.633236330592,-0.05466307047726639
31437.32867288791,-0.05080911168911911
31470.024109445225,-0.045685425092143774
31502.71954600254,-0.03950768441420914
31535.414982559858,-0.03183993944411365
31568.110419117173,-0.023094028314750752
31600.805855674487,-0.012723056258058626
31633.501292231802,-0.0013080780412079336
31666.196728789117,0.011691334901033301
31731.58760190375,0.040620959868023325
31764.283038461064,0.056023467579151866
31796.978475018383,0.07158701208895736
31829.673911575697,0.08623593732033644
31862.369348133012,0.0989580437265829
31895.064784690327,0.10817554444655819
31927.76022124764,0.11203938782842358
31960.45565780496,0.10838989855398212
31993.151094362274,0.09514681095758874
32025.84653091959,0.07089319912686601
32058.541967476907,0.0357320451115786
32091.237404034222,-0.007838313693709041
32123.932840591537,-0.05449831689377095
32156.62827714885,-0.09718972807672756
32189.323713706166,-0.12853023023495141
32222.019150263484,-0.14356835183155545
32254.7145868208,-0.14117451728137456
32287.410023378114,-0.12401070885765778
32320.105459935432,-0.09683646082561476
32352.800896492747,-0.06477957309172513
32385.49633305006,-0.032410936596892544
32418.191769607376,-0.0026311880915613206
32450.88720616469,0.02304135600924416
32483.582642722005,0.04342935379535645
32516.27807927932,0.05897642504192851
32548.973515836635,0.06987891323708006
32581.66895239395,0.0767010407955645
32614.364388951268,0.08004659141564988
32647.059825508582,0.0805018605313089
32677.55187237959,0.07881194236724164
32708.043919250602,0.07547119801489718
32738.535966121613,0.07083759357067237
32769.028012992625,0.06513320604699027
32799.52005986364,0.0587010387304383
32830.01210673465,0.051694196351743785
32890.99620047667,0.036666327958573226
32921.48824734768,0.028913460207120597
32951.980294218694,0.021157529026471784
33012.96438796072,0.006009310697398504
33043.45643483173,-0.0012132583704401352
33073.94848170274,-0.008225133385837203
33134.93257544476,-0.021116502177956922
33165.42462231577,-0.026953706889584397
33195.91666918677,-0.032349208720321605
33226.408716057784,-0.03727034981198329
33256.900762928795,-0.04168762648541076
33287.39280979981,-0.045577362582705484
33317.88485667082,-0.048933669155502
33348.37690354183,-0.05172121846923877
33378.86895041284,-0.053940664596638044
33409.36099728385,-0.05556777621434981
33439.853044154865,-0.05659466091514626
33470.345091025876,-0.057009587893677716
33500.83713789689,-0.056803212422081646
33531.3291847679,-0.05597024963174832
33561.82123163891,-0.05450149625343059
33592.31327850992,-0.0523918899385868
33622.805325380934,-0.04965029509462908
33653.297372251945,-0.046219731574381875
33683.78941912296,-0.04223873083914653
33714.28146599397,-0.03758495987433751
33744.77351286498,-0.03223410732614883
33775.26555973599,-0.026374862894210524
33805.757606607,-0.019897052478709536
33866.74170034902,-0.005241847089836795
33897.23374722003,0.002875807510617374
33927.725794091035,0.011449556333413841
33988.70988783306,0.02954102428415293
34019.20193470407,0.03872733402253125
34049.69398157508,0.04811880319778937
34080.18602844609,0.05716670059475064
34110.678075317104,0.06589831694112541
34141.170122188116,0.07385381256683717
34171.66216905913,0.08073924512781894
34202.15421593014,0.0860823738011939
34232.64626280115,0.08934669199128632
34263.13830967216,0.08984928263364783
34293.63035654317,0.08695360834198561
34324.122403414185,0.0797639441628045
34354.6144502852,0.06754069758972285
34385.10649715621,0.04960136975955233
34415.59854402722,0.025747122463365392
34446.09059089823,-0.003931652942554799
34476.58263776924,-0.037922231213974034
34507.074684640254,-0.07365439980809606
34537.566731511266,-0.10703768589884947
34568.05877838227,-0.1332268828438241
34598.55082525328,-0.1472685043674946
34631.62264570329,-0.14500982483053043
34664.694466153305,-0.12428374253328837
34697.76628660332,-0.08899265837708958
34730.838107053336,-0.04593680713927706
34763.90992750335,-0.002434076598787513
34796.98174795336,0.035981464719745296
34830.05356840337,0.06586895369124982
34863.12538885338,0.08636954529408448
34896.1972093034,0.09795979700292402
34929.26902975341,0.10196108871336974
34962.34085020343,0.0999894287587445
34995.41267065344,0.09360815513635241
35028.484491103445,0.08417284765500853
35061.55631155346,0.07278773821407397
35094.628132003476,0.06028679260764552
35127.69995245349,0.047408353935001396
35160.77177290351,0.0343550930684414
35193.843593353515,0.021883426924050528
35226.91541380352,0.009957815944680173
35259.98723425354,-0.00120718659633973
35293.05905470355,-0.011418801536252014
35326.13087515357,-0.020635921924909845
35359.202695603584,-0.028921851482773146
35392.27451605359,-0.03614797116173652
35425.3463365036,-0.0423310580236611
35458.418156953616,-0.04750291089059592
35491.48997740363,-0.05169863109595062
35524.56179785365,-0.05490048641045609
35557.63361830366,-0.057179944510638195
35590.70543875367,-0.05854746161362726
35623.77725920368,-0.05903962094426561
35656.84907965369,-0.058700712659075734
35689.92090010371,-0.05756415664893782
35722.99272055372,-0.05566752784985774
35756.064541003725,-0.053052671388990044
35789.13636145374,-0.04976068882635411
35822.208181903756,-0.045833897537306524
35855.28000235377,-0.04131525762238352
35888.35182280379,-0.03624876911390079
35921.423643253795,-0.030682053722190395
35954.4954637038,-0.024661200762136178
35987.56728415382,-0.01823525207593217
36053.71092505385,-0.004387496101496566
36185.998206853896,0.025316595104358845
36219.07002730391,0.03277046733364593
36252.14184775392,0.039946865159679656
36285.21366820393,0.046914643514588045
36318.28548865394,0.05332945056071055
36351.35730910396,0.05923401447398459
36384.42912955397,0.06434437260995302
36417.50095000399,0.06851438313901698
36450.572770454,0.07151622266646418
36483.644590904005,0.07310471087502009
36516.71641135402,0.07294904442913192
36549.788231804036,0.07087998211212296
36582.86005225405,0.06630646003641133
36615.931872704066,0.05922220441555259
36649.003693154074,0.04881354823063613
36682.07551360408,0.03527678653915206
36715.1473340541,0.017891384411260727
36746.01576481781,-0.0015404745221694327
36776.884195581515,-0.023972640122672563
36807.752626345224,-0.0486418998338512
36838.62105710893,-0.074393734235216
36869.48948787264,-0.09925409006066999
36900.35791863635,-0.12043652718543127
36931.22634940006,-0.13441350570510383
36962.09478016377,-0.13751378973440495
36992.963210927475,-0.126854965205656
37023.831641691184,-0.1015259939430706
37054.70007245489,-0.0634838986724334
37085.5685032186,-0.017661578585181602
37116.43693398231,0.029123170387931954
37147.30536474602,0.07025033360430874
37178.17379550973,0.10106646007762375
37209.042226273436,0.11947779322952884
37239.910657037144,0.1257628443051347
37270.77908780085,0.12195083605813704
37301.64751856456,0.11065032272210606
37332.51594932827,0.0944666970904594
37363.38438009198,0.0756029178065627
37394.25281085569,0.05581844199304578
37425.121241619396,0.03632290080677738
37455.989672383104,0.017943770862007997
37486.85810314681,0.0011780845645632775
37517.72653391052,-0.013705060765980905
37548.59496467423,-0.026568844897277774
37579.46339543794,-0.03749880646331685
37610.33182620165,-0.04647414267484614
37641.200256965356,-0.053535874990939585
37672.06868772906,-0.05902631420497472
37702.937118492766,-0.06286473297808068
37733.805549256474,-0.06527522813614715
37764.673980020176,-0.066396620344337
37795.542410783884,-0.06632724145499726
37826.41084154759,-0.06520750962562365
37857.2792723113,-0.06314998845385383
37888.14770307501,-0.06026289129713455
37919.01613383872,-0.05663265866759187
37949.88456460243,-0.0523783645195986
37980.752995366136,-0.04754331464195141
38011.621426129845,-0.04226493663989471
38073.35828765726,-0.030554722779658545
38196.832010712096,-0.004605561943111651
38227.700441475805,0.0020673633945802374
38258.56887223951,0.008667089430168744
38320.30573376693,0.021489148940656785
38351.17416453064,0.027609029680792523
38382.04259529435,0.03341888587153841
38412.91102605806,0.038915623274082774
38443.779456821765,0.04400721021788479
38474.647887585474,0.048643885120288576
38505.51631834918,0.0527851689665953
38536.38474911289,0.05631060145540855
38567.2531798766,0.059221356010806324
38598.12161064031,0.0613998985405679
38628.99004140402,0.06281185556266963
38659.858472167725,0.06335737592598352
38690.726902931434,0.06296623462718469
38724.175107274146,0.0614345468627056
38757.62331161686,0.05851628397397269
38791.07151595957,0.05433238864300241
38824.519720302276,0.04855026636739235
38857.96792464498,0.04126062121378219
38891.416128987694,0.032209495368170436
38924.864333330406,0.021486918172548126
38958.31253767312,0.00897173421726884
38991.76074201583,-0.005283991589435932
39025.208946358536,-0.02105061328307778
39058.65715070124,-0.03826944221397512
39092.105355043954,-0.05613007294017873
39125.553559386666,-0.07421945906610297
39159.00176372938,-0.09117908063587203
39192.44996807209,-0.10548392941344564
39225.898172414796,-0.1150228820913605
39259.3463767575,-0.11720600264474314
39292.794581100214,-0.109335310216715
39326.242785442926,-0.0891839517225441
39359.69098978564,-0.05605193489120173
39393.13919412835,-0.011889897288431352
39426.587398471056,0.037964978179377495
39460.03560281376,0.085422795524119
39493.48380715647,0.12203172488312851
39526.932011499186,0.14166152642134694
39560.3802158419,0.14256461453333144
39593.82842018461,0.12731813161299999
39627.276624527316,0.10091449035611506
39660.72482887002,0.06890629573918672
39694.17303321273,0.036113150327329105
39727.621237555446,0.0057339366547886315
39761.06944189816,-0.020478322929604127
39794.51764624087,-0.04162880921891915
39827.96585058358,-0.0577409577420812
39861.414054926296,-0.06910860632936924
39894.862259269,-0.07627176890656524
39928.310463611706,-0.07983097955118294
39961.75866795442,-0.08038372937276914
39995.20687229713,-0.07846549814324713
40028.65507663984,-0.0745833731812598
40062.103280982556,-0.06916350443553958
40095.55148532526,-0.06251391975014008
40128.999689667966,-0.054994566943977044
40162.44789401068,-0.04686934894804632
40195.89609835339,-0.03833486484887717
40229.3443026961,-0.029544341138740472
40296.24071138152,-0.011995285938751451
40329.688915724226,-0.0033799066195262517
40363.13712006694,0.004907214979400567
40396.58532440965,0.01282398823968912
40430.03352875236,0.020318362537032092
40463.481733095075,0.027279429207429335
40496.92993743778,0.03369771324665948
40530.378141780486,0.03949080251764838
40563.8263461232,0.04461976915630644
40597.27455046591,0.04905505050396029
40630.72275480862,0.05274423213693171
40664.170959151335,0.055666282890529495
40697.61916349404,0.05778314933274687
40731.067367836746,0.05907293079168529
40764.51557217946,0.05950674968369255
40797.96377652217,0.05906653371938777
40831.41198086488,0.05772794021853707
40864.25118327639,0.05553771139102264
40897.0903856879,0.0524238636048913
40929.9295880994,0.048472144282238686
40962.76879051091,0.04356773698839372
40995.60799292242,0.03779358592451892
41028.44719533392,0.031140712307964488
41061.28639774543,0.023518889047400578
41094.12560015694,0.015245155473392294
41126.96480256845,0.006004318970839742
41159.80400497996,-0.0038337846832752123
41225.48240980298,-0.02546323017180682
41258.32161221449,-0.03672889853977379
41291.160814626,-0.04830417934184677
41324.0000170375,-0.05949750646251244
41356.83921944901,-0.07030662653292406
41389.67842186052,-0.07988089658772553
41422.51762427202,-0.08787317945273201
41455.35682668353,-0.09330383777618596
41488.19602909504,-0.09529943167305939
41521.03523150655,-0.09273841584582881
41553.874433918056,-0.08435354853681457
41586.713636329565,-0.06905824417106562
41619.552838741074,-0.04592844563381547
41652.39204115258,-0.014953767489448579
41685.23124356409,0.022682826376274518
41718.070445975594,0.06388048935711273
41750.9096483871,0.10326213816897581
41783.74885079861,0.13396093676153678
41816.588053210115,0.14951380334518008
41849.427255621624,0.1459107957176593
41882.26645803313,0.12361950784159714
41915.10566044464,0.08731011672950817
41947.94486285615,0.044056364542502335
41980.78406526765,0.0009602418619554173
42013.62326767916,-0.03644196263477713
42046.46247009067,-0.06555570197762997
42079.30167250217,-0.08554305479477912
42112.14087491368,-0.09693851816603503
42144.98007732519,-0.10101789995951194
42177.8192797367,-0.09929945408562241
42210.65848214821,-0.09323757330249835
42243.49768455972,-0.08411183218696788
42276.33688697123,-0.07297147861863267
42309.17608938274,-0.0606468236152264
42342.01529179425,-0.04776765066037722
42407.69369661726,-0.022173447613858255
42440.53289902877,-0.010112663543841246
42473.37210144027,0.0012494199842232965
42506.21130385178,0.01177559912097179
42539.05050626329,0.021306981720780264
42571.8897086748,0.02980799650708659
42604.728911086306,0.0373430964767504
42637.568113497815,0.04379169859407434
42670.407315909324,0.049152041788628184
42703.24651832083,0.05352378968729759
42736.08572073234,0.05684193037978173
42768.924923143844,0.05915609743439464
42801.76412555535,0.06049612282949536
42834.60332796686,0.060882777993507484
42867.442530378365,0.06035714085869492
42900.281732789874,0.05895193647709762
42933.12093520138,0.056702689460005645
42963.756747926585,0.0538798144494972
42994.39256065179,0.05039330154403937
43025.02837337699,0.04628082989218386
43055.66418610219,0.041572139460086276
43086.299998827395,0.03631648193107874
43116.9358115526,0.030531216633521385
43178.20743700301,0.017669826570421248
43208.84324972822,0.010652816643761092
43239.47906245342,0.0033672155254703866
43300.75068790383,-0.011923441026171641
43331.38650062903,-0.019737098696077815
43362.02231335423,-0.02764707479092622
43423.293938804636,-0.042885394164514666
43453.92975152984,-0.05014677709776424
43484.56556425504,-0.056869347046306376
43515.20137698024,-0.06308217910067446
43545.837189705446,-0.06841281854348924
43576.47300243065,-0.0727822104492645
43607.10881515585,-0.07589011288423593
43637.74462788105,-0.07751764651785319
43668.38044060626,-0.07726783221398394
43699.01625333147,-0.07499702436859901
43729.652066056675,-0.07008557962682183
43760.28787878188,-0.06245315347062427
43790.92369150708,-0.051480053770095416
43821.55950423228,-0.03700657048691795
43852.195316957484,-0.018767750422497065
43882.83112968269,0.00313528677428564
43913.46694240789,0.028343910200256107
43944.10275513309,0.05584926388138195
43974.738567858294,0.08395757583868231
44005.3743805835,0.10996628100712487
44036.0101933087,0.13033773655018374
44066.6460060339,0.14107057121370745
44097.281818759104,0.1384325053249551
44127.917631484306,0.12028465694768024
44158.553444209516,0.08740046613885677
44189.189256934726,0.04380717769023834
44219.82506965993,-0.004047479359521431
44250.46088238513,-0.04911088405527779
44281.09669511033,-0.08565320653596148
44311.732507835535,-0.11043766447665233
44342.36832056074,-0.1228193328597551
44373.00413328594,-0.12415417716099483
44403.63994601114,-0.11681934275479694
44434.275758736345,-0.10337662615508629
44464.91157146155,-0.08608526078410389
44495.54738418675,-0.06705866134068153
44526.18319691196,-0.047539392918102205
44556.81900963717,-0.028628694099309265
44587.45482236237,-0.010953626889842864
44618.090635087574,0.0050750380130859425
44648.726447812776,0.019242751484788132
44679.36226053798,0.03147534030356949
44709.99807326318,0.04175595487993055
44740.63388598838,0.050154426244783126
44771.269698713586,0.056711015869124234
44801.90551143879,0.061709464104874934
44832.54132416399,0.06508957939959671
44863.17713688919,0.06704191391680292
44893.8129496144,0.06770818787393452
44927.02853591861,0.0670865618135662
44960.24412222281,0.06522291897393555
44993.459708527014,0.0622449964806799
45026.67529483122,0.05829961802125192
45059.89088113543,0.05351321684674987
45093.10646743963,0.04797245369139937
45126.32205374384,0.041832704443813366
45159.537640048045,0.03514806725216793
45192.75322635225,0.02806273837155507
45225.96881265646,0.020652851755233587
45292.39998526486,0.005243271030162733
45325.61557156907,-0.0025833753368290305
45358.83115787327,-0.010360236788741147
45425.26233048168,-0.025435836889169134
45458.47791678589,-0.032573834303770324
45491.69350309009,-0.03927649050496422
45524.9090893943,-0.04550970540891412
45558.124675698506,-0.0511519164879236
45591.34026200271,-0.05607625486897211
45624.55584830692,-0.060239452026501196
45657.77143461112,-0.0634528143071546
45690.98702091532,-0.06567042692114178
45724.20260721953,-0.06671404912298558
45757.41819352373,-0.06651828297713032
45790.633779827935,-0.06486817309945725
45823.84936613214,-0.06170827728119866
45857.06495243635,-0.056878785095828645
45890.28053874055,-0.050091183957083736
45923.49612504476,-0.04157926656533799
45956.711711348966,-0.030757234796957945
45989.92729765317,-0.018134364912407244
46023.14288395738,-0.0030451998849169576
46056.358470261584,0.013637748701833537
46089.57405656579,0.03244714347880705
46122.78964287,0.05207793139944414
46156.0052291742,0.0723364416485636
46189.2208154784,0.0915514278319231
46222.43640178261,0.10802130222087208
46255.651988086815,0.11923110514289445
46288.86757439101,0.12225642430950598
46322.08316069522,0.08524275723768099
46355.298746999426,0.09225755453930723
46388.51433330363,0.05640739845564014
46421.72991960784,0.009384229492453489
46454.945505912045,-0.04237683930356037
46488.16109221625,-0.09027556163192678
46521.37667852046,-0.1255182477739579
46554.59226482466,-0.14279999455807132
46587.80785112887,-0.14134235454287178
46621.023437433076,-0.12435696383767084
46654.23902373728,-0.0972557847549228
46687.45461004149,-0.06536901267079641
46720.67019634569,-0.03303748381462539
46753.88578264989,-0.0033098865574649403
46787.1013689541,0.022288193806332027
46820.3169552583,0.042977653106196535
46853.532541562505,0.058736444759001534
46886.74812786671,0.06987790801440756
46919.96371417092,0.07690321895368374
46953.17930047512,0.08036761450152477
46986.39488677933,0.08083726254218757
47019.610473083536,0.07883414695886536
47050.622669701435,0.07514530864091196
47081.634866319335,0.07003299428156559
47112.647062937234,0.06379978202161248
47143.65925955514,0.05670808282811536
47174.67145617305,0.048951178092022415
47205.68365279095,0.04081080265625815
47267.708046026746,0.023753999566105376
47298.720242644646,0.015067071022007323
47329.732439262545,0.006568309185843082
47391.756832498344,-0.009810091478296264
47422.76902911624,-0.017463239338262267
47453.78122573414,-0.024735709117894647
47484.79342235204,-0.031470830811035876
47515.80561896995,-0.03769256137290657
47546.817815587856,-0.043295249303443625
47577.830012205755,-0.04825518913952538
47608.842208823655,-0.05252239002973275
47639.854405441554,-0.056057821283241084
47670.866602059454,-0.058825799694251
47701.87879867735,-0.06079232549646092
47732.89099529525,-0.06192082368143848
47763.90319191315,-0.0621886813474323
47794.91538853105,-0.061544030861027964
47825.92758514895,-0.06002253863695664
47856.93978176685,-0.05757328897389607
47887.95197838476,-0.054132251642308685
47918.964175002664,-0.049642904048393534
47949.97637162056,-0.04436971721784494
47980.98856823846,-0.038043584922932604
48012.00076485636,-0.03062977176054357
48043.01296147426,-0.022514393350803578
48074.02515809216,-0.013357651548852961
48105.03735471006,-0.0032166915067416424
48136.04955132797,0.007401156647465832
48167.061747945874,0.018922509723228096
48198.073944563774,0.030764405216362603
48260.09833779957,0.05526120511477474
48291.11053441747,0.0671396049131638
48322.12273103537,0.07825532278618709
48353.13492765327,0.08783996541337491
48384.14712427117,0.09531872406836558
48415.15932088907,0.09962928187339541
48446.17151750697,0.09973874995663064
48477.18371412487,0.09442698834482888
48508.195910742776,0.0824711937943714
48539.20810736068,0.0628505758773574
48570.22030397858,0.03516344452030177
48601.23250059648,0.00009972586129694538
48632.24469721438,-0.04024663144891255
48663.25689383228,-0.08162555051311586
48694.26909045018,-0.11810878865185505
48725.28128706808,-0.1433128578049873
48756.29348368598,-0.15217792971530783
48787.30568030388,-0.14278499413818493
48818.31787692178,-0.1171194389028506
48849.33007353968,-0.08024887778847814
48880.342270157584,-0.03862853053539427
48911.35446677549,0.0018111947452602514
48942.36666339339,0.03686921612222771
48973.37886001129,0.06444009502413517
49004.39105662919,0.08385545038034908
49034.794251315885,0.095375648422085
49065.19744600258,0.10044460885671436
49095.600640689285,0.10022856445962083
49126.00383537598,0.09588763624379865
49156.40703006268,0.0884740934826888
49186.81022474938,0.07888770483952637
49217.21341943608,0.0678776497438637
49247.61661412277,0.05603479735766955
49278.01980880948,0.04376750382512898
49308.42300349617,0.0315185463294476
49338.82619818287,0.019567846544788353
49369.22939286957,0.008088161781158353
49399.63258755627,-0.0027995024549467874
49430.035782242965,-0.012903214606722415
49460.43897692967,-0.02216123734098111
49490.842171616365,-0.030543222280998625
49521.24536630306,-0.037941861166249306
49551.648560989765,-0.04442844129638128
49582.05175567646,-0.04992759251832766
49612.45495036316,-0.05445028388966533
49642.85814504986,-0.05800974824531416
49673.26133973656,-0.0606036489541014
49703.66453442325,-0.06226005064168013
49734.06772910996,-0.06298947056388493
49764.47092379665,-0.06281860575280473
49794.87411848335,-0.061774008614334464
49825.27731317005,-0.05987965827035912
49855.68050785675,-0.05717452915709678
49886.083702543445,-0.05368432876781228
49916.48689723015,-0.04945436679582655
49946.890091916845,-0.04451339242521514
49977.29328660354,-0.03892244691230257
50007.69648129024,-0.03270841232264719
50038.09967597693,-0.025925819844697905
50098.90606535033,-0.010907117257176455
50129.30926003703,-0.0028453102797884565
50159.71245472373,0.005557557640866831
50220.518844097125,0.022860970867722465
50250.92203878383,0.03164421820612795
50281.325233470525,0.040188808055560674
50311.72842815722,0.04852556058093195
50342.131622843925,0.05647031924161988
50372.53481753062,0.06367299801291669
50402.93801221732,0.07014792811866977
50433.34120690402,0.07543733544754333
50463.74440159072,0.07939682442111129
50494.14759627741,0.08159012883181227
50524.55079096412,0.08175873705893467
50554.95398565081,0.07937602355334313
50585.35718033751,0.0740299111086873
50615.76037502421,0.06540090190830097
50646.16356971091,0.0527179137189879
50676.566764397605,0.036127239288410835
50706.96995908431,0.0150749481344402
50737.373153771005,-0.009945903966688551
50767.7763484577,-0.03848496917159058
50798.179543144404,-0.06878008404809913
50828.5827378311,-0.09845686085446094
50858.9859325178,-0.12387371925762565
50889.3891272045,-0.14077124716918263
50919.7923218912,-0.1448166294194012
50950.19551657789,-0.13301979739250377
50983.17848484359,-0.10205378600781065
51016.16145310929,-0.056269574976885436
51049.14442137499,-0.003829778945129224
51082.12738964069,0.04603504284576157
51115.11035790639,0.0859610524813893
51148.09332617209,0.11193093831374447
51181.07629443779,0.12349675985576078
51214.05926270349,0.12265530855366964
51247.04223096919,0.11250056669115083
51280.02519923489,0.09617881118803047
51313.00816750059,0.07641834087021196
51345.99113576629,0.055324456613471226
51378.97410403199,0.03440129419196825
51411.95707229769,0.01464937369399727
51444.94004056339,-0.0033156123025197583
51477.92300882909,-0.01913232983477642
51510.90597709479,-0.03272729659687716
51543.88894536049,-0.044035842256616005
51576.87191362619,-0.05305356315238881
51609.85488189189,-0.059936063569244837
51642.83785015759,-0.06486604927838903
51675.82081842329,-0.0679139627851421
51708.80378668899,-0.06925477764113516
51741.78675495469,-0.06906100068851342
51774.769723220394,-0.06746673096209718
51807.752691486094,-0.06462353757729197
51840.735659751794,-0.060661479812910854
51873.718628017494,-0.05573586129149684
51906.701596283194,-0.049929852784323416
51939.684564548894,-0.04342051969822882
51972.667532814594,-0.03627665771440045
52005.6505010803,-0.02864876495049855
52038.63346934601,-0.020629166250879995
52071.61643761171,-0.012329150075537431
52137.58237414311,0.004676820366356268
52170.56534240881,0.013149645793129758
52203.54831067451,0.0214922411222502
52269.51424720591,0.03725334417110046
52302.49721547161,0.04448023005009022
52335.48018373731,0.051041163879809254
52368.46315200301,0.056915905675589386
52401.44612026871,0.061869311537669794
52434.42908853441,0.06584001717119621
52467.41205680011,0.06863343915009536
52500.39502506581,0.07011794882860435
52533.37799333151,0.0700958910890391
52566.36096159721,0.06845229343962739
52599.34392986291,0.06496130996404566
52632.32689812861,0.05940192408649803
52665.30986639431,0.05180944748127318
52698.29283466001,0.04160965151730295
52731.27580292571,0.02930255510987355
52764.25877119141,0.014200266310496486
52797.24173945711,-0.0030857763672460653
52830.22470772281,-0.02281906644548498
52863.20767598851,-0.04408694573077715
52896.19064425421,-0.06631864157565792
52929.17361251991,-0.08803929236185513
52962.15658078561,-0.10726657484497776
52995.13954905131,-0.1213227485503275
53028.12251731701,-0.12691659877153263
53061.10548558271,-0.12066098325634121
53091.88506416211,-0.10170106521190111
53122.6646427415,-0.06946142407410771
53153.4442213209,-0.02604719499809275
53184.2237999003,0.02349826093353324
53215.00337847969,0.07187927681462153
53245.782957059084,0.11143089810397101
53276.562535638484,0.13645449309832794
53307.34211421788,0.14467618172932942
53338.12169279727,0.13724600602128095
53368.90127137667,0.11780361240295253
53399.680849956065,0.09084828256227401
53430.46042853546,0.06077057566652213
53461.24000711486,0.030729751552500816
53492.01958569425,0.0029919949069168693
53522.799164273645,-0.021140712848065783
53553.578742853046,-0.04106981317714606
53584.358321432446,-0.05669652979935211
53615.13790001184,-0.06821937161748676
53645.91747859123,-0.07599846336722044
53676.69705717063,-0.08046868214352594
53707.47663575003,-0.08207493537435885
53738.25621432942,-0.08123663230438496
53769.03579290882,-0.07835628685116028
53799.815371488214,-0.07380108636583768
53830.59495006761,-0.0678678135073289
53861.37452864701,-0.06088519001311852
53892.1541072264,-0.05309153561656092
53922.933685805794,-0.044653781777302094
53953.713264385195,-0.035839326734260636
53984.49284296459,-0.026797692570778568
54046.05200012338,-0.008538642174466827
54076.83157870278,0.0004512246017305795
54107.611157282176,0.00909517788869612
54138.39073586157,0.017425378407291338
54169.17031444097,0.025316406531476154
54199.94989302036,0.032642571550141095
54230.729471599756,0.039406448371097656
54261.50905017916,0.045499641972153254
54292.28862875855,0.050860423102449835
54323.06820733794,0.055447152520616605
54353.84778591734,0.0592008214698941
54384.62736449674,0.06207363172746385
54415.40694307613,0.06400617965914435
54446.18652165553,0.0649763529927414
54476.966100234924,0.06492166367059529
54507.74567881432,0.06383567866151424
54538.52525739372,0.06165453867807472
54569.30483597311,0.05834885286162891
54600.084414552504,0.053965459316546734
54630.863993131905,0.048363136446844306
54661.6435717113,0.04161628113912658
54692.42315029069,0.03385895924885646
54723.20272887009,0.02482429293437989
54753.982307449485,0.014432003676153188
54784.76188602888,0.0036643965282916035
54815.54146460828,-0.008284134270331575
54846.32104318767,-0.02126330525425202
54907.880200346466,-0.048037516809793
54938.65977892586,-0.06168105955761902
54969.43935750525,-0.07484100662796311
55000.21893608465,-0.08636037436734233
55030.99851466405,-0.09605713791479803
55064.35786682245,-0.10298235875852334
55097.71721898085,-0.10473588886425901
55131.076571139245,-0.09952183346676388
55164.43592329764,-0.08562418329983326
55197.79527545604,-0.06153831026009987
55231.154627614436,-0.027468980282933
55264.51397977283,0.015667041428645938
55297.87333193123,0.06287956483461736
55331.23268408963,0.10719495661731945
55364.592036248025,0.13989801843333868
55397.95138840642,0.15363257186949028
55431.31074056482,0.14527203198528546
55464.670092723216,0.11718442071142571
55498.02944488161,0.076281425282385
55531.38879704001,0.03062653234600008
55564.74814919841,-0.012223500436828266
55598.107501356804,-0.047956202612673623
55631.4668535152,-0.07440942652551337
55664.8262056736,-0.09144037706128647
55698.185557831996,-0.09989984847443527
55731.54490999039,-0.10134537666737968
55764.90426214879,-0.0973215206308562
55798.26361430719,-0.08926557781050608
55831.622966465584,-0.07841140182404241
55864.98231862398,-0.06576625214843049
55898.34167078238,-0.05212919239772764
55965.06037509917,-0.024200632217713715
55998.41972725757,-0.010776531056847798
56031.77907941597,0.0019283011819036314
56065.13843157436,0.013770521763540091
56098.49778373277,0.024500808465433704
56131.85713589117,0.03405213182091322
56165.21648804957,0.04243237810007697
56198.57584020797,0.049511600646654524
56231.93519236636,0.05527574041750158
56265.29454452476,0.05977640069276721
56298.65389668316,0.06293810930936032
56332.013248841555,0.0648451014782135
56365.37260099995,0.0654694435059119
56398.73195315835,0.06486289926568288
56432.091305316746,0.0630527600091112
56465.45065747514,0.06008539362239119
56498.81000963354,0.05600512297715535
56532.16936179194,0.050864404373318635
56565.528713950334,0.04473338430165355
56598.88806610873,0.03765157797524781
56632.24741826713,0.029753202487459916
56665.606770425526,0.021020320808904217
56698.96612258392,0.011718569184493051
56765.68482690072,-0.008530985226201979
56799.044179059114,-0.019085222571851995
56832.40353121751,-0.029900929566971678
56899.122235534305,-0.050699811056495694
56932.4815876927,-0.06041339760749696
56965.8409398511,-0.06926874550119737
56999.2002920095,-0.07653043117882997
57032.55964416789,-0.08215108551269311
57065.91899632629,-0.0855227224548541
57099.27834848469,-0.08579419156340173
57132.637700643085,-0.08268074983112224
57165.99705280149,-0.07512683336525652
57198.74740302868,-0.06285953411352432
57231.497753255884,-0.0451984621621987
57264.24810348308,-0.021836060839975503
57296.99845371027,0.007009825876779459
57329.748803937466,0.040240907040945975
57362.49915416466,0.07549828207361908
57395.24950439185,0.1088999658316131
57427.99985461905,0.13506796380422517
57460.75020484624,0.1477691164704342
57493.500555073435,0.14209205244694206
57526.250905300636,0.11608159803564776
57559.00125552783,0.07300053693837366
57591.751605755024,0.020346081008231803
57624.501955982225,-0.03193358278033703
57657.25230620942,-0.0759329070045375
57690.00265643661,-0.10629564033189984
57722.75300666381,-0.1219817512891591
57755.503356891,-0.12444629274091656
57788.2537071182,-0.11653813750344662
57821.004057345395,-0.10150992730264662
57853.75440757259,-0.0822366235715371
57886.50475779979,-0.06101028034948359
57952.00545825418,-0.018932057623261785
57984.75580848137,0.000022715977798827558
58017.506158708566,0.016892652923114693
58050.25650893576,0.03145693509192769
58083.00685916295,0.04364085254037188
58115.75720939015,0.05347356696468333
58148.50755961734,0.06099930496125102
58181.25790984454,0.06640807370159735
58214.008260071736,0.0698069150977834
58246.75861029893,0.07133007801683315
58279.50896052613,0.07116042121749393
58312.259310753325,0.06944611506042381
58345.00966098052,0.06634405493964546
58377.76001120771,0.06199595405896216
58410.51036143491,0.05655003928132356
58443.2607116621,0.05015956591014285
58476.011061889294,0.042954962874079794
58508.76141211649,0.03505324725066285
58541.51176234368,0.026623947482844277
58607.01246279808,0.008605669115384459
58639.76281302527,-0.0007011794105491261
58672.51316325247,-0.0100517891572203
58738.01386370686,-0.028296953041997242
58770.76421393405,-0.036916158326782744
58803.51456416125,-0.045028646300946475
58836.26491438845,-0.05246773871982171
58869.01526461564,-0.0590664024630583
58901.765614842836,-0.06470892111555296
58934.51596507004,-0.06909231505062989
58967.26631529723,-0.07219359935468797
59000.016665524425,-0.07368200758515109
59032.76701575162,-0.07342270409101453
59065.51736597881,-0.07123751543041651
59098.267716206006,-0.06669010158295478
59131.0180664332,-0.05981908570936419
59163.768416660394,-0.0504875772795796
59196.51876688759,-0.03806185578481304
59229.26911711479,-0.02284330745440193
59262.01946734198,-0.004974876445054805
59292.56642788288,0.014422650122223012
59323.113388423764,0.03545932424301208
59353.66034896466,0.057806170159593495
59384.20730950555,0.08025515427541421
59414.75427004644,0.10116902129321105
59445.301230587334,0.11831445905002035
59475.84819112823,0.12890410180203798
59506.395151669116,0.12984788087880483
59536.94211221,0.11832507044563101
59567.4890727509,0.09270845795866808
59598.03603329179,0.0536668185630478
59628.58299383268,-0.014775610107277045
59659.129954373566,-0.04662456302898852
59689.67691491446,-0.0927500989557854
59720.223875455355,-0.12646744314389347
59750.77083599624,-0.14348918728650886
59781.31779653713,-0.14353728795680276
59811.86475707802,-0.12937481976250506
59842.41171761892,-0.10530340934560205
59872.958678159805,-0.07593405623131151
59903.50563870069,-0.04508246078402978
59934.052599241586,-0.01550780137635941
59964.59955978248,0.010892960061414915
59995.14652032337,0.03329440202527492
60025.693480864255,0.05133072430269071
60056.24044140515,0.06504474378188821
60086.78740194604,0.07471581801844658
60117.33436248693,0.08072841722541554
60147.88132302782,0.08353217126737891
60178.42828356871,0.08357925111318139
60208.975244109606,0.0812910029088628
60239.52220465049,0.07705250909609765
60270.06916519138,0.07122433396159492
60300.616125732275,0.0641535950172831
60331.16308627317,0.05599938570545643
60361.710046814056,0.047223238161877415
60392.25700735494,0.037868039055305516
60422.80396789584,0.028181176883853225
60483.89788897762,0.008571185599007844
60514.444849518506,-0.0010308280539921052
60544.9918100594,-0.01043662715330382
60575.538770600295,-0.01940614239455589
60606.08573114118,-0.027886620572337133
60636.63269168207,-0.035779487529031775
60667.17965222296,-0.042970648461224704
60697.72661276386,-0.0494266628993503
60728.273573304745,-0.05502795939217472
60758.82053384563,-0.05972031129046498
60789.367494386526,-0.06343254060747902
60819.91445492742,-0.06610809588127435
60850.46141546831,-0.0676723120391117
60881.008376009195,-0.06809475514373214
60911.55533655009,-0.06728658351462201
60942.10229709098,-0.06526867323478223
60972.64925763187,-0.061947165038372554
61003.19621817276,-0.05721961010578681
61033.74317871365,-0.05131656751398523
61064.29013925455,-0.04398058631500937
61094.83709979543,-0.035143129954220545
61125.38406033632,-0.025284262380642866
61155.931020877215,-0.013966819315428213
61186.47798141811,-0.0015195509568165164
61217.024941958996,0.011904053938827354
61250.15167607889,0.027629246455968808
61283.27841019878,0.04359955982949627
61316.405144318676,0.05999954714252606
61349.53187843857,0.07550616137631158
61382.65861255846,0.0896250012101617
61415.785346678356,0.10085492017527982
61448.91208079825,0.10774395678940168
61482.03881491814,0.10840171635861082
61515.16554903803,0.10081358405241561
61548.29228315792,0.08314660252813236
61581.41901727782,0.05416597257802569
61614.54575139771,0.014506181303016959
61647.6724855176,-0.032867892010752776
61680.7992196375,-0.0820592966984075
61713.92595375739,-0.12416636127772643
61747.05268787728,-0.15020915204749336
61780.17942199717,-0.15428748728053696
61813.30615611706,-0.13597507184351892
61846.43289023696,-0.1003010042781313
61879.55962435685,-0.0554103134066671
61912.68635847674,-0.009535394267962884
61945.81309259664,0.031124423627653226
61978.93982671653,0.06309356315288005
62012.06656083642,0.08521173170965854
62045.19329495631,0.09807041742399093
62078.3200290762,0.10289834545574868
62111.4467631961,0.10124966720521347
62144.57349731599,0.0946845702666584
62177.70023143588,0.08458199257811413
62210.82696555578,0.0720833268471732
62243.95369967567,0.05814877586595632
62277.08043379556,0.04352465140607925
62310.207167915454,0.02879098826924733
62343.333902035345,0.014389750400170667
62376.46063615524,0.0006878766732951319
62409.587370275134,-0.012180926508432794
62442.714104395025,-0.023845800016644284
62475.84083851492,-0.03436341048727999
62508.967572634814,-0.04349857927537588
62542.094306754705,-0.05123453820404125
62575.221040874596,-0.05755247057012525
62608.34777499449,-0.062379504258321734
62641.474509114385,-0.0657732183488205
62674.601243234276,-0.0676950956384183
62707.72797735417,-0.06817738223804634
62740.854711474065,-0.06725310615652696
62773.981445593956,-0.06495426520115533
62807.10817971385,-0.061332407078694896
62840.23491383374,-0.05643791144539433
62873.36164795363,-0.050334439301456986
62906.48838207353,-0.04310425118938748
62939.61511619342,-0.03482509231250548
62972.74185031331,-0.025589057398869356
63005.86858443321,-0.015546006729647585
63072.12205267299,0.006517642129250191
63105.24878679288,0.01828663954628803
63138.37552091277,0.03002432701942457
63171.50225503266,0.041828868281557297
63204.62898915255,0.05320014409812531
63237.75572327244,0.06379954437367136
63270.882457392334,0.0733993503854979
63304.00919151223,0.08120297593478806
63337.13592563212,0.08692700490258572
63368.059270065714,0.08967111768656774
63398.9826144993,0.08936507201956255
63429.90595893289,0.08527541376701442
63460.82930336648,0.07684702759225963
63491.752647800065,0.06327009088057135
63522.67599223366,0.044205880289936474
63553.59933666725,0.019361151966300658
63584.52268110083,-0.010657030458305527
63615.44602553442,-0.044791571469820594
63646.36936996801,-0.08039664300298044
63677.2927144016,-0.11349438040298444
63708.21605883518,-0.13876841560673428
63739.13940326877,-0.15059885494073044
63770.06274770236,-0.14457275791055033
63800.98609213595,-0.11937708630487011
63831.909436569535,-0.07797533650679017
63862.83278100312,-0.02719906120695357
63893.75612543671,0.0243620405946771
63924.6794698703,0.06896327055391843
63955.602814303886,0.10152342435551044
63986.52615873747,0.12032873901212889
64017.44950317106,0.12628406019528837
64048.37284760465,0.1216578639665422
64079.29619203824,0.10925690283625465
64110.21953647182,0.09179823483278457
64141.14288090541,0.07156957283023019
64172.066225339004,0.0503488599562561
64202.98956977259,0.02942540250017186
64233.91291420618,0.009682495097887572
64264.83625863977,-0.008312970103451545
64295.759603073355,-0.024240292720669496
64326.682947506946,-0.037999976384157835
64357.60629194054,-0.04931003060217419
64388.52963637412,-0.05845151482424783
64419.45298080771,-0.06531500461654434
64450.376325241305,-0.07015421065425796
64481.29966967489,-0.07300010030782232
64512.22301410848,-0.0740178817802397
64543.14635854207,-0.07337023663742157
64574.069702975656,-0.07119114028935004
64604.99304740924,-0.06762205770415826
64635.91639184283,-0.06281456159653662
64666.83973627642,-0.05692759965414893
64697.76308071001,-0.050052966458622714
64728.68642514359,-0.04240936946554554
64759.60976957718,-0.03402066753093783
64821.45645844436,-0.015792367742937845
64852.37980287794,-0.006186711016466525
64883.30314731153,0.0035536974351180694
64945.14983617871,0.022921745042680214
64976.07318061229,0.0323120020675837
65006.996525045884,0.04113476347794953
65037.919869479476,0.04945465411515243
65068.84321391306,0.057079133659291736
65099.766558346644,0.063729180078708
65130.689902780236,0.06922416367552314
65161.61324721383,0.0734939129665617
65192.53659164741,0.07622311894574221
65223.459936081,0.07726905991730716
65254.383280514594,0.07637989999375151
65285.30662494818,0.07326349686087391
65316.22996938177,0.06788976046363834
65346.54431188415,0.05992180660044449
65376.85865438654,0.049512814643091846
65407.17299688893,0.036103128086381074
65437.487339391315,0.019955861758247425
65467.8016818937,0.0010379020050680435
65498.116024396084,-0.020445790653987703
65558.74470940085,-0.06795918419883057
65589.05905190323,-0.09157094725672878
65619.37339440561,-0.11241046874899198
65649.687736908,-0.12772017787399795
65680.00207941039,-0.13415783347202814
65710.31642191278,-0.12849820903439318
65740.63076441517,-0.10833562663669685
65770.94510691756,-0.07328023411772672
65801.25944941994,-0.02618045140020685
65831.57379192233,0.026822910416112213
65861.88813442472,0.07737832334910039
65892.20247692711,0.11728943611139762
65922.5168194295,0.14098423123123435
65952.83116193188,0.14681471447399225
65983.14550443427,0.13672826083429077
66013.45984693666,0.11486372325142533
66043.77418943903,0.08598865016739354
66074.08853194141,0.05438530096959309
66104.4028744438,0.023324262344600173
66134.71721694618,-0.005016493683068845
66165.03155944857,-0.02938836476104382
66195.34590195096,-0.049272040019476174
66225.66024445335,-0.06455018624300833
66255.97458695574,-0.07549036976247596
66286.28892945813,-0.0824215899409435
66316.60327196051,-0.08581029043525351
66346.9176144629,-0.08614093063071318
66377.23195696529,-0.08386884170191464
66407.54629946768,-0.07941530785439326
66437.86064197007,-0.07318506940827396
66468.17498447245,-0.06551344330812915
66498.48932697484,-0.056744348255056934
66528.80366947722,-0.04715091327525697
66559.11801197959,-0.03697545200176061
66589.43235448198,-0.026476156394859982
66650.06103948675,-0.005209226692031214
66680.37538198914,0.00522140872559872
66710.68972449153,0.015262576624353583
66771.3184094963,0.03379702428933766
66801.6327519987,0.042041076256540855
66831.94709450108,0.04943482740941782
66862.26143700347,0.05590691162809607
66892.57577950585,0.0613459000006987
66922.89012200822,0.0656833719434408
66953.2044645106,0.0688208336416136
66983.518807013,0.07070160325255813
67013.83314951538,0.07123811418391271
67044.14749201777,0.07039070644625688
67074.46183452016,0.06806496205918815
67104.77617702255,0.0642717637528937
67135.09051952494,0.058923903345763085
67165.40486202732,0.051981911048357414
67195.71920452971,0.0435682616119253
67226.0335470321,0.033449688990300305
67256.34788953447,0.02202435961064032
67289.24200561587,0.007895646990735724
67322.13612169726,-0.007681727083477367
67387.92435386003,-0.04207207850949475
67420.81846994141,-0.059611685914436656
67453.7125860228,-0.07681654384865466
67486.60670210418,-0.09205507957131885
67519.50081818557,-0.10426353284991367
67552.39493426695,-0.1114936222510121
67585.28905034834,-0.11167398398805843
67618.18316642972,-0.10261482721566358
67651.07728251112,-0.08227070688912005
67683.97139859252,-0.050004216060998655
67716.8655146739,-0.006359256139481132
67749.75963075529,0.044148417783814085
67782.65374683667,0.0942452117935441
67815.54786291806,0.13435653610015624
67848.44197899944,0.15553153864666835
67881.33609508083,0.15307332260942033
67914.23021116223,0.1282698238771905
67947.12432724363,0.08780584160780569
67980.01844332501,0.04059314044033973
68012.9125594064,-0.005472169600143521
68045.80667548778,-0.04453676697546509
68078.70079156916,-0.07405082615582699
68111.59490765055,-0.09332703457917502
68144.48902373193,-0.10324912636245795
68177.38313981332,-0.10527524453854778
68210.2772558947,-0.10107485753403274
68243.17137197609,-0.09222733125470034
68276.06548805747,-0.08013212148903945
68308.95960413887,-0.06594238527901664
68341.85372022027,-0.05056253207511088
68374.74783630166,-0.034864885607191615
68407.64195238304,-0.019177109569496115
68440.53606846443,-0.004153823654373116
68473.43018454581,0.009937988000052057
68506.3243006272,0.02293335295816565
68539.21841670858,0.03450090886508529
68572.11253278996,0.04465170129363112
68605.00664887135,0.05320768150110182
68637.90076495273,0.060106190270059964
68670.79488103412,0.06538392471853983
68703.68899711552,0.06896091769637704
68736.58311319692,0.07087053285866418
68769.4772292783,0.07112341631883137
68802.37134535969,0.06975249596563902
68835.26546144107,0.06680462328732807
68868.15957752246,0.06233652302405632
68901.05369360384,0.05641745268012908
68933.94780968523,0.04912372976821307
68966.84192576662,0.04057188602431985
68999.73604184802,0.030878114783348985
69032.63015792941,0.020073290414395286
69098.41839009218,-0.003751188621592374
69131.31250617356,-0.016631420359495178
69164.20662225495,-0.029575078858887438
69197.10073833633,-0.04247579425230842
69229.99485441772,-0.05506499331276798
69262.8889704991,-0.06660276681601976
69295.78308658049,-0.07698520388038062
69328.67720266187,-0.08529552798558823
69361.57131874327,-0.09109679298202591
69392.26204513834,-0.09338405971321848
69422.95277153343,-0.09210905238306291
69453.64349792851,-0.0863388486661396
69484.3342243236,-0.07543942033635173
69515.02495071868,-0.058730089796028145
69545.71567711377,-0.03582054100569142
69576.40640350885,-0.006800753805008768
69607.09712990394,0.02728280835389387
69637.78785629902,0.06423418360554287
69668.47858269411,0.10074293550936096
69699.1693090892,0.13136553636761594
69729.86003548426,0.15009375595926844
69760.55076187933,0.1515889539619823
69791.24148827442,0.1330115744232638
69821.9322146695,0.09586985598161525
69852.62294106459,0.046011182876597265
69883.31366745968,-0.007792635235194384
69914.00439385476,-0.056738334730877776
69944.69512024985,-0.09449943640834903
69975.38584664493,-0.11830039408735392
70006.07657304002,-0.12812458337723368
70036.7672994351,-0.12598967179494275
70067.45802583019,-0.1148062061375264
70098.14875222526,-0.09751627610279434
70128.83947862033,-0.07670171153584654
70159.53020501541,-0.0544114397318378
70190.2209314105,-0.03216959222449864
70220.91165780558,-0.011039384106932228
70251.60238420067,0.008283213624873494
70282.29311059575,0.025392966689359878
70312.98383699084,0.04012363845603707
70343.67456338592,0.052182894384083404
70374.36528978101,0.06185160643131984
70405.0560161761,0.06899297756094251
70435.74674257118,0.07382662032582772
70466.43746896627,0.07646941749404168
70497.12819536135,0.07706621506262418
70527.81892175644,0.07580727904757821
70558.50964815152,0.07284841009225407
70589.20037454659,0.06834944847850037
70619.89110094166,0.0625022159426342
70650.58182733675,0.05546360784071956
70681.27255373183,0.04740465298755811
70711.96328012692,0.0384784633483275
70742.654006522,0.028862651994462397
70773.34473291709,0.018714993891843446
70834.72618570726,-0.0025078850054457967
70865.41691210234,-0.013249069696151439
70896.10763849743,-0.023841483205228057
70926.79836489251,-0.03413012167434769
70957.4890912876,-0.043836147649818843
70988.17981768269,-0.05291701530460966
71018.87054407777,-0.061129808112053007
71049.56127047286,-0.0680923053272828
71080.25199686793,-0.07379785541542482
71110.942723263,-0.07793250529484645
71141.63344965808,-0.080202342538839
71172.32417605317,-0.08045171416862056
71203.01490244825,-0.07824751150852777
71233.70562884334,-0.07360486322932161
71264.39635523842,-0.06600254865333668
71295.08708163351,-0.05538469220217326
71325.7778080286,-0.04154214358319837
71359.04830800268,-0.022711889002746528
71392.31880797676,-0.00034323525085296416
71425.58930795084,0.025431535633573442
71458.85980792494,0.053293967763719155
71492.13030789903,0.08163537984208348
71525.40080787311,0.1076845280768382
71558.6713078472,0.12762223294071168
71591.94180782128,0.13684039480734203
71625.21230779536,0.1305707459856249
71658.48280776944,0.1055448702290503
71691.75330774352,0.06182459867773821
71725.02380771762,0.004772403522201943
71758.29430769171,-0.05535970261609384
71791.5648076658,-0.10666213677632033
71824.83530763988,-0.13935565505299596
71858.10580761396,-0.14927277905923705
71891.37630758804,-0.1384582570353368
71924.64680756212,-0.1124461902966816
71957.9173075362,-0.07820722419063786
71991.1878075103,-0.041549252239389524
72024.4583074844,-0.006751247588685099
72057.72880745848,0.023573137736119944
72090.99930743256,0.0482058813381729
72124.26980740664,0.06673817138978527
72157.54030738072,0.07943068883424935
72190.8108073548,0.08680277881768841
72224.08130732889,0.08953030433325612
72257.35180730297,0.08831752017875766
72290.62230727705,0.08384536911276769
72323.89280725113,0.07673702904028355
72357.16330722522,0.06754394542599491
72390.43380719931,0.05682723166944901
72423.70430717341,0.045025527509789186
72456.97480714749,0.03246982630325579
72523.51580709565,0.006695551241510752
72556.78630706973,-0.005966915639469279
72590.05680704382,-0.01812178550862499
72623.3273070179,-0.02958625512812048
72656.59780699198,-0.04010788135953876
72689.86830696606,-0.0495217627325838
72723.13880694014,-0.05764774100933324
72756.40930691423,-0.0643440261390746
72789.67980688832,-0.0694586295675096
72822.95030686242,-0.07285010187584032
72856.2208068365,-0.07441518715104817
72889.49130681058,-0.07402495017309105
72922.76180678466,-0.07162044714676691
72956.03230675875,-0.06705084901628384
72989.30280673283,-0.06040863055661793
73022.57330670691,-0.051458673450614584
73055.843806681,-0.04046762692483433
73089.1143066551,-0.0272423609299378
73122.38480662918,-0.012104105441342865
73155.65530660326,0.004801807909681512
73188.92580657735,0.023229700368258326
73222.19630655143,0.042343414657875424
73255.46680652551,0.06193273703318131
73288.73730649959,0.0803072816871845
73322.00780647369,0.09672213489604568
73355.27830644778,0.10906572203858352
73388.54880642187,0.11139500372594295
73421.81930639595,0.11293164439300765
73455.08980637003,0.09945253796919078
73486.15691665781,0.07523953481410568
73517.2240269456,0.03948793967534488
73548.29113723338,-0.0060733628893166434
73579.35824752116,-0.05651645705097596
73610.42535780894,-0.10448432377057587
73641.49246809672,-0.1411355957674686
73672.5595783845,-0.1587687847441118
73703.62668867227,-0.15376645013677612
73734.69379896004,-0.12797847712413818
73765.76090924782,-0.08763690654841266
73796.8280195356,-0.04083056429473189
73827.89512982339,0.0049332502865286135
73858.96224011117,0.04437275958193829
73890.02935039895,0.07452992849641635
73921.09646068673,0.09482718721540223
73952.16357097452,0.10582061065678908
73983.2306812623,0.10879372156540379
74014.29779155008,0.10530476867316801
74045.36490183786,0.09689777791805522
74076.43201212565,0.08496234826551026
74107.49912241343,0.07065211033655945
74138.56623270121,0.05496616963289458
74200.70045327676,0.022364737977793314
74231.76756356453,0.006690287611842358
74262.83467385231,-0.008219117393170838
74293.9017841401,-0.021954904965754533
74324.96889442788,-0.03432284661699947
74356.03600471566,-0.04520015068625463
74387.10311500344,-0.054407473984966016
74418.17022529122,-0.061958803228385054
74449.237335579,-0.06774583016330499
74480.30444586679,-0.0717662107288882
74511.37155615457,-0.07402636773679455
74542.43866644235,-0.07453398868274946
74573.50577673013,-0.07332178941972209
74604.57288701792,-0.07044269516564973
74635.6399973057,-0.06595279389467189
74666.70710759348,-0.05991516861041496
74697.77421788125,-0.052448267069529396
74728.84132816902,-0.04360434822919261
74759.9084384568,-0.03358446639789399
74790.97554874458,-0.022422807069980222
74822.04265903236,-0.010422752546068585
74853.10976932014,0.0024287925902226754
74884.17687960793,0.015569871011616488
74946.31110018349,0.04257791560832023
74977.37821047127,0.0554737668122421
75008.44532075906,0.06770173278486855
75039.51243104684,0.07843315786443777
75070.57954133462,0.08729525432837851
75101.6466516224,0.09355516948326525
75132.71376191018,0.09648702901461416
75163.78087219797,0.09518458329665254
75194.84798248573,0.08892829143031224
75225.9150927735,0.07672737307059393
75256.98220306128,0.05793625683096122
75288.04931334907,0.032227688688667044
75319.11642363685,-0.000013543892420656012
75350.18353392463,-0.037289645483949
75381.25064421241,-0.07703962450832638
75412.3177545002,-0.11415577086600645
75443.38486478798,-0.14245484110952517
75473.84297314455,-0.1552029254227522
75504.30108150114,-0.14828925044388763
75534.75918985772,-0.12040876694574608
75565.2172982143,-0.07528959414238269
75595.67540657087,-0.02064164384690295
75626.13351492745,0.03370031883199257
75656.59162328404,0.07952881855129026
75687.04973164061,0.1117130127820236
75717.50783999718,0.12864303574245553
75747.96594835377,0.13153944195965336
75778.42405671036,0.12322494106643819
75808.88216506693,0.10693443024289323
75839.3402734235,0.08570436888404756
75869.79838178007,0.062075114867902376
75930.71459849323,0.014811399275620994
75961.17270684981,-0.006523084217103091
75991.63081520639,-0.02544055150123064
76022.08892356296,-0.04162259127278753
76052.54703191953,-0.05496861936857807
76083.0051402761,-0.06532163143644672
76113.46324863269,-0.07302362271529034
76143.92135698927,-0.07795120397628119
76174.37946534585,-0.08040690223746977
76204.83757370242,-0.08052839489121394
76235.295682059,-0.07852153257259664
76265.75379041559,-0.07460520175569686
76296.21189877216,-0.06898722721031553
76326.67000712873,-0.06184287547763899
76357.12811548532,-0.05342495785368751
76387.5862238419,-0.043915714246265544
76418.04433219848,-0.03353468384679996
76448.50244055505,-0.022466908155711507
76478.96054891164,-0.010929661469857122
76539.8767656248,0.012721340032997932
76570.33487398137,0.024390432998877724
76600.79298233795,0.035710424369603436
76631.25109069454,0.04637889243126898
76661.70919905111,0.05627539857296077
76692.16730740768,0.0649469613718391
76722.62541576427,0.07237342510969967
76753.08352412086,0.07819430829796548
76783.54163247743,0.08204083914921442
76813.999740834,0.08377153415749627
76844.45784919057,0.08295946768915896
76874.91595754714,0.07948941424454692
76905.37406590373,0.07286502689255607
76935.83217426031,0.06297501581424109
76966.29028261689,0.04969124669032952
76996.74839097346,0.03252711612847027
77027.20649933003,0.012235853474990316
77057.6646076866,-0.011418368385912706
77088.12271604319,-0.03756033780821287
77118.58082439977,-0.0650959568013077
77149.03893275635,-0.09199360081598648
77179.49704111292,-0.11573337918332635
77209.9551494695,-0.1327643857436603
77240.41325782609,-0.13923173242431008
77270.87136618266,-0.13121892600531213
77301.32947453923,-0.10626575343368647
77331.78758289582,-0.06482508792759858
77362.2456912524,-0.011197745800565689
77392.70379960898,0.04652371285489468
77425.74168154456,0.10194074093348861
77458.77956348014,0.13897890356991932
77491.81744541571,0.15236923839755856
77524.8553273513,0.14301815837339457
77557.89320928688,0.11672124399870437
77590.93109122245,0.08072769142971616
77623.96897315803,0.04165848463884088
77657.00685509361,0.004527606582979217
77690.0447370292,-0.027754730448647683
77723.08261896478,-0.05362148882230752
77756.12050090036,-0.07273574811186534
77789.15838283594,-0.08532581224477218
77822.19626477153,-0.09202215968809042
77855.23414670711,-0.09360602934400342
77888.27202864268,-0.09088233315296906
77921.30991057826,-0.08463598060917435
77954.34779251384,-0.07564946482360325
77987.38567444941,-0.064478469237919
78020.423556385,-0.05183066246935813
78053.46143832058,-0.03817825787680436
78086.49932025616,-0.023947588286649203
78119.53720219174,-0.009642145735566782
78185.61296606291,0.018066479986147514
78218.65084799849,0.03077911153501204
78251.68872993407,0.04244110941533921
78284.72661186964,0.052762058336929075
78317.76449380523,0.061550706144411
78350.80237574081,0.06862365977748464
78383.84025767638,0.07379816529120947
78416.87813961196,0.07692944599230503
78449.91602154754,0.0778825895979186
78482.95390348313,0.07653500734707752
78515.99178541871,0.07279863258806285
78549.02966735428,0.06661535081406675
78582.06754928986,0.0579735544547786
78615.10543122544,0.04668329953012967
78648.14331316101,0.033297906233930634
78681.1811950966,0.017463416962728538
78714.21907703218,-0.0004312436088282044
78747.25695896776,-0.019716873480855674
78780.29484090334,-0.04034675600081323
78813.33272283891,-0.060840058205607284
78846.37060477449,-0.0807471857393243
78879.40848671008,-0.09805693226835593
78912.44636864564,-0.11121603825253555
78945.48425058123,-0.1177314282400981
78978.52213251681,-0.11500454006469399
79011.56001445239,-0.1005333558532683
79044.59789638798,-0.07228780048441318
79077.63577832354,-0.030480895250466437
79110.67366025913,0.021819011358705516
79143.71154219471,0.07766641050138402
79176.74942413028,0.12623067698716284
79209.78730606586,0.1563617926933428
79242.82518800144,0.16049430440880472
79275.86306993703,0.13805312318973395
79308.90095187261,0.09550449159110456
79341.93883380819,0.043041157278841426
79374.97671574377,-0.00855688318713465
79408.01459767936,-0.0524624301795366
79441.05247961494,-0.08460221147081215
79474.09036155051,-0.10433442194865465
79507.12824348609,-0.11273753559608161
79537.96273573537,-0.11197556905295962
79568.79722798464,-0.1048460954050746
79599.63172023391,-0.09298912263725936
79630.46621248318,-0.07793932213826936
79661.30070473245,-0.06094515080562288
79692.13519698173,-0.04302619847092512
79753.80418148029,-0.00749806896530301
79784.63867372955,0.00911274875625808
79815.47316597884,0.024255174116732725
79846.30765822812,0.037885182392706385
79877.14215047739,0.04965025288175513
79907.97664272666,0.05947817060173201
79938.81113497594,0.06729755299840287
79969.64562722523,0.07301980779036034
80000.4801194745,0.07666774498301644
80031.31461172376,0.07823315887684568
80062.14910397305,0.07775163617621313
80092.98359622233,0.07528745808047149
80123.8180884716,0.07090622019531087
80154.65258072087,0.06470074905437567
80185.48707297015,0.05679231147891478
80216.32156521943,0.04729871440021527
80247.1560574687,0.03639571739154886
80277.99054971797,0.024240161773813634
80308.82504196725,0.011063097315594728
80370.4940264658,-0.017339926252705085
80401.32851871508,-0.032097665618501595
80432.16301096436,-0.04654080974440423
80462.99750321364,-0.06031540115081279
80493.83199546291,-0.07311357754782759
80524.66648771218,-0.08400034426139241
80555.50097996146,-0.09254457879175315
80586.33547221075,-0.09787522947148669
80617.16996446002,-0.09919382833782713
80648.00445670928,-0.0954825229657684
80678.83894895857,-0.08597871444734746
80709.67344120785,-0.0697884442319512
80740.50793345712,-0.046357556104155866
80771.34242570639,-0.01583117418034928
80802.17691795567,0.020913861473829787
80833.01141020496,0.06123450011572598
80863.84590245422,0.12225094897949747
80894.6803947035,0.13460092451482686
80925.51488695278,0.1545736350901045
80956.34937920206,0.1547565550480957
80987.18387145133,0.13216032995576035
81018.0183637006,0.08885122670879965
81048.85285594988,0.03242022676702511
81079.68734819916,-0.026276330574652968
81110.52184044843,-0.07738911707794645
81141.3563326977,-0.11358947861932453
81172.19082494699,-0.1328127646646983
81203.02531719627,-0.135954700875246
81233.85980944554,-0.1261311276632976
81264.6943016948,-0.10724461750857918
81295.52879394409,-0.08293976060234923
81326.36328619337,-0.05624649190311258
81357.19777844264,-0.02946180985422483
81388.03227069191,-0.004182078235367627
81418.86676294118,0.018559802182129326
81449.70125519045,0.03820205068806003
81480.53574743973,0.0543855519810325
81513.95001326801,0.06796154399007522
81547.36427909628,0.07741237753014645
81580.77854492456,0.08301871956382338
81614.19281075284,0.0850320007000394
81647.60707658112,0.08381925723883901
81681.0213424094,0.07969180098835763
81714.43560823768,0.07300891616543634
81747.84987406596,0.06413624094216193
81781.26413989424,0.053456305272519364
81814.67840572252,0.041284465157722806
81848.09267155078,0.0280139699438422
81881.50693737906,0.013995015810398869
81914.92120320734,-0.00043897278117312286
81948.3354690356,-0.014927506028049778
82015.16400069217,-0.04254724952217468
82048.57826652045,-0.0549359078503237
82081.99253234873,-0.0658811600064268
82115.406798177,-0.07496410614142045
82148.82106400529,-0.08175741818713411
82182.23532983357,-0.08586304373557492
82215.64959566185,-0.08680708248611466
82249.06386149011,-0.0842099890011506
82282.47812731839,-0.07755366452406036
82315.89239314667,-0.06669899065807514
82349.30665897494,-0.050935493992796246
82382.72092480322,-0.030944048871227748
82416.1351906315,-0.006122924612988315
82449.54945645978,0.02233782296000657
82482.96372228806,0.0533989201618421
82516.37798811634,0.08470755247599206
82549.79225394462,0.1129334334103512
82583.2065197729,0.1334409866623958
82616.62078560118,0.14078129962445388
82650.03505142944,0.1296185615879492
82683.44931725772,0.09688982255052042
82716.863583086,0.04421844828616382
82750.27784891427,-0.02019890241658215
82783.69211474255,-0.08349116555099767
82817.10638057083,-0.1313920937573791
82850.5206463991,-0.1546307669125631
82883.93491222739,-0.15137113272162184
82917.34917805567,-0.12666281700670504
82950.76344388395,-0.08868552356520185
82984.17770971222,-0.045725580163924084
83017.5919755405,-0.00432387557195622
83051.00624136877,0.03156745348670144
83084.42050719705,0.0599397375312542
83117.83477302533,0.08021123549344746
83151.2490388536,0.09271493683033745
83184.66330468188,0.09825722090389527
83218.07757051016,0.09786720953244081
83251.49183633843,0.09260248192201488
83284.90610216671,0.08348073145692972
83318.320367995,0.0714338175845906
83351.73463382327,0.05729264923982281
83385.14889965155,0.04177601815903902
83418.56316547983,0.025496282661446962
83451.9774313081,0.009140964069206848
83485.39169713638,-0.006925981996196861
83518.80596296466,-0.02223761094970101
83552.22022879292,-0.03632707183966027
83585.6344946212,-0.04908498112555461
83619.04876044948,-0.06000018172138788
83651.85402434657,-0.06878051192496909
83684.65928824364,-0.07538439585788705
83717.46455214071,-0.07965087127143372
83750.26981603779,-0.08140266429103532
83783.07507993486,-0.08052846579890684
83815.88034383193,-0.07690185922539904
83848.68560772901,-0.07052604209932478
83881.49087162608,-0.0612325252414241
83914.29613552315,-0.0493450506001087
83947.10139942024,-0.03472491210211898
83979.9066633173,-0.017397806627679275
84012.71192721438,0.0015543039912900257
84045.51719111146,0.022476863961274497
84078.32245500853,0.04411654556784132
84111.1277189056,0.06584490072759733
84143.93298280268,0.08615115467185686
84176.73824669977,0.1033846456398692
84209.54351059684,0.11545225236285667
84242.3487744939,0.11977113406408892
84275.15403839099,0.11359342138519489
84307.95930228806,0.09455320372164308
84340.76456618513,0.0611463724297307
84373.56983008221,0.014406371579292511
84406.37509397928,-0.04140373077336322
84439.18035787635,-0.09753343861664514
84471.98562177343,-0.1420599726266058
84504.7908856705,-0.16394864458240505
84537.59614956757,-0.1571714415338253
84570.40141346466,-0.1238250849805766
84603.20667736173,-0.07291557707982249
84636.0119412588,-0.016234269394488497
84668.81720515588,0.03585103189059137
84701.62246905296,0.07670457010959036
84734.42773295003,0.10363463340850018
84767.2329968471,0.11689473671681985
84800.03826074419,0.11840925827834954
84832.84352464126,0.11076837910294396
84865.64878853832,0.09651521593298246
84898.45405243541,0.07797652788911351
84931.25931633248,0.05704768628368208
84964.06458022955,0.035241063447175744
84996.86984412663,0.01371917198327087
85029.6751080237,-0.0066726198496897815
85062.48037192077,-0.025185984820383672
85095.28563581785,-0.04157206286522104
85128.09089971492,-0.05536144289387661
85160.896163612,-0.06637394450491828
85193.70142750908,-0.07460834090506502
85226.50669140616,-0.07991166964899876
85259.31195530323,-0.08234139626480719
85292.1172192003,-0.08195715650896217
85324.92248309738,-0.07885368438061476
85357.72774699447,-0.073177001431512
85390.53301089154,-0.06508458348426013
85423.3382747886,-0.05479378223328907
85456.14353868569,-0.042520855298361825
85488.94880258277,-0.028568459111830667
85521.75406647984,-0.01324152698191666
85587.364594274,0.01997773853641438
85620.16985817107,0.03700096043618364
85652.97512206814,0.05342240911171858
85685.78038596522,0.06878931695816332
85718.58564986229,0.0821920726061372
85749.18752407306,0.09216558055158114
85779.78939828384,0.09895839625092384
85810.39127249461,0.10156094845445322
85840.99314670538,0.0991862335652529
85871.59502091615,0.09071020033244287
85902.19689512692,0.07553622551237472
85932.79876933769,0.05289271068651771
85963.40064354846,0.022877524208871042
85994.00251775923,-0.013693773665071428
86024.60439197,-0.05452966195281797
86055.20626618077,-0.0956255960885589
86085.80814039154,-0.13133117215075663
86116.41001460231,-0.15427084576481637
86147.01188881308,-0.157691855127148
86177.61376302385,-0.13748057465938984
86208.21563723462,-0.09494988500512057
86238.81751144539,-0.037130278488665555
86269.41938565616,0.024814640604936544
86300.02125986693,0.07952131573846907
86330.6231340777,0.1187048607674491
86361.22500828847,0.13894747064685392
86391.82688249924,0.1412564580405548
86422.42875671001,0.1290796505305182
86453.03063092078,0.10687868328720462
86483.63250513155,0.07895689212286386
86514.23437934232,0.04886678205927263
86544.83625355309,0.01925085396564176
86575.43812776386,-0.008087971614056735
86606.04000197463,-0.03203598382109701
86636.6418761854,-0.05195937220785905
86667.24375039617,-0.06761704368333282
86697.84562460694,-0.0790137678012779
86728.44749881771,-0.08633931150928419
86759.04937302848,-0.0898177078043301
86789.65124723925,-0.08977791265295833
86820.25312145002,-0.08659971866370254
86850.85499566079,-0.08059052020700083
86881.45686987156,-0.07222952843912021
86912.05874408233,-0.06187301236368957
86942.6606182931,-0.04982263647416643
86973.26249250387,-0.036569753251840406
87003.86436671464,-0.022358068092901234
87065.06811513618,0.007265255272801179
87095.66998934695,0.02195838633039577
87126.27186355772,0.036138962361083944
87156.8737377685,0.0494050519970509
87187.47561197927,0.06140467450788725
87218.07748619004,0.0718244795076565
87248.67936040083,0.08014853395453829
87279.2812346116,0.08617212001877167
87309.88310882237,0.0894045465578915
87340.48498303314,0.08957160634056638
87371.0868572439,0.08619100415035036
87401.68873145468,0.07916948307135768
87432.29060566545,0.06802860460088934
87462.89247987622,0.052653852536482075
87493.49435408699,0.033273770003039556
87524.09622829776,0.009624576595242636
87554.69810250853,-0.01709644125672103
87585.2999767193,-0.04632253581352852
87615.90185093007,-0.07614505492376861
87646.50372514084,-0.10409463204767025
87677.1055993516,-0.12680826075879312
87710.28724714139,-0.14060297144052855
87743.46889493115,-0.13762724897363715
87776.65054272092,-0.11342188007723442
87809.8321905107,-0.06737314004455375
87843.01383830047,-0.004534768557511701
87876.19548609023,0.06327288264112288
87909.37713388001,0.1205907197713317
87942.55878166978,0.15456103050159428
87975.74042945955,0.15962775476235125
88008.92207724933,0.13856402531075673
88042.1037250391,0.09970882706077544
88075.28537282886,0.05299428283108435
88108.46702061864,0.006701129153712952
88141.64866840841,-0.03376094765189748
88174.83031619817,-0.06549491422984863
88208.01196398796,-0.08759542083676533
88241.19361177774,-0.10041422672794065
88274.3752595675,-0.1049849747901325
88307.55690735727,-0.10262586820535272
88340.73855514705,-0.09471136279649868
88373.92020293683,-0.08258068724710593
88407.1018507266,-0.06727855338317691
88440.28349851636,-0.05007778859423412
88473.46514630615,-0.03167836651422629
88506.64679409593,-0.01301114863574998
88539.8284418857,0.005304828559931799
88573.01008967546,0.02272619814533622
88606.19173746524,0.03867061291806165
88639.373385255,0.05283810698570048
88672.55503304477,0.06476268585558585
88705.73668083455,0.07418419598959258
88738.91832862432,0.08084898652613373
88772.09997641409,0.08454490712836292
88805.28162420387,0.08511129080542215
88838.46327199363,0.08242537540368008
88871.6449197834,0.07646172967316162
88904.82656757318,0.06715082700648474
88938.00821536295,0.05469429840488327
88971.18986315271,0.039103094323529514
89004.3715109425,0.020819166148937425
89037.55315873228,0.00012558333519709086
89070.73480652204,-0.022204732809616413
89103.91645431181,-0.04558653950098254
89137.09810210159,-0.0684073935542171
89170.27974989137,-0.08967692878173414
89203.46139768114,-0.10694581134295879
89236.6430454709,-0.11819471273243111
89269.82469326069,-0.12048070702321881
89303.00634105047,-0.11096148871889082
89336.18798884023,-0.08731865174211138
89369.36963663,-0.04839308787153489
89402.55128441978,0.003651003763405023
89435.73293220955,0.06269127217712925
89468.91457999931,0.11826042830437614
89502.0962277891,0.15686806501307154
89535.27787557886,0.1674983408358632
89568.45952336863,0.14637665800335542
89601.64117115841,0.09911887935219335
89634.82281894817,0.03827304024886589
89668.00446673794,-0.022196587338088464
89701.18611452772,-0.07207663532168004
89734.36776231749,-0.10604967852692805
89767.54941010725,-0.12322136693841035
89800.73105789704,-0.12553818340970072
89831.7093160005,-0.11715117095411783
89862.68757410397,-0.10145667017691727
89893.66583220744,-0.08102510151023976
89924.6440903109,-0.05801985712055009
89955.62234841437,-0.03416540677993839
89986.60060651784,-0.010781509707955566
90017.5788646213,0.0111607935971321
90048.55712272477,0.031029706469320427
90079.53538082824,0.048116031683341665
90110.5136389317,0.06240479899755249
90141.49189703517,0.07344817050218512
90172.47015513864,0.08132190297490383
90203.4484132421,0.0859426946073473
90234.42667134557,0.08739903860425831
90265.40492944905,0.08580542391006601
90296.38318755252,0.08130048272453659
90327.36144565599,0.07410063333370862
90358.33970375947,0.06443075386636113
90389.31796186294,0.05254506357866116
90420.2962199664,0.038766076838428525
90451.27447806987,0.02342322968054183
90482.25273617334,0.006864706700333358
90544.20925238027,-0.027951454292027948
90575.18751048374,-0.04513360223628042
90606.1657685872,-0.06154705956451417
90637.14402669067,-0.07623798423424602
90668.12228479414,-0.0886891552165874
90699.1005428976,-0.09782292286480565
90730.07880100107,-0.1028948628123637
90761.05705910454,-0.10277249284182266
90792.035317208,-0.09661323628470667
90823.01357531147,-0.08331657237382027
90853.99183341494,-0.062450182338009946
90884.97009151841,-0.03363836666337271
90915.94834962187,0.0023455486117967862
90946.92660772534,0.04359028309398464
90977.90486582881,0.08641651077916038
91008.88312393229,0.12504739710634016
91039.86138203576,0.1520424360096617
91070.83964013922,0.15976759694019962
91101.8178982427,0.1426791045230574
91132.79615634617,0.10066054902678831
91163.77441444964,0.04015515272711884
91194.7526725531,-0.026515001320816953
91225.73093065657,-0.08586928687915858
91256.70918876004,-0.12771608626095707
91287.6874468635,-0.14753908324619036
91318.66570496697,-0.14627707481981134
91349.64396307044,-0.1284880482010174
91380.62222117391,-0.09990431249940518
91411.60047927737,-0.06592659201755427
91442.57873738084,-0.03089142838718765
91473.55699548431,0.0021173249942015894
91504.53525358778,0.031134485635930024
91535.51351169124,0.05506811146967165
91566.49176979471,0.07345510289726583
91597.47002789818,0.08628791948371137
91628.44828600164,0.09382015795476135
91659.42654410511,0.0964350665695711
91690.40480220858,0.09464513426654325
91721.38306031204,0.08900831907911193
91752.36131841553,0.08013679526327958
91783.33957651899,0.0684426674075723
91813.70883269125,0.054944023557694566
91844.07808886352,0.040021208813380546
91904.81660120806,0.007253624337789872
91935.18585738033,-0.00943999375883229
91965.55511355259,-0.025804926175789947
91995.92436972485,-0.0413198403500171
92026.29362589712,-0.055594642735116925
92056.66288206939,-0.06812146861053335
92087.03213824164,-0.07857310684587664
92117.4013944139,-0.0864263145780995
92147.77065058617,-0.09136679961890885
92178.13990675844,-0.09293417280238632
92208.50916293071,-0.09085146385402737
92238.87841910298,-0.08472641199529765
92269.24767527524,-0.0743096296871047
92299.6169314475,-0.0596409756381462
92329.98618761977,-0.040330209915328485
92360.35544379204,-0.01718205270062709
92390.72469996431,0.009648887893064943
92421.09395613658,0.03913585955735702
92451.46321230884,0.0694177894895586
92481.8324684811,0.09836751606614513
92512.20172465337,0.12269455414136954
92542.57098082564,0.13841378103648166
92572.94023699789,0.1411251637773775
92603.30949317015,0.12677088958424593
92633.67874934242,0.09329269325073994
92664.04800551469,0.0417957367601383
92694.41726168696,-0.021042708038833405
92724.78651785923,-0.08423495421323424
92755.15577403149,-0.13494776865122168
92785.52503020375,-0.1628047528461394
92815.89428637602,-0.16361127451175822
92846.26354254829,-0.13998536045987175
92876.63279872056,-0.09953125497919352
92907.00205489283,-0.051409979803762135
92937.37131106509,-0.0034917292729800195
92967.74056723734,0.0386163860786564
92998.10982340961,0.07177771480011738
93028.47907958188,0.09492317733347876
93058.84833575414,0.10825486324103024
93089.2175919264,0.11277287598717521
93119.58684809867,0.10988584574748567
93149.95610427094,0.10105560566333588
93180.32536044321,0.08770370210491998
93210.69461661548,0.07113180959750452
93241.06387278774,0.0524957780268135
93271.43312896,0.03279020946274114
93301.80238513227,0.012818435411659017
93332.17164130454,-0.00658542586602168
93362.5408974768,-0.02496221041950899
93392.91015364908,-0.04169206462517688
93423.27940982133,-0.05638331653527909
93453.64866599359,-0.06871613709175593
93484.01792216586,-0.07836938106757498
93514.38717833813,-0.08514041717639377
93544.75643451039,-0.08885400928261704
93575.12569068265,-0.08939919823038428
93605.49494685492,-0.08670505406458806
93635.86420302719,-0.08078485178093166
93666.23345919946,-0.07166554044979931
93696.60271537173,-0.05946579502507449
93726.97197154399,-0.04446647226265175
93759.92100129524,-0.025101676638096763
93792.8700310465,-0.003555902868402055
93825.81906079777,0.02004699154214045
93858.76809054904,0.044228286059307634
93891.71712030031,0.06811413906828909
93924.66615005158,0.08988711080556584
93957.61517980284,0.1075844234816663
93990.56420955411,0.11886438021125033
94023.51323930538,0.12095873982795653
94056.46226905665,0.11110174940480261
94089.41129880791,0.0870283562283006
94122.36032855918,0.047941882343224426
94155.30935831045,-0.004514864713555132
94188.25838806172,-0.06413503111490784
94221.20741781298,-0.1203948359316432
94254.15644756425,-0.1597786612039517
94287.10547731552,-0.17012494167069242
94320.05450706679,-0.14661238823628267
94353.00353681805,-0.09485738454444612
94385.95256656932,-0.028270599211671858
94418.90159632059,0.03688106603775434
94451.85062607186,0.08889438001953465
94484.79965582312,0.12167108025267089
94517.74868557439,0.1345458082832893
94550.69771532566,0.13061523115181978
94583.64674507693,0.11420655445665523
94616.5957748282,0.08959751748006402
94649.54480457946,0.06083704636684396
94682.49383433073,0.03082212808159216
94715.442864082,0.0018603950744555849
94748.39189383326,-0.02447958092866906
94781.34092358453,-0.047157038031716045
94814.2899533358,-0.06557928277182684
94847.23898308707,-0.0793334521962418
94880.18801283833,-0.08834658101864672
94913.1370425896,-0.09271479919359044
94946.08607234087,-0.0925800882646042
94979.03510209214,-0.08823676320268567
95011.9841318434,-0.08003685288100032
95044.93316159467,-0.06841371277108951
95077.88219134594,-0.05383950657653291
95110.8312210972,-0.03685117930818546
95143.78025084847,-0.01803752858188975
95176.72928059974,0.0019622748092316053
95209.67831035101,0.02238801889253922
95242.62734010228,0.04259047956487892
95275.57636985354,0.06144644399018248
95308.52539960481,0.07833934088624747
95341.47442935608,0.09191920445625629
95374.42345910735,0.10134226852777445
95407.37248885861,0.10523739164459396
95440.32151860988,0.10258533677353239
95473.27054836115,0.09202203991558737
95506.21957811242,0.0730661127743619
95539.16860786368,0.04491105490432486
95572.11763761495,0.008349173135251634
95605.06666736622,-0.03492051226831661
95638.01569711749,-0.08086368513876738
95670.96472686875,-0.12285358600786188
95703.91375662002,-0.15239758578011645
95736.86278637129,-0.1597879118718731
95769.81181612256,-0.13806285288995856
95802.76084587383,-0.08707042438105857
95835.70987562509,-0.016015314675783848
95866.45551569006,0.05367909962960844
95897.20115575501,0.11146141517675787
95927.94679581997,0.1472849405249237
95958.69243588494,0.1575452771763618
95989.4380759499,0.1451573550944388
96020.18371601487,0.1163983287000516
96050.92935607984,0.07838280124845343
96081.6749961448,0.0376387023921871
96112.42063620975,-0.0014197307888758372
96143.16627627471,-0.035485023301769725
96173.91191633968,-0.06313211442575764
96204.65755640465,-0.08352277251760179
96235.40319646962,-0.09673745319360733
96266.14883653457,-0.10318978736038029
96296.89447659953,-0.10355255880731523
96327.6401166645,-0.09861313928188942
96358.38575672946,-0.08925184864680584
96389.13139679443,-0.07623133384359083
96419.8770368594,-0.06048979083847317
96450.62267692435,-0.04273616774759844
96481.3683169893,-0.023773638513326357
96512.11395705427,-0.004339409105404045
96573.60523718421,0.03351022585673619
96604.35087724918,0.05061185211892496
96635.09651731413,0.06575297720669454
96665.84215737908,0.0783433099747157
96696.58779744405,0.08795389442574467
96727.33343750902,0.09406271312065104
96758.07907757399,0.09626177800900894
96788.82471763896,0.0942082190214211
96819.57035770391,0.0875315243229329
96850.31599776886,0.07619159471095514
96881.06163783383,0.059893546133230856
96911.8072778988,0.03913556043215566
96942.55291796377,0.013718666504514563
96973.29855802873,-0.014519154042793315
97004.04419809369,-0.04528973873140352
97034.78983815864,-0.07649161855107257
97065.53547822361,-0.10500278027284471
97096.28111828858,-0.12768953151939716
97127.02675835355,-0.1402045654262279
97157.77239841851,-0.13808653601705984
97188.51803848347,-0.11734946491960896
97219.26367854842,-0.0765886132060986
97250.00931861339,-0.018765410959880137
97280.75495867836,0.04837158026083436
97311.50059874333,0.11150407356858269
97342.2462388083,0.15624260390601194
97372.99187887325,0.17239284391702103
97403.7375189382,0.15772647465587064
97434.48315900317,0.11828538393919948
97465.22879906814,0.06482634665177826
97495.9744391331,0.008598474309627223
97526.72007919807,-0.04176549242445651
97557.46571926303,-0.08094516127595557
97588.21135932798,-0.10693376786456121
97618.95699939295,-0.12004724180535677
97649.70263945792,-0.12179662588495539
97680.44827952288,-0.11429591009241433
97711.19391958785,-0.09978542128087223
97741.9395596528,-0.08037482960609113
97772.68519971776,-0.05798244415063901
97803.43083978273,-0.03399615521889686
97837.75220102337,-0.007278590766599651
97872.073562264,0.01814486143739096
97906.39492350465,0.04110340980897843
97940.71628474529,0.0606193900342245
97975.03764598593,0.07613965340560934
98009.35900722657,0.08712335324674807
98043.6803684672,0.09327463162485539
98078.00172970784,0.09444709239349464
98112.32309094848,0.09060037185728652
98146.64445218912,0.08188036114171597
98180.96581342976,0.06849766080392963
98215.2871746704,0.05085856304828005
98249.60853591104,0.029598638603204924
98283.92989715168,0.00533828044018861
98352.57261963296,-0.047390612889346366
98386.8939808736,-0.0728534287977157
98421.21534211424,-0.09545198817013
98455.53670335488,-0.1123119501997489
98489.85806459552,-0.12107095172334707
98524.17942583616,-0.11840588616608003
98558.5007870768,-0.10158988833348875
98592.82214831744,-0.0687267329159981
98627.14350955808,-0.020274166774439637
98661.46487079872,0.03982014206208896
98695.78623203936,0.10190539398851496
98730.10759328,0.1514588077553127
98764.42895452064,0.1729069954227955
98798.75031576128,0.15584950274629591
98833.07167700192,0.10234042725702966
98867.39303824256,0.02749193436014837
98901.7143994832,-0.04784102372211527
98936.03576072384,-0.10617253169005669
98970.35712196448,-0.13848087127425313
99004.67848320512,-0.144869723868609
99038.99984444576,-0.13030267874382395
99073.3212056864,-0.10180866402089876
99107.64256692704,-0.06598060378936732
99141.96392816768,-0.028244903064269203
99176.28528940832,0.007588708435493405
99210.60665064896,0.03897325694783966
99244.9280118896,0.06437171432521618
99279.24937313024,0.08319481282814695
99313.57073437088,0.09499861057713724
99347.89209561152,0.10004872840032179
99382.21345685216,0.09877048745969957
99416.5348180928,0.09174907209680613
99450.85617933344,0.07966380735148587
99485.17754057408,0.0634003556554145
99519.49890181472,0.043781701290820436
99553.82026305536,0.02180135761185189
99588.141624296,-0.0015969380017665162
99622.46298553664,-0.025200370569972784
99656.78434677728,-0.048053190845507444
99691.10570801792,-0.06884085905383996
99725.42706925856,-0.08635373631440836
99759.7484304992,-0.09929551017761756
99794.06979173984,-0.10627019163562741
99828.39115298048,-0.10601983530572133
99862.71251422112,-0.09732405701198148
99897.03387546176,-0.07915600068641494
99931.3552367024,-0.0513338468304316
99965.67659794303,-0.01411876896911331
99999.99795918367,0.03033162701685316
