0.002040816326530612,-0.19089180632158603
30.671792055962676,-0.17791345183099594
61.341543295598825,-0.13844315781880143
92.01129453523498,-0.08780689674769142
122.68104577487112,-0.039423310361206186
153.35079701450726,-0.0002211946310007179
184.02054825414342,0.02849825230311348
214.69029949377955,0.04806227269749418
245.3600507334157,0.06056599958042219
276.02980197305186,0.06803477188618054
306.699553212688,0.07194707152669842
337.3693044523242,0.07343865852455773
368.0390556919603,0.0733057058036764
398.7088069315964,0.07211261678429684
429.3785581712326,0.07020575258813591
460.04830941086874,0.06784069600754508
490.71806065050487,0.06519692201837299
521.387811890141,0.06239515684794589
552.0575631297772,0.059483483568559446
613.3970656090495,0.05364545831006553
736.0760705675941,0.04234224030798559
766.7458218072302,0.03962178124911415
797.4155730468664,0.03700079976302365
858.7550755261386,0.03197388850141295
981.4340804846832,0.022542198074213184
1012.1038317243194,0.020356153446901136
1042.7735829639555,0.018206404549161344
1104.1130854432279,0.014057051534772474
1226.7920904017724,0.00634700931117092
1257.4618416414087,0.004532374642739197
1288.1315928810448,0.002774259964007493
1349.4710953603171,-0.0006196203410823754
1472.1501003188616,-0.006867750272802432
1502.8198515584977,-0.008305831800575154
1533.489602798134,-0.009729970360900422
1594.8291052774061,-0.012420770443255813
1625.4988565170424,-0.013704881802332853
1656.1686077566785,-0.014941335992319154
1717.5081102359509,-0.017292212291287364
1748.177861475587,-0.01841310833986312
1778.847612715223,-0.019475535610427808
1840.1871151944954,-0.021497400031966422
1870.8568664341315,-0.022430900295883828
1901.5266176737678,-0.02333560412698684
1962.86612015304,-0.02500424695444542
1996.1156449716777,-0.025838925728748137
2029.3651697903158,-0.0266241898367491
2062.614694608954,-0.027353591646856364
2095.8642194275917,-0.028036177746916753
2129.1137442462295,-0.02866795852738537
2162.3632690648674,-0.029246313106683294
2195.612793883505,-0.0297761637361604
2228.862318702143,-0.03025458957045208
2262.111843520781,-0.030681369984086625
2295.3613683394187,-0.031058314616296698
2328.6108931580566,-0.031383787729022956
2361.8604179766944,-0.03165894722757602
2395.1099427953322,-0.03188336246990022
2428.35946761397,-0.03205669306982976
2461.608992432608,-0.032180753395412195
2494.858517251246,-0.032253636023021434
2528.1080420698845,-0.032276152644090644
2561.3575668885223,-0.032250278681279713
2594.60709170716,-0.03217382862421319
2627.856616525798,-0.032046592797787474
2661.106141344436,-0.03187141018669266
2694.3556661630737,-0.031649096430192744
2727.6051909817115,-0.03137733567429603
2760.8547158003494,-0.03105565339009897
2794.104240618987,-0.03068719085778663
2827.353765437625,-0.030272545284418362
2860.603290256263,-0.02981225184540969
2893.8528150749007,-0.029302177678560436
2927.1023398935386,-0.028747810903446795
2960.3518647121764,-0.028148580540352096
3026.8509143494525,-0.026816189624252335
3060.100439168091,-0.026085641480036913
3093.3499639867287,-0.025311948202109327
3159.8490136240043,-0.023635994089839497
3193.098538442642,-0.02274147616346764
3226.34806326128,-0.02180593623166189
3292.8471128985557,-0.01981351074905439
3326.0966377171935,-0.01876520457462581
3359.3461625358314,-0.01768310485513284
3425.845212173107,-0.015405575104816863
3558.843311447659,-0.010481338446487127
3592.092836266297,-0.009169100131867405
3625.342361084935,-0.00784864574407914
3691.8414107222106,-0.0051209899220144815
3824.839509996762,0.0005761454303098751
4090.835708545865,0.01257915054039909
4121.8818436781985,0.013997627345735033
4152.927978810532,0.015382147579739644
4215.020249075199,0.018166934463980895
4339.204789604533,0.023579051686065458
4370.250924736867,0.024888616371534195
4401.2970598692,0.026175033107956394
4463.389330133867,0.028631827756663633
4494.4354652662005,0.029814522542530277
4525.481600398534,0.030956068130260864
4587.573870663201,0.033095934179813824
4618.620005795534,0.034093548788502265
4649.666140927868,0.035019389583570947
4680.7122760602015,0.03588075388099407
4711.758411192535,0.03669515635809654
4742.804546324869,0.03741353303443782
4773.850681457202,0.038018017149468404
4804.896816589535,0.038603501332584556
4835.942951721869,0.039053369595423555
4866.9890868542025,0.03933388890631885
4898.035221986536,0.039602969946230554
4929.08135711887,0.0397168703930426
4960.127492251203,0.03959414508379315
4991.173627383536,0.03942525433205666
5022.21976251587,0.039075038914786045
5053.2658976482035,0.038365663509424025
5084.312032780537,0.037755701845972524
5115.358167912871,0.036719124428823455
5146.404303045205,0.03544774470969453
5177.450438177539,0.03398282320661881
5208.496573309872,0.03205185809937017
5239.5427084422045,0.030008766297765575
5270.588843574538,0.027237515271360507
5301.634978706872,0.024508456743441882
5332.681113839206,0.020723997925923138
5363.72724897154,0.017026524445105516
5394.773384103873,0.012263343081250329
5425.819519236205,0.007070552437317978
5456.865654368539,0.0010182938033101406
5487.911789500873,-0.006215600983826938
5518.957924633207,-0.013950173976462858
5550.004059765541,-0.022930494922535224
5581.050194897874,-0.03349815430639114
5612.096330030206,-0.045055522493089036
5643.14246516254,-0.057915792083953734
5674.188600294874,-0.07238834417842903
5705.234735427208,-0.08778139308825228
5736.280870559542,-0.10340505081495435
5767.327005691875,-0.1178332801351187
5798.373140824207,-0.1283058654200913
5829.419275956541,-0.13041915191197156
5860.465411088875,-0.11795795860391327
5891.511546221209,-0.08465142447863161
5922.557681353543,-0.028551398599846796
5953.6038164858755,0.04225152772713482
5984.649951618208,0.10934440908705852
6015.696086750542,0.15376273116347236
6046.742221882876,0.16849565323294718
6077.78835701521,0.15906559472727586
6108.225490216341,0.1366494554654959
6138.662623417473,0.10967345507906455
6169.099756618603,0.08323334811887431
6199.536889819735,0.05964643690874654
6229.974023020866,0.03959294570857383
6260.411156221997,0.02297654460003521
6290.848289423128,0.00940093780544441
6321.28542262426,-0.0016607496099639851
6351.72255582539,-0.010532794511422139
6382.159689026522,-0.01785799818297941
6412.596822227653,-0.02367999443636884
6443.033955428784,-0.028459288304855623
6473.471088629915,-0.03223213041097504
6503.908221831047,-0.03545802723364888
6534.345355032177,-0.037993538413859135
6564.782488233309,-0.039983867237141285
6595.21962143444,-0.041535999906459
6625.656754635571,-0.04274424575777835
6656.093887836702,-0.04369082675710892
6686.531021037834,-0.04435852609839463
6716.968154238964,-0.044795289848484916
6747.405287440096,-0.04503765487661818
6777.842420641227,-0.0451164358960089
6808.279553842358,-0.04504997573843447
6838.716687043489,-0.0448510063734064
6869.153820244621,-0.04454073628106042
6899.590953445751,-0.04411505986303076
6930.028086646883,-0.04360504728749229
6960.465219848014,-0.04301594504733806
6990.902353049145,-0.04233372402940647
7021.339486250276,-0.041599303373547544
7051.776619451408,-0.040794276584441236
7082.2137526525385,-0.03992680416750327
7112.65088585367,-0.03902354866030812
7173.525152255932,-0.03704545209380462
7295.273685060457,-0.03264804873476476
7325.710818261588,-0.03144255331262684
7356.147951462719,-0.030252615839726278
7417.022217864982,-0.02775077765331713
7538.770750669506,-0.022525033501729894
7569.2078838706375,-0.021193252478474544
7599.645017071769,-0.01982926761171981
7660.519283474031,-0.01709500980953216
7782.267816278556,-0.011556646716176336
8025.764881887605,-0.0005462404022593473
8058.7817886677385,0.0009185083445857611
8091.798695447871,0.0023591008591263354
8157.832509008136,0.005207138340203825
8289.900136128668,0.010657603690132344
8322.9170429088,0.011965311685517215
8355.933949688933,0.013248672982990043
8421.9677632492,0.015720571581598675
8554.035390369732,0.020298885472259536
8587.052297149865,0.021356934609393665
8620.069203929997,0.022378032282830224
8686.103017490264,0.02430046993676787
8719.119924270399,0.025200740494255143
8752.136831050531,0.026058403753994746
8818.170644610796,0.027640512527373397
8851.187551390929,0.028362678657071337
8884.204458171062,0.02903716369687115
8917.221364951194,0.02966308657690133
8950.238271731327,0.030239015348774993
8983.25517851146,0.030763389336216723
9016.272085291592,0.0312364450882045
9049.288992071724,0.03165628407495119
9082.305898851859,0.03202113314053394
9115.322805631993,0.032328693424584845
9148.339712412126,0.03258373693592422
9181.356619192258,0.032780751759268326
9214.37352597239,0.03291760186308233
9247.390432752523,0.032992100992955506
9280.407339532656,0.03300617541675209
9313.424246312788,0.03297063065437917
9346.441153092921,0.03287118824719579
9379.458059873054,0.03270517984105608
9412.474966653186,0.032469950113580906
9445.491873433319,0.032162896270936395
9478.508780213453,0.03178151013203856
9511.525686993587,0.03136754925171079
9544.54259377372,0.030887381470278606
9577.559500553853,0.03033196527284441
9610.576407333985,0.029698126767315747
9643.593314114118,0.028982930377392836
9676.61022089425,0.02818470294220335
9709.627127674383,0.027380943928487268
9742.644034454517,0.026493652969593905
9775.660941234652,0.025519182321018803
9808.677848014784,0.02445439656190558
9874.71166157505,0.022090512954425292
9907.728568355182,0.020877084096504614
9940.745475135314,0.019565025989151802
10006.779288695581,0.016633865681693262
10039.796195475716,0.015012156234920391
10072.813102255848,0.013443432581558161
10138.846915816113,0.010012534075336789
10169.660432909943,0.008252841742423276
10200.47395000377,0.006397733454792949
10262.100984191427,0.0027903374537328754
10385.355052566742,-0.005432237861497837
10416.168569660571,-0.007617997712685839
10446.982086754399,-0.009921353740765911
10508.609120942056,-0.014495708224860772
10631.86318931737,-0.024312094615317754
10662.6767064112,-0.026903155705409493
10693.490223505027,-0.02942103568036301
10755.117257692684,-0.03459306357549395
10785.930774786513,-0.03711295222620192
10816.74429188034,-0.039653637581872875
10878.371326067998,-0.04457917124728762
10909.184843161827,-0.04693831313007208
10939.998360255655,-0.04915240860078758
10970.811877349483,-0.05123517442304292
11001.625394443312,-0.05305689514503396
11032.438911537141,-0.054683216421477235
11063.252428630969,-0.05586447535784538
11094.065945724797,-0.056720093953353395
11124.879462818626,-0.05687855029384102
11155.692979912455,-0.05632380819268495
11186.506497006283,-0.05497771631574734
11217.32001410011,-0.05200269616193073
11248.13353119394,-0.04798722721832907
11278.94704828777,-0.04175178727989001
11309.760565381597,-0.03244093209190836
11340.574082475425,-0.020770458043934976
11371.387599569254,-0.004170740767365823
11402.201116663084,0.017250264100919566
11433.014633756911,0.04442926000338156
11463.828150850739,0.0773369600370433
11494.641667944568,0.11415110099414291
11525.455185038398,0.1497876080932152
11556.268702132225,0.17460443149910645
11587.082219226053,0.17603149081739675
11617.895736319882,0.14575115188149507
11648.709253413712,0.08806875317980443
11679.52277050754,0.02001918701095934
11710.336287601367,-0.03987565928097457
11741.149804695197,-0.0818562952325196
11771.963321789026,-0.10536824205630742
11802.776838882854,-0.11462806459110408
11833.590355976681,-0.11456958455788431
11864.40387307051,-0.10910959776559073
11895.21739016434,-0.10086608942258608
11926.030907258168,-0.09148888032347785
11956.844424351995,-0.08186746632776941
11987.657941445825,-0.07247069222278696
12018.471458539654,-0.06359741517745786
12049.284975633484,-0.055366414594637994
12110.91200982114,-0.04082901472393711
12144.305300493972,-0.033833428830069304
12177.698591166802,-0.027522063976046757
12211.091881839631,-0.02175974567432504
12244.48517251246,-0.016502250620894998
12277.87846318529,-0.011696243300564811
12311.271753858122,-0.007293836507147721
12378.058335203783,0.00045243506096328753
12411.451625876613,0.0038115517513120124
12444.844916549444,0.007034131904223664
12478.238207222275,0.009940926494362054
12511.631497895105,0.012584723375839883
12545.024788567935,0.015072569696086119
12578.418079240764,0.017374286496900558
12611.811369913594,0.019467227481434445
12645.204660586425,0.021384622634124238
12678.597951259257,0.02319158883251643
12711.991241932086,0.024828334380856732
12745.384532604916,0.026318931744298665
12778.777823277745,0.0276930095775265
12812.171113950575,0.028924868186622956
12845.564404623407,0.030056864121756295
12878.957695296238,0.031056157026513764
12912.350985969068,0.03196499103594315
12945.744276641897,0.032752196121244234
12979.137567314729,0.03345407017488136
13012.53085798756,0.03404585225500291
13045.92414866039,0.03455468216539188
13079.31743933322,0.034964801117862765
13112.710730006049,0.03529281342424914
13146.104020678878,0.035532882314675815
13179.49731135171,0.03569141844370624
13212.890602024541,0.035768627483286464
13246.28389269737,0.03577174305209207
13279.6771833702,0.03569352030044271
13313.07047404303,0.035546871982553754
13346.46376471586,0.03532808474189969
13379.857055388691,0.03503581949137263
13413.250346061523,0.034684589971347574
13446.643636734352,0.03425977541393117
13480.036927407182,0.03377275543311424
13513.430218080013,0.03323391521783334
13546.823508752845,0.03261943862881224
13580.216799425674,0.0319548603976075
13613.610090098504,0.03123785478160919
13647.003380771333,0.03045672323910798
13713.789962116995,0.028751900244307203
13747.183252789826,0.027819949921857844
13780.576543462656,0.026847963210826317
13847.363124808315,0.024755454350597842
13980.936287499637,0.020093425054312077
14014.329578172466,0.018837230591638294
14047.722868845298,0.01755261211557873
14114.509450190959,0.014879933594229006
14248.08261288228,0.009239601119107852
14280.866901623907,0.007804702280486313
14313.651190365534,0.0063543714772922345
14379.21976784879,0.0034136462753084525
14510.356922815303,-0.0025663346614115193
14543.141211556931,-0.004069471866135984
14575.92550029856,-0.005573578141714585
14641.494077781816,-0.008561296137780033
14772.631232748327,-0.014423777147330001
14805.415521489955,-0.015845411340880772
14838.199810231581,-0.01725116933275386
14903.768387714837,-0.01999926013796234
14936.552676456466,-0.02133564496967139
14969.336965198094,-0.022617651143347337
15034.90554268135,-0.02509735952156574
15067.689831422978,-0.02628403328125383
15100.474120164607,-0.027427068591221057
15166.042697647863,-0.029555922964336942
15198.826986389491,-0.03054508547370134
15231.61127513112,-0.03148254340088577
15264.395563872746,-0.032359481705773935
15297.179852614374,-0.033166555560047134
15329.964141356002,-0.03389398976032085
15362.748430097628,-0.034546461093092555
15395.532718839257,-0.035158889353400086
15428.317007580885,-0.03569143730673784
15461.101296322513,-0.03613045235837334
15493.885585064141,-0.03646191962315506
15526.66987380577,-0.03667168618803825
15559.454162547398,-0.03678850718288946
15592.238451289026,-0.036881543858509364
15625.022740030654,-0.03684217103630473
15657.807028772282,-0.03665053256159292
15690.59131751391,-0.0362873708210712
15723.375606255539,-0.03585765758002267
15756.159894997167,-0.03537072844420583
15788.944183738793,-0.03467904168829809
15821.728472480421,-0.03375762994153625
15854.51276122205,-0.03263246614010918
15887.297049963676,-0.03158486595562329
15920.081338705304,-0.03024880628424375
15952.865627446932,-0.02859556316114777
15985.64991618856,-0.026887666137996345
16018.434204930189,-0.02503143715202964
16051.218493671817,-0.022761446245301284
16084.002782413445,-0.02025307984237275
16116.787071155073,-0.017744694213741797
16149.571359896701,-0.014690975613494113
16182.35564863833,-0.01150927808677831
16215.139937379958,-0.008048266768787926
16247.924226121586,-0.003894077472974381
16280.708514863214,0.00003564962182311081
16346.277092346469,0.009609398173884497
16376.857991401794,0.014770073430198604
16407.438890457117,0.020138761402590244
16468.600688567763,0.03233888101440986
16499.181587623087,0.038882896458810864
16529.76248667841,0.04605239513550289
16590.924284789056,0.061302127289122266
16621.50518384438,0.06939097152209145
16652.086082899703,0.0773073517731892
16682.666981955026,0.08504602113702237
16713.24788101035,0.09169714617191331
16743.828780065673,0.09648547998022383
16774.409679120996,0.09810097016644855
16804.990578176323,0.09432174050379583
16835.571477231646,0.08232527277772023
16866.15237628697,0.058559810061338716
16896.733275342296,0.019980324840498914
16927.31417439762,-0.033623787779116725
16957.895073452943,-0.09624176453416758
16988.475972508266,-0.1526450827364548
17019.05687156359,-0.18520385404529754
17049.637770618912,-0.1844890900503597
17080.218669674236,-0.15571952428403435
17110.79956872956,-0.11286882772668941
17141.380467784882,-0.06860967825583122
17171.961366840205,-0.030229256976625547
17202.54226589553,0.000029979298442187052
17233.12316495085,0.022520316072572003
17263.704064006175,0.03854677390174373
17294.2849630615,0.04956633664471323
17324.86586211682,0.056860868272930895
17355.446761172145,0.06148025400449174
17386.027660227468,0.06406360285788444
17416.60855928279,0.06522227774847267
17447.189458338114,0.06538902421028185
17477.770357393438,0.06478562172082952
17508.35125644876,0.063629716612689
17538.932155504088,0.06208605151887471
17569.51305455941,0.06026255431353198
17600.093953614734,0.05820266126834801
17630.67485267006,0.05600141836455437
17691.836650780708,0.05134915249026808
17814.160247002,0.04161098886747308
17844.741146057324,0.03918628283444892
17875.322045112647,0.03671700978024681
17936.483843223294,0.03192446604358814
18058.807439444587,0.02261876647275017
18303.454631887176,0.005644430514301326
18336.615304521503,0.0034989860376324934
18369.775977155827,0.0014617440810444915
18436.09732242448,-0.002525095086646563
18469.257995058804,-0.004466365769657574
18502.41866769313,-0.006312207735276659
18568.74001296178,-0.009885384182473193
18601.900685596105,-0.01159884538510141
18635.061358230432,-0.013249861567586542
18701.382703499083,-0.016367252455872977
18734.543376133406,-0.01784385898233244
18767.704048767733,-0.019245189339597756
18834.025394036384,-0.021904630669426443
18867.186066670707,-0.023127753545986177
18900.346739305034,-0.02430332227553272
18933.50741193936,-0.025409763375342266
18966.668084573685,-0.02644634829491137
18999.828757208008,-0.02742712883150153
19032.989429842335,-0.028338757810031485
19066.150102476662,-0.029181485573529918
19099.310775110986,-0.029962133975566064
19132.47144774531,-0.030673375461649607
19165.632120379636,-0.03131595619801835
19198.792793013963,-0.03189189334681028
19231.953465648287,-0.03239803760016302
19265.11413828261,-0.03283529228243359
19298.274810916937,-0.0332032246432343
19331.435483551264,-0.033500228355871686
19364.596156185587,-0.033727203631811975
19397.75682881991,-0.03388475522059811
19430.917501454238,-0.03397131796128194
19464.078174088565,-0.033985960984613664
19497.23884672289,-0.03392994438769309
19530.399519357212,-0.03380336731476902
19563.56019199154,-0.03360534766423598
19596.720864625866,-0.033336962705108726
19629.88153726019,-0.032997572952192036
19663.042209894513,-0.03258687779650156
19696.20288252884,-0.032104513867577
19729.363555163167,-0.031552970213640875
19762.52422779749,-0.030934057849031603
19795.684900431814,-0.030243540681156297
19828.84557306614,-0.029480826563602597
19895.16691833479,-0.027757321200646265
19928.327590969115,-0.026795952517176785
19961.48826360344,-0.025762402384089052
20027.809608872092,-0.023500843040511935
20060.970281506416,-0.022282949863597527
20094.130954140743,-0.02099336776938516
20160.452299409393,-0.01821566107872335
20193.612972043717,-0.016761910172388813
20226.773644678044,-0.015237301592321117
20293.094989946694,-0.011961443287192614
20425.737680484,-0.004932065231703412
20456.69496343202,-0.003138249853796146
20487.652246380043,-0.0013674363861714786
20549.566812276084,0.0022815086722185545
20673.395944068165,0.010017207124456333
20704.353227016185,0.011976269626925124
20735.310509964205,0.01398265016167538
20797.22507586025,0.018091830773283822
20921.054207652334,0.02608233973467681
20952.011490600355,0.028067460519953062
20982.968773548375,0.029965725753482237
21044.88333944442,0.03376888747183219
21075.84062239244,0.03560089668795351
21106.797905340463,0.03732569719675703
21168.712471236504,0.0406044769377964
21199.669754184524,0.04206448885314008
21230.627037132545,0.04345975716621662
21261.584320080565,0.04470020737469158
21292.541603028585,0.045695271437696215
21323.498885976605,0.04661953825140288
21354.456168924626,0.04730310491169543
21385.41345187265,0.04754931614017478
21416.37073482067,0.04784503855164998
21447.32801776869,0.04758488498779387
21478.285300716714,0.046876712732331655
21509.242583664734,0.04592562150039663
21540.199866612755,0.04403640542722741
21571.157149560775,0.042085474398670546
21602.114432508795,0.03869078704869036
21633.071715456816,0.03515809852425873
21664.028998404836,0.029833137630358088
21694.986281352856,0.023988365237826693
21725.943564300876,0.01607047737711571
21756.9008472489,0.0067128533545911875
21787.85813019692,-0.004796555529324557
21818.81541314494,-0.01909045600092133
21849.772696092965,-0.03556024958578735
21880.729979040985,-0.05554781162504188
21911.687261989005,-0.07820882455777947
21942.644544937026,-0.10294298848342526
21973.601827885046,-0.12762109685195494
22004.55911083307,-0.1478800338746052
22035.51639378109,-0.1564185355682807
22066.47367672911,-0.14387589864436534
22097.430959677135,-0.10322936323097262
22128.388242625155,-0.03765570318244635
22159.345525573175,0.03679281905872308
22190.302808521195,0.09907149905509194
22221.260091469216,0.13641052848667584
22252.217374417236,0.14874087639711941
22283.174657365256,0.14340905998048514
22314.131940313277,0.12838263840355643
22345.089223261297,0.10944680503390726
22376.04650620932,0.09002588950527704
22407.00378915734,0.07180904110658644
22437.352070174158,0.05586101343219939
22467.70035119098,0.04171945143129331
22498.048632207796,0.029521858179404767
22528.396913224613,0.01888479056341276
22558.745194241434,0.009922277671886692
22589.09347525825,0.0023119124924317266
22619.441756275068,-0.0045535227778249615
22649.79003729189,-0.010376350793854398
22680.13831830871,-0.015414495606419741
22710.486599325526,-0.019760569741089577
22740.834880342343,-0.023514647910473398
22771.183161359164,-0.026756368993210697
22801.531442375985,-0.02956430618410015
22831.8797233928,-0.031952428099064754
22862.22800440962,-0.03398761828186209
22892.57628542644,-0.035760556909874265
22922.92456644326,-0.03726177973405514
22953.272847460077,-0.03850453789852176
22983.621128476894,-0.03952039056259648
23013.969409493715,-0.04033726564702806
23044.317690510536,-0.040989658240884505
23074.665971527353,-0.04147139282151515
23105.01425254417,-0.04178983300854102
23135.36253356099,-0.04197838667529888
23165.71081457781,-0.04202998512151927
23196.059095594628,-0.04196525421285533
23226.407376611445,-0.04178558056987831
23256.755657628266,-0.04150260033716778
23287.103938645083,-0.04112065235525251
23317.4522196619,-0.04064748407457289
23347.80050067872,-0.04008734989113399
23378.148781695538,-0.03944708448196781
23408.497062712355,-0.03872917720401879
23438.845343729176,-0.037941255280543665
23469.193624745993,-0.037083262857940405
23499.54190576281,-0.03616946880456115
23529.89018677963,-0.03517515514898452
23560.238467796447,-0.034150026325087096
23620.935029830085,-0.03190720834053585
23651.283310846906,-0.030734016269118945
23681.631591863723,-0.029495307336545637
23742.32815389736,-0.026919304302381757
23863.721277964636,-0.021327333466217898
23894.069558981457,-0.01986059857618741
23924.417839998274,-0.018384567776589686
23985.11440203191,-0.015334451214834049
24106.507526099187,-0.009092219319529228
24349.293774233734,0.0036220690742149704
24382.221828829555,0.0053208943875722265
24415.149883425373,0.007004049645711518
24481.005992617014,0.010305818224201173
24612.718211000298,0.016609807898524082
24645.64626559612,0.018104950471370243
24678.57432019194,0.019561873312525686
24744.430429383578,0.022353719321579313
24777.3584839794,0.023679418487193647
24810.286538575216,0.02495666782277222
24876.142647766857,0.02735573354945678
24909.07070236268,0.028467171400169862
24941.9987569585,0.029519653107481406
24974.92681155432,0.030509429871806
25007.85486615014,0.03143150693736749
25040.78292074596,0.03228147038042933
25073.710975341783,0.033063997755507064
25106.6390299376,0.03377312394869872
25139.56708453342,0.034402446309652876
25172.49513912924,0.03494523189631576
25205.42319372506,0.03539449459435974
25238.35124832088,0.03575614857645536
25271.2793029167,0.03605403657561161
25304.20735751252,0.036256998509837185
25337.135412108342,0.036355676836437915
25370.063466704163,0.03634056426492476
25402.991521299984,0.03620217255115933
25435.919575895805,0.03591000469886254
25468.847630491626,0.035635182922516356
25501.775685087447,0.035235974638753886
25534.703739683267,0.0346986736983231
25567.63179427909,0.03401005363781945
25600.55984887491,0.033157703403979014
25633.487903470726,0.03213038441421378
25666.415958066547,0.031093961185183427
25699.34401266237,0.029961715372600534
25732.272067258185,0.028634399905663733
25765.200121854006,0.027096863236789198
25798.128176449827,0.025336936128136537
25831.056231045648,0.02359643314416729
25863.98428564147,0.021750360900827236
25896.91234023729,0.019636994402400455
25929.84039483311,0.017244356866452724
25962.76844942893,0.014567412705534124
25995.696504024752,0.012163782027337257
26028.624558620573,0.009382306643845952
26061.552613216394,0.006246250652767037
26094.480667812215,0.002997252819049386
26127.408722408036,-0.00023841665341119318
26160.336777003853,-0.003920124396412218
26193.264831599674,-0.008013881340940747
26226.192886195495,-0.01177137158337842
26259.120940791312,-0.01606312838023856
26324.977049982954,-0.025131075588293583
26357.905104578775,-0.030190000136499515
26390.833159174595,-0.03514828172722412
26456.689268366237,-0.04578639298254738
26487.413933275755,-0.050911734128374644
26518.13859818527,-0.05605449216832352
26548.863263094783,-0.06111193643996375
26579.5879280043,-0.06596700748936375
26610.31259291382,-0.07051373279626508
26641.037257823333,-0.07440919143066149
26671.761922732847,-0.07730678846803839
26702.486587642365,-0.07889993275593638
26733.211252551882,-0.07786841423791684
26763.935917461396,-0.07427810076134307
26794.66058237091,-0.0656831637359681
26825.38524728043,-0.050818789823885935
26856.109912189946,-0.027605367214504725
26886.83457709946,0.005977470352448132
26917.559242008974,0.05061439654229102
26948.283906918492,0.10277780571938831
26979.00857182801,0.1531537458804261
27009.733236737524,0.18629027796363062
27040.457901647038,0.18773092605909036
27071.182566556556,0.1551918992079926
27101.907231466073,0.1010005939825857
27132.631896375588,0.043117149945719364
27163.3565612851,-0.0063420451495844535
27194.08122619462,-0.042492704263354636
27224.805891104137,-0.06616608315991887
27255.53055601365,-0.07998493082449751
27286.255220923165,-0.08682317828364979
27316.979885832683,-0.0888940413504487
27347.7045507422,-0.08792494084026477
27378.429215651715,-0.08502468988718076
27409.15388056123,-0.08098499718216068
27439.878545470747,-0.07629292261038548
27470.603210380264,-0.07122904120739007
27501.32787528978,-0.06604781010276076
27562.77720510881,-0.05575724772212136
27593.50187001833,-0.050854940586762966
27624.226534927842,-0.046132689968066604
27685.675864746874,-0.03697460422754415
27716.400529656392,-0.03279567340164266
27747.125194565906,-0.028643763290284143
27808.574524384938,-0.02101701789750945
27839.299189294456,-0.017430776847989486
27870.02385420397,-0.01395979136477914
27931.473184023,-0.007551597987770175
27962.19784893252,-0.00459278399706195
27992.922513842033,-0.001704392769863422
28054.371843661065,0.0036268143027657213
28085.096508570583,0.006143522908538226
28115.821173480097,0.008479120513462585
28177.27050329913,0.01291871928731674
28207.995168208647,0.014976529722112195
28238.71983311816,0.016908414756144453
28300.169162937193,0.02046829007717109
28330.89382784671,0.022134074337059433
28361.618492756228,0.023670537424807264
28423.06782257526,0.026467983425975464
28456.372261063778,0.027811188610558375
28489.676699552292,0.0290716531519271
28522.98113804081,0.030211374421907966
28556.285576529328,0.03124821123748815
28589.590015017846,0.032184161340618446
28622.894453506364,0.033009899784799714
28656.19889199488,0.0337434324943381
28689.5033304834,0.0343699432263128
28722.807768971918,0.03490060485875312
28756.112207460435,0.03533121171491521
28789.416645948953,0.03566607564857272
28822.72108443747,0.035903646312723504
28856.02552292599,0.03604560635140508
28889.329961414507,0.036097592420835815
28922.634399903025,0.036053849523046716
28955.938838391543,0.035917153887172384
28989.24327688006,0.035693559128744265
29022.54771536858,0.0353831860505498
29055.852153857097,0.03497858113937365
29089.156592345615,0.03449041447730416
29122.461030834133,0.033921599946641914
29155.76546932265,0.033264470267452606
29189.06990781117,0.0325248895303344
29222.374346299686,0.03170767956911035
29255.678784788204,0.03081238214587749
29288.983223276722,0.029836672800266927
29322.28766176524,0.0287869604772168
29355.592100253758,0.027664794848380813
29388.896538742276,0.026469653719855834
29422.200977230794,0.025205646239791282
29488.80985420783,0.022472811723671056
29522.114292696348,0.021015308262197222
29555.418731184865,0.019493927300653687
29622.0276081619,0.016269257188724795
29755.245362115973,0.009214509410786064
29788.54980060449,0.0073263342289895785
29821.85423909301,0.005433917843552389
29888.463116070045,0.0015098174817077988
30021.680870024113,-0.006660094312347984
30054.98530851263,-0.008748268603405662
30088.289747001145,-0.010858481131685454
30154.89862397818,-0.015015676562976291
30288.116377932252,-0.023240803052780364
30321.42081642077,-0.025230945756700755
30354.72525490929,-0.027194582059443247
30421.334131886324,-0.030923366494811776
30454.638570374842,-0.03271106928735393
30487.94300886336,-0.03441460526745137
30554.551885840396,-0.03755349064211416
30587.24732239771,-0.0389331851164242
30619.942758955025,-0.04021384712696922
30652.638195512343,-0.041349537618944464
30685.333632069658,-0.04232212034232859
30718.029068626973,-0.04318166513285613
30750.72450518429,-0.04380800320452048
30783.419941741606,-0.044234272059545526
30816.11537829892,-0.044479139535972975
30848.810814856235,-0.04436678677053853
30881.50625141355,-0.04412935716811427
30914.201687970864,-0.04339466379149057
30946.89712452818,-0.042487756522901494
30979.592561085494,-0.040980790513434166
31012.28799764281,-0.03926442079574692
31044.983434200127,-0.03673814429356722
31077.67887075744,-0.03399764686520824
31110.374307314756,-0.03029308821257149
31143.069743872074,-0.026007284343169172
31175.76518042939,-0.020928034997749402
31208.460616986704,-0.01464136888292049
31241.15605354402,-0.007413312609254458
31273.851490101333,0.0009992361859928467
31306.546926658648,0.010934232077895156
31339.242363215963,0.022557538073499
31371.937799773277,0.036062116313303236
31404.633236330592,0.051305567033253036
31437.32867288791,0.06820752509316277
31470.024109445225,0.08664380042691967
31502.71954600254,0.10564292436755357
31535.414982559858,0.12297214845777148
31568.110419117173,0.13471268963814884
31600.805855674487,0.13457502612295158
31633.501292231802,0.11417080137012117
31666.196728789117,0.06692503702023765
31698.892165346435,-0.004424323496088199
31731.58760190375,-0.08255535283984079
31764.283038461064,-0.14241702071933562
31796.978475018383,-0.1686295490474984
31829.673911575697,-0.16381318794156596
31862.369348133012,-0.1401495266372885
31895.064784690327,-0.10937977813324339
31927.76022124764,-0.07889321740049048
31960.45565780496,-0.05186882968961209
31993.151094362274,-0.029324725048317138
32025.84653091959,-0.011005687615160485
32058.541967476907,0.003563269082539927
32091.237404034222,0.015226483795789808
32123.932840591537,0.024351969744281873
32156.62827714885,0.03144810157592742
32189.323713706166,0.03693283827567731
32222.019150263484,0.041181231052179565
32254.7145868208,0.04445027391006089
32287.410023378114,0.04684815515225758
32320.105459935432,0.04855456937065463
32352.800896492747,0.0496966385061806
32385.49633305006,0.05036839437352557
32418.191769607376,0.05064634486423434
32450.88720616469,0.050593420215439285
32483.582642722005,0.050254514221524105
32516.27807927932,0.04967514535666649
32548.973515836635,0.048876792079879425
32581.66895239395,0.04789630184234861
32614.364388951268,0.04676426757100986
32647.059825508582,0.04550215362963262
32677.55187237959,0.04418393870608769
32708.043919250602,0.04278728318434421
32769.028012992625,0.03975025237800773
32890.99620047667,0.03292877164087437
32921.48824734768,0.031121552852025343
32951.980294218694,0.02924915372074989
33012.96438796072,0.025446535711657232
33134.93257544476,0.01762706339236154
33165.42462231577,0.015621386184720948
33195.91666918677,0.01364675529427704
33256.900762928795,0.009663004124985188
33378.86895041284,0.0018330805464352694
33409.36099728385,-0.00010072407045691456
33439.853044154865,-0.0019966122992179473
33500.83713789689,-0.005729947896053755
33622.805325380934,-0.012813631032008263
33653.297372251945,-0.014488629003599908
33683.78941912296,-0.016132435688803973
33744.77351286498,-0.019268977002256094
33775.26555973599,-0.020766330660948615
33805.757606607,-0.022213735178542166
33866.74170034902,-0.02493829216761754
33897.23374722003,-0.0262160974728685
33927.725794091035,-0.02743193943483251
33958.21784096205,-0.028584331111287397
33988.70988783306,-0.029671460007255422
34019.20193470407,-0.030691517517849737
34049.69398157508,-0.031641464781961955
34080.18602844609,-0.03251991553127787
34110.678075317104,-0.03332426610310963
34141.170122188116,-0.03405226091038547
34171.66216905913,-0.03470276894644626
34202.15421593014,-0.03527262447561727
34232.64626280115,-0.03575478378281068
34263.13830967216,-0.03616077951029247
34293.63035654317,-0.03648278487235461
34324.122403414185,-0.03671649824614378
34354.6144502852,-0.03685740111934669
34385.10649715621,-0.03690081939361531
34415.59854402722,-0.036841993401028394
34446.09059089823,-0.03669330285821658
34476.58263776924,-0.03646841326564529
34507.074684640254,-0.036139420812227784
34537.566731511266,-0.0357001098818863
34568.05877838227,-0.035144385033751516
34598.55082525328,-0.03446640924634754
34631.62264570329,-0.0336725629764322
34664.694466153305,-0.03274810677390954
34697.76628660332,-0.0316715642600892
34730.838107053336,-0.030433947349285412
34763.90992750335,-0.029027508812896664
34796.98174795336,-0.027623271788225486
34830.05356840337,-0.026027016144916294
34863.12538885338,-0.02424663586826216
34896.1972093034,-0.022329009000039722
34929.26902975341,-0.020355005253872765
34995.41267065344,-0.015781107216931135
35028.484491103445,-0.013366798388447388
35061.55631155346,-0.01078144133671582
35127.69995245349,-0.005108194581828452
35160.77177290351,-0.0020751626183263885
35193.843593353515,0.0012202301523310108
35259.98723425354,0.007935700552908318
35392.27451605359,0.023188658847916044
35425.3463365036,0.02731612871278697
35458.418156953616,0.03150795779699988
35524.56179785365,0.04006675616534181
35557.63361830366,0.04443023695113629
35590.70543875367,0.048669895656156884
35656.84907965369,0.05689188991043688
35689.92090010371,0.06061909565865155
35722.99272055372,0.06390082280133794
35756.064541003725,0.0666181712037939
35789.13636145374,0.06840179859365225
35822.208181903756,0.06891673503789866
35855.28000235377,0.06761696758428132
35888.35182280379,0.06389092582063584
35921.423643253795,0.0570233217888476
35954.4954637038,0.045598455385629615
35987.56728415382,0.028036261603726582
36020.63910460383,0.002593819189521576
36053.71092505385,-0.03190208493715052
36086.782745503864,-0.07550728915959569
36119.85456595387,-0.12403543384388421
36152.92638640388,-0.16672881314353366
36185.998206853896,-0.1866989013080588
36219.07002730391,-0.16853074740389087
36252.14184775392,-0.11354974927879934
36285.21366820393,-0.041719698618652816
36318.28548865394,0.023746811791550054
36351.35730910396,0.0699608652031839
36384.42912955397,0.09642549704284872
36417.50095000399,0.10764854440612033
36450.572770454,0.10890280169453094
36483.644590904005,0.10432797678381564
36516.71641135402,0.09664619378201866
36549.788231804036,0.08758926781030854
36582.86005225405,0.07805356349926557
36615.931872704066,0.06859200208900507
36649.003693154074,0.05954337490213372
36715.1473340541,0.04305418676582507
36746.01576481781,0.03611420623797085
36776.884195581515,0.029663184624486146
36807.752626345224,0.02367295571493471
36838.62105710893,0.018106568269403885
36869.48948787264,0.012992938493715977
36900.35791863635,0.008239505501408038
36962.09478016377,-0.0004199078389961475
36992.963210927475,-0.0042477386265804655
37023.831641691184,-0.007782957867192644
37054.70007245489,-0.011067902046769253
37085.5685032186,-0.014154093257289894
37116.43693398231,-0.016997517879402797
37147.30536474602,-0.01959007829167551
37209.042226273436,-0.024222817089928236
37239.910657037144,-0.02626511688292893
37270.77908780085,-0.028116413686966303
37301.64751856456,-0.029810706504492593
37332.51594932827,-0.03133611711042135
37363.38438009198,-0.032711743247808484
37394.25281085569,-0.03393489266138781
37425.121241619396,-0.03501600371944819
37455.989672383104,-0.03595702319925011
37486.85810314681,-0.03676386720932909
37517.72653391052,-0.03744014745084266
37548.59496467423,-0.037989271139463786
37579.46339543794,-0.03841874521937278
37610.33182620165,-0.03872388189698842
37641.200256965356,-0.03891776575322313
37672.06868772906,-0.03899518954514461
37702.937118492766,-0.03896549541060289
37733.805549256474,-0.03882946883648282
37764.673980020176,-0.03858516010755535
37795.542410783884,-0.03824652575476131
37826.41084154759,-0.0378059039434154
37857.2792723113,-0.03726675729485397
37888.14770307501,-0.03664322192128964
37919.01613383872,-0.035922551407727765
37949.88456460243,-0.03511355006193921
37980.752995366136,-0.03422827740864495
38011.621426129845,-0.03325194174588285
38042.48985689355,-0.03219726352706247
38073.35828765726,-0.031073378829026194
38104.22671842097,-0.02986602257514359
38135.09514918468,-0.02858982548596954
38196.832010712096,-0.02583978503411842
38227.700441475805,-0.024363695781428225
38258.56887223951,-0.0228310319969643
38320.30573376693,-0.019600719639329238
38443.779456821765,-0.012539326882736233
38690.726902931434,0.003180695850905957
38724.175107274146,0.005405849698499823
38757.62331161686,0.007611744526132378
38824.519720302276,0.012051610291306903
38958.31253767312,0.02071846739677145
38991.76074201583,0.022823539786014497
39025.208946358536,0.02484107532595499
39092.105355043954,0.028761066825456816
39125.553559386666,0.030628762550787177
39159.00176372938,0.03238939923188723
39225.898172414796,0.0356781911831758
39259.3463767575,0.03715772720002389
39292.794581100214,0.03851682752567493
39326.242785442926,0.03976083145644687
39359.69098978564,0.040851066275243056
39393.13919412835,0.04174676449678222
39426.587398471056,0.0425185390544631
39460.03560281376,0.043125786711334387
39493.48380715647,0.04348177375753731
39526.932011499186,0.043527261353056665
39560.3802158419,0.04347874657534098
39593.82842018461,0.04313994380797827
39627.276624527316,0.04237584472753521
39660.72482887002,0.041427751880759464
39694.17303321273,0.040147670551464246
39727.621237555446,0.03824923194874156
39761.06944189816,0.036174127376120795
39794.51764624087,0.03355567050017924
39827.96585058358,0.03025757138933543
39861.414054926296,0.026718587594275513
39894.862259269,0.022007212622289017
39928.310463611706,0.017233601624476104
39961.75866795442,0.01094731842094779
39995.20687229713,0.004623929329794052
40028.65507663984,-0.0035253376708444667
40062.103280982556,-0.011890901479139324
40095.55148532526,-0.022131493834077434
40128.999689667966,-0.03327061130945948
40162.44789401068,-0.04563207390456436
40195.89609835339,-0.05966136153039846
40229.3443026961,-0.07441209963828285
40262.792507038816,-0.08964827820892246
40296.24071138152,-0.1045561625455353
40329.688915724226,-0.11679695120935216
40363.13712006694,-0.1229730143794005
40396.58532440965,-0.1175922979499014
40430.03352875236,-0.09383381271819631
40463.481733095075,-0.04488872918174786
40496.92993743778,0.026236161414624825
40530.378141780486,0.10418519396051554
40563.8263461232,0.16207667263370693
40597.27455046591,0.18170400643463583
40630.72275480862,0.1656716021527314
40664.170959151335,0.12953921527434148
40697.61916349404,0.08833068381273529
40731.067367836746,0.05073238272005718
40764.51557217946,0.01993769983417136
40797.96377652217,-0.004034504451115618
40831.41198086488,-0.02178180697983944
40864.25118327639,-0.034789497573368286
40897.0903856879,-0.04401274141648151
40929.9295880994,-0.050443378473524966
40962.76879051091,-0.05509265673852557
40995.60799292242,-0.05779788913986427
41028.44719533392,-0.059381071806830193
41061.28639774543,-0.060024444847029436
41094.12560015694,-0.05993034624855382
41126.96480256845,-0.0592488717868493
41159.80400497996,-0.058116819007472176
41192.64320739147,-0.05662428322893257
41225.48240980298,-0.05484532576242852
41258.32161221449,-0.052837444586815316
41291.160814626,-0.05064252859717526
41356.83921944901,-0.045852050647553565
41389.67842186052,-0.04329575049834417
41422.51762427202,-0.040697525139042824
41488.19602909504,-0.03526984888856641
41619.552838741074,-0.024206642822940584
41882.26645803313,-0.0025939186527489805
41915.10566044464,-0.00004041261254096942
41947.94486285615,0.0024281864564302293
42013.62326767916,0.007241008556847436
42046.46247009067,0.009532603305223545
42079.30167250217,0.011790279740605435
42144.98007732519,0.01604859679874472
42177.8192797367,0.018076757757725288
42210.65848214821,0.020010466138579368
42276.33688697123,0.023645636871277718
42309.17608938274,0.025323145565424275
42342.01529179425,0.026918778919229367
42407.69369661726,0.02981156624996973
42440.53289902877,0.031114022450165948
42473.37210144027,0.03231018309088954
42506.21130385178,0.033401760113680096
42539.05050626329,0.03438579422064535
42571.8897086748,0.03525933756769711
42604.728911086306,0.03602090370421872
42637.568113497815,0.036667968035301604
42670.407315909324,0.03719838997439591
42703.24651832083,0.037610473723876665
42736.08572073234,0.03790123417933073
42768.924923143844,0.03806667430385425
42801.76412555535,0.03811323061610193
42834.60332796686,0.03803248637410347
42867.442530378365,0.03781998215341479
42900.281732789874,0.037473017794266796
42933.12093520138,0.03701135507459763
42963.756747926585,0.0364567128309619
42994.39256065179,0.035777598022045234
43025.02837337699,0.034969439805310754
43055.66418610219,0.0340769170209153
43086.299998827395,0.03305909618655062
43116.9358115526,0.03190700023991089
43147.5716242778,0.030615562434982802
43178.20743700301,0.02924141579678324
43208.84324972822,0.02775679065138445
43239.47906245342,0.026126623838780894
43300.75068790383,0.022468728917681723
43331.38650062903,0.02052552851308198
43362.02231335423,0.018422986045206653
43423.293938804636,0.013771987678035773
43453.92975152984,0.011374754111356668
43484.56556425504,0.008801615900152509
43545.837189705446,0.0032760207019780427
43668.38044060626,-0.008950393260490089
43699.01625333147,-0.01227654571088237
43729.652066056675,-0.015715476654499322
43790.92369150708,-0.022677524721338757
43913.46694240789,-0.037169515331004
43944.10275513309,-0.04085522591218596
43974.738567858294,-0.0444119407064007
44005.3743805835,-0.047927623235363204
44036.0101933087,-0.05130702345065499
44066.6460060339,-0.054491102457645296
44097.281818759104,-0.057413830234612245
44127.917631484306,-0.0600103211895467
44158.553444209516,-0.06214207868975111
44189.189256934726,-0.06360138215524917
44219.82506965993,-0.06443794321553624
44250.46088238513,-0.06419503649438876
44281.09669511033,-0.06241013777534726
44311.732507835535,-0.05930784496445282
44342.36832056074,-0.05393635775262699
44373.00413328594,-0.04567164910177238
44403.63994601114,-0.033655309374891675
44434.275758736345,-0.017064377175702014
44464.91157146155,0.004603667275564223
44495.54738418675,0.03285484083423715
44526.18319691196,0.06742665273745853
44556.81900963717,0.10684160197682704
44587.45482236237,0.14556656307992327
44618.090635087574,0.17428027339255514
44648.726447812776,0.17935238647287352
44679.36226053798,0.15099237845412622
44709.99807326318,0.09208055826727791
44740.63388598838,0.019845448171705204
44771.269698713586,-0.04501796478514632
44801.90551143879,-0.0905864188155297
44832.54132416399,-0.11553479682407097
44863.17713688919,-0.12415958153296537
44893.8129496144,-0.12207446531881247
44927.02853591861,-0.11297364683713483
44960.24412222281,-0.10051165809137755
44993.459708527014,-0.08701827841572862
45026.67529483122,-0.07353881453885308
45059.89088113543,-0.06086878251961549
45093.10646743963,-0.04922080336019673
45126.32205374384,-0.03852790594136689
45159.537640048045,-0.028994553689772884
45192.75322635225,-0.020233240729999536
45225.96881265646,-0.012438965018585279
45259.18439896066,-0.005453103658820891
45292.39998526486,0.0007963208693290355
45325.61557156907,0.006388002739718547
45358.83115787327,0.011448263159087417
45392.046744177474,0.015909155531050295
45425.26233048168,0.019871419123678534
45458.47791678589,0.02351132878732971
45491.69350309009,0.026692311734832837
45524.9090893943,0.029476027422867205
45558.124675698506,0.031951618882045944
45591.34026200271,0.03412519850401752
45624.55584830692,0.03598394408754711
45657.77143461112,0.03755945887718325
45690.98702091532,0.03891865821383425
45724.20260721953,0.03999141225185995
45757.41819352373,0.040874455764637906
45790.633779827935,0.04151790295435382
45823.84936613214,0.04197156833618113
45857.06495243635,0.04222356675060803
45890.28053874055,0.042296233685528685
45923.49612504476,0.042190774744171725
45956.711711348966,0.04192144568297783
45989.92729765317,0.041489344466594816
46023.14288395738,0.04091072665932767
46056.358470261584,0.04018028265306585
46089.57405656579,0.03932078996889262
46122.78964287,0.03831841676965575
46156.0052291742,0.037210685475496955
46189.2208154784,0.03595344051680978
46222.43640178261,0.03459651549694692
46255.651988086815,0.033151638201680295
46288.86757439101,0.03156996633866009
46355.298746999426,0.02816442274505405
46388.51433330363,0.026316445055687233
46421.72991960784,0.024394178194634613
46488.16109221625,0.02034281675825304
46521.37667852046,0.01821438652726124
46554.59226482466,0.016035372831653866
46621.023437433076,0.011516767459879045
46753.88578264989,0.0020497300754108647
47019.610473083536,-0.01723621068978727
47050.622669701435,-0.019400467608764328
47081.634866319335,-0.021498815594798118
47143.65925955514,-0.025587614977253294
47174.67145617305,-0.027556199669713496
47205.68365279095,-0.02944931624134465
47267.708046026746,-0.03297721305067382
47298.720242644646,-0.03462320502909732
47329.732439262545,-0.03616648655967763
47360.744635880445,-0.03759087659032126
47391.756832498344,-0.038910112662690365
47422.76902911624,-0.040102845526344834
47453.78122573414,-0.04114263886945608
47484.79342235204,-0.04204405258409001
47515.80561896995,-0.04280193080307861
47546.817815587856,-0.04336898580498544
47577.830012205755,-0.04372655641817864
47608.842208823655,-0.04395892325849942
47639.854405441554,-0.04394087479700153
47670.866602059454,-0.04362450733167285
47701.87879867735,-0.04318374256499289
47732.89099529525,-0.042437347037154835
47763.90319191315,-0.04129387754040177
47794.91538853105,-0.0400654004798905
47825.92758514895,-0.038361148347558945
47856.93978176685,-0.03628254068457436
47887.95197838476,-0.0339581309196264
47918.964175002664,-0.030969802555672173
47949.97637162056,-0.027889967669793604
47980.98856823846,-0.023997533459106886
48012.00076485636,-0.019864516798827142
48043.01296147426,-0.01496020846770371
48074.02515809216,-0.009524472398376147
48105.03735471006,-0.0033618966009322376
48136.04955132797,0.0033489735751607835
48167.061747945874,0.011217855650645389
48198.073944563774,0.019394976191328222
48229.08614118167,0.02864910335874662
48260.09833779957,0.039048862144445806
48291.11053441747,0.04982035238901114
48322.12273103537,0.06152038174560011
48353.13492765327,0.07398757456499687
48384.14712427117,0.08645449415974746
48415.15932088907,0.09831495862730112
48446.17151750697,0.10840176703808718
48477.18371412487,0.11465689869901172
48508.195910742776,0.113952897967195
48539.20810736068,0.10201864509018149
48570.22030397858,0.0737223225301222
48601.23250059648,0.025734536081943524
48632.24469721438,-0.040302284868752196
48663.25689383228,-0.11125817957421762
48694.26909045018,-0.16608285125222008
48725.28128706808,-0.18764646725225356
48756.29348368598,-0.17420258175508357
48787.30568030388,-0.13773914844430912
48818.31787692178,-0.09335005977532583
48849.33007353968,-0.051203739927532944
48880.342270157584,-0.016036250520823192
48911.35446677549,0.01118607305148521
48942.36666339339,0.031327624163844256
48973.37886001129,0.04559371827496162
49004.39105662919,0.0555090857766536
49034.794251315885,0.06180713109225647
49065.19744600258,0.06575682250678835
49095.600640689285,0.06774424288885766
49126.00383537598,0.06842579621352174
49156.40703006268,0.06806888463083138
49186.81022474938,0.06690971776144802
49217.21341943608,0.0651672505061619
49247.61661412277,0.06298575748121629
49278.01980880948,0.060433322859905395
49308.42300349617,0.05764605975436924
49369.22939286957,0.05161170336765577
49490.842171616365,0.038439512465355735
49521.24536630306,0.03508116405600828
49551.648560989765,0.03179990363450645
49612.45495036316,0.025122747207602943
49734.06772910996,0.012331667651362937
49764.47092379665,0.00930774434599358
49794.87411848335,0.006272846599816556
49855.68050785675,0.0004862367302390959
49977.29328660354,-0.010160674248463543
50007.69648129024,-0.012613828975272648
50038.09967597693,-0.014972336065604538
50098.90606535033,-0.019409942167385688
50129.30926003703,-0.02150090748779868
50159.71245472373,-0.023470632606018824
50220.518844097125,-0.0271134877984557
50250.92203878383,-0.028771264832209834
50281.325233470525,-0.030312807109014843
50311.72842815722,-0.031762329400788804
50342.131622843925,-0.03308740751323826
50372.53481753062,-0.034294659444512945
50402.93801221732,-0.03539240492965164
50433.34120690402,-0.03636716873245648
50463.74440159072,-0.03722131256747268
50494.14759627741,-0.03795514342853946
50524.55079096412,-0.03856456167775008
50554.95398565081,-0.03904979506736233
50585.35718033751,-0.039408504109077896
50615.76037502421,-0.039640236314054667
50646.16356971091,-0.03974370516938006
50676.566764397605,-0.039716017701575804
50706.96995908431,-0.03956189781120888
50737.373153771005,-0.03927606405634153
50767.7763484577,-0.03885587865248587
50798.179543144404,-0.038293809568797986
50828.5827378311,-0.03761919914258017
50858.9859325178,-0.03680838095249967
50889.3891272045,-0.03585739132280123
50919.7923218912,-0.03476238305144258
50950.19551657789,-0.03353687316173524
50983.17848484359,-0.032087497012724564
51016.16145310929,-0.03046616148437733
51049.14442137499,-0.028667110784459892
51082.12738964069,-0.026692118910508038
51115.11035790639,-0.024649480101246582
51148.09332617209,-0.022425091604058513
51214.05926270349,-0.0174129220295555
51247.04223096919,-0.014787202795273202
51280.02519923489,-0.01198520119426865
51345.99113576629,-0.00585907260618462
51477.92300882909,0.007697154873094825
51510.90597709479,0.011352200154611254
51543.88894536049,0.015190901033810952
51609.85488189189,0.022844517352285407
51642.83785015759,0.026859366172024758
51675.82081842329,0.030733986465864442
51741.78675495469,0.03863148805307466
51774.769723220394,0.042518869900875056
51807.752691486094,0.046272001190322126
51840.735659751794,0.049873084295364176
51873.718628017494,0.053240911756297735
51906.701596283194,0.05632760886496765
51939.684564548894,0.05899338167820013
51972.667532814594,0.061146444638219215
52005.6505010803,0.06263359573496301
52038.63346934601,0.06313694048262267
52071.61643761171,0.0626808061109726
52104.59940587741,0.06074452858681162
52137.58237414311,0.05668644728085297
52170.56534240881,0.05039027490346998
52203.54831067451,0.041126602226850766
52236.53127894021,0.027909247901337822
52269.51424720591,0.00968875805535456
52302.49721547161,-0.014575718176875682
52335.48018373731,-0.045341456983442455
52368.46315200301,-0.08231858606375786
52401.44612026871,-0.12257163548445013
52434.42908853441,-0.15856228528375688
52467.41205680011,-0.17691356539885203
52500.39502506581,-0.16216552495283862
52533.37799333151,-0.10845803165360315
52566.36096159721,-0.029790696728097015
52599.34392986291,0.04686964751770778
52632.32689812861,0.10124818975988681
52665.30986639431,0.12838289833685407
52698.29283466001,0.1342838284648802
52731.27580292571,0.12701127194544096
52764.25877119141,0.11309936640534585
52797.24173945711,0.09663646324095458
52830.22470772281,0.07984768850405488
52863.20767598851,0.06399191083198609
52896.19064425421,0.04954327115126879
52929.17361251991,0.03640053731151388
52962.15658078561,0.02477198456566787
52995.13954905131,0.014548692139195768
53028.12251731701,0.005564639153937602
53061.10548558271,-0.002325018404268346
53091.88506416211,-0.008795005528684629
53122.6646427415,-0.014502305984019352
53153.4442213209,-0.019519147017614324
53184.2237999003,-0.02399135452256776
53215.00337847969,-0.02791491026760751
53245.782957059084,-0.03128730413015046
53276.562535638484,-0.03418892968787391
53307.34211421788,-0.03675896618310952
53338.12169279727,-0.038914569044501024
53368.90127137667,-0.04070615242530945
53399.680849956065,-0.042190102644141934
53430.46042853546,-0.043392196947253645
53461.24000711486,-0.04428374597527675
53492.01958569425,-0.044956491897144374
53522.799164273645,-0.04536561233330279
53553.578742853046,-0.04555985507175827
53584.358321432446,-0.045540077977819435
53615.13790001184,-0.04531856832551615
53645.91747859123,-0.044915804866521095
53676.69705717063,-0.04432947892232385
53707.47663575003,-0.04358398367543756
53738.25621432942,-0.04267543589403213
53769.03579290882,-0.04162448275608709
53799.815371488214,-0.04042266119139403
53830.59495006761,-0.03911503247962208
53861.37452864701,-0.03765140139359956
53922.933685805794,-0.034420270448320064
53953.713264385195,-0.032628871985865025
53984.49284296459,-0.030761659140889
54046.05200012338,-0.026745986130070648
54076.83157870278,-0.024635707934156186
54107.611157282176,-0.022433971221698424
54169.17031444097,-0.017871283247373016
54292.28862875855,-0.008169427138762397
54323.06820733794,-0.005668349145844995
54353.84778591734,-0.0031514137593728073
54415.40694307613,0.0019282136951219585
54538.52525739372,0.012012131845136189
54569.30483597311,0.014482527914201872
54600.084414552504,0.016922798953724817
54661.6435717113,0.021639540918472075
54692.42315029069,0.023925475556144347
54723.20272887009,0.026149256467787582
54784.76188602888,0.030331777768199553
54815.54146460828,0.03230436764597261
54846.32104318767,0.034171267275440856
54877.100621767066,0.03591871875124313
54907.880200346466,0.03755834349139585
54938.65977892586,0.03906901886152309
54969.43935750525,0.04043115025312707
55000.21893608465,0.04165276122536379
55030.99851466405,0.04271394145430576
55064.35786682245,0.043647601545004196
55097.71721898085,0.044380218695787704
55131.076571139245,0.04489426321819598
55164.43592329764,0.04511821569722869
55197.79527545604,0.04504272025519841
55231.154627614436,0.04476575690300913
55264.51397977283,0.04410232571049928
55297.87333193123,0.04308394331801828
55331.23268408963,0.04180560038126094
55364.592036248025,0.03998800942568292
55397.95138840642,0.03784940443979863
55431.31074056482,0.035250881236261106
55464.670092723216,0.03205948572347937
55498.02944488161,0.028528564593521717
55531.38879704001,0.02406978289765409
55564.74814919841,0.019476208087076875
55598.107501356804,0.013802105663889477
55631.4668535152,0.007765299864509597
55664.8262056736,0.0006433883807281417
55698.185557831996,-0.007050039451856716
55731.54490999039,-0.015772497934062366
55764.90426214879,-0.025518536893744063
55831.622966465584,-0.047263072187625155
55864.98231862398,-0.05969388768491081
55898.34167078238,-0.07235570497362044
55931.701022940775,-0.08515689334016781
55965.06037509917,-0.09723031044768411
55998.41972725757,-0.10709577599039133
56031.77907941597,-0.11231145532778553
56065.13843157436,-0.10914130162615959
56098.49778373277,-0.09238074574288753
56131.85713589117,-0.05625385824390411
56165.21648804957,0.0019575643216351545
56198.57584020797,0.07661128522733011
56231.93519236636,0.14715725425748563
56265.29454452476,0.18711761708701596
56298.65389668316,0.18351937833065288
56332.013248841555,0.14576265309568087
56365.37260099995,0.0940067424928097
56398.73195315835,0.04416564649448054
56432.091305316746,0.00359765994213479
56465.45065747514,-0.02639117838761329
56498.81000963354,-0.047121582509092444
56532.16936179194,-0.06062993612743871
56565.528713950334,-0.06885221670024434
56598.88806610873,-0.0731316929682358
56632.24741826713,-0.07471064331636826
56665.606770425526,-0.07437625053009572
56698.96612258392,-0.07267791223234375
56732.32547474232,-0.07000453601377161
56765.68482690072,-0.066663495581324
56799.044179059114,-0.06286261844517241
56832.40353121751,-0.05874612652449222
56899.122235534305,-0.049976625185719235
56932.4815876927,-0.04543845944800809
56965.8409398511,-0.04092355534161066
57032.55964416789,-0.031898420550409666
57165.99705280149,-0.014687036079717736
57198.74740302868,-0.010718853522817085
57231.497753255884,-0.006838567584077929
57296.99845371027,0.0005363716876528868
57329.748803937466,0.0040337233257266725
57362.49915416466,0.007395217607468358
57427.99985461905,0.013703323924755446
57460.75020484624,0.016647280069969815
57493.500555073435,0.019430111575941107
57526.250905300636,0.02207342929945029
57559.00125552783,0.024548802840969615
57591.751605755024,0.026879215882439546
57624.501955982225,0.02904213390093479
57657.25230620942,0.031024660933753404
57690.00265643661,0.032873944907939434
57722.75300666381,0.03453611938085144
57755.503356891,0.036028865710189886
57788.2537071182,0.03735367629513495
57821.004057345395,0.03849916836198891
57853.75440757259,0.03947148905697678
57886.50475779979,0.0402648750809377
57919.255108026984,0.04087912646141925
57952.00545825418,0.04131293384809307
57984.75580848137,0.04156473011463205
58017.506158708566,0.0416350136651855
58050.25650893576,0.04152023759192771
58083.00685916295,0.04122239712104516
58115.75720939015,0.040734251026192936
58148.50755961734,0.04007240041167779
58181.25790984454,0.03922443827372199
58214.008260071736,0.03818665612146172
58246.75861029893,0.0369552141092656
58279.50896052613,0.03556123632139794
58312.259310753325,0.03398717530808649
58345.00966098052,0.03221711135071303
58377.76001120771,0.030246406849548393
58410.51036143491,0.028137595832100595
58476.011061889294,0.02339403557276946
58508.76141211649,0.0207154189486255
58541.51176234368,0.017914917066106748
58607.01246279808,0.01188732835306466
58639.76281302527,0.008561848691352032
58672.51316325247,0.005134866329959867
58738.01386370686,-0.0020416631933917453
58770.76421393405,-0.005929815093878467
58803.51456416125,-0.009722702266120672
58869.01526461564,-0.017898240955295512
58901.765614842836,-0.0219526800794132
58934.51596507004,-0.026141694963410015
59000.016665524425,-0.03452077517797847
59032.76701575162,-0.03873487672553628
59065.51736597881,-0.0427708119519773
59098.267716206006,-0.04673652895660556
59131.0180664332,-0.050491817673537207
59163.768416660394,-0.054022109906009405
59196.51876688759,-0.05719232207165496
59229.26911711479,-0.059944841415243616
59262.01946734198,-0.062130713669032514
59292.56642788288,-0.06346240263674195
59323.113388423764,-0.06412283601518451
59353.66034896466,-0.0635330705394869
59384.20730950555,-0.06202638268874573
59414.75427004644,-0.05876657604332087
59445.301230587334,-0.053313955836020464
59475.84819112823,-0.04591133653070671
59506.395151669116,-0.035185676572165016
59536.94211221,-0.02021755776582885
59567.4890727509,-0.0016407020876613582
59598.03603329179,0.02262055259471498
59628.58299383268,0.052495010351036944
59659.129954373566,0.08720390910649997
59689.67691491446,0.12401761439755568
59720.223875455355,0.15685288833256894
59750.77083599624,0.17507742443199814
59781.31779653713,0.16626673007626883
59811.86475707802,0.12329366710900563
59842.41171761892,0.052958079481913625
59872.958678159805,-0.02404954741636476
59903.50563870069,-0.08654580622002672
59934.052599241586,-0.12446991714766283
59964.59955978248,-0.13919554853015112
59995.14652032337,-0.13737847894756555
60025.693480864255,-0.12585252719994713
60056.24044140515,-0.10968738572362896
60086.78740194604,-0.09202173778573697
60117.33436248693,-0.07477493066580967
60147.88132302782,-0.058516783044169074
60178.42828356871,-0.04372879530090648
60208.975244109606,-0.030498259267292365
60239.52220465049,-0.018779459349175444
60270.06916519138,-0.008434078290046616
60300.616125732275,0.0005974085407861318
60331.16308627317,0.008398831683770057
60361.710046814056,0.015360381243978372
60392.25700735494,0.021359568939527056
60422.80396789584,0.026540575583101706
60453.35092843673,0.03099632011812416
60483.89788897762,0.03481494487549802
60514.444849518506,0.037995668324100895
60544.9918100594,0.04074019880949408
60575.538770600295,0.04298743530696708
60606.08573114118,0.04477359406419522
60636.63269168207,0.04620061238101662
60667.17965222296,0.04725883469728171
60697.72661276386,0.04797293447787753
60728.273573304745,0.04838936930257096
60758.82053384563,0.04852056589544085
60789.367494386526,0.04838305259161958
60819.91445492742,0.048003623115023625
60850.46141546831,0.047393590134820196
60881.008376009195,0.046570445944155936
60911.55533655009,0.04554776605581026
60942.10229709098,0.04433976693783856
60972.64925763187,0.04295645146671026
61003.19621817276,0.041413922203371624
61033.74317871365,0.03971641756958961
61094.83709979543,0.03591427213709533
61125.38406033632,0.03383357600316534
61155.931020877215,0.03162290435940791
61217.024941958996,0.026940010419094038
61250.15167607889,0.02424128291684404
61283.27841019878,0.021478610490209157
61349.53187843857,0.01568687713692265
61482.03881491814,0.0035429480107249077
61515.16554903803,0.0004454141557014915
61548.29228315792,-0.0026519052665814665
61614.54575139771,-0.008815370251121264
61747.05268787728,-0.02068150568427444
61780.17942199717,-0.023496427152937788
61813.30615611706,-0.026198533572402156
61846.43289023696,-0.028803697889346568
61879.55962435685,-0.03130653321871396
61912.68635847674,-0.03368583028162973
61945.81309259664,-0.03589821725660216
61978.93982671653,-0.03796196754741253
62012.06656083642,-0.03986524971862603
62045.19329495631,-0.041575885076473
62078.3200290762,-0.043072056652598646
62111.4467631961,-0.044363076316880655
62144.57349731599,-0.04540893898393466
62177.70023143588,-0.046170409122353505
62210.82696555578,-0.046711575128414964
62243.95369967567,-0.046933761567746236
62277.08043379556,-0.046772904667586136
62310.207167915454,-0.04634983156986535
62343.333902035345,-0.04554818839873246
62376.46063615524,-0.04423459209445322
62409.587370275134,-0.04268335944248767
62442.714104395025,-0.04055659985669946
62475.84083851492,-0.0378701762990882
62508.967572634814,-0.03484084252523777
62542.094306754705,-0.030954859215399276
62575.221040874596,-0.026826949236700016
62608.34777499449,-0.02166065353884397
62641.474509114385,-0.016120786295541485
62674.601243234276,-0.009440832513884043
62707.72797735417,-0.0023869021052448335
62740.854711474065,0.006011267800830193
62773.981445593956,0.014854568787540745
62807.10817971385,0.02496708978319107
62840.23491383374,0.03604102837955724
62873.36164795363,0.047763902211569426
62906.48838207353,0.0604120334517358
62939.61511619342,0.07374072169943877
62972.74185031331,0.08682369525326512
63005.86858443321,0.09897774042733958
63038.9953185531,0.10864506876441316
63072.12205267299,0.11323379171400137
63105.24878679288,0.10884683189920344
63138.37552091277,0.09024796758806553
63171.50225503266,0.051737155167187174
63204.62898915255,-0.008784508097783465
63237.75572327244,-0.08442553747341741
63270.882457392334,-0.1536315376856108
63304.00919151223,-0.19018506975789579
63337.13592563212,-0.18227631369466035
63368.059270065714,-0.14421269252789515
63398.9826144993,-0.09383604465685011
63429.90595893289,-0.04490505831658511
63460.82930336648,-0.004226579101475891
63491.752647800065,0.02658107516657328
63522.67599223366,0.04828686836937972
63553.59933666725,0.06284481437169057
63584.52268110083,0.07178794603985132
63615.44602553442,0.07674929361701216
63646.36936996801,0.07870230741096197
63677.2927144016,0.07853281309746689
63708.21605883518,0.0768531517045821
63739.13940326877,0.07410473569759929
63770.06274770236,0.07060511053347703
63800.98609213595,0.0665099849182269
63831.909436569535,0.062160220897350044
63862.83278100312,0.05749759820808384
63893.75612543671,0.052680862234465414
63955.602814303886,0.042940478418277486
64079.29619203824,0.023841773810999604
64110.21953647182,0.019265160254488718
64141.14288090541,0.014793674693808045
64202.98956977259,0.006272439985631227
64233.91291420618,0.002224227698116317
64264.83625863977,-0.0016901347051979654
64326.682947506946,-0.009049548453825298
64357.60629194054,-0.012495394700952813
64388.52963637412,-0.015768423833965258
64419.45298080771,-0.018883986823830745
64450.376325241305,-0.021816630199883807
64481.29966967489,-0.02458716147655799
64512.22301410848,-0.02716836849628372
64574.069702975656,-0.03179456628444053
64604.99304740924,-0.03384965094826976
64635.91639184283,-0.035698891524092564
64666.83973627642,-0.03735635248713247
64697.76308071001,-0.038837015231685375
64728.68642514359,-0.040116032811627546
64759.60976957718,-0.04120017788348972
64790.533114010774,-0.042093067029728495
64821.45645844436,-0.042786024123539934
64852.37980287794,-0.043282341243618315
64883.30314731153,-0.04357888080512717
64914.226491745125,-0.04367561491584825
64945.14983617871,-0.043573114296094326
64976.07318061229,-0.043269468670097434
65006.996525045884,-0.042765711763641655
65037.919869479476,-0.04205941834594232
65068.84321391306,-0.041155450531493096
65099.766558346644,-0.04005353684179434
65130.689902780236,-0.03874551595988074
65161.61324721383,-0.037245505110428595
65192.53659164741,-0.035555489885261034
65223.459936081,-0.03365580214272483
65254.383280514594,-0.031553387691330016
65316.22996938177,-0.026870525908445637
65346.54431188415,-0.02426305083110898
65376.85865438654,-0.02144647342678099
65437.487339391315,-0.015493191263453629
65467.8016818937,-0.012232924491122652
65498.116024396084,-0.00876585648934734
65558.74470940085,-0.001612895224035217
65589.05905190323,0.002217996859797549
65619.37339440561,0.00624151615234659
65680.00207941039,0.014323856545761276
65801.25944941994,0.031507702999362994
65831.57379192233,0.03580484329586793
65861.88813442472,0.04004814954465387
65892.20247692711,0.044303660098480094
65922.5168194295,0.04828796267505385
65952.83116193188,0.05219760301003756
65983.14550443427,0.055790359324673605
66013.45984693666,0.05909008047598183
66043.77418943903,0.06193867487390588
66074.08853194141,0.06424471244725752
66104.4028744438,0.06586110200735686
66134.71721694618,0.06655581454828786
66165.03155944857,0.06620430331695108
66195.34590195096,0.06423802460177465
66225.66024445335,0.06085510899078012
66255.97458695574,0.055125948675694876
66286.28892945813,0.04625748111783151
66316.60327196051,0.034724461953141016
66346.9176144629,0.018563298506860684
66377.23195696529,-0.0027531171802281235
66407.54629946768,-0.029129620226329714
66437.86064197007,-0.061494413193488626
66468.17498447245,-0.09821248275227862
66498.48932697484,-0.13559666243005636
66528.80366947722,-0.1658116121448823
66559.11801197959,-0.1771026322934854
66589.43235448198,-0.15731280242263118
66619.74669698437,-0.10338648415720576
66650.06103948675,-0.027485653106172653
66680.37538198914,0.047942342773861474
66710.68972449153,0.10367774235456637
66741.00406699392,0.133863407971837
66771.3184094963,0.14225622993555515
66801.6327519987,0.13600287747613843
66831.94709450108,0.12167327572513034
66862.26143700347,0.10382697289605541
66892.57577950585,0.08513337469786303
66922.89012200822,0.06737214487320109
66953.2044645106,0.05059182043822186
66983.518807013,0.03566657027493611
67013.83314951538,0.02239678556764789
67044.14749201777,0.010796350151524352
67074.46183452016,0.0005289696122010509
67104.77617702255,-0.008411127056291524
67135.09051952494,-0.01613217188633627
67165.40486202732,-0.02270301736083375
67195.71920452971,-0.028496793710468496
67226.0335470321,-0.033402509810369956
67256.34788953447,-0.03754518529109041
67289.24200561587,-0.0412685857964229
67322.13612169726,-0.04429750637235036
67355.03023777864,-0.04665238118816517
67387.92435386003,-0.048455697945600645
67420.81846994141,-0.049752631364720405
67453.7125860228,-0.05055808829323263
67486.60670210418,-0.050935848634466374
67519.50081818557,-0.05092217644012621
67552.39493426695,-0.050544742979789864
67585.28905034834,-0.049832907325926795
67618.18316642972,-0.04880684916792835
67651.07728251112,-0.04751513687953047
67683.97139859252,-0.04593898923960202
67716.8655146739,-0.044144345358716856
67749.75963075529,-0.042107449771783885
67782.65374683667,-0.03988576434849437
67815.54786291806,-0.037461513755985415
67848.44197899944,-0.03488075425840942
67914.23021116223,-0.029258482210217956
68045.80667548778,-0.016632318732222994
68308.95960413887,0.010957557297640039
68341.85372022027,0.01435273587960571
68374.74783630166,0.017695988734986286
68440.53606846443,0.02412758510456789
68473.43018454581,0.027204665797182184
68506.3243006272,0.030143154739356276
68572.11253278996,0.03561069329749494
68605.00664887135,0.0380780267447311
68637.90076495273,0.04036019976155904
68670.79488103412,0.04244359768434222
68703.68899711552,0.044286397952887246
68736.58311319692,0.04586512884518614
68769.4772292783,0.047187372952672224
68802.37134535969,0.04819757220788301
68835.26546144107,0.04886701932669605
68868.15957752246,0.04924254134744167
68901.05369360384,0.04919947826584151
68933.94780968523,0.04865403716493997
68966.84192576662,0.04786636905022511
68999.73604184802,0.046480023803303114
69032.63015792941,0.044573451048269055
69065.5242740108,0.04221682920152782
69098.41839009218,0.03903214007212833
69131.31250617356,0.03548887654383633
69164.20662225495,0.031024009030675884
69197.10073833633,0.025992228277619482
69229.99485441772,0.019956620333211196
69262.8889704991,0.013223502325512657
69295.78308658049,0.005310658001926637
69328.67720266187,-0.0032333023218742603
69361.57131874327,-0.01329298157455178
69392.26204513834,-0.02316606526882308
69422.95277153343,-0.03435414562409139
69484.3342243236,-0.05900333670939448
69515.02495071868,-0.07235987218946066
69545.71567711377,-0.08588741890878482
69576.40640350885,-0.09851716272609139
69607.09712990394,-0.10928013876272102
69637.78785629902,-0.11602569307546123
69668.47858269411,-0.1157524446158662
69699.1693090892,-0.10413136128686121
69729.86003548426,-0.07639712954201172
69760.55076187933,-0.028634057509061648
69791.24148827442,0.03765020984114645
69821.9322146695,0.1105575598715349
69852.62294106459,0.16887184774961078
69883.31366745968,0.19283341469055956
69914.00439385476,0.1780169158114566
69944.69512024985,0.1363355807911811
69975.38584664493,0.08507795703491171
70006.07657304002,0.036748885732672695
70036.7672994351,-0.0027829364166758047
70067.45802583019,-0.03242940782811683
70098.14875222526,-0.05314747849245849
70128.83947862033,-0.06683055939715359
70159.53020501541,-0.07508433627282071
70190.2209314105,-0.0793764920609363
70220.91165780558,-0.0807735762030737
70251.60238420067,-0.08009927619438809
70282.29311059575,-0.0779061632386184
70312.98383699084,-0.07463492109629999
70343.67456338592,-0.07062032752991287
70374.36528978101,-0.06603422907490794
70405.0560161761,-0.06111297105486915
70466.43746896627,-0.05070994425648366
70589.20037454659,-0.029481998678733412
70619.89110094166,-0.024303909637598625
70650.58182733675,-0.019235966619412584
70711.96328012692,-0.009555995717997777
70742.654006522,-0.004920104462577481
70773.34473291709,-0.0004938112103774275
70834.72618570726,0.007897583172423867
70865.41691210234,0.011861355351459255
70896.10763849743,0.015546039963223849
70926.79836489251,0.019119293750230856
70957.4890912876,0.022423574545830688
70988.17981768269,0.025568939933881863
71018.87054407777,0.028467958540599744
71049.56127047286,0.031176214726443288
71080.25199686793,0.03364956632440193
71110.942723263,0.035911715274678804
71141.63344965808,0.03794282900656397
71172.32417605317,0.0397501274602187
71203.01490244825,0.04132702907946016
71233.70562884334,0.042666781214004246
71264.39635523842,0.04377879939297573
71295.08708163351,0.04465125284006925
71325.7778080286,0.0452859618371564
71359.04830800268,0.0457040380048208
71392.31880797676,0.04583869666132076
71425.58930795084,0.04569063034677821
71458.85980792494,0.04525599494461778
71492.13030789903,0.044538373120522085
71525.40080787311,0.04353133916675476
71558.6713078472,0.04224700992464271
71591.94180782128,0.04067579901736858
71625.21230779536,0.038810464946727935
71658.48280776944,0.03669316569616977
71691.75330774352,0.03427666412057227
71725.02380771762,0.03156396038142684
71758.29430769171,0.02866313464408872
71791.5648076658,0.02545795004248424
71824.83530763988,0.021940926049348927
71858.10580761396,0.018159938430643886
71891.37630758804,0.014274948372709996
71924.64680756212,0.010075706385556465
71991.1878075103,0.0010088197824039673
72124.26980740664,-0.019222094851927926
72157.54030738072,-0.024696566919714787
72190.8108073548,-0.030021747937044797
72257.35180730297,-0.040926861404089375
72290.62230727705,-0.046208255531959785
72323.89280725113,-0.051351609258073805
72357.16330722522,-0.056179490366846996
72390.43380719931,-0.060619132857498606
72423.70430717341,-0.06450526253667599
72456.97480714749,-0.06762632344070489
72490.24530712157,-0.06970907461599025
72523.51580709565,-0.0706021550375841
72556.78630706973,-0.06953884507273954
72590.05680704382,-0.06637410426840955
72623.3273070179,-0.06037630912040324
72656.59780699198,-0.050477881099663766
72689.86830696606,-0.035470206068782824
72723.13880694014,-0.014763447701074343
72756.40930691423,0.012958718365246782
72789.67980688832,0.048759950853836116
72822.95030686242,0.09107368431989375
72856.2208068365,0.13521730542586696
72889.49130681058,0.17029308201260912
72922.76180678466,0.1793826956016447
72956.03230675875,0.1471276628465828
72989.30280673283,0.0752485009979027
73022.57330670691,-0.011746715302936608
73055.843806681,-0.08438088297895605
73089.1143066551,-0.12708819092709417
73122.38480662918,-0.14145862281527405
73155.65530660326,-0.13650469651679817
73188.92580657735,-0.12108220483401183
73222.19630655143,-0.10132907625210241
73255.46680652551,-0.08065598166955172
73288.73730649959,-0.060971158572781056
73322.00780647369,-0.04299425723472445
73355.27830644778,-0.02707361698566547
73388.54880642187,-0.013192132668807643
73421.81930639595,-0.0010713461018250076
73455.08980637003,0.009388066177193392
73486.15691665781,0.01773694390944448
73517.2240269456,0.024892079449155863
73548.29113723338,0.0310758220054226
73579.35824752116,0.03612760121071416
73610.42535780894,0.04057226813496086
73641.49246809672,0.044064463520198396
73672.5595783845,0.0469863017957551
73703.62668867227,0.04922028565778733
73734.69379896004,0.050892017458758106
73765.76090924782,0.05205634687623881
73796.8280195356,0.05272141272931245
73827.89512982339,0.052967872001915196
73858.96224011117,0.052804104708098334
73890.02935039895,0.05226016287955655
73921.09646068673,0.051389361811317626
73952.16357097452,0.05017395886446019
73983.2306812623,0.04869355829135138
74014.29779155008,0.0469107646636663
74045.36490183786,0.044903149205770675
74076.43201212565,0.04264309161652623
74107.49912241343,0.040186627248864626
74138.56623270121,0.03752486240255333
74200.70045327676,0.031696467351689066
74231.76756356453,0.028554197756935823
74262.83467385231,0.02528949690843023
74324.96889442788,0.01843756062501109
74449.237335579,0.0038442983639488636
74480.30444586679,0.0001067545141676049
74511.37155615457,-0.0036348393027803363
74573.50577673013,-0.011065036451625066
74604.57288701792,-0.01473097010932375
74635.6399973057,-0.01833758526600767
74697.77421788125,-0.025286111921290676
74728.84132816902,-0.0286263242135376
74759.9084384568,-0.03179166368044068
74790.97554874458,-0.03483168178748886
74822.04265903236,-0.03771562127848518
74853.10976932014,-0.04038550132288256
74884.17687960793,-0.04285170742480001
74915.24398989571,-0.04509492518341695
74946.31110018349,-0.04706533127280866
74977.37821047127,-0.04876198274718221
75008.44532075906,-0.05015269042531343
75039.51243104684,-0.05116137351215909
75070.57954133462,-0.05187701407189915
75101.6466516224,-0.05218560589319411
75132.71376191018,-0.05199134838198466
75163.78087219797,-0.05131305733952
75194.84798248573,-0.0503034892646523
75225.9150927735,-0.04862327800659841
75256.98220306128,-0.046142824215101685
75288.04931334907,-0.043349796060854
75319.11642363685,-0.039770038791940646
75350.18353392463,-0.035090851835168836
75381.25064421241,-0.03016614264300477
75412.3177545002,-0.023986648207109214
75443.38486478798,-0.016652964825489558
75473.84297314455,-0.008991935543161154
75504.30108150114,0.0005536238672758133
75534.75918985772,0.010146545427101852
75565.2172982143,0.021889184704218047
75595.67540657087,0.034006854467345984
75626.13351492745,0.04805188883522964
75687.04973164061,0.07757532893710214
75717.50783999718,0.0927213888389677
75747.96594835377,0.10674748083866004
75778.42405671036,0.11796039266757215
75808.88216506693,0.12327696569944514
75839.3402734235,0.1186470922832116
75869.79838178007,0.09872656687825973
75900.25649013664,0.05861655585054836
75930.71459849323,-0.003027267175895576
75961.17270684981,-0.07802986798951134
75991.63081520639,-0.14702589030459087
76022.08892356296,-0.18744802027079252
76052.54703191953,-0.18817249516420323
76083.0051402761,-0.15621940333200557
76113.46324863269,-0.10794366435683911
76143.92135698927,-0.05818342297224065
76174.37946534585,-0.01506227725690136
76204.83757370242,0.018660344774693638
76235.295682059,0.04331496634188026
76265.75379041559,0.0603295586027068
76296.21189877216,0.07131223464007429
76326.67000712873,0.07764345206800571
76357.12811548532,0.08059664955775939
76387.5862238419,0.08105360299364368
76418.04433219848,0.07966048989410814
76448.50244055505,0.07692038822477235
76478.96054891164,0.07320819232616882
76509.41865726822,0.06879589442991434
76539.8767656248,0.06389599505143859
76570.33487398137,0.058681842607856416
76600.79298233795,0.053246418776537276
76661.70919905111,0.04201937829681664
76692.16730740768,0.036352799244443096
76722.62541576427,0.030713348756138403
76783.54163247743,0.019739071485391266
76905.37406590373,-0.0005576548682382568
76935.83217426031,-0.005253945969561424
76966.29028261689,-0.009692206475591637
76996.74839097346,-0.013948770149452713
77027.20649933003,-0.017983662847588077
77057.6646076866,-0.021792046460416246
77088.12271604319,-0.025350476199432564
77149.03893275635,-0.031773369632154866
77179.49704111292,-0.034627661359909113
77209.9551494695,-0.03720416925796019
77240.41325782609,-0.03952449125940929
77270.87136618266,-0.04157827422602492
77301.32947453923,-0.04335677643681853
77331.78758289582,-0.044865043037517996
77362.2456912524,-0.04609073168810805
77392.70379960898,-0.04703595648870618
77425.74168154456,-0.04773726513606351
77458.77956348014,-0.0480985156269584
77491.81744541571,-0.04811897718321049
77524.8553273513,-0.047794870681822296
77557.89320928688,-0.04711613615669498
77590.93109122245,-0.04610426358152239
77623.96897315803,-0.04473725711925556
77657.00685509361,-0.04300410215456109
77690.0447370292,-0.04095186705948204
77723.08261896478,-0.03854731045645029
77756.12050090036,-0.0357623835541418
77789.15838283594,-0.03267404537078537
77822.19626477153,-0.029265229473307595
77855.23414670711,-0.02546296196736706
77921.30991057826,-0.017009987120965468
77954.34779251384,-0.012264172202962961
77987.38567444941,-0.007158953447315209
78053.46143832058,0.0035365874310210963
78185.61296606291,0.02776750396583488
78218.65084799849,0.03407357991211614
78251.68872993407,0.04059152328009377
78284.72661186964,0.04675802492197556
78317.76449380523,0.05298571278266554
78350.80237574081,0.058749537030270624
78383.84025767638,0.0641748486072567
78416.87813961196,0.06888324844417765
78449.91602154754,0.07266467260730236
78482.95390348313,0.07514691855439626
78515.99178541871,0.07600966827919713
78549.02966735428,0.07434079630570939
78582.06754928986,0.06960047915720105
78615.10543122544,0.060989154295880726
78648.14331316101,0.04696953458845302
78681.1811950966,0.025971181545863607
78714.21907703218,-0.0032238607902256716
78747.25695896776,-0.04131913824140526
78780.29484090334,-0.08722828006068721
78813.33272283891,-0.1357149711551331
78846.37060477449,-0.17418379512955365
78879.40848671008,-0.1840110102878287
78912.44636864564,-0.15004243920981167
78945.48425058123,-0.07643912648958953
78978.52213251681,0.010564362078364739
79011.56001445239,0.08190207887708359
79044.59789638798,0.12375499106945712
79077.63577832354,0.13850775715394542
79110.67366025913,0.13470308666809466
79143.71154219471,0.12056602914816753
79176.74942413028,0.10188086927669732
79209.78730606586,0.08194518024089376
79242.82518800144,0.06269594223489933
79275.86306993703,0.044942567497132824
79308.90095187261,0.02880814848096537
79341.93883380819,0.014543245306322856
79374.97671574377,0.0020647059326100933
79408.01459767936,-0.00873988055741242
79441.05247961494,-0.01800921888772682
79474.09036155051,-0.0259476109934974
79507.12824348609,-0.032672233657131976
79537.96273573537,-0.03793942381398797
79568.79722798464,-0.04240136746982465
79599.63172023391,-0.04606940070222603
79630.46621248318,-0.048964276960443934
79661.30070473245,-0.05121099674302973
79692.13519698173,-0.05286816933425871
79722.96968923102,-0.053941734626841514
79753.80418148029,-0.05450903981240516
79784.63867372955,-0.054596716217231056
79815.47316597884,-0.05424183963124903
79846.30765822812,-0.05346730053409067
79877.14215047739,-0.052317849102945464
79907.97664272666,-0.05080685477931484
79938.81113497594,-0.04898213961724851
79969.64562722523,-0.046832033837317696
80000.4801194745,-0.04442889406594074
80031.31461172376,-0.04173345582950789
80062.14910397305,-0.0388363062230602
80123.8180884716,-0.03236430595342107
80154.65258072087,-0.028849808183792375
80185.48707297015,-0.02518761009475958
80247.1560574687,-0.017461244789981907
80277.99054971797,-0.01343934734331834
80308.82504196725,-0.009336993465255529
80370.4940264658,-0.000966014732809232
80493.83199546291,0.015835748428889244
80524.66648771218,0.019928008671511777
80555.50097996146,0.023952543990663773
80617.16996446002,0.03159939912363268
80648.00445670928,0.03521793119897492
80678.83894895857,0.03863542655091887
80709.67344120785,0.04182113881050547
80740.50793345712,0.04478901279357554
80771.34242570639,0.04747271103945182
80802.17691795567,0.049831860319729866
80833.01141020496,0.05186774180789827
80863.84590245422,0.05349187788164949
80894.6803947035,0.05472590159831753
80925.51488695278,0.0554980938892016
80956.34937920206,0.0556773486907367
80987.18387145133,0.05538657572194634
81018.0183637006,0.05444953636160156
81048.85285594988,0.05272672331814793
81079.68734819916,0.05046357607182106
81110.52184044843,0.047116956938634776
81141.3563326977,0.043100728938803436
81172.19082494699,0.03790826630861127
81203.02531719627,0.03180341634780478
81233.85980944554,0.0242739405827498
81264.6943016948,0.0157077905426222
81295.52879394409,0.0053139671257273514
81326.36328619337,-0.00599854430028475
81357.19777844264,-0.01929597517995027
81388.03227069191,-0.03412765993782541
81418.86676294118,-0.050315036890543036
81480.53574743973,-0.08644386846158321
81513.95001326801,-0.10571051002477228
81547.36427909628,-0.1221229554410522
81580.77854492456,-0.13134526163841714
81614.19281075284,-0.12676097819046042
81647.60707658112,-0.09998842076016737
81681.0213424094,-0.04472601205062955
81714.43560823768,0.03602320521831626
81747.84987406596,0.12112753581553279
81781.26413989424,0.1789710740602622
81814.67840572252,0.1894381121765317
81848.09267155078,0.1587436885815649
81881.50693737906,0.10807799776218557
81914.92120320734,0.055569803871719656
81948.3354690356,0.01096860853828821
81981.74973486389,-0.023020736418834828
82015.16400069217,-0.04726284871035807
82048.57826652045,-0.06329566708497066
82081.99253234873,-0.07323341799126268
82115.406798177,-0.07847258848330543
82148.82106400529,-0.08028680883216545
82182.23532983357,-0.0796312704051966
82215.64959566185,-0.07717472013952714
82249.06386149011,-0.073404033461091
82282.47812731839,-0.06865413578754806
82315.89239314667,-0.06324085316865559
82349.30665897494,-0.057365363076134795
82416.1351906315,-0.04481055167225896
82549.79225394462,-0.019111465917769715
82583.2065197729,-0.0129022503620002
82616.62078560118,-0.006822850461403043
82683.44931725772,0.004630633131949523
82716.863583086,0.010056167844700984
82750.27784891427,0.015122970456641483
82817.10638057083,0.02450624727741558
82850.5206463991,0.02874979163027698
82883.93491222739,0.03261346371287806
82917.34917805567,0.036166329346477954
82950.76344388395,0.03933489589428583
82984.17770971222,0.04215079469608356
83017.5919755405,0.044573669927900156
83051.00624136877,0.04661200441612558
83084.42050719705,0.04824550505967238
83117.83477302533,0.04947013052443548
83151.2490388536,0.05027673748048016
83184.66330468188,0.050658524614889185
83218.07757051016,0.05060654771658936
83251.49183633843,0.05012001638228566
83284.90610216671,0.049179000707679284
83318.320367995,0.047805084148809726
83351.73463382327,0.04597860777905419
83385.14889965155,0.0436644797646389
83418.56316547983,0.04094952971309436
83451.9774313081,0.03776068872415887
83485.39169713638,0.03404938851019969
83518.80596296466,0.030008515505908363
83552.22022879292,0.025468815755026693
83585.6344946212,0.02037558663277331
83619.04876044948,0.015075271172540554
83651.85402434657,0.009361037634207252
83684.65928824364,0.0031005354561432965
83750.26981603779,-0.010037642669993444
83783.07507993486,-0.017125185171028914
83815.88034383193,-0.024404235924480815
83881.49087162608,-0.039561138932059904
83914.29613552315,-0.047338342244188064
83947.10139942024,-0.05472968033903149
83979.9066633173,-0.062036173017168086
84012.71192721438,-0.06870697515712065
84045.51719111146,-0.0745998771342237
84078.32245500853,-0.07929274575704215
84111.1277189056,-0.08230915485352505
84143.93298280268,-0.08275630164982797
84176.73824669977,-0.0797902789265525
84209.54351059684,-0.07246144226821605
84242.3487744939,-0.05889116185103242
84275.15403839099,-0.03709238191652391
84307.95930228806,-0.005510805045891652
84340.76456618513,0.03695677192889394
84373.56983008221,0.08847624400810686
84406.37509397928,0.14226887347722042
84439.18035787635,0.18225643321942467
84471.98562177343,0.18747113708868599
84504.7908856705,0.1454637618387635
84537.59614956757,0.06701280664698911
84570.40141346466,-0.01794401936085168
84603.20667736173,-0.0838401256876985
84636.0119412588,-0.12124785921278275
84668.81720515588,-0.13413399499085163
84701.62246905296,-0.1305779174850375
84734.42773295003,-0.11773120637085546
84767.2329968471,-0.10055385233314336
84800.03826074419,-0.08193265162223975
84832.84352464126,-0.0635825270942505
84865.64878853832,-0.04636840182816951
84898.45405243541,-0.03066191870258236
84931.25931633248,-0.016621807720259247
84964.06458022955,-0.004018213979227088
84996.86984412663,0.007039244777435519
85029.6751080237,0.016748887763507723
85062.48037192077,0.025095923613522426
85095.28563581785,0.03222837062191719
85128.09089971492,0.03825246254737076
85160.896163612,0.043264233356245116
85193.70142750908,0.04730316638686298
85226.50669140616,0.05057514922534724
85259.31195530323,0.05300630607628953
85292.1172192003,0.054690938685769616
85324.92248309738,0.05572280221908614
85357.72774699447,0.05611000412328007
85390.53301089154,0.05590946230120191
85423.3382747886,0.05515677822838817
85456.14353868569,0.05389878599832616
85488.94880258277,0.05216401757110971
85521.75406647984,0.04999547150026167
85554.55933037691,0.047410425313734045
85587.364594274,0.044460666533677196
85620.16985817107,0.041151152855989984
85652.97512206814,0.037540339601433124
85718.58564986229,0.029469410341662953
85749.18752407306,0.025371571109529447
85779.78939828384,0.021111545189211343
85840.99314670538,0.012139475920465527
85963.40064354846,-0.006847709642788602
85994.00251775923,-0.011628948309818584
86024.60439197,-0.01640849475033577
86085.80814039154,-0.025753627746511562
86116.41001460231,-0.030250522369365377
86147.01188881308,-0.034625233581048256
86208.21563723462,-0.04267262376702847
86238.81751144539,-0.04634208434050638
86269.41938565616,-0.0496900676695856
86300.02125986693,-0.05262868778144676
86330.6231340777,-0.055198423701114656
86361.22500828847,-0.05726822126226578
86391.82688249924,-0.05881311897361624
86422.42875671001,-0.05977895990090082
86453.03063092078,-0.05998344628293879
86483.63250513155,-0.059594191977214654
86514.23437934232,-0.05820798520121192
86544.83625355309,-0.0559522993972461
86575.43812776386,-0.05262702414510575
86606.04000197463,-0.048106238487169106
86636.6418761854,-0.04228051847432758
86667.24375039617,-0.03495444675484264
86697.84562460694,-0.02593620001300245
86728.44749881771,-0.015356415158093568
86759.04937302848,-0.0022434807718279062
86789.65124723925,0.01220698764615611
86820.25312145002,0.02930171613068481
86850.85499566079,0.04868528286259023
86881.45686987156,0.06942946128640318
86912.05874408233,0.09140472113333303
86942.6606182931,0.11300346870923329
86973.26249250387,0.13120269563527057
87003.86436671464,0.14144772665447072
87034.46624092541,0.13699004189892877
87065.06811513618,0.10997247458241859
87095.66998934695,0.05520122214099463
87126.27186355772,-0.022795199928151447
87156.8737377685,-0.10596038373610879
87187.47561197927,-0.1669338682106564
87218.07748619004,-0.1886572193325355
87248.67936040083,-0.17277939652333016
87279.2812346116,-0.134051824201055
87309.88310882237,-0.08783699423768843
87340.48498303314,-0.04408731762814895
87371.0868572439,-0.007307150377462351
87401.68873145468,0.021526923562148907
87432.29060566545,0.042961824510283304
87462.89247987622,0.05816244266167582
87493.49435408699,0.06845552615727338
87524.09622829776,0.07476279501002144
87554.69810250853,0.07802158536645999
87585.2999767193,0.07892472734723158
87615.90185093007,0.07801156622229974
87646.50372514084,0.07569934797677971
87677.1055993516,0.07231133477290119
87710.28724714139,0.06769417610924594
87743.46889493115,0.06244226253308595
87776.65054272092,0.056523125182171674
87809.8321905107,0.050312107591404046
87843.01383830047,0.04389161643799863
87876.19548609023,0.037197029975148906
87942.55878166978,0.02383596808963997
87975.74042945955,0.01717308280132445
88008.92207724933,0.010679954580348785
88075.28537282886,-0.0019163135034333222
88108.46702061864,-0.007893083783696346
88141.64866840841,-0.013588657670550931
88208.01196398796,-0.02412348491507675
88241.19361177774,-0.028912220587656596
88274.3752595675,-0.03331402796999075
88307.55690735727,-0.037355894021694674
88340.73855514705,-0.04097714359421209
88373.92020293683,-0.04418794157003211
88407.1018507266,-0.04694933393570501
88440.28349851636,-0.049255238889808234
88473.46514630615,-0.051083442294258166
88506.64679409593,-0.05241926546195643
88539.8284418857,-0.05324781504882223
88573.01008967546,-0.05355314347160345
88606.19173746524,-0.05333178467261891
88639.373385255,-0.05254810491741514
88672.55503304477,-0.05120346596554454
88705.73668083455,-0.04932550291041072
88738.91832862432,-0.04682783162389106
88772.09997641409,-0.04370715948774253
88805.28162420387,-0.04012083469444414
88838.46327199363,-0.03584914290479514
88871.6449197834,-0.030827049544568396
88904.82656757318,-0.02555381155125373
88938.00821536295,-0.019516217339769527
88971.18986315271,-0.012690886320456233
89004.3715109425,-0.005665185135193349
89037.55315873228,0.0020054651430391045
89070.73480652204,0.010491789297107302
89137.09810210159,0.02811999311891588
89170.27974989137,0.0377116584208436
89203.46139768114,0.04702091909421137
89269.82469326069,0.06589664565543976
89303.00634105047,0.0746841811348143
89336.18798884023,0.08221649369111741
89369.36963663,0.08803853400725696
89402.55128441978,0.09137288132277915
89435.73293220955,0.09030229502008963
89468.91457999931,0.08438515482197456
89502.0962277891,0.06990640657279838
89535.27787557886,0.04513494117920082
89568.45952336863,0.007470498256414791
89601.64117115841,-0.04398996375822681
89634.82281894817,-0.10548679822768697
89668.00446673794,-0.1634129001822407
89701.18611452772,-0.19515302727668857
89734.36776231749,-0.17909721567858347
89767.54941010725,-0.11517212768247712
89800.73105789704,-0.02943526924671204
89831.7093160005,0.042865093210349065
89862.68757410397,0.09311300775440114
89893.66583220744,0.1200957051082226
89924.6440903109,0.1287339737616839
89955.62234841437,0.1251532025344722
89986.60060651784,0.11437905078218893
90017.5788646213,0.09984365821734331
90048.55712272477,0.08379035166903101
90079.53538082824,0.06756633660802795
90110.5136389317,0.05192938831453963
90141.49189703517,0.037219252310771785
90172.47015513864,0.023493519510565233
90203.4484132421,0.011008522644921203
90234.42667134557,-0.00009600292523135462
90265.40492944905,-0.010049739185403424
90296.38318755252,-0.01902098611438591
90327.36144565599,-0.026789567408583688
90358.33970375947,-0.03348947285077456
90389.31796186294,-0.03938548492773393
90420.2962199664,-0.044308283043047514
90451.27447806987,-0.04833275164304606
90482.25273617334,-0.05164861984341012
90513.2309942768,-0.05416183909200054
90544.20925238027,-0.05596844842589967
90575.18751048374,-0.05711508695526914
90606.1657685872,-0.057620193965753894
90637.14402669067,-0.05752806607574781
90668.12228479414,-0.05687258539379268
90699.1005428976,-0.0556881340243624
90730.07880100107,-0.05398645270545162
90761.05705910454,-0.05183129271216998
90792.035317208,-0.04921740436671865
90823.01357531147,-0.04619466003737891
90853.99183341494,-0.04279009761611771
90884.97009151841,-0.039018405816004194
90915.94834962187,-0.034937787445477146
90946.92660772534,-0.030529877086132376
90977.90486582881,-0.02586807873602142
91039.86138203576,-0.01584621761316091
91070.83964013922,-0.010549228977798667
91101.8178982427,-0.0051207620782158176
91163.77441444964,0.00603866094966799
91287.6874468635,0.028443262898034456
91318.66570496697,0.03378428979867216
91349.64396307044,0.03899701793734115
91380.62222117391,0.04398162474840753
91411.60047927737,0.048504598762567186
91442.57873738084,0.05273315510127347
91473.55699548431,0.05652087561417288
91504.53525358778,0.059722462866761875
91535.51351169124,0.062337517136528006
91566.49176979471,0.0641456831702627
91597.47002789818,0.06519843856492102
91628.44828600164,0.0651486664797208
91659.42654410511,0.06412745920107225
91690.40480220858,0.06160483603638654
91721.38306031204,0.05779102004258041
91752.36131841553,0.05196487245448099
91783.33957651899,0.04460487191903959
91813.70883269125,0.03472813429378095
91844.07808886352,0.022945976659058214
91874.44734503579,0.00812965371943674
91904.81660120806,-0.009728309389506903
91935.18585738033,-0.03018604657338088
91965.55511355259,-0.05385295837776455
91995.92436972485,-0.08017580002683547
92026.29362589712,-0.10685547118219633
92056.66288206939,-0.13177324462495535
92087.03213824164,-0.14946935061369265
92117.4013944139,-0.1521972304106996
92147.77065058617,-0.1303852894547799
92178.13990675844,-0.07750320576097959
92208.50916293071,0.002349222510683294
92238.87841910298,0.08938662282654422
92269.24767527524,0.15569365812942443
92299.6169314475,0.18364932462493688
92329.98618761977,0.17447871442157215
92360.35544379204,0.14173601655847728
92390.72469996431,0.09988120861446
92421.09395613658,0.05826401091533197
92451.46321230884,0.02203982433281708
92481.8324684811,-0.007705351842049159
92512.20172465337,-0.03078525782769724
92542.57098082564,-0.04797224770238036
92572.94023699789,-0.06037203035811704
92603.30949317015,-0.06882866991820935
92633.67874934242,-0.07400623117717056
92664.04800551469,-0.0766972899076041
92694.41726168696,-0.07735443730247792
92724.78651785923,-0.07635964116241092
92755.15577403149,-0.07406485936279955
92785.52503020375,-0.07074323660812226
92815.89428637602,-0.06658013270980662
92846.26354254829,-0.06173727628737372
92876.63279872056,-0.05643083221484081
92907.00205489283,-0.05073552433877496
92937.37131106509,-0.04468431191235274
92998.10982340961,-0.03214223504748524
93028.47907958188,-0.02568345921885377
93058.84833575414,-0.019253289823659134
93119.58684809867,-0.006496846735015103
93149.95610427094,-0.00032589300911840813
93180.32536044321,0.005749358867520923
93241.06387278774,0.017217733453515197
93271.43312896,0.02257488396036515
93301.80238513227,0.027648688869337464
93332.17164130454,0.03240218067484866
93362.5408974768,0.036809323826177145
93392.91015364908,0.040846271892826636
93423.27940982133,0.044485377468358636
93453.64866599359,0.0477027674715095
93484.01792216586,0.050479556377405095
93514.38717833813,0.052778388521280514
93544.75643451039,0.054594205027343384
93575.12569068265,0.05589532523243951
93605.49494685492,0.05666227781655381
93635.86420302719,0.05688315745343303
93666.23345919946,0.05651063148516609
93696.60271537173,0.05555616970132847
93726.97197154399,0.05401336042425477
93759.92100129524,0.051567407702749285
93792.8700310465,0.04838911993352428
93825.81906079777,0.04448483251396172
93858.76809054904,0.03963993812947558
93891.71712030031,0.03409665731349545
93924.66615005158,0.027730549466218155
93957.61517980284,0.020349295619333213
93990.56420955411,0.012478104842164278
94023.51323930538,0.0034240986767691446
94056.46226905665,-0.006085136143760349
94122.36032855918,-0.027503107637783443
94155.30935831045,-0.039301893866186925
94188.25838806172,-0.05104335081291683
94221.20741781298,-0.06310838763376139
94254.15644756425,-0.07481209676805896
94287.10547731552,-0.08550351746134849
94320.05450706679,-0.09450394849979174
94353.00353681805,-0.10045674688779825
94385.95256656932,-0.10165459153417275
94418.90159632059,-0.09552647481370423
94451.85062607186,-0.07883638948647607
94484.79965582312,-0.04806628397928607
94517.74868557439,-0.0002134201060909613
94550.69771532566,0.06357801517438161
94583.64674507693,0.13336898105346554
94616.5957748282,0.18730986154865398
94649.54480457946,0.1983639197873414
94682.49383433073,0.15598519212605697
94715.442864082,0.07832890942342378
94748.39189383326,-0.002927486928914605
94781.34092358453,-0.06555817324261932
94814.2899533358,-0.10332893334731455
94847.23898308707,-0.12007160542820172
94880.18801283833,-0.12192517057619798
94913.1370425896,-0.11464501677173516
94946.08607234087,-0.10219852215793285
94979.03510209214,-0.08731198073808036
95044.93316159467,-0.05562373881194699
95077.88219134594,-0.04043691853064414
95110.8312210972,-0.02623055290954643
95143.78025084847,-0.013214882604974582
95176.72928059974,-0.001350580029220675
95209.67831035101,0.009522696129341309
95242.62734010228,0.01915328371165523
95275.57636985354,0.027610081412182127
95308.52539960481,0.034950587553355436
95341.47442935608,0.04126564243017487
95374.42345910735,0.04658946535690422
95407.37248885861,0.05089773762091613
95440.32151860988,0.0542936244903925
95473.27054836115,0.05680722719512683
95506.21957811242,0.058455858260952065
95539.16860786368,0.05929269527526128
95572.11763761495,0.059352551198234196
95605.06666736622,0.058671901011245246
95638.01569711749,0.057275173864267136
95670.96472686875,0.05522255262690137
95703.91375662002,0.05251608124870246
95736.86278637129,0.04923374473619717
95769.81181612256,0.04535910505019243
95802.76084587383,0.04097938525896476
95835.70987562509,0.03610186251304669
95866.45551569006,0.03115268768143049
95897.20115575501,0.02584708519008079
95958.69243588494,0.014314743138317309
96081.6749961448,-0.011158685053835701
96112.42063620975,-0.017819338444806168
96143.16627627471,-0.02453681019931127
96204.65755640465,-0.03737576172693962
96235.40319646962,-0.04359740478283997
96266.14883653457,-0.049453323586163334
96296.89447659953,-0.05486694780634146
96327.6401166645,-0.05984847248951954
96358.38575672946,-0.06410411382191869
96389.13139679443,-0.06761117354821766
96419.8770368594,-0.0701219314942381
96450.62267692435,-0.07158002044358668
96481.3683169893,-0.0714782264765545
96512.11395705427,-0.07002657422710885
96542.85959711924,-0.06638555445460162
96573.60523718421,-0.06071118317187052
96604.35087724918,-0.052217077507339824
96635.09651731413,-0.04052972220960724
96665.84215737908,-0.02550126141554054
96696.58779744405,-0.006073773738240647
96727.33343750902,0.01771783200349056
96758.07907757399,0.045625352174384896
96788.82471763896,0.07762287967939843
96819.57035770391,0.111328452605316
96850.31599776886,0.14232357182171046
96881.06163783383,0.16281813473553733
96911.8072778988,0.16150344794822566
96942.55291796377,0.12702568082353075
96973.29855802873,0.05665963889079225
97004.04419809369,-0.03512791183206258
97034.78983815864,-0.118383282592425
97065.53547822361,-0.16808301270005988
97096.28111828858,-0.17783866372511883
97127.02675835355,-0.15788382486160432
97157.77239841851,-0.1225859380937038
97188.51803848347,-0.08326653564670054
97219.26367854842,-0.04624677307673687
97250.00931861339,-0.014258722225229246
97280.75495867836,0.011834880350735641
97311.50059874333,0.032318646610810804
97342.2462388083,0.04803410258681097
97372.99187887325,0.059527163493954885
97403.7375189382,0.06749213748570883
97434.48315900317,0.07257515152669207
97465.22879906814,0.07529101768418217
97495.9744391331,0.0760610619223987
97526.72007919807,0.07522939115271585
97557.46571926303,0.0730638758347296
97588.21135932798,0.0697933372696873
97618.95699939295,0.0656527820491042
97649.70263945792,0.060776342987370946
97680.44827952288,0.05526477879109663
97711.19391958785,0.0493239712019615
97741.9395596528,0.04302301236366839
97803.43083978273,0.029609769410902174
97837.75220102337,0.021919267968054164
97872.073562264,0.014103192218052413
97940.71628474529,-0.0012669249963193074
97975.03764598593,-0.008712442144248815
98009.35900722657,-0.01591103428881984
98078.00172970784,-0.02928569357464808
98112.32309094848,-0.03534220693690543
98146.64445218912,-0.040889073973234276
98180.96581342976,-0.04587600272346462
98215.2871746704,-0.050245411804079015
98249.60853591104,-0.0539296905598256
98283.92989715168,-0.0568923426969056
98318.25125839232,-0.05905883951389072
98352.57261963296,-0.060388457889391595
98386.8939808736,-0.060821971226556366
98421.21534211424,-0.06025323532506373
98455.53670335488,-0.05877393376697583
98489.85806459552,-0.05615891835042319
98524.17942583616,-0.052383830701828366
98558.5007870768,-0.04758349942007713
98592.82214831744,-0.0413247372328369
98627.14350955808,-0.034134454921759656
98661.46487079872,-0.025332350542206023
98695.78623203936,-0.015442243846917702
98730.10759328,-0.003993043465427153
98764.42895452064,0.00844912662585362
98798.75031576128,0.02261892863623443
98833.07167700192,0.03726575177158499
98901.7143994832,0.06925682484682727
98936.03576072384,0.08474848270197777
98970.35712196448,0.09881327398254128
99004.67848320512,0.10948165639663637
99038.99984444576,0.1139613719376957
99073.3212056864,0.1079929071726744
99107.64256692704,0.08633763634815002
99141.96392816768,0.043443091569296516
99176.28528940832,-0.02314355216531324
99210.60665064896,-0.10501989727480097
99244.9280118896,-0.17662522917908235
99279.24937313024,-0.20372360650581586
99313.57073437088,-0.17005970940384327
99347.89209561152,-0.09476652994901158
99382.21345685216,-0.012911350157362542
99416.5348180928,0.05152660897948015
99450.85617933344,0.09188941417962587
99485.17754057408,0.11147575895971076
99519.49890181472,0.11618938456321672
99553.82026305536,0.11137346469459432
99588.141624296,0.10093822725248824
99622.46298553664,0.0874192082170249
99656.78434677728,0.07247726923445277
99725.42706925856,0.04206604073312959
99759.7484304992,0.027680890887834455
99794.06979173984,0.014193366550279099
99828.39115298048,0.001745347212171157
99862.71251422112,-0.009592501617761609
99897.03387546176,-0.019794217578334675
99931.3552367024,-0.028846246894401482
99965.67659794303,-0.03675222330702628
99999.99795918367,-0.04351817276281337
