0.002040816326530612,-0.17611253049250902
30.671792055962676,-0.1632436874855066
61.341543295598825,-0.12905830823573303
92.01129453523498,-0.08385108920198125
122.68104577487112,-0.03804408707927011
153.35079701450726,0.0015563119601133962
184.02054825414342,0.032288109309405955
214.69029949377955,0.05411012693499068
245.3600507334157,0.06838290795812131
276.02980197305186,0.07673465962918681
306.699553212688,0.08065305309401144
337.3693044523242,0.08145733748931411
368.0390556919603,0.08002016540601636
398.7088069315964,0.07709476326215625
429.3785581712326,0.07317148679897226
460.04830941086874,0.06860403725060917
490.71806065050487,0.063661855337893
521.387811890141,0.05853606751500301
552.0575631297772,0.05335848724574852
613.3970656090495,0.04307051309800718
644.0668168486857,0.038094924920816974
674.7365680883217,0.033352119545578984
736.0760705675941,0.02418629271674246
766.7458218072302,0.019943130498426286
797.4155730468664,0.015805443369592605
858.7550755261386,0.00823463728298595
889.4248267657748,0.004682805881874469
920.094578005411,0.0013699319451027404
981.4340804846832,-0.004812264417675929
1012.1038317243194,-0.00760362953008919
1042.7735829639555,-0.010296954041091412
1073.4433342035918,-0.012783188060112997
1104.1130854432279,-0.015135421446709495
1134.782836682864,-0.017333169593891386
1165.4525879225002,-0.019370001249906347
1226.7920904017724,-0.023034402345131287
1257.4618416414087,-0.02468640028791929
1288.1315928810448,-0.02617420391922345
1318.8013441206808,-0.02755330447237131
1349.4710953603171,-0.028795206094016458
1380.1408465999532,-0.029917860326127328
1410.8105978395893,-0.030923023111027542
1441.4803490792256,-0.03180494098841503
1472.1501003188616,-0.032583073575608815
1502.8198515584977,-0.03324327113944422
1533.489602798134,-0.033791041866664165
1564.15935403777,-0.034243113735929004
1594.8291052774061,-0.03458176086806127
1625.4988565170424,-0.03482466216938499
1656.1686077566785,-0.03496679778619546
1686.8383589963146,-0.03500920942577354
1717.5081102359509,-0.03496144240484653
1748.177861475587,-0.03481815777974991
1778.847612715223,-0.03458541253466863
1809.5173639548593,-0.03426343255517025
1840.1871151944954,-0.03385597552004387
1870.8568664341315,-0.03336323723319704
1901.5266176737678,-0.032788285398521036
1932.1963689134038,-0.03213424592942474
1962.86612015304,-0.03139985484050827
1996.1156449716777,-0.030519456790548377
2029.3651697903158,-0.029550607339528752
2062.614694608954,-0.028497539943364337
2095.8642194275917,-0.027362624376824945
2129.1137442462295,-0.02614790216823992
2162.3632690648674,-0.024856573218944557
2228.862318702143,-0.02205270483222321
2262.111843520781,-0.02054790731363531
2295.3613683394187,-0.018973702956731557
2361.8604179766944,-0.015641960938735898
2494.858517251246,-0.008307512738727435
2528.1080420698845,-0.006345503340792665
2561.3575668885223,-0.004330843700629774
2627.856616525798,-0.00024155719442712012
2760.8547158003494,0.008338318788617648
3026.8509143494525,0.0259343726999339
3060.100439168091,0.027989259699106952
3093.3499639867287,0.03006345467861691
3159.8490136240043,0.03408098536048075
3193.098538442642,0.03596411238353006
3226.34806326128,0.03780341519384181
3292.8471128985557,0.0410990854682806
3326.0966377171935,0.04258347516421583
3359.3461625358314,0.0438833357780593
3392.595687354469,0.04502603170570686
3425.845212173107,0.04595826771294643
3459.094736991745,0.046662228998178956
3492.3442618103827,0.04707473676944256
3525.5937866290205,0.04721439354959157
3558.843311447659,0.046905601369342194
3592.092836266297,0.04628069632089234
3625.342361084935,0.04504993983605634
3658.591885903573,0.043338708176376736
3691.8414107222106,0.04086304473662409
3725.0909355408485,0.037614775529904325
3758.3404603594863,0.033445195665264923
3791.589985178124,0.027844182205740548
3824.839509996762,0.021427813580742368
3858.0890348154,0.013165969789019981
3891.3385596340377,0.0027382308925911203
3924.5880844526755,-0.009232363547277286
3957.8376092713133,-0.02406957176683119
3991.087134089951,-0.04161224620865318
4024.336658908589,-0.06184603131423635
4057.586183727227,-0.08433265366802802
4090.835708545865,-0.10783190609123813
4121.8818436781985,-0.12817268640776536
4152.927978810532,-0.14300490658099224
4183.974113942866,-0.1466030121570016
4215.020249075199,-0.13266098279448127
4246.066384207532,-0.09735082011047999
4277.112519339866,-0.043180443878027684
4308.1586544721995,0.019450024654139184
4339.204789604533,0.07627191947714483
4370.250924736867,0.11631237940441454
4401.2970598692,0.13611449342645426
4432.343195001533,0.1387184304424549
4463.389330133867,0.12950319090184553
4494.4354652662005,0.11370675337377889
4525.481600398534,0.09516682645800009
4556.527735530868,0.07631155980133005
4587.573870663201,0.0584250596502917
4618.620005795534,0.042271502935314335
4649.666140927868,0.027845677694005512
4680.7122760602015,0.0153280616096102
4711.758411192535,0.0045565309668630025
4742.804546324869,-0.004743396632584353
4773.850681457202,-0.012596160562683287
4804.896816589535,-0.01923556341152026
4835.942951721869,-0.02481564642714406
4866.9890868542025,-0.029473210614183586
4898.035221986536,-0.033327281448987826
4929.08135711887,-0.036480667680027196
4960.127492251203,-0.039021773152378474
4991.173627383536,-0.04102649992382328
5022.21976251587,-0.04255544281833112
5053.2658976482035,-0.043692516490108836
5084.312032780537,-0.04445314710985964
5115.358167912871,-0.044877471394861486
5146.404303045205,-0.045009459626315786
5177.450438177539,-0.044883728613609446
5208.496573309872,-0.044535918517223896
5239.5427084422045,-0.04398329768653517
5270.588843574538,-0.04324540426366452
5301.634978706872,-0.042344140678915974
5332.681113839206,-0.04129301695804186
5363.72724897154,-0.04011399925296914
5394.773384103873,-0.038815112787923024
5456.865654368539,-0.03591557671380293
5487.911789500873,-0.034328722515828886
5518.957924633207,-0.03268008995528249
5581.050194897874,-0.029180242174481515
5612.096330030206,-0.02733605867634461
5643.14246516254,-0.02547084612017668
5705.234735427208,-0.021615773527646737
5829.419275956541,-0.013616646331075954
6077.78835701521,0.0024053188581352383
6108.225490216341,0.004297025556720904
6138.662623417473,0.006168721343976167
6199.536889819735,0.009811641891637352
6229.974023020866,0.011582893222432826
6260.411156221997,0.013311857244198632
6321.28542262426,0.016655048405296885
6351.72255582539,0.01825515795343289
6382.159689026522,0.01980742509798819
6443.033955428784,0.022752106090092893
6473.471088629915,0.024141173579944462
6503.908221831047,0.025467991549707643
6564.782488233309,0.027932276938005846
6595.21962143444,0.029068237813064734
6625.656754635571,0.030123363285357696
6656.093887836702,0.031109882118960208
6686.531021037834,0.03202336607292541
6716.968154238964,0.03285584955241473
6747.405287440096,0.03360236054208298
6777.842420641227,0.034268684146495414
6808.279553842358,0.03484835249915104
6838.716687043489,0.035333188404344934
6869.153820244621,0.03572705399246046
6899.590953445751,0.036025149947853725
6930.028086646883,0.03621843991528051
6960.465219848014,0.03631439056847887
6990.902353049145,0.03630554516187577
7021.339486250276,0.036179450947488805
7051.776619451408,0.03593372899973673
7082.2137526525385,0.03559391163698604
7112.65088585367,0.03512232405983359
7143.088019054801,0.03450365839379811
7173.525152255932,0.03377547381386044
7203.962285457063,0.03293481649801216
7234.399418658195,0.03192481600978739
7264.8365518593255,0.030726618936456947
7295.273685060457,0.029477254965813847
7325.710818261588,0.028052220929171784
7356.147951462719,0.026404575458037517
7386.5850846638505,0.02459431470099286
7417.022217864982,0.02270388239899713
7447.4593510661125,0.020540968120088217
7477.896484267244,0.01820038322400138
7538.770750669506,0.012956187949214056
7569.2078838706375,0.010059526039483176
7599.645017071769,0.00691673813744095
7630.0821502728995,0.003469063520729586
7660.519283474031,-0.00007224441875505402
7690.9564166751625,-0.0041070134654784055
7721.393549876293,-0.00808012487064316
7782.267816278556,-0.01720567194165587
7812.704949479687,-0.022267986086374553
7843.142082680818,-0.027429860888896915
7904.01634908308,-0.03880669496278756
8025.764881887605,-0.06441822245157716
8058.7817886677385,-0.07138285291137869
8091.798695447871,-0.07806693061931572
8124.815602228004,-0.0840014702935015
8157.832509008136,-0.08847582013629243
8190.84941578827,-0.09055099023464874
8223.866322568403,-0.08884798764109114
8256.883229348536,-0.08143322038808713
8289.900136128668,-0.0659695886373961
8322.9170429088,-0.03971816218347392
8355.933949688933,-0.0010895499640937722
8388.950856469066,0.048763745894445445
8421.9677632492,0.10353230196438686
8454.984670029335,0.15024385653131467
8488.001576809467,0.17451557073954213
8521.0184835896,0.16877061248562572
8554.035390369732,0.1373322303694599
8587.052297149865,0.09243032577042497
8620.069203929997,0.04619071017360506
8653.08611071013,0.006197785547829411
8686.103017490264,-0.024743961337356513
8719.119924270399,-0.04680525777249195
8752.136831050531,-0.06134590424022618
8785.153737830664,-0.07011500891869736
8818.170644610796,-0.07459418281537311
8851.187551390929,-0.07592477583178814
8884.204458171062,-0.07508983293979672
8917.221364951194,-0.07273717650889003
8950.238271731327,-0.06934517770414557
8983.25517851146,-0.06527001711080051
9016.272085291592,-0.060758736942519875
9082.305898851859,-0.0511094617430543
9115.322805631993,-0.046193245565551225
9148.339712412126,-0.0413114889595391
9214.37352597239,-0.03183383842464105
9247.390432752523,-0.027252604210540238
9280.407339532656,-0.02280833926262149
9346.441153092921,-0.014506262138283082
9379.458059873054,-0.010546802914120072
9412.474966653186,-0.006803192216118435
9478.508780213453,0.00017173677876795683
9511.525686993587,0.0034096926303262467
9544.54259377372,0.006443452531899677
9610.576407333985,0.012076446093159353
9643.593314114118,0.014663562361486368
9676.61022089425,0.01705469270057178
9709.627127674383,0.019314464447877055
9742.644034454517,0.021399192342124944
9775.660941234652,0.0233444282919303
9808.677848014784,0.025130516437751254
9841.694754794917,0.02677340991341784
9874.71166157505,0.028268875283501152
9907.728568355182,0.0296207059709382
9940.745475135314,0.030833689730064756
9973.762381915447,0.0319049131155516
10006.779288695581,0.032842654838192355
10039.796195475716,0.033648275867654315
10072.813102255848,0.0343107397722957
10105.83000903598,0.03485754779636368
10138.846915816113,0.03526981951417247
10169.660432909943,0.03553859845065148
10200.47395000377,0.03570564810788594
10231.287467097598,0.03576289142254955
10262.100984191427,0.035716005599310555
10292.914501285257,0.03556716073547343
10323.728018379084,0.035316352571234964
10354.541535472912,0.034967158973347
10385.355052566742,0.034518969108944225
10416.168569660571,0.033975190236603614
10446.982086754399,0.0333377200749497
10477.795603848226,0.032606542284638565
10508.609120942056,0.031784969809841274
10539.422638035885,0.030874051666239424
10570.236155129713,0.029876403882933167
10631.86318931737,0.02762250067185945
10662.6767064112,0.02637714470329039
10693.490223505027,0.025049559793041534
10755.117257692684,0.02214829773754843
10785.930774786513,0.020602314421423462
10816.74429188034,0.018978141624465514
10878.371326067998,0.015489129910624485
10909.184843161827,0.013681080185998794
10939.998360255655,0.011797661070666418
11001.625394443312,0.007803188631946162
11124.879462818626,-0.0007546124935785478
11155.692979912455,-0.0029829282381171546
11186.506497006283,-0.005244785711621843
11248.13353119394,-0.009976609019849352
11371.387599569254,-0.019603045095137515
11402.201116663084,-0.022013832318780374
11433.014633756911,-0.024407757407907488
11494.641667944568,-0.029282338828493477
11617.895736319882,-0.03845053711138999
11648.709253413712,-0.04061304753912298
11679.52277050754,-0.042665920690551806
11710.336287601367,-0.04458428470595327
11741.149804695197,-0.04640570486113482
11771.963321789026,-0.048017308381640596
11802.776838882854,-0.049467467584790516
11833.590355976681,-0.050657418974892184
11864.40387307051,-0.05160711833453421
11895.21739016434,-0.0521597468901482
11926.030907258168,-0.05244112574101864
11956.844424351995,-0.05211070781110211
11987.657941445825,-0.05140641839621144
12018.471458539654,-0.04987193972744495
12049.284975633484,-0.04771489572564733
12080.098492727313,-0.04452647263318754
12110.91200982114,-0.04015121557276983
12144.305300493972,-0.03409862580362861
12177.698591166802,-0.02566890912005571
12211.091881839631,-0.0153800521273444
12244.48517251246,-0.002132695285683252
12277.87846318529,0.014870910393045389
12311.271753858122,0.03493499732043273
12344.665044530953,0.058974696739971376
12378.058335203783,0.0861614842206245
12411.451625876613,0.11456991742204514
12444.844916549444,0.13983283803697577
12478.238207222275,0.15498659905047865
12511.631497895105,0.1507508387026374
12545.024788567935,0.12026097745272277
12578.418079240764,0.06511239455400712
12611.811369913594,-0.002054063974670988
12645.204660586425,-0.06332381321168704
12678.597951259257,-0.10609340037297978
12711.991241932086,-0.12726639285743013
12745.384532604916,-0.13065857898648198
12778.777823277745,-0.12242781701366791
12812.171113950575,-0.10789812338365193
12845.564404623407,-0.09078997796585489
12912.350985969068,-0.05673471414098202
12945.744276641897,-0.041602870260934656
12979.137567314729,-0.028122798027438625
13012.53085798756,-0.016282934051281027
13045.92414866039,-0.005988393239675611
13079.31743933322,0.002918615499910293
13112.710730006049,0.010626426329784687
13146.104020678878,0.01717270457329889
13179.49731135171,0.022744061182978635
13212.890602024541,0.02751221101455799
13246.28389269737,0.03143285428542623
13279.6771833702,0.034638141110493306
13313.07047404303,0.03730910452133406
13346.46376471586,0.03945709208374638
13379.857055388691,0.04109860520566533
13413.250346061523,0.04230328044575116
13446.643636734352,0.043162206269512025
13480.036927407182,0.04368248268940879
13513.430218080013,0.04386688913977306
13546.823508752845,0.043808510616370214
13580.216799425674,0.043486872641643914
13613.610090098504,0.042940447726789135
13647.003380771333,0.042194890047443735
13680.396671444163,0.04126419432679118
13713.789962116995,0.040163418293906565
13747.183252789826,0.03891585465906696
13780.576543462656,0.03752949909953494
13847.363124808315,0.03440802194964493
13880.756415481144,0.032670018814678084
13914.149706153976,0.030864294841058765
13980.936287499637,0.026999620536654223
14014.329578172466,0.024981060212023676
14047.722868845298,0.02288645812369989
14114.509450190959,0.018586158965641884
14248.08261288228,0.00963973442792189
14280.866901623907,0.007397657029136766
14313.651190365534,0.005166058770422446
14379.21976784879,0.0007036657171017157
14510.356922815303,-0.008018548150668194
14543.141211556931,-0.010132689147867645
14575.92550029856,-0.012208649996453635
14641.494077781816,-0.01623181073732629
14772.631232748327,-0.023622004542863926
14805.415521489955,-0.02530385641914685
14838.199810231581,-0.02691778089900992
14870.98409897321,-0.02845483642662471
14903.768387714837,-0.029892230177289005
14936.552676456466,-0.031250046445613466
14969.336965198094,-0.03251940663899281
15002.121253939722,-0.03367776094898546
15034.90554268135,-0.03473241714596868
15067.689831422978,-0.03568344394433888
15100.474120164607,-0.036516053775331465
15133.258408906235,-0.03721898600144642
15166.042697647863,-0.03780127413038
15198.826986389491,-0.03824487254496231
15231.61127513112,-0.03854439928391259
15264.395563872746,-0.038705310000855885
15297.179852614374,-0.038701343276881614
15329.964141356002,-0.038512079630392757
15362.748430097628,-0.03819794379915786
15395.532718839257,-0.03768548567471326
15428.317007580885,-0.03694100763689554
15461.101296322513,-0.03603439891883921
15493.885585064141,-0.034951146398795124
15526.66987380577,-0.0335790971560078
15559.454162547398,-0.031927582590775556
15592.238451289026,-0.030177568469035146
15625.022740030654,-0.028051428468963857
15657.807028772282,-0.025622161171195527
15690.59131751391,-0.023039541798063463
15723.375606255539,-0.01994984085334202
15756.159894997167,-0.016655325153108788
15788.944183738793,-0.01297645036053426
15821.728472480421,-0.008821507508118089
15854.51276122205,-0.004442830980108763
15887.297049963676,0.0007347062002625374
15920.081338705304,0.005841093029459607
15952.865627446932,0.011950971245218541
15985.64991618856,0.018145627963999704
16018.434204930189,0.025353177129786967
16084.002782413445,0.04074459491097913
16116.787071155073,0.04919432946714869
16149.571359896701,0.05818834595068627
16182.35564863833,0.06765717734880641
16215.139937379958,0.07688704591928877
16247.924226121586,0.0858867332050239
16280.708514863214,0.0939119787467491
16313.49280360484,0.09977238010172228
16346.277092346469,0.10194252839265432
16376.857991401794,0.09860420121899474
16407.438890457117,0.08760533482368088
16438.01978951244,0.06620520913329184
16468.600688567763,0.03230258000904847
16499.181587623087,-0.014210804324966547
16529.76248667841,-0.06883134612346048
16560.343385733733,-0.12165152296605944
16590.924284789056,-0.15988107450996486
16621.50518384438,-0.1739253694985748
16652.086082899703,-0.16257789821519228
16682.666981955026,-0.13268757478096532
16713.24788101035,-0.09406051648387663
16743.828780065673,-0.055074205601863394
16774.409679120996,-0.02061305717310325
16804.990578176323,0.0074762697516574245
16835.571477231646,0.029062688493046038
16866.15237628697,0.044869143464139616
16896.733275342296,0.055937888221427104
16927.31417439762,0.06315421200068322
16957.895073452943,0.06743451845042803
16988.475972508266,0.06953458443643168
17019.05687156359,0.06990994037859205
17049.637770618912,0.06903287535762193
17080.218669674236,0.0671961214380285
17110.79956872956,0.06467243396192897
17141.380467784882,0.06163619396440009
17171.961366840205,0.05825237892766452
17202.54226589553,0.054643342078461034
17233.12316495085,0.05081026279190737
17263.704064006175,0.046895712706838025
17324.86586211682,0.03899341332228812
17355.446761172145,0.03501856558757603
17386.027660227468,0.031123787303401422
17447.189458338114,0.023485538253513186
17477.770357393438,0.019812738767399432
17508.35125644876,0.016226872237586114
17569.51305455941,0.009349324568335461
17600.093953614734,0.00606283659146124
17630.67485267006,0.0028966238181567117
17691.836650780708,-0.0030674672760806175
17722.41754983603,-0.005866335807122175
17752.998448891354,-0.008553038767261396
17814.160247002,-0.013550157103477583
17844.741146057324,-0.015846713910031018
17875.322045112647,-0.018052564509986855
17905.90294416797,-0.020100134828458696
17936.483843223294,-0.022060666953444934
17967.064742278617,-0.023863957696055788
17997.64564133394,-0.025576123697619274
18058.807439444587,-0.02860167349815703
18089.38833849991,-0.029928101394581075
18119.969237555233,-0.031140769623526625
18150.550136610556,-0.03223149056461301
18181.13103566588,-0.03319204348445599
18211.711934721203,-0.0340476285969714
18242.292833776526,-0.0347780810500199
18272.873732831853,-0.03538580119590986
18303.454631887176,-0.035883953818185405
18336.615304521503,-0.03628740955422832
18369.775977155827,-0.03655442443697867
18402.936649790154,-0.036686946639593335
18436.09732242448,-0.036684061161997156
18469.257995058804,-0.03654829637464745
18502.41866769313,-0.03627984483035318
18535.57934032746,-0.03588061526287238
18568.74001296178,-0.035351007745025066
18601.900685596105,-0.03469311118142971
18635.061358230432,-0.03390419354548719
18668.22203086476,-0.03299602677769709
18701.382703499083,-0.03196236969047959
18734.543376133406,-0.03080188288417164
18767.704048767733,-0.02951068836634379
18834.025394036384,-0.026608882816898594
18867.186066670707,-0.024968604391783857
18900.346739305034,-0.023198322604721138
18966.668084573685,-0.01940083383618249
18999.828757208008,-0.01730926685465774
19032.989429842335,-0.015088818560153452
19099.310775110986,-0.010475919756947621
19132.47144774531,-0.007969617095723603
19165.632120379636,-0.005357342124877686
19231.953465648287,0.000010232098955169355
19364.596156185587,0.011842941947586328
19397.75682881991,0.014870718449595196
19430.917501454238,0.0180406220421336
19497.23884672289,0.024435670790429093
19530.399519357212,0.02775077663446834
19563.56019199154,0.030927184335745306
19629.88153726019,0.037404135199025114
19663.042209894513,0.040548206590256236
19696.20288252884,0.043632028629630774
19729.363555163167,0.04659083449001003
19762.52422779749,0.04940281521677295
19795.684900431814,0.052013751395899775
19828.84557306614,0.0543567198886937
19862.006245700468,0.05637301143218437
19895.16691833479,0.05796251375313925
19928.327590969115,0.05898020733770407
19961.48826360344,0.05934484631011368
19994.64893623777,0.05884389576113918
20027.809608872092,0.05720234097833861
20060.970281506416,0.054076709952490934
20094.130954140743,0.04931417951256997
20127.29162677507,0.042364961549722156
20160.452299409393,0.0325277341894424
20193.612972043717,0.01906445168554139
20226.773644678044,0.0014071081273014097
20259.93431731237,-0.020924946701697526
20293.094989946694,-0.048515141321326324
20326.25566258102,-0.08067859089031136
20359.41633521535,-0.11487534981147512
20392.57700784967,-0.14557084373569013
20425.737680484,-0.16371400092226338
20456.69496343202,-0.160027391473636
20487.652246380043,-0.13120106734162992
20518.609529328063,-0.08032360597117677
20549.566812276084,-0.019037095924778105
20580.524095224104,0.03835278019431646
20611.481378172124,0.08190817907844443
20642.438661120144,0.10844318087198221
20673.395944068165,0.1198574305091187
20704.353227016185,0.12013577441849102
20735.310509964205,0.11323192768515325
20766.26779291223,0.10225634012686638
20797.22507586025,0.08937688299070085
20828.18235880827,0.07589966243924504
20859.139641756294,0.06271823244662311
20890.096924704314,0.05019256119671032
20921.054207652334,0.03857223631946574
20952.011490600355,0.027995635033161412
20982.968773548375,0.018433640845854284
21013.9260564964,0.00984766936654775
21044.88333944442,0.0021781227167657277
21075.84062239244,-0.00464369030957372
21106.797905340463,-0.010671518852093984
21137.755188288484,-0.01600289674067982
21168.712471236504,-0.020762291147678476
21199.669754184524,-0.02485043516279967
21230.627037132545,-0.028368570871115335
21261.584320080565,-0.031483400994645895
21292.541603028585,-0.03412696627512191
21323.498885976605,-0.036331446821127766
21354.456168924626,-0.038158880948812236
21385.41345187265,-0.03968199455137055
21416.37073482067,-0.04086570378233505
21447.32801776869,-0.041752783728602444
21478.285300716714,-0.04237753130350756
21509.242583664734,-0.04274706051391104
21540.199866612755,-0.042891503479587256
21571.157149560775,-0.0428176468518152
21602.114432508795,-0.0425496128052383
21633.071715456816,-0.042094130493759534
21664.028998404836,-0.04147067104104922
21694.986281352856,-0.04068591038987853
21725.943564300876,-0.03975567284573875
21756.9008472489,-0.038686600463634334
21787.85813019692,-0.03749171444553856
21818.81541314494,-0.036177563534891405
21849.772696092965,-0.03475782160760939
21911.687261989005,-0.031617185505965845
21942.644544937026,-0.02991073110761737
21973.601827885046,-0.02812321692903189
22035.51639378109,-0.02435310692357053
22159.345525573175,-0.016143172271413257
22407.00378915734,0.0016424345058138013
22437.352070174158,0.0038463026748943203
22467.70035119098,0.0060402450487554
22528.396913224613,0.010370135184223377
22649.79003729189,0.01868746999697668
22680.13831830871,0.020673295957237468
22710.486599325526,0.022617252114452167
22771.183161359164,0.02627786659652203
22801.531442375985,0.028030076014486073
22831.8797233928,0.02971828815810565
22892.57628542644,0.03280113820041207
22922.92456644326,0.034227682445563554
22953.272847460077,0.035563945402331563
22983.621128476894,0.036775197495953815
23013.969409493715,0.03787625496563543
23044.317690510536,0.03887290523249565
23074.665971527353,0.039744027390998096
23105.01425254417,0.04046675286972763
23135.36253356099,0.04105498711835662
23165.71081457781,0.04149900755906269
23196.059095594628,0.04176720991796621
23226.407376611445,0.04184394865117497
23256.755657628266,0.041783351753913484
23287.103938645083,0.04150910899691958
23317.4522196619,0.04097590242059737
23347.80050067872,0.04027555482629068
23378.148781695538,0.039357061269648816
23408.497062712355,0.03810010034361851
23438.845343729176,0.03655703277491377
23469.193624745993,0.03484955538189446
23499.54190576281,0.032681192895420375
23529.89018677963,0.030205766772629896
23560.238467796447,0.02746245304489951
23590.586748813264,0.02407332229274279
23620.935029830085,0.020502428939306698
23651.283310846906,0.01633102841860406
23681.631591863723,0.011615878300398917
23711.97987288054,0.006493374678277049
23742.32815389736,0.00037845993568378505
23772.67643491418,-0.0057696653752971686
23803.024715931,-0.013272166048324766
23833.372996947815,-0.02091439701384619
23863.721277964636,-0.029995777214379543
23894.069558981457,-0.03912018495970063
23924.417839998274,-0.04964089819248012
23985.11440203191,-0.07203409812554407
24015.462683048732,-0.0837794227597205
24045.81096406555,-0.09515376355234846
24076.159245082366,-0.10531638665657045
24106.507526099187,-0.11272228207162921
24136.855807116008,-0.11525709284294239
24167.204088132825,-0.1099795144908941
24197.552369149642,-0.09337870866304449
24227.900650166463,-0.06243352289451199
24258.24893118328,-0.016400457630015807
24288.597212200097,0.04107410379677984
24318.945493216917,0.09920864775671334
24349.293774233734,0.1447590105713077
24382.221828829555,0.16813211752779114
24415.149883425373,0.16258781180409854
24448.077938021193,0.13616558444990465
24481.005992617014,0.09997562461101167
24513.934047212835,0.0628736627435501
24546.862101808656,0.029703033039848375
24579.790156404477,0.0024478213600975657
24612.718211000298,-0.018812133335803227
24645.64626559612,-0.034827191773392316
24678.57432019194,-0.046231225102952925
24711.502374787757,-0.05427196601561812
24744.430429383578,-0.059530741245803445
24777.3584839794,-0.0625837501498635
24810.286538575216,-0.06392690171714528
24843.214593171037,-0.06396220525374337
24876.142647766857,-0.06300307481435974
24909.07070236268,-0.06128258206071682
24941.9987569585,-0.05897899976236114
24974.92681155432,-0.05622815256840895
25007.85486615014,-0.05314227490913799
25040.78292074596,-0.04980854706905684
25073.710975341783,-0.04628367327546798
25139.56708453342,-0.038966767482971426
25172.49513912924,-0.035183668999583056
25205.42319372506,-0.03140378222641343
25271.2793029167,-0.023931577584683228
25402.991521299984,-0.009562277564327176
25435.919575895805,-0.006197573760940717
25468.847630491626,-0.0028833727914749528
25534.703739683267,0.00338411557151816
25567.63179427909,0.006331452754287628
25600.55984887491,0.009200738074022347
25666.415958066547,0.014535828815023327
25699.34401266237,0.01701163875773561
25732.272067258185,0.019372272237784267
25765.200121854006,0.021569738659037625
25798.128176449827,0.023675223142939614
25831.056231045648,0.025621055640757437
25863.98428564147,0.02743174388213443
25896.91234023729,0.029109904485074577
25929.84039483311,0.030634291209808633
25962.76844942893,0.032031321336748055
25995.696504024752,0.03327703596558528
26028.624558620573,0.03437874580779549
26061.552613216394,0.03533691345324007
26094.480667812215,0.0361453454172587
26127.408722408036,0.03680923999146436
26160.336777003853,0.03732331686415206
26193.264831599674,0.03768884105858826
26226.192886195495,0.03790382782934957
26259.120940791312,0.03796911005564137
26292.048995387133,0.03788349247066045
26324.977049982954,0.037645525195063555
26357.905104578775,0.03725828013159266
26390.833159174595,0.03671766213989394
26423.761213770416,0.03601965640224548
26456.689268366237,0.0351777984665626
26487.413933275755,0.03425495020367576
26518.13859818527,0.033191489403417346
26548.863263094783,0.03198382290010252
26579.5879280043,0.030675355313265498
26610.31259291382,0.029223410554827422
26641.037257823333,0.02762097861107002
26702.486587642365,0.024053716395549794
26733.211252551882,0.022074774640374384
26763.935917461396,0.01993165753358754
26825.38524728043,0.015337093870434675
26856.109912189946,0.012837585003808206
26886.83457709946,0.010156765701733624
26948.283906918492,0.004568488293478888
26979.00857182801,0.0015373012479289357
27009.733236737524,-0.001606927269188545
27071.182566556556,-0.00816483551853086
27194.08122619462,-0.02252556187142823
27224.805891104137,-0.02634867211701461
27255.53055601365,-0.030266025753981844
27316.979885832683,-0.03814198144419687
27347.7045507422,-0.042006387496828376
27378.429215651715,-0.045973489714633095
27439.878545470747,-0.05355084507355271
27470.603210380264,-0.05704583006639839
27501.32787528978,-0.060377543163311814
27532.052540199293,-0.06327844867527886
27562.77720510881,-0.06570878865535347
27593.50187001833,-0.06748808587163573
27624.226534927842,-0.06840696834732322
27654.951199837356,-0.06806248608101235
27685.675864746874,-0.0663400403274142
27716.400529656392,-0.0625883898992283
27747.125194565906,-0.056175659051020954
27777.84985947542,-0.046331046275016836
27808.574524384938,-0.0326593914318154
27839.299189294456,-0.01373639656954797
27870.02385420397,0.011092010621796725
27900.748519113484,0.042084135361405164
27931.473184023,0.07846409369916815
27962.19784893252,0.1167386525262335
27992.922513842033,0.15057909864079042
28023.647178751547,0.1707792898075377
28054.371843661065,0.16788556925834197
28085.096508570583,0.1382649773905538
28115.821173480097,0.08760145649744142
28146.54583838961,0.028936311175525805
28177.27050329913,-0.024922038568155194
28207.995168208647,-0.06604082708200945
28238.71983311816,-0.0924772336365504
28269.444498027675,-0.10603943040091152
28300.169162937193,-0.10990400762084122
28330.89382784671,-0.10715089765158095
28361.618492756228,-0.10027697285987922
28392.343157665746,-0.09109044632202587
28423.06782257526,-0.08071202316425376
28456.372261063778,-0.06908242845432912
28489.676699552292,-0.05765380475087305
28522.98113804081,-0.046798101695012154
28556.285576529328,-0.0364949920573687
28589.590015017846,-0.026971815468312798
28622.894453506364,-0.018265125849397816
28656.19889199488,-0.010361665048443592
28689.5033304834,-0.0031872716057879565
28722.807768971918,0.0032864825377994615
28756.112207460435,0.009103652591332122
28789.416645948953,0.014296299036513346
28822.72108443747,0.01894691983736263
28856.02552292599,0.02308981205445939
28889.329961414507,0.026691083982030128
28922.634399903025,0.02981058232232231
28955.938838391543,0.032586446091051345
28989.24327688006,0.034929902880953226
29022.54771536858,0.03688527921076616
29055.852153857097,0.03851059692347861
29089.156592345615,0.039828354300675016
29122.461030834133,0.04080154145061541
29155.76546932265,0.04154228750925678
29189.06990781117,0.041982553293711894
29222.374346299686,0.04219154437934005
29255.678784788204,0.042154835067142696
29288.983223276722,0.04190093820233644
29322.28766176524,0.041438214160468154
29355.592100253758,0.04077845100424709
29388.896538742276,0.03993572697604343
29422.200977230794,0.03891909634803779
29455.50541571931,0.03773850982448679
29488.80985420783,0.03640377789577042
29522.114292696348,0.034933618863470864
29555.418731184865,0.03331551544285384
29622.0276081619,0.02972743040233884
29655.33204665042,0.027762127548540096
29688.636485138937,0.02570837704810701
29755.245362115973,0.02130278633711454
29788.54980060449,0.018983530602227655
29821.85423909301,0.016593155162483025
29888.463116070045,0.011636419423980287
30021.680870024113,0.0012156802211387156
30054.98530851263,-0.001457784418282778
30088.289747001145,-0.004138231349873615
30154.89862397818,-0.009482415728585734
30288.116377932252,-0.019950399861203175
30321.42081642077,-0.022493981567948254
30354.72525490929,-0.02491578161713088
30421.334131886324,-0.02962184516430466
30454.638570374842,-0.03185290731471426
30487.94300886336,-0.03393088945086564
30554.551885840396,-0.037823199781363184
30587.24732239771,-0.039505955849413674
30619.942758955025,-0.04103858151750225
30652.638195512343,-0.04242129438156322
30685.333632069658,-0.043600282242428026
30718.029068626973,-0.04458492394304083
30750.72450518429,-0.04533831313729237
30783.419941741606,-0.04583880696214031
30816.11537829892,-0.0460792717728444
30848.810814856235,-0.04597461011329346
30881.50625141355,-0.045608433097091644
30914.201687970864,-0.04478117802601524
30946.89712452818,-0.043637949526897694
30979.592561085494,-0.04198026245559104
31012.28799764281,-0.0397989294786095
31044.983434200127,-0.03709847765098262
31077.67887075744,-0.03374357415310084
31110.374307314756,-0.02963650392957864
31143.069743872074,-0.02483936935331023
31175.76518042939,-0.01893763005800659
31208.460616986704,-0.012306424794059669
31241.15605354402,-0.004327277232195753
31273.851490101333,0.004892967486762347
31306.546926658648,0.015259304752882254
31339.242363215963,0.02736546888062576
31371.937799773277,0.041102216136040384
31404.633236330592,0.056002538616508946
31437.32867288791,0.07248680057202644
31470.024109445225,0.0897911653661678
31502.71954600254,0.10650101449176344
31535.414982559858,0.12083135124508425
31568.110419117173,0.12935786651415432
31600.805855674487,0.12717283597190376
31633.501292231802,0.10857987753033949
31666.196728789117,0.06915811097097091
31698.892165346435,0.010441248509010806
31731.58760190375,-0.0574666372870435
31764.283038461064,-0.11699030794541733
31796.978475018383,-0.1530856412448296
31829.673911575697,-0.16119441630323536
31862.369348133012,-0.14687367555862413
31895.064784690327,-0.11971324725703675
31927.76022124764,-0.08819845999359693
31960.45565780496,-0.057548720857288196
31993.151094362274,-0.030479298469166853
32025.84653091959,-0.00781872573540384
32058.541967476907,0.010500748524649064
32091.237404034222,0.02488663295250508
32123.932840591537,0.03587173553147388
32156.62827714885,0.04419970904763457
32189.323713706166,0.05017387522435768
32222.019150263484,0.054351058479174326
32254.7145868208,0.05698672406028181
32287.410023378114,0.058370646592633635
32320.105459935432,0.05880299885868418
32352.800896492747,0.05846117653317709
32385.49633305006,0.05744490212057439
32418.191769607376,0.055897733300848795
32450.88720616469,0.053923589029840915
32483.582642722005,0.05159730454145756
32516.27807927932,0.04899636728543095
32548.973515836635,0.046180126479461805
32581.66895239395,0.04317314871793918
32647.059825508582,0.0367912323905545
32677.55187237959,0.033671633024163664
32708.043919250602,0.030536759479842315
32769.028012992625,0.024167522885236506
32890.99620047667,0.011524042502709431
32921.48824734768,0.008460703107291561
32951.980294218694,0.005404600823399374
33012.96438796072,-0.00047876297574555617
33134.93257544476,-0.011369780262940823
33165.42462231577,-0.013899661277110025
33195.91666918677,-0.016316548951820914
33256.900762928795,-0.020860596513357553
33287.39280979981,-0.022964093875146384
33317.88485667082,-0.024975700095516442
33378.86895041284,-0.028636592349189395
33409.36099728385,-0.03029196915779901
33439.853044154865,-0.03181964778905865
33470.345091025876,-0.03321941491343105
33500.83713789689,-0.03449902631781665
33531.3291847679,-0.03564141836162346
33561.82123163891,-0.03664935414710344
33592.31327850992,-0.03752093518734417
33622.805325380934,-0.038250459408475046
33653.297372251945,-0.03883890222678355
33683.78941912296,-0.03928193003006251
33714.28146599397,-0.03957541664051593
33744.77351286498,-0.039720524532665204
33775.26555973599,-0.03971110279690256
33805.757606607,-0.03954505701770033
33836.24965347801,-0.0392265160742603
33866.74170034902,-0.03874346644050425
33897.23374722003,-0.038085612412632155
33927.725794091035,-0.03728734111765147
33958.21784096205,-0.03631302238774879
33988.70988783306,-0.035149745320535476
34019.20193470407,-0.03382526580990657
34049.69398157508,-0.03235362537379463
34080.18602844609,-0.03067675968534652
34110.678075317104,-0.028779082997331347
34141.170122188116,-0.026760121283183832
34171.66216905913,-0.024565906685817873
34202.15421593014,-0.02212647955322209
34232.64626280115,-0.01949636432600054
34263.13830967216,-0.016767171934302945
34293.63035654317,-0.013756440199015361
34354.6144502852,-0.00720250785258683
34385.10649715621,-0.003590705832434621
34415.59854402722,0.00022588133883410036
34476.58263776924,0.008410547557609487
34598.55082525328,0.026950239170343532
34631.62264570329,0.03260494829128639
34664.694466153305,0.03815179916195767
34730.838107053336,0.04984876944724505
34763.90992750335,0.05569924790261567
34796.98174795336,0.06148505595007171
34830.05356840337,0.066868681924319
34863.12538885338,0.07183776343009649
34896.1972093034,0.07599936337173632
34929.26902975341,0.07895284368169644
34962.34085020343,0.08011740654980234
34995.41267065344,0.07862928890860404
35028.484491103445,0.0734213035754313
35061.55631155346,0.06337696987875832
35094.628132003476,0.04639902475948787
35127.69995245349,0.020907289025172075
35160.77177290351,-0.014415766618758062
35193.843593353515,-0.05893256078055674
35226.91541380352,-0.10799138840279969
35259.98723425354,-0.1519637202533116
35293.05905470355,-0.17637454740281996
35326.13087515357,-0.17010191970998043
35359.202695603584,-0.13296440440842527
35392.27451605359,-0.07707180397797539
35425.3463365036,-0.019068800804249893
35458.418156953616,0.029462477571482862
35491.48997740363,0.06400862585743469
35524.56179785365,0.0851215434242
35557.63361830366,0.09547373808440167
35590.70543875367,0.09815523562547152
35623.77725920368,0.09567744923506791
35656.84907965369,0.0899672927010148
35689.92090010371,0.08237121094130978
35722.99272055372,0.07379046883857779
35789.13636145374,0.05567865641529442
35822.208181903756,0.04684328962617395
35855.28000235377,0.038509018655153146
35921.423643253795,0.02276743919022546
35954.4954637038,0.01565306947806493
35987.56728415382,0.009048861569503464
36020.63910460383,0.002934481540693021
36053.71092505385,-0.0027030022445408593
36086.782745503864,-0.007928152126121791
36119.85456595387,-0.012624099353337456
36152.92638640388,-0.016929077096717093
36185.998206853896,-0.020856533515486286
36219.07002730391,-0.02433615337864377
36252.14184775392,-0.02750031579031776
36285.21366820393,-0.03029903424909195
36318.28548865394,-0.032726635757008744
36351.35730910396,-0.034887532971117824
36384.42912955397,-0.036711348857088696
36417.50095000399,-0.03823698633523254
36450.572770454,-0.03950266523383901
36483.644590904005,-0.040479258461353994
36516.71641135402,-0.04120108574212164
36549.788231804036,-0.0416832233133604
36582.86005225405,-0.04191334132877564
36615.931872704066,-0.04193302977656802
36649.003693154074,-0.0417242471813846
36682.07551360408,-0.04131037043750786
36715.1473340541,-0.04069311995386225
36746.01576481781,-0.03994744037848878
36776.884195581515,-0.039035856839561574
36807.752626345224,-0.03797337831058684
36838.62105710893,-0.03676352828466819
36869.48948787264,-0.035408869655033405
36900.35791863635,-0.03392517275801966
36962.09478016377,-0.030565137811365155
36992.963210927475,-0.02871096199038474
37023.831641691184,-0.02674026483862932
37085.5685032186,-0.02249384361015684
37209.042226273436,-0.012931690012946515
37239.910657037144,-0.010358706555433264
37270.77908780085,-0.007731213392092128
37332.51594932827,-0.0022780667849789937
37455.989672383104,0.009038789270604025
37486.85810314681,0.011860720785921878
37517.72653391052,0.014718883621881748
37579.46339543794,0.020478783759079966
37702.937118492766,0.031451035343220024
37733.805549256474,0.03398903525073761
37764.673980020176,0.03649418708985428
37795.542410783884,0.03892506927306226
37826.41084154759,0.04116507153677102
37857.2792723113,0.04325396263988469
37888.14770307501,0.04522698417963432
37919.01613383872,0.0470096047012583
37949.88456460243,0.04851879865556186
37980.752995366136,0.049821214439374754
38011.621426129845,0.050819191746819606
38042.48985689355,0.05150056364502115
38073.35828765726,0.05184634841305913
38104.22671842097,0.05166798322892178
38135.09514918468,0.05112430819071059
38165.96357994839,0.04998817909439705
38196.832010712096,0.048131180883200696
38227.700441475805,0.0457557128708925
38258.56887223951,0.042150305079225195
38289.43730300322,0.03809013884348442
38320.30573376693,0.03238512991955548
38351.17416453064,0.02596647170956422
38382.04259529435,0.017340146923000576
38412.91102605806,0.007880599821099864
38443.779456821765,-0.00451243110423017
38474.647887585474,-0.01791635596937388
38505.51631834918,-0.03487859255165873
38536.38474911289,-0.05282848747760026
38567.2531798766,-0.07367483020197511
38598.12161064031,-0.09558245087987721
38628.99004140402,-0.11708456059656495
38659.858472167725,-0.1351172950101696
38690.726902931434,-0.1449676388965394
38724.175107274146,-0.13923457909303885
38757.62331161686,-0.1093578057021916
38791.07151595957,-0.0540547205782913
38824.519720302276,0.016740404466385368
38857.96792464498,0.08411471782299079
38891.416128987694,0.13084330789140286
38924.864333330406,0.1500457709009541
38958.31253767312,0.1461748253869588
38991.76074201583,0.12771129767922373
39025.208946358536,0.10256160094235833
39058.65715070124,0.07606033676162972
39092.105355043954,0.05117613129711042
39125.553559386666,0.029225189022458235
39159.00176372938,0.010492280185899268
39192.44996807209,-0.005036519307921684
39225.898172414796,-0.017702845670646165
39259.3463767575,-0.027934924078706236
39292.794581100214,-0.035830610216675746
39326.242785442926,-0.04208712525139189
39359.69098978564,-0.046830028772968324
39393.13919412835,-0.05018898669258357
39426.587398471056,-0.05241045222994137
39460.03560281376,-0.053853406003917095
39493.48380715647,-0.05445902702583554
39526.932011499186,-0.05438315914430205
39560.3802158419,-0.05375277204410042
39593.82842018461,-0.05265457546147221
39627.276624527316,-0.05114341758186656
39660.72482887002,-0.049289940361628384
39694.17303321273,-0.04712776707530533
39727.621237555446,-0.04472760307867611
39761.06944189816,-0.04212096528409185
39794.51764624087,-0.039316439459550497
39827.96585058358,-0.03639314091708133
39894.862259269,-0.03016890426880834
40028.65507663984,-0.016975219154797157
40062.103280982556,-0.013656216262558016
40095.55148532526,-0.010278597988842087
40162.44789401068,-0.003661183559356942
40296.24071138152,0.008976344638991638
40329.688915724226,0.011971864419126461
40363.13712006694,0.014854688266862365
40430.03352875236,0.020327422292736923
40463.481733095075,0.022892213981024576
40496.92993743778,0.02533162899905327
40563.8263461232,0.029807866294989424
40597.27455046591,0.03182223584524
40630.72275480862,0.0336853852380551
40664.170959151335,0.03538932256662265
40697.61916349404,0.03691707083283568
40731.067367836746,0.038268302128240006
40764.51557217946,0.03943901960385757
40797.96377652217,0.04041147117339182
40831.41198086488,0.04118318821701346
40864.25118327639,0.041741843898167874
40897.0903856879,0.04208529597214393
40929.9295880994,0.04221908806684591
40962.76879051091,0.04212924760438846
40995.60799292242,0.04179061091707074
41028.44719533392,0.04122938569023885
41061.28639774543,0.04042538968979941
41094.12560015694,0.03933137174151584
41126.96480256845,0.037970396423557595
41159.80400497996,0.03638910808765003
41192.64320739147,0.034463442444979724
41225.48240980298,0.03217660421443937
41258.32161221449,0.029733946054255223
41291.160814626,0.026866577708042134
41324.0000170375,0.023642936732414185
41356.83921944901,0.020190732709455966
41389.67842186052,0.016199051755715444
41422.51762427202,0.011991025560865272
41455.35682668353,0.007320068498982197
41488.19602909504,0.0022431994903587375
41521.03523150655,-0.0031895918976046402
41553.874433918056,-0.009201235409090167
41619.552838741074,-0.02235384368704895
41652.39204115258,-0.029347549581529013
41685.23124356409,-0.036983420388993625
41750.9096483871,-0.05305532350145707
41783.74885079861,-0.06158418226799127
41816.588053210115,-0.06979264527346918
41849.427255621624,-0.07778300735170501
41882.26645803313,-0.08503647340815473
41915.10566044464,-0.09080074728430677
41947.94486285615,-0.09413991738617508
41980.78406526765,-0.0935841229231259
42013.62326767916,-0.08728090883268126
42046.46247009067,-0.07269435417371672
42079.30167250217,-0.04719132652369087
42112.14087491368,-0.008563929921149419
42144.98007732519,0.042292628891224295
42177.8192797367,0.09921066780028617
42210.65848214821,0.14966083135469951
42243.49768455972,0.17740577241162092
42276.33688697123,0.17265203605261503
42309.17608938274,0.13851441164060896
42342.01529179425,0.08819884380438672
42374.85449420575,0.036240797658706095
42407.69369661726,-0.00821049755986597
42440.53289902877,-0.041524304789653896
42473.37210144027,-0.06415605198555638
42506.21130385178,-0.0778812825660067
42539.05050626329,-0.08478756005927886
42571.8897086748,-0.08678358731988825
42604.728911086306,-0.08535528166115829
42637.568113497815,-0.08162536625883329
42670.407315909324,-0.0763907902852519
42703.24651832083,-0.07015877729965506
42736.08572073234,-0.06346117727984112
42801.76412555535,-0.049374415085790296
42933.12093520138,-0.02252710391049817
42963.756747926585,-0.016836290937095617
42994.39256065179,-0.011449667115227644
43025.02837337699,-0.006286644015966007
43055.66418610219,-0.00137770486526443
43086.299998827395,0.0031260566220292357
43116.9358115526,0.007531776972034308
43178.20743700301,0.015331976021430927
43208.84324972822,0.01883910652213308
43239.47906245342,0.022055923258079334
43270.114875178624,0.02505654003541635
43300.75068790383,0.027755427570080676
43331.38650062903,0.030246261607292997
43362.02231335423,0.03246236850952094
43392.658126079434,0.03445992105917898
43423.293938804636,0.03618044132844099
43453.92975152984,0.03772272151306045
43484.56556425504,0.03900517709648593
43515.20137698024,0.04007660248438559
43545.837189705446,0.040928818563529784
43576.47300243065,0.041562277009709804
43607.10881515585,0.041996348610524155
43637.74462788105,0.042219452940467854
43668.38044060626,0.04224743066548581
43699.01625333147,0.042077839961017924
43729.652066056675,0.04171885904040738
43760.28787878188,0.041172143471030556
43790.92369150708,0.04044543812718288
43821.55950423228,0.039538495946926266
43852.195316957484,0.0384593544726508
43882.83112968269,0.037214127994451285
43913.46694240789,0.03580095561721158
43944.10275513309,0.03423145740357762
43974.738567858294,0.03250670854890052
44005.3743805835,0.030629332557081543
44036.0101933087,0.02861034001626339
44066.6460060339,0.026453209616960387
44097.281818759104,0.024152431737918353
44158.553444209516,0.019188087540153376
44189.189256934726,0.016517653098327274
44219.82506965993,0.01371359132838042
44281.09669511033,0.007879875013863499
44403.63994601114,-0.004907535556490413
44434.275758736345,-0.008323427558430383
44464.91157146155,-0.01166745457302704
44526.18319691196,-0.01865358658264027
44556.81900963717,-0.0221096347749313
44587.45482236237,-0.025562335096825234
44648.726447812776,-0.03255159232810342
44679.36226053798,-0.03587392222095221
44709.99807326318,-0.03921677535862136
44740.63388598838,-0.04241688610182877
44771.269698713586,-0.045465301211172114
44801.90551143879,-0.048420669301421436
44832.54132416399,-0.051079334202019114
44863.17713688919,-0.053539905359581745
44893.8129496144,-0.055666786205445004
44927.02853591861,-0.05757330687320487
44960.24412222281,-0.05891201564269776
44993.459708527014,-0.05964005944354757
45026.67529483122,-0.05950139738009653
45059.89088113543,-0.058413394910797924
45093.10646743963,-0.05618123015455478
45126.32205374384,-0.052252153075364925
45159.537640048045,-0.046838346167534295
45192.75322635225,-0.039078946598267314
45225.96881265646,-0.028496069784801063
45259.18439896066,-0.01481733402859231
45292.39998526486,0.0024338063536253965
45325.61557156907,0.024098170336096868
45358.83115787327,0.05023540821037783
45392.046744177474,0.08010358832282718
45425.26233048168,0.1116464844312879
45458.47791678589,0.14020105220672388
45491.69350309009,0.15812016289112613
45524.9090893943,0.15513985041425646
45558.124675698506,0.12352831454117766
45591.34026200271,0.0648635731569139
45624.55584830692,-0.0068500689647335074
45657.77143461112,-0.07173949202653584
45690.98702091532,-0.11567339058966272
45724.20260721953,-0.1355153531388732
45757.41819352373,-0.13601544008299998
45790.633779827935,-0.12409375400058326
45823.84936613214,-0.10581265411383518
45857.06495243635,-0.08516879346822104
45890.28053874055,-0.06483164612852789
45923.49612504476,-0.045815697627775445
45956.711711348966,-0.028589391556269293
45989.92729765317,-0.013610833428771382
46023.14288395738,-0.0007874868067127838
46056.358470261584,0.010160004080966498
46089.57405656579,0.019440935337656076
46122.78964287,0.027129027821024426
46156.0052291742,0.0334573711485218
46189.2208154784,0.03866395329047531
46222.43640178261,0.042752978815951685
46255.651988086815,0.04589545156300634
46288.86757439101,0.04821492908945819
46322.08316069522,0.04982958503102114
46355.298746999426,0.05083432177087739
46388.51433330363,0.051245876374385754
46421.72991960784,0.05115163758540675
46454.945505912045,0.050631438144599666
46488.16109221625,0.04970633322277695
46521.37667852046,0.04842930333064501
46554.59226482466,0.04683813310029751
46587.80785112887,0.04497446410607768
46621.023437433076,0.04286049732813155
46654.23902373728,0.04052228185868992
46687.45461004149,0.03800695295743749
46753.88578264989,0.03247286320984354
46787.1013689541,0.029506982131795447
46820.3169552583,0.026434679984790196
46886.74812786671,0.02003985107834365
47019.610473083536,0.006691514875398668
47050.622669701435,0.0035563388006827137
47081.634866319335,0.00040794798376846825
47143.65925955514,-0.0057770565055992
47174.67145617305,-0.008828543244352519
47205.68365279095,-0.01181822855744179
47267.708046026746,-0.017607299133466633
47298.720242644646,-0.02038280510230355
47329.732439262545,-0.023073479264211567
47391.756832498344,-0.02814035578587802
47422.76902911624,-0.030504962130456184
47453.78122573414,-0.03274887863942086
47515.80561896995,-0.03677679029193142
47546.817815587856,-0.03857328486911095
47577.830012205755,-0.04017750631680647
47608.842208823655,-0.041612035061424794
47639.854405441554,-0.04285980076734509
47670.866602059454,-0.04388832106506714
47701.87879867735,-0.04470789346128473
47732.89099529525,-0.04530104953780339
47763.90319191315,-0.045630346986477124
47794.91538853105,-0.0457180800819156
47825.92758514895,-0.04553702188881726
47856.93978176685,-0.04503124925976075
47887.95197838476,-0.0442442860617136
47918.964175002664,-0.04315236494257333
47949.97637162056,-0.04164117263068821
47980.98856823846,-0.03980138563313995
48012.00076485636,-0.037608700507109266
48043.01296147426,-0.03485913516213349
48074.02515809216,-0.0318612178631926
48105.03735471006,-0.028257009878051353
48136.04955132797,-0.024128241602601404
48167.061747945874,-0.019578752142887845
48198.073944563774,-0.014255264069972767
48229.08614118167,-0.008588189049313962
48260.09833779957,-0.0018786482311171394
48291.11053441747,0.004998315086434297
48322.12273103537,0.013171395150744641
48353.13492765327,0.02151121158105461
48384.14712427117,0.03097780223148887
48415.15932088907,0.041037523686626165
48446.17151750697,0.05171717151358926
48508.195910742776,0.07460010747897985
48539.20810736068,0.08613303450333176
48570.22030397858,0.09675305300212095
48601.23250059648,0.10545238568862637
48632.24469721438,0.11068659519993593
48663.25689383228,0.11008298885053111
48694.26909045018,0.10053775694704975
48725.28128706808,0.0786886150418735
48756.29348368598,0.04196427382991476
48787.30568030388,-0.010003554751643468
48818.31787692178,-0.07065876958896894
48849.33007353968,-0.12795002472478947
48880.342270157584,-0.16637507855637212
48911.35446677549,-0.1762179180234588
48942.36666339339,-0.15836616932336128
48973.37886001129,-0.12234857981884312
49004.39105662919,-0.07945089387420123
49034.794251315885,-0.038860343739327896
49065.19744600258,-0.0042164000421372055
49095.600640689285,0.023300509633464764
49126.00383537598,0.043789061576420776
49156.40703006268,0.058243666362643456
49186.81022474938,0.06779101720950312
49217.21341943608,0.07340914961677501
49247.61661412277,0.0760965910928716
49278.01980880948,0.07652477226134725
49308.42300349617,0.07523773234711209
49338.82619818287,0.0726869384611796
49369.22939286957,0.06921405308460675
49399.63258755627,0.06507310163135327
49430.035782242965,0.060470692943343646
49490.842171616365,0.050409936695837695
49521.24536630306,0.04516028989016905
49551.648560989765,0.03988336391214553
49612.45495036316,0.02943806505962958
49642.85814504986,0.024261856140077854
49673.26133973656,0.019290290709789815
49734.06772910996,0.009679951522052123
49764.47092379665,0.005150941959468771
49794.87411848335,0.0007496818358631654
49855.68050785675,-0.007427617761348862
49886.083702543445,-0.011206674637609418
49916.48689723015,-0.014806553290223297
49977.29328660354,-0.021374164762560488
50007.69648129024,-0.024317210710996302
50038.09967597693,-0.027090924564155325
50068.50287066364,-0.02960663353863452
50098.90606535033,-0.03194315004235962
50129.30926003703,-0.034043976005203876
50159.71245472373,-0.035929950960112
50190.11564941043,-0.03760549416611971
50220.518844097125,-0.039050046850678484
50250.92203878383,-0.040296289063253735
50281.325233470525,-0.04131473833177779
50311.72842815722,-0.04212167787147819
50342.131622843925,-0.042711742010868206
50372.53481753062,-0.04308747697648656
50402.93801221732,-0.043249765940651316
50433.34120690402,-0.04319912093541473
50463.74440159072,-0.042938433902043646
50494.14759627741,-0.04246605717543821
50524.55079096412,-0.04178672232282475
50554.95398565081,-0.04089942032314874
50585.35718033751,-0.039802477265245606
50615.76037502421,-0.03851164460918475
50646.16356971091,-0.03701486983885835
50676.566764397605,-0.035308117268564664
50706.96995908431,-0.03342024485108658
50737.373153771005,-0.03133980202873858
50767.7763484577,-0.029048313150043033
50798.179543144404,-0.026567810076253716
50828.5827378311,-0.02394113488348327
50858.9859325178,-0.02110111396858838
50889.3891272045,-0.018041826003177053
50950.19551657789,-0.011565598973748151
50983.17848484359,-0.007693275114035891
51016.16145310929,-0.0037100573839555905
51082.12738964069,0.004817317998306644
51214.05926270349,0.023456301932952624
51247.04223096919,0.02836769967657625
51280.02519923489,0.03340326520156561
51345.99113576629,0.04326836628169954
51378.97410403199,0.04798370921023072
51411.95707229769,0.052714411627408864
51444.94004056339,0.05705159081390742
51477.92300882909,0.06114237273414075
51510.90597709479,0.06465047312865016
51543.88894536049,0.067510533080306
51576.87191362619,0.06950681920214095
51609.85488189189,0.07025100796264916
51642.83785015759,0.0694039830747654
51675.82081842329,0.066651023669639
51708.80378668899,0.06112350075555255
51741.78675495469,0.05190922583775535
51774.769723220394,0.038863654197582885
51807.752691486094,0.0201677611270698
51840.735659751794,-0.004961834819433193
51873.718628017494,-0.03686809821109198
51906.701596283194,-0.07477038114794435
51939.684564548894,-0.11552336866638005
51972.667532814594,-0.15146377834894975
52005.6505010803,-0.17118114852658362
52038.63346934601,-0.1629120120913255
52071.61643761171,-0.12228208817838536
52104.59940587741,-0.05832244067902178
52137.58237414311,0.010117209227906307
52170.56534240881,0.06647767373329645
52203.54831067451,0.102917111489792
52236.53127894021,0.12002245133976308
52269.51424720591,0.12245258578962102
52302.49721547161,0.11534176654865935
52335.48018373731,0.10285449564514504
52368.46315200301,0.08783988811644192
52401.44612026871,0.07212084637428642
52434.42908853441,0.05667021936909421
52467.41205680011,0.04216196395212232
52500.39502506581,0.02888260497932373
52533.37799333151,0.01686369035315651
52566.36096159721,0.006031825438615312
52599.34392986291,-0.003580675466970676
52632.32689812861,-0.011884399763301638
52665.30986639431,-0.019116915950260212
52698.29283466001,-0.025506547672323552
52731.27580292571,-0.030874607552992345
52764.25877119141,-0.0353433826430202
52797.24173945711,-0.039204700428348935
52830.22470772281,-0.04229838443245764
52863.20767598851,-0.04472132804671063
52896.19064425421,-0.04659600506617596
52929.17361251991,-0.047930941895717144
52962.15658078561,-0.04875409230937851
52995.13954905131,-0.049135125068476046
53028.12251731701,-0.049095039556718456
53061.10548558271,-0.048667283546563835
53091.88506416211,-0.04795197313255103
53122.6646427415,-0.04694682614627572
53153.4442213209,-0.045680053283605096
53184.2237999003,-0.04416644282256523
53215.00337847969,-0.042428242650469156
53245.782957059084,-0.04048093646567806
53276.562535638484,-0.0383422906035343
53307.34211421788,-0.03602820654239541
53338.12169279727,-0.033553539371353434
53368.90127137667,-0.030926997110007973
53430.46042853546,-0.025309049653345427
53553.578742853046,-0.012910802260162113
53584.358321432446,-0.009645598050215707
53615.13790001184,-0.0063366504149584306
53676.69705717063,0.00035946838153570054
53799.815371488214,0.013706015724603896
53830.59495006761,0.016972542595136905
53861.37452864701,0.02020397587948299
53892.1541072264,0.023281811698888388
53922.933685805794,0.026307063050082728
53953.713264385195,0.02926284335783926
53984.49284296459,0.032127771647862895
54015.27242154398,0.03487585944428763
54046.05200012338,0.04465472209184031
54076.83157870278,0.0397861106477454
54107.611157282176,0.041993085933322974
54138.39073586157,0.0440223355915262
54169.17031444097,0.04581123268322076
54199.94989302036,0.047361384029177535
54230.729471599756,0.048655026368705195
54261.50905017916,0.049646539078976266
54292.28862875855,0.050319162185868065
54323.06820733794,0.05065247920783124
54353.84778591734,0.0505812938108838
54384.62736449674,0.05012238084161225
54415.40694307613,0.0491662974169423
54446.18652165553,0.0477386321271171
54476.966100234924,0.045729621664319146
54507.74567881432,0.043111883018006496
54538.52525739372,0.03983627312783507
54569.30483597311,0.03571194692110594
54600.084414552504,0.03094749119355402
54630.863993131905,0.025190103056940867
54661.6435717113,0.018286247755751828
54692.42315029069,0.010534418439750594
54723.20272887009,0.0015085241522412446
54753.982307449485,-0.008860940501167362
54784.76188602888,-0.02068954037830903
54815.54146460828,-0.03391384915847644
54846.32104318767,-0.04841692528354785
54877.100621767066,-0.064211191992402
54907.880200346466,-0.08084031755586639
54938.65977892586,-0.09754137494920384
54969.43935750525,-0.11294703881849501
55000.21893608465,-0.12482168125485509
55030.99851466405,-0.1297763081861478
55064.35786682245,-0.1221794616067299
55097.71721898085,-0.09502218010476061
55131.076571139245,-0.044972463784572175
55164.43592329764,0.023345359820774472
55197.79527545604,0.09406307143491949
55231.154627614436,0.1470684073783184
55264.51397977283,0.16860500645401832
55297.87333193123,0.1594351947099434
55331.23268408963,0.13006519792509663
55364.592036248025,0.092339142337916
55397.95138840642,0.05473801014815241
55431.31074056482,0.021661421965892994
55464.670092723216,-0.005343119014178485
55498.02944488161,-0.02632540298162374
55531.38879704001,-0.04196106951586285
55564.74814919841,-0.05304212885079608
55598.107501356804,-0.06062093772914427
55631.4668535152,-0.06528859657197258
55664.8262056736,-0.06761906671205316
55698.185557831996,-0.06816649178307503
55731.54490999039,-0.06736625488447433
55764.90426214879,-0.06546083123456839
55798.26361430719,-0.06270305888346431
55831.622966465584,-0.05929816395963113
55864.98231862398,-0.05541173841327735
55898.34167078238,-0.05110010981571147
55965.06037509917,-0.04182893982816527
56098.49778373277,-0.0220590146908177
56131.85713589117,-0.01713950720499061
56165.21648804957,-0.012322657478466899
56231.93519236636,-0.002959428592063871
56265.29454452476,0.0015106298626839714
56298.65389668316,0.005813012045079722
56365.37260099995,0.01390853254135885
56398.73195315835,0.017709409016887646
56432.091305316746,0.02125633504764554
56465.45065747514,0.024609852810518806
56498.81000963354,0.0277303020269803
56532.16936179194,0.030611409127624025
56565.528713950334,0.03326263741170792
56598.88806610873,0.03565082528704941
56632.24741826713,0.0377978594174785
56665.606770425526,0.0396746569216062
56698.96612258392,0.04128534400287869
56732.32547474232,0.04262150761872882
56765.68482690072,0.043678460721349864
56799.044179059114,0.04444884347206711
56832.40353121751,0.044931637696284714
56865.76288337591,0.04511774617975333
56899.122235534305,0.045003786266782746
56932.4815876927,0.044591238854496125
56965.8409398511,0.04386388168383382
56999.2002920095,0.042815017525068735
57032.55964416789,0.04147886275186803
57065.91899632629,0.03980727520288507
57099.27834848469,0.037776001745026204
57132.637700643085,0.03547630376547555
57165.99705280149,0.032846751599295045
57198.74740302868,0.02988271750414863
57231.497753255884,0.026586104563085248
57264.24810348308,0.023098024705167183
57296.99845371027,0.019188732859519927
57329.748803937466,0.014833819423609514
57362.49915416466,0.010379512676812896
57427.99985461905,0.0002792016914723947
57460.75020484624,-0.005298476562022564
57493.500555073435,-0.010933702973795317
57559.00125552783,-0.023484617846854534
57690.00265643661,-0.05067114291315914
57722.75300666381,-0.05756105027205806
57755.503356891,-0.06423369883297284
57788.2537071182,-0.07054638249909206
57821.004057345395,-0.07609452306477715
57853.75440757259,-0.08054325051621382
57886.50475779979,-0.08341756998486165
57919.255108026984,-0.08387278003786822
57952.00545825418,-0.08091402715828895
57984.75580848137,-0.07346837059324413
58017.506158708566,-0.059535804925048216
58050.25650893576,-0.03763663158908613
58083.00685916295,-0.006024650396011369
58115.75720939015,0.03571593451388061
58148.50755961734,0.08485038677847216
58181.25790984454,0.13436299413486602
58214.008260071736,0.17049748041048615
58246.75861029893,0.17904138739169623
58279.50896052613,0.15294593380156385
58312.259310753325,0.09929864264126824
58345.00966098052,0.03536929615231024
58377.76001120771,-0.022392123972053403
58410.51036143491,-0.06535077996974825
58443.2607116621,-0.09202180470363937
58476.011061889294,-0.10494528703886623
58508.76141211649,-0.10782064815207465
58541.51176234368,-0.10397322807714812
58574.26211257088,-0.09598509358673571
58607.01246279808,-0.08569708088858768
58639.76281302527,-0.07426586633205873
58672.51316325247,-0.0625040334732018
58738.01386370686,-0.03982075380783323
58770.76421393405,-0.029237864271739314
58803.51456416125,-0.019368711856361367
58836.26491438845,-0.010440024579620566
58869.01526461564,-0.002041701999648215
58901.765614842836,0.0055159926565776715
58934.51596507004,0.012215512373703882
58967.26631529723,0.018453958571879803
59000.016665524425,0.02388780618726362
59032.76701575162,0.0286628939103992
59065.51736597881,0.03291651922148746
59098.267716206006,0.036526279587296734
59131.0180664332,0.03960864053537216
59163.768416660394,0.042193962221566975
59196.51876688759,0.0442386967056555
59229.26911711479,0.04587495496516386
59262.01946734198,0.04702118714000173
59292.56642788288,0.04774970165384121
59323.113388423764,0.0481029008575843
59353.66034896466,0.048142809001446955
59384.20730950555,0.04785739368558927
59414.75427004644,0.04727605042077092
59445.301230587334,0.04640997704138245
59475.84819112823,0.0452689550053245
59506.395151669116,0.043876840131878016
59536.94211221,0.042232172871468555
59567.4890727509,0.04036134395115071
59598.03603329179,0.0382871160399723
59628.58299383268,0.03597947836004372
59659.129954373566,0.03349423848840844
59689.67691491446,0.030828751150243954
59750.77083599624,0.02500233804864823
59781.31779653713,0.021864479801452702
59811.86475707802,0.01860320690373533
59872.958678159805,0.011723301707714542
59995.14652032337,-0.003009416526372507
60025.693480864255,-0.006837263139798268
60056.24044140515,-0.010686840408975249
60117.33436248693,-0.018303819106047288
60239.52220465049,-0.033122750808915045
60270.06916519138,-0.036641327039443006
60300.616125732275,-0.039939596343733175
60331.16308627317,-0.04307529007619912
60361.710046814056,-0.04606892297736441
60392.25700735494,-0.04880057909460817
60422.80396789584,-0.05121864280898
60453.35092843673,-0.05336886015240969
60483.89788897762,-0.05512187505904309
60514.444849518506,-0.05648217791955672
60544.9918100594,-0.05731978874303812
60575.538770600295,-0.057652627332223615
60606.08573114118,-0.057304263563309206
60636.63269168207,-0.056268915646086104
60667.17965222296,-0.0543536402643412
60697.72661276386,-0.05147918790536912
60728.273573304745,-0.047534221453106054
60758.82053384563,-0.042186083828882656
60789.367494386526,-0.03546739574200245
60819.91445492742,-0.027100111744675328
60850.46141546831,-0.01645025082631141
60881.008376009195,-0.0042053233217302435
60911.55533655009,0.010992111847207341
60942.10229709098,0.02839072030317812
60972.64925763187,0.04848488098831066
61003.19621817276,0.07102472197571952
61033.74317871365,0.09469687596957038
61064.29013925455,0.1179829560903889
61094.83709979543,0.13742324271934894
61125.38406033632,0.14793915046505535
61155.931020877215,0.14291052218971015
61186.47798141811,0.1161343800813851
61217.024941958996,0.0661008429423704
61250.15167607889,-0.006516845647022743
61283.27841019878,-0.07934543058392805
61316.405144318676,-0.1322174892981382
61349.53187843857,-0.15548754779439322
61382.65861255846,-0.1521942293518391
61415.785346678356,-0.1315624627566039
61448.91208079825,-0.10285261313653218
61482.03881491814,-0.07257960171542124
61515.16554903803,-0.04420994859787799
61548.29228315792,-0.019565474650046953
61581.41901727782,0.0012068112843533069
61614.54575139771,0.018088232657124517
61647.6724855176,0.03131526693625586
61680.7992196375,0.04159379427318953
61713.92595375739,0.049314035720111865
61747.05268787728,0.05486845702053924
61780.17942199717,0.058611612175095626
61813.30615611706,0.06084507850323205
61846.43289023696,0.061808276684627336
61879.55962435685,0.061697763737503256
61912.68635847674,0.06075195257799399
61945.81309259664,0.05905466438092527
61978.93982671653,0.0567419675580946
62012.06656083642,0.05392115593618757
62045.19329495631,0.05068393387791027
62078.3200290762,0.04709418575177554
62144.57349731599,0.039153841951709706
62177.70023143588,0.03485501909876319
62210.82696555578,0.030477601096519237
62277.08043379556,0.02142239075909598
62310.207167915454,0.016851581431844204
62343.333902035345,0.012264965940311233
62409.587370275134,0.003216815969422887
62442.714104395025,-0.0011848373365162222
62475.84083851492,-0.005521499583464014
62542.094306754705,-0.013802344554097071
62575.221040874596,-0.017737439602601515
62608.34777499449,-0.021484746965907832
62641.474509114385,-0.02506598925775692
62674.601243234276,-0.028437174013695072
62707.72797735417,-0.03159572285911738
62740.854711474065,-0.03452160773578742
62773.981445593956,-0.03720422206334372
62807.10817971385,-0.03962448996000393
62840.23491383374,-0.04177419339663444
62873.36164795363,-0.04363509569727471
62906.48838207353,-0.04518489974854321
62939.61511619342,-0.04642996712501359
62972.74185031331,-0.04734242771388861
63005.86858443321,-0.047896470777782925
63038.9953185531,-0.04810534269477446
63072.12205267299,-0.047938567312403674
63105.24878679288,-0.047351368712277506
63138.37552091277,-0.04637808189418594
63171.50225503266,-0.04500509890270949
63204.62898915255,-0.04314120499088288
63237.75572327244,-0.04082157228063035
63270.882457392334,-0.03810947766701184
63304.00919151223,-0.03479604937234903
63337.13592563212,-0.03095434732969761
63368.059270065714,-0.02702732561193325
63398.9826144993,-0.022446655552210357
63429.90595893289,-0.017499273791277695
63460.82930336648,-0.012022933503175796
63491.752647800065,-0.005748956906703767
63522.67599223366,0.0005757357884429645
63584.52268110083,0.015323145936745011
63615.44602553442,0.023667977740873397
63646.36936996801,0.03217341129611009
63708.21605883518,0.05080936056968376
63739.13940326877,0.06067249750720822
63770.06274770236,0.07023531574831994
63800.98609213595,0.07968750127524288
63831.909436569535,0.08830350823583394
63862.83278100312,0.09538199586462255
63893.75612543671,0.09997848133705015
63924.6794698703,0.10072296624448326
63955.602814303886,0.09553554573938479
63986.52615873747,0.08214097583543656
64017.44950317106,0.05803833570445006
64048.37284760465,0.020890206116443634
64079.29619203824,-0.02866059746625472
64110.21953647182,-0.0856393577266983
64141.14288090541,-0.13975302319677668
64172.066225339004,-0.1753008458135021
64202.98956977259,-0.18082786804194048
64233.91291420618,-0.1551752522010254
64264.83625863977,-0.108530506596764
64295.759603073355,-0.05483628073052042
64326.682947506946,-0.00522340476774627
64357.60629194054,0.03408782579880695
64388.52963637412,0.062305661579514116
64419.45298080771,0.08020282473089269
64450.376325241305,0.09005470800327312
64481.29966967489,0.09374258997327038
64512.22301410848,0.09301254467373293
64543.14635854207,0.08924168246742592
64574.069702975656,0.08341983581938606
64604.99304740924,0.07628931666501429
64635.91639184283,0.06838285904710345
64697.76308071001,0.05162798534558894
64728.68642514359,0.043245076202255345
64759.60976957718,0.03503547094807907
64821.45645844436,0.019395264557711102
64852.37980287794,0.012169586311401314
64883.30314731153,0.005333455901307627
64914.226491745125,-0.0011459693031398745
64945.14983617871,-0.007177153365198082
64976.07318061229,-0.012695764079242673
65006.996525045884,-0.017913360949787255
65037.919869479476,-0.022591712043995224
65068.84321391306,-0.02693180666228283
65099.766558346644,-0.030799026451205802
65130.689902780236,-0.03427662726555167
65161.61324721383,-0.037345899608064295
65192.53659164741,-0.04000583564924166
65223.459936081,-0.04229732719692608
65254.383280514594,-0.044182649500674964
65285.30662494818,-0.04572418225100181
65316.22996938177,-0.046877193485843495
65346.54431188415,-0.04767392730211524
65376.85865438654,-0.048132389689652284
65407.17299688893,-0.04826115409897647
65437.487339391315,-0.048076218423007064
65467.8016818937,-0.04757752753860186
65498.116024396084,-0.04677798954403192
65528.430366898465,-0.04568189098497467
65558.74470940085,-0.0443036116084333
65589.05905190323,-0.04264299924572036
65619.37339440561,-0.04071613954096005
65649.687736908,-0.03852728167250109
65680.00207941039,-0.0360915795311427
65710.31642191278,-0.033409128814784445
65740.63076441517,-0.03049554417022389
65801.25944941994,-0.024030706636907796
65831.57379192233,-0.02045996091863838
65861.88813442472,-0.01674290521523656
65922.5168194295,-0.008784288563378075
66043.77418943903,0.008813334194210312
66074.08853194141,0.013553736974579653
66104.4028744438,0.018177596652845032
66165.03155944857,0.02769186553962822
66195.34590195096,0.03237166768591053
66225.66024445335,0.0369900577635146
66286.28892945813,0.04600359687965913
66316.60327196051,0.05020087708234795
66346.9176144629,0.054225684499205104
66377.23195696529,0.057780444654352156
66407.54629946768,0.06102591810955135
66437.86064197007,0.06368851113327371
66468.17498447245,0.06574755797402876
66498.48932697484,0.06699944849320208
66528.80366947722,0.0672922738197166
66559.11801197959,0.0664102017822411
66589.43235448198,0.06406497298997582
66619.74669698437,0.06000630450414148
66650.06103948675,0.053623674108770156
66680.37538198914,0.045046939876526144
66710.68972449153,0.03307575221639795
66741.00406699392,0.01757682707707863
66771.3184094963,-0.0018687894323805507
66801.6327519987,-0.026101989589243833
66831.94709450108,-0.054477490618594776
66862.26143700347,-0.08625775880203063
66892.57577950585,-0.11882720525588614
66922.89012200822,-0.14721169438330334
66953.2044645106,-0.16385161521933578
66983.518807013,-0.15970028087617427
67013.83314951538,-0.12872528553793455
67044.14749201777,-0.07259528208216093
67074.46183452016,-0.003426721938456452
67104.77617702255,0.06170560644499527
67135.09051952494,0.10969403133708887
67165.40486202732,0.1355414181639296
67195.71920452971,0.14168185749793272
67226.0335470321,0.13376750617579217
67256.34788953447,0.11750844530540779
67289.24200561587,0.09547085540370992
67322.13612169726,0.07235501913181075
67355.03023777864,0.05034180971202236
67387.92435386003,0.03022273892944482
67420.81846994141,0.012589549695999291
67453.7125860228,-0.0025218617132468577
67486.60670210418,-0.015286677783784348
67519.50081818557,-0.026244216264211705
67552.39493426695,-0.03467794443158541
67585.28905034834,-0.041857932395376926
67618.18316642972,-0.04734489511487619
67651.07728251112,-0.05137951046970062
67683.97139859252,-0.054449468205698376
67716.8655146739,-0.05637047868932433
67749.75963075529,-0.05736044329891671
67782.65374683667,-0.05758902898058562
67815.54786291806,-0.05707980581914057
67848.44197899944,-0.05594318516117715
67881.33609508083,-0.054254927690711933
67914.23021116223,-0.05209392201420661
67947.12432724363,-0.049473455815186924
67980.01844332501,-0.04650557463112153
68012.9125594064,-0.043193630838369426
68045.80667548778,-0.0396098722962932
68078.70079156916,-0.035787676873485
68111.59490765055,-0.03174887926687997
68177.38313981332,-0.023215487054965525
68308.95960413887,-0.005122044928617449
68341.85372022027,-0.0005463975970502691
68374.74783630166,0.003993571636296053
68440.53606846443,0.012888826005494885
68473.43018454581,0.017194753566000656
68506.3243006272,0.02136656330087138
68572.11253278996,0.029234654902823558
68605.00664887135,0.03288427489639911
68637.90076495273,0.036309591316238315
68670.79488103412,0.0394733104163557
68703.68899711552,0.04238312807991696
68736.58311319692,0.0449643579672019
68769.4772292783,0.04722381694030392
68802.37134535969,0.049148360735438754
68835.26546144107,0.050674198413458445
68868.15957752246,0.05175800926375262
68901.05369360384,0.052416135152734106
68933.94780968523,0.05255802482736246
68966.84192576662,0.052197471329904925
68999.73604184802,0.05128816424716054
69032.63015792941,0.0496740403934678
69065.5242740108,0.04750341499100713
69098.41839009218,0.04459307165054418
69131.31250617356,0.040840091820765506
69164.20662225495,0.03642528760567803
69197.10073833633,0.03080338717360407
69229.99485441772,0.024639625370103793
69262.8889704991,0.017013024151722247
69295.78308658049,0.008757940052665968
69328.67720266187,-0.0012021077061307485
69361.57131874327,-0.011781645787232096
69392.26204513834,-0.02332638842213087
69422.95277153343,-0.03546335158999614
69484.3342243236,-0.06304238699406951
69515.02495071868,-0.07739927833698246
69545.71567711377,-0.0918607495228823
69576.40640350885,-0.10495383389771773
69607.09712990394,-0.11526182512081085
69637.78785629902,-0.12039175339855859
69668.47858269411,-0.1170370793691463
69699.1693090892,-0.10120630209333206
69729.86003548426,-0.06912599593345742
69760.55076187933,-0.019646779770780637
69791.24148827442,0.043741371398956994
69821.9322146695,0.10821014991252421
69852.62294106459,0.15777913482597178
69883.31366745968,0.17872981924691744
69914.00439385476,0.16860250884458594
69944.69512024985,0.13548267846428697
69975.38584664493,0.09163467698273804
70006.07657304002,0.04712244289815016
70036.7672994351,0.00801833886506026
70067.45802583019,-0.023249831178587504
70098.14875222526,-0.046633531206033405
70128.83947862033,-0.06295341709370328
70159.53020501541,-0.07350629225452492
70190.2209314105,-0.07950358496872827
70220.91165780558,-0.08193641575441732
70251.60238420067,-0.08167113363164621
70282.29311059575,-0.07939830011321776
70312.98383699084,-0.07564600824232376
70343.67456338592,-0.07082084619607099
70374.36528978101,-0.06523512129050463
70405.0560161761,-0.059129190261471086
70466.43746896627,-0.0459858339302608
70497.12819536135,-0.039374086424633595
70527.81892175644,-0.03255903217882417
70589.20037454659,-0.01943413207512714
70619.89110094166,-0.013179216378033598
70650.58182733675,-0.007010717792681591
70711.96328012692,0.0044546763362199576
70742.654006522,0.009746021166649398
70773.34473291709,0.01479358505880251
70834.72618570726,0.02389301314779174
70865.41691210234,0.027936269489425652
70896.10763849743,0.03168622699523162
70926.79836489251,0.03504181902578551
70957.4890912876,0.03809391670313464
70988.17981768269,0.04077498431575607
71018.87054407777,0.04309609917100678
71049.56127047286,0.04507496759903481
71080.25199686793,0.04668145963345755
71110.942723263,0.04793605390450649
71141.63344965808,0.048826043392285634
71172.32417605317,0.04935424940156665
71203.01490244825,0.04952138787352034
71233.70562884334,0.04932689390241351
71264.39635523842,0.048771958404452614
71295.08708163351,0.04785878763967347
71325.7778080286,0.04658268596868026
71359.04830800268,0.044809222479137614
71392.31880797676,0.04260991441669721
71425.58930795084,0.039993369587867825
71458.85980792494,0.03702786544013326
71492.13030789903,0.03363441498644895
71525.40080787311,0.029794415048757808
71558.6713078472,0.02549592391218058
71591.94180782128,0.02106149571042961
71625.21230779536,0.016163931729981935
71658.48280776944,0.010807577181161297
71725.02380771762,-0.0005952072617297181
71758.29430769171,-0.006900861524963865
71791.5648076658,-0.013380984764986835
71858.10580761396,-0.026982967796365612
71891.37630758804,-0.03381660609645799
71924.64680756212,-0.04094924778573943
71957.9173075362,-0.047889343193792164
71991.1878075103,-0.054773124774341264
72024.4583074844,-0.0612622971779366
72057.72880745848,-0.0673766112373961
72090.99930743256,-0.07262192439993896
72124.26980740664,-0.07688289926888618
72157.54030738072,-0.07961171386399335
72190.8108073548,-0.08024157936188092
72224.08130732889,-0.07805628365315563
72257.35180730297,-0.07227830445929977
72290.62230727705,-0.06132296795706761
72323.89280725113,-0.04414301769590745
72357.16330722522,-0.01930029187237048
72390.43380719931,0.014427958542413702
72423.70430717341,0.056608790281186525
72456.97480714749,0.10389660945339302
72490.24530712157,0.14800568362685906
72523.51580709565,0.17524483698847018
72556.78630706973,0.17120628678107366
72590.05680704382,0.13030761646796912
72623.3273070179,0.06271838699701615
72656.59780699198,-0.009635206039682057
72689.86830696606,-0.06879881871483526
72723.13880694014,-0.10634188496960492
72756.40930691423,-0.12304312782295984
72789.67980688832,-0.12429478360657276
72822.95030686242,-0.11556719503235613
72856.2208068365,-0.10129349605661
72889.49130681058,-0.08441456474255307
72922.76180678466,-0.06695621880833537
72956.03230675875,-0.04983070828662409
72989.30280673283,-0.03390525891024035
73022.57330670691,-0.019332341449534222
73055.843806681,-0.006254659961855626
73089.1143066551,0.005318486485487044
73122.38480662918,0.015435593669936711
73155.65530660326,0.024181556488787996
73188.92580657735,0.03162558765470115
73222.19630655143,0.03783254928565573
73255.46680652551,0.04300337814827078
73288.73730649959,0.04715336259526686
73322.00780647369,0.05034695998639785
73355.27830644778,0.05266900617034669
73388.54880642187,0.054190680241100894
73421.81930639595,0.054996975712178556
73455.08980637003,0.055123392829096965
73486.15691665781,0.054678249267137734
73517.2240269456,0.05373985900614614
73548.29113723338,0.052336317144322575
73579.35824752116,0.05051132086922445
73610.42535780894,0.04829496770612097
73641.49246809672,0.04571869390004235
73672.5595783845,0.04281870501682512
73703.62668867227,0.03961445080391823
73734.69379896004,0.036148068826404006
73765.76090924782,0.03242882303010166
73827.89512982339,0.02440068780004323
73952.16357097452,0.006527450900789437
73983.2306812623,0.0018429282253259347
74014.29779155008,-0.002882382810890277
74076.43201212565,-0.012333040481953479
74107.49912241343,-0.016998097060801357
74138.56623270121,-0.021595098344773186
74200.70045327676,-0.03046711253744827
74231.76756356453,-0.034683359132635136
74262.83467385231,-0.03873458665308354
74293.9017841401,-0.04246052184898508
74324.96889442788,-0.04598384036443131
74356.03600471566,-0.049225186230701844
74387.10311500344,-0.05203215720663259
74418.17022529122,-0.05447615582752012
74449.237335579,-0.0564721905586963
74480.30444586679,-0.05792720618600284
74511.37155615457,-0.05883361965120036
74542.43866644235,-0.05900999667043522
74573.50577673013,-0.058574087780196606
74604.57288701792,-0.05721406727436194
74635.6399973057,-0.05501471751689977
74666.70710759348,-0.05171790618394774
74697.77421788125,-0.0472503257112002
74728.84132816902,-0.041507599035308936
74759.9084384568,-0.03431645833870593
74790.97554874458,-0.02537238454211694
74822.04265903236,-0.014844367994292798
74853.10976932014,-0.00195111441807716
74884.17687960793,0.012592118457995842
74915.24398989571,0.029740798015986742
74946.31110018349,0.048823009854005256
74977.37821047127,0.06959744617089422
75008.44532075906,0.09157085599067172
75039.51243104684,0.11274218407951142
75070.57954133462,0.13049251520780253
75101.6466516224,0.14046169552244367
75132.71376191018,0.13674009389791802
75163.78087219797,0.11301269015549023
75194.84798248573,0.06600881963127608
75225.9150927735,-0.0010376856575488175
75256.98220306128,-0.07375630705634258
75288.04931334907,-0.13328472106025874
75319.11642363685,-0.1653116950716797
75350.18353392463,-0.16703809117991322
75381.25064421241,-0.14580887560963363
75412.3177545002,-0.11218948309477059
75443.38486478798,-0.07515449467409632
75473.84297314455,-0.04074673757001713
75504.30108150114,-0.010872453981099879
75534.75918985772,0.013709030455214356
75565.2172982143,0.03303862627958271
75595.67540657087,0.04764860725498113
75626.13351492745,0.05833793288943771
75656.59162328404,0.06562060977019041
75687.04973164061,0.07016272459136746
75717.50783999718,0.07249754921394377
75747.96594835377,0.07299428659162745
75778.42405671036,0.07201258713956325
75808.88216506693,0.06984700947738712
75839.3402734235,0.06673796359673692
75869.79838178007,0.06288989858577951
75900.25649013664,0.058433842381926275
75930.71459849323,0.05354796638399928
75961.17270684981,0.048299059013666844
75991.63081520639,0.04281472530859877
76052.54703191953,0.03138560478650721
76174.37946534585,0.008324682714543017
76204.83757370242,0.0027759726894774506
76235.295682059,-0.0026410092608398546
76296.21189877216,-0.012898459676754915
76326.67000712873,-0.017716869661758373
76357.12811548532,-0.022247292588055148
76418.04433219848,-0.030586065191603125
76448.50244055505,-0.03430257044513579
76478.96054891164,-0.03771522797591215
76509.41865726822,-0.0407884636015175
76539.8767656248,-0.043527390378973345
76570.33487398137,-0.04590869635153024
76600.79298233795,-0.04792238062511116
76631.25109069454,-0.04955275783542012
76661.70919905111,-0.050794349347048295
76692.16730740768,-0.051629134014511704
76722.62541576427,-0.052051641558883366
76753.08352412086,-0.052044868935397136
76783.54163247743,-0.05160670349797583
76813.999740834,-0.05072074389883569
76844.45784919057,-0.04933355456225798
76874.91595754714,-0.04757090116886998
76905.37406590373,-0.045322631890336196
76935.83217426031,-0.042540133794773734
76966.29028261689,-0.03917923799885745
76996.74839097346,-0.035441997793898415
77027.20649933003,-0.0312749695849902
77057.6646076866,-0.026475922927934506
77088.12271604319,-0.02100153857768072
77118.58082439977,-0.01530490733908164
77149.03893275635,-0.009113175542469439
77179.49704111292,-0.0021569548952720743
77209.9551494695,0.005544541103440947
77270.87136618266,0.0212299106037789
77301.32947453923,0.030243359634619646
77331.78758289582,0.03888122770121225
77392.70379960898,0.05782703655418861
77425.74168154456,0.06746910735358154
77458.77956348014,0.07714332550100392
77491.81744541571,0.08553827702566055
77524.8553273513,0.09241367530619923
77557.89320928688,0.09628001627156274
77590.93109122245,0.09622106257467467
77623.96897315803,0.08969868287407622
77657.00685509361,0.07465572984183172
77690.0447370292,0.04841983692931177
77723.08261896478,0.008957117169352873
77756.12050090036,-0.0433457889215183
77789.15838283594,-0.1026660777791624
77822.19626477153,-0.15547284746760096
77855.23414670711,-0.18368960819763366
77888.27202864268,-0.1738699415225874
77921.30991057826,-0.12821128329502088
77954.34779251384,-0.06330637015555352
77987.38567444941,0.0006764704699602012
78020.423556385,0.05137332982301535
78053.46143832058,0.08495634245672483
78086.49932025616,0.10298372675097073
78119.53720219174,0.1091288293160531
78152.57508412733,0.10697252581103199
78185.61296606291,0.09951706647620726
78218.65084799849,0.0888956717977507
78251.68872993407,0.07663934807750966
78317.76449380523,0.05065524381412434
78350.80237574081,0.03798169481902863
78383.84025767638,0.025957950325672774
78416.87813961196,0.014726543656725388
78449.91602154754,0.0043633343522529
78482.95390348313,-0.005098347332129098
78515.99178541871,-0.013663548536279841
78549.02966735428,-0.021309435680180625
78582.06754928986,-0.0281394492336973
78615.10543122544,-0.03409197796724343
78648.14331316101,-0.039184944053109426
78681.1811950966,-0.04347152327901868
78714.21907703218,-0.04703529582674351
78747.25695896776,-0.04984504546204637
78780.29484090334,-0.05194122879227605
78813.33272283891,-0.05336883926505593
78846.37060477449,-0.05414980502082414
78879.40848671008,-0.054317158347856755
78912.44636864564,-0.05389965225322202
78945.48425058123,-0.05292110930201762
78978.52213251681,-0.0514178597761656
79011.56001445239,-0.04940542089943804
79044.59789638798,-0.04692504260506412
79077.63577832354,-0.04398975538395499
79110.67366025913,-0.040639041427780825
79143.71154219471,-0.03689288078790309
79176.74942413028,-0.032783660204934735
79242.82518800144,-0.02358683244873976
79275.86306993703,-0.018540049513606424
79308.90095187261,-0.013282299907921456
79374.97671574377,-0.002086990628499102
79507.12824348609,0.021529825949676378
79537.96273573537,0.02707375585796755
79568.79722798464,0.0326263257326492
79630.46621248318,0.04305191557709124
79661.30070473245,0.04804473533429107
79692.13519698173,0.05263180694357321
79722.96968923102,0.056819126586416115
79753.80418148029,0.06059185300948236
79784.63867372955,0.06368750545706102
79815.47316597884,0.06613352342739755
79846.30765822812,0.06767195603530232
79877.14215047739,0.06823022101397294
79907.97664272666,0.0675167799315727
79938.81113497594,0.065397401818286
79969.64562722523,0.061480449603508305
80000.4801194745,0.055577798941461934
80031.31461172376,0.047188815391520186
80062.14910397305,0.035855640856207696
80092.98359622233,0.021574131790333143
80123.8180884716,0.0031828740859041887
80154.65258072087,-0.018934400136585476
80185.48707297015,-0.045070385808240965
80216.32156521943,-0.07470437801307872
80247.1560574687,-0.10581313186584568
80277.99054971797,-0.13486973474640537
80308.82504196725,-0.15551081184469176
80339.65953421654,-0.15935139709813778
80370.4940264658,-0.1379093384846156
80401.32851871508,-0.08803583758891716
80432.16301096436,-0.01709926192516252
80462.99750321364,0.05736144386673751
80493.83199546291,0.11617105741041761
80524.66648771218,0.14874723638866616
80555.50097996146,0.15531537488781916
80586.33547221075,0.1426861090730455
80617.16996446002,0.11902854420437395
80648.00445670928,0.09086859935664543
80678.83894895857,0.06248004241264617
80709.67344120785,0.036256107019517696
80740.50793345712,0.01309609239763234
80771.34242570639,-0.006569653217798455
80802.17691795567,-0.022824262833922457
80833.01141020496,-0.035930186004200323
80863.84590245422,-0.04622210050090175
80894.6803947035,-0.05402587954327691
80925.51488695278,-0.059711143063365474
80956.34937920206,-0.06359336746363696
80987.18387145133,-0.06578508805472372
81018.0183637006,-0.06672422583863
81048.85285594988,-0.06645795072404335
81079.68734819916,-0.06518991816039653
81110.52184044843,-0.06308321413475201
81141.3563326977,-0.06026176123356166
81172.19082494699,-0.05680528388594513
81203.02531719627,-0.05284730045491236
81233.85980944554,-0.04846461348443064
81264.6943016948,-0.04370791755394815
81295.52879394409,-0.038700107878435
81357.19777844264,-0.02802929981053121
81480.53574743973,-0.005562083188595774
81513.95001326801,0.0004874395544277599
81547.36427909628,0.006435210537220652
81614.19281075284,0.01782924500504534
81647.60707658112,0.023206392623357525
81681.0213424094,0.028306710404187335
81714.43560823768,0.033108308655816245
81747.84987406596,0.037560021400163415
81781.26413989424,0.041640564649261566
81814.67840572252,0.045282822353270975
81848.09267155078,0.04848872588394354
81881.50693737906,0.05118599502320717
81914.92120320734,0.05336249974443856
81948.3354690356,0.05496609791141541
81981.74973486389,0.05596046187362004
82015.16400069217,0.056300200374114574
82048.57826652045,0.055951721989453765
82081.99253234873,0.05488649168936153
82115.406798177,0.052957239840527276
82148.82106400529,0.050299880038459206
82182.23532983357,0.04671778330082124
82215.64959566185,0.042139076000138144
82249.06386149011,0.03673873363145435
82282.47812731839,0.030000862841666046
82315.89239314667,0.02254455424641071
82349.30665897494,0.013593131039136487
82382.72092480322,0.0038388814044360044
82416.1351906315,-0.007587790472584913
82449.54945645978,-0.01967408840561219
82482.96372228806,-0.03326217717168729
82549.79225394462,-0.06270902988455967
82583.2065197729,-0.07828959889624731
82616.62078560118,-0.09279633778578311
82650.03505142944,-0.10557138782675916
82683.44931725772,-0.11433941268924164
82716.863583086,-0.11603056020688159
82750.27784891427,-0.1066048448973626
82783.69211474255,-0.08137656372917085
82817.10638057083,-0.036606089621520156
82850.5206463991,0.026724960321666272
82883.93491222739,0.0984274652952101
82917.34917805567,0.15806695179317137
82950.76344388395,0.18482682640616524
82984.17770971222,0.17042089475600966
83017.5919755405,0.12476147943288897
83051.00624136877,0.06674852519655998
83084.42050719705,0.011589197439362951
83117.83477302533,-0.03224684013585385
83151.2490388536,-0.06326175480106752
83184.66330468188,-0.08245010561378224
83218.07757051016,-0.09233131171822587
83251.49183633843,-0.09526595469841674
83284.90610216671,-0.09328473878086099
83318.320367995,-0.08789027890577555
83351.73463382327,-0.08026971926144219
83385.14889965155,-0.07118202325044909
83418.56316547983,-0.06128253049278653
83485.39169713638,-0.04071063768324784
83518.80596296466,-0.03056468356334125
83552.22022879292,-0.020738886595664634
83619.04876044948,-0.0023777510769589557
83651.85402434657,0.005849105986796249
83684.65928824364,0.013455044068468376
83717.46455214071,0.020415227156601976
83750.26981603779,0.02682842312967653
83783.07507993486,0.032564679167635655
83815.88034383193,0.03763405272481165
83848.68560772901,0.04204850052737338
83881.49087162608,0.04583859200237529
83914.29613552315,0.04893259973809867
83947.10139942024,0.05141928172973564
83979.9066633173,0.0532373408597501
84012.71192721438,0.05443286076529079
84045.51719111146,0.05499348547811182
84078.32245500853,0.054939334026598764
84111.1277189056,0.054275556177767435
84143.93298280268,0.05301622132141667
84176.73824669977,0.05117376483513713
84209.54351059684,0.04875764579092044
84242.3487744939,0.045794911377821886
84275.15403839099,0.0422798424824797
84307.95930228806,0.03826581256662856
84340.76456618513,0.03375424807578545
84373.56983008221,0.02871571268914708
84406.37509397928,0.02324599336290776
84439.18035787635,0.017427565976882498
84471.98562177343,0.011120319789247188
84537.59614956757,-0.002471677277051532
84668.81720515588,-0.03253138537128333
84701.62246905296,-0.04021056559805469
84734.42773295003,-0.04773029038986287
84767.2329968471,-0.05510100985363717
84800.03826074419,-0.06191457655899826
84832.84352464126,-0.06823716918033637
84865.64878853832,-0.07354103710018386
84898.45405243541,-0.07766882510588527
84931.25931633248,-0.08018935015354055
84964.06458022955,-0.08051381004103189
84996.86984412663,-0.07794696398222015
85029.6751080237,-0.07193132420496663
85062.48037192077,-0.060694373043943414
85095.28563581785,-0.04451774543785617
85128.09089971492,-0.020737262591513636
85160.896163612,0.010694950130377294
85193.70142750908,0.049826743462418686
85226.50669140616,0.09438884078760995
85259.31195530323,0.1380330214285686
85292.1172192003,0.169451156941188
85324.92248309738,0.17413307338496026
85357.72774699447,0.14192534306266585
85390.53301089154,0.07658474865456003
85423.3382747886,-0.0026702539703892143
85456.14353868569,-0.07228292412905613
85488.94880258277,-0.11780336301881762
85521.75406647984,-0.1376347412242922
85554.55933037691,-0.13709134540929024
85587.364594274,-0.12357084281811262
85620.16985817107,-0.10320281290179598
85652.97512206814,-0.08023974320022832
85685.78038596522,-0.05732972414016287
85718.58564986229,-0.03608421101287114
85749.18752407306,-0.01752993945902003
85779.78939828384,-0.0015275845097933102
85810.39127249461,0.012400275050559798
85840.99314670538,0.024318360954883583
85871.59502091615,0.03432234255851777
85902.19689512692,0.042669575871429895
85932.79876933769,0.04932939332993375
85963.40064354846,0.05450475018024919
85994.00251775923,0.05832874624578635
86024.60439197,0.06091657494561506
86055.20626618077,0.062449971992646465
86085.80814039154,0.06298932243924166
86116.41001460231,0.06262918513365265
86147.01188881308,0.06146816656278802
86177.61376302385,0.05958529588127381
86208.21563723462,0.05705567360716683
86238.81751144539,0.05395384266332283
86269.41938565616,0.05033269844752799
86300.02125986693,0.04626383259767086
86330.6231340777,0.041794496948543244
86361.22500828847,0.036982736118026674
86391.82688249924,0.0318790144214716
86453.03063092078,0.020982417831319666
86483.63250513155,0.015279742362831972
86514.23437934232,0.009472678124047978
86575.43812776386,-0.0023060614579231663
86697.84562460694,-0.02524307671040006
86728.44749881771,-0.030614134094723106
86759.04937302848,-0.03576685531293272
86789.65124723925,-0.04056725321998467
86820.25312145002,-0.045083951103424356
86850.85499566079,-0.04923174876994065
86881.45686987156,-0.052868974557223385
86912.05874408233,-0.05606775707261055
86942.6606182931,-0.05870641489156231
86973.26249250387,-0.060689106081081204
87003.86436671464,-0.0620191779434466
87034.46624092541,-0.06252838485487067
87065.06811513618,-0.0622595034835115
87095.66998934695,-0.060994510871387346
87126.27186355772,-0.05871926795469694
87156.8737377685,-0.05533468209386642
87187.47561197927,-0.050502795776839915
87218.07748619004,-0.04458826970781445
87248.67936040083,-0.03679349322808277
87279.2812346116,-0.027779755249731895
87309.88310882237,-0.01643909377732805
87340.48498303314,-0.0038242775728864926
87371.0868572439,0.011429389020056815
87401.68873145468,0.028140185127664627
87432.29060566545,0.046943170151716326
87462.89247987622,0.06743791607269305
87493.49435408699,0.08826380236235806
87524.09622829776,0.10866079502376873
87554.69810250853,0.1259048684503833
87585.2999767193,0.13644527334000392
87615.90185093007,0.13520067838028124
87646.50372514084,0.11634146489488356
87677.1055993516,0.07527317308064072
87710.28724714139,0.007101435697243898
87743.46889493115,-0.07337012001585076
87776.65054272092,-0.14161198678288422
87809.8321905107,-0.17617516424649798
87843.01383830047,-0.17153641708962836
87876.19548609023,-0.13803411291342207
87909.37713388001,-0.09120187655112094
87942.55878166978,-0.04388591925891016
87975.74042945955,-0.002768382482810819
88008.92207724933,0.029448859252826164
88042.1037250391,0.053048201300087916
88075.28537282886,0.06893292765771206
88108.46702061864,0.07857110106715785
88141.64866840841,0.08329400110012138
88174.83031619817,0.0842278812734769
88208.01196398796,0.0822486631894818
88241.19361177774,0.07809657504818543
88274.3752595675,0.07234785978112165
88307.55690735727,0.06545206189457718
88340.73855514705,0.057721921107022844
88373.92020293683,0.049508320515231574
88407.1018507266,0.041015454926279934
88473.46514630615,0.023666131290054345
88506.64679409593,0.015150671374561732
88539.8284418857,0.006876605856749412
88573.01008967546,-0.0011599309572137735
88606.19173746524,-0.008729709781804651
88639.373385255,-0.01600204897449962
88672.55503304477,-0.02273265799801496
88705.73668083455,-0.02896698488368734
88738.91832862432,-0.034658412689259545
88772.09997641409,-0.03975235631780201
88805.28162420387,-0.04426543721949812
88838.46327199363,-0.04813235112789778
88871.6449197834,-0.05135200275520974
88904.82656757318,-0.053892248329281224
88938.00821536295,-0.05575110452283276
88971.18986315271,-0.05690115395676116
89004.3715109425,-0.05733189442225827
89037.55315873228,-0.057033797798390254
89070.73480652204,-0.05599001920078555
89103.91645431181,-0.054200765467484306
89137.09810210159,-0.05165652355074495
89170.27974989137,-0.04832341275298806
89203.46139768114,-0.04428383568614496
89236.6430454709,-0.03940189927615166
89269.82469326069,-0.033845336088206085
89303.00634105047,-0.027490997479517824
89336.18798884023,-0.02034270453957905
89369.36963663,-0.012637068915570124
89402.55128441978,-0.003993071886484605
89435.73293220955,0.004995405198553165
89468.91457999931,0.014770856903729718
89535.27787557886,0.035600829026861416
89568.45952336863,0.046485029627975454
89601.64117115841,0.057342128070250534
89634.82281894817,0.06791824453257207
89668.00446673794,0.07787412108186814
89701.18611452772,0.08643954029106324
89734.36776231749,0.09302275136976472
89767.54941010725,0.09651102862689735
89800.73105789704,0.09540270675542263
89831.7093160005,0.08844330312252184
89862.68757410397,0.07429025491155722
89893.66583220744,0.05047403543628907
89924.6440903109,0.015611625130799708
89955.62234841437,-0.030478129432889522
89986.60060651784,-0.08447563504052337
90017.5788646213,-0.13813144085992377
90048.55712272477,-0.1767318711748699
90079.53538082824,-0.18528224054450695
90110.5136389317,-0.1564973420569735
90141.49189703517,-0.09788239319581499
90172.47015513864,-0.027779103488669132
90203.4484132421,0.03594580663675389
90234.42667134557,0.08266167596471168
90265.40492944905,0.11042793249844263
90296.38318755252,0.12187183200566992
90327.36144565599,0.12138508601688663
90358.33970375947,0.11300059702510334
90389.31796186294,0.0998498203152777
90420.2962199664,0.08427323072782136
90451.27447806987,0.06769078217836724
90482.25273617334,0.05124240681723742
90544.20925238027,0.02046969026385791
90575.18751048374,0.00679820154170346
90606.1657685872,-0.0055359579648991755
90637.14402669067,-0.016523312227117868
90668.12228479414,-0.026162466783138185
90699.1005428976,-0.034461376285579104
90730.07880100107,-0.04164332957464041
90761.05705910454,-0.04756034175829172
90792.035317208,-0.05232155237943318
90823.01357531147,-0.05602683250511997
90853.99183341494,-0.05872814193956142
90884.97009151841,-0.060458729790832604
90915.94834962187,-0.06127951603575244
90946.92660772534,-0.061266271784029665
90977.90486582881,-0.060450615591150496
91008.88312393229,-0.05889830294421185
91039.86138203576,-0.05665231088307953
91070.83964013922,-0.05376240303432368
91101.8178982427,-0.05028103695442011
91132.79615634617,-0.046246942781317385
91163.77441444964,-0.04171810199053987
91194.7526725531,-0.03672913740052963
91225.73093065657,-0.03133802567322576
91287.6874468635,-0.01952234191308526
91318.66570496697,-0.01318642469959159
91349.64396307044,-0.006651631311067923
91411.60047927737,0.006887568256030342
91442.57873738084,0.013703788431487602
91473.55699548431,0.020548389777792997
91535.51351169124,0.03392644295870759
91566.49176979471,0.040344380652968255
91597.47002789818,0.04651069448576537
91628.44828600164,0.05211888727904366
91659.42654410511,0.05736304646996215
91690.40480220858,0.061973683559440045
91721.38306031204,0.06580730344420377
91752.36131841553,0.06880890622089483
91783.33957651899,0.07073849238128843
91813.70883269125,0.07145166809714784
91844.07808886352,0.0707461588272352
91874.44734503579,0.0684569726036704
91904.81660120806,0.06425637738956036
91935.18585738033,0.05784749474606068
91965.55511355259,0.04896645958511027
91995.92436972485,0.037065140468584626
92026.29362589712,0.022087189806114883
92056.66288206939,0.0030997909248200242
92087.03213824164,-0.019033338425632366
92117.4013944139,-0.045256920985987534
92147.77065058617,-0.07431005092286984
92178.13990675844,-0.10458346420596076
92208.50916293071,-0.13270543596605708
92238.87841910298,-0.15291491323140974
92269.24767527524,-0.15757410518253542
92299.6169314475,-0.13806870427286377
92329.98618761977,-0.09017826864278657
92360.35544379204,-0.018839449354626343
92390.72469996431,0.05950018320696939
92421.09395613658,0.12388689147832921
92451.46321230884,0.1600375130282376
92481.8324684811,0.1658611111315646
92512.20172465337,0.14862707640917328
92542.57098082564,0.11827141144529459
92572.94023699789,0.083144491753053
92603.30949317015,0.048683513061059974
92633.67874934242,0.017793974217354562
92664.04800551469,-0.00827794933283535
92694.41726168696,-0.029412558506610478
92724.78651785923,-0.045847129318064714
92755.15577403149,-0.0582956243181495
92785.52503020375,-0.06699995444078297
92815.89428637602,-0.07263083804183416
92846.26354254829,-0.07567516868746665
92876.63279872056,-0.07656816939324469
92907.00205489283,-0.07568806369574288
92937.37131106509,-0.07331439648443455
92967.74056723734,-0.06971468557387706
92998.10982340961,-0.06512354644497503
93028.47907958188,-0.05978213339034077
93058.84833575414,-0.053711423986491334
93119.58684809867,-0.04031128596070103
93241.06387278774,-0.011069044525662187
93271.43312896,-0.00376779777962624
93301.80238513227,0.003418183039164643
93362.5408974768,0.017118768486694254
93392.91015364908,0.023528002440312838
93423.27940982133,0.02960402274052791
93453.64866599359,0.03526169784894559
93484.01792216586,0.0404925848827167
93514.38717833813,0.04522817114260356
93544.75643451039,0.04943551667308606
93575.12569068265,0.05307704171983053
93605.49494685492,0.056105161759107174
93635.86420302719,0.058484938410997236
93666.23345919946,0.06019156090245994
93696.60271537173,0.06115647689150762
93726.97197154399,0.06137466420573434
93759.92100129524,0.060708156294909416
93792.8700310465,0.05897819109526639
93825.81906079777,0.05634598578109882
93858.76809054904,0.052568901317673236
93891.71712030031,0.04748354058687675
93924.66615005158,0.0415425024932085
93957.61517980284,0.034163708524735
93990.56420955411,0.02564498893950207
94023.51323930538,0.015815426298975952
94056.46226905665,0.00460116489683924
94089.41129880791,-0.007674363187047787
94122.36032855918,-0.021236439514319194
94155.30935831045,-0.03588947788792682
94188.25838806172,-0.051179693776425686
94221.20741781298,-0.0671876606464657
94254.15644756425,-0.08260439802140998
94287.10547731552,-0.09701646953182459
94320.05450706679,-0.10866195891828068
94353.00353681805,-0.11530571217167879
94385.95256656932,-0.11388547865601978
94418.90159632059,-0.10038105196718086
94451.85062607186,-0.07057711257422308
94484.79965582312,-0.021381674691671272
94517.74868557439,0.04448233332742185
94550.69771532566,0.11564633186075934
94583.64674507693,0.1713634146346663
94616.5957748282,0.18971319722778873
94649.54480457946,0.1641622496071835
94682.49383433073,0.10748886899016359
94715.442864082,0.040879774878260305
94748.39189383326,-0.018509725185242493
94781.34092358453,-0.06245499960567051
94814.2899533358,-0.09025047855681935
94847.23898308707,-0.1043371485159259
94880.18801283833,-0.10802503246979565
94913.1370425896,-0.10447961706669938
94946.08607234087,-0.09612137930220518
94979.03510209214,-0.08482099097963829
95011.9841318434,-0.07182653249604737
95044.93316159467,-0.05811710487747048
95077.88219134594,-0.044055996117589785
95110.8312210972,-0.03066922410449232
95143.78025084847,-0.017561627350532953
95176.72928059974,-0.0053301102083260395
95209.67831035101,0.005842911373602624
95242.62734010228,0.016299704206131305
95275.57636985354,0.025545706909019486
95308.52539960481,0.03375599707541848
95341.47442935608,0.04091937542279663
95374.42345910735,0.046941502015291556
95407.37248885861,0.05195730529273016
95440.32151860988,0.05589077971750929
95473.27054836115,0.05878387738644533
95506.21957811242,0.06067596373929737
95539.16860786368,0.06157155253889274
95572.11763761495,0.06151467637707458
95605.06666736622,0.06052631451421869
95638.01569711749,0.058641293845282015
95670.96472686875,0.05589708269261649
95703.91375662002,0.05232456304820193
95736.86278637129,0.04796690558094743
95769.81181612256,0.042869551033384405
95802.76084587383,0.03705942899007902
95835.70987562509,0.030630526557257717
95866.45551569006,0.024091672974042053
95897.20115575501,0.01701377613718105
95958.69243588494,0.0018424364981290582
95989.4380759499,-0.006307830513034398
96020.18371601487,-0.014757722417762785
96081.6749961448,-0.03162878834885256
96112.42063620975,-0.04011670822251877
96143.16627627471,-0.04827831824011789
96173.91191633968,-0.05630914503667378
96204.65755640465,-0.0636143661360239
96235.40319646962,-0.07029356315652324
96266.14883653457,-0.07591559367554222
96296.89447659953,-0.08027930211536449
96327.6401166645,-0.08288433703428971
96358.38575672946,-0.08335794034869803
96389.13139679443,-0.08112862595454624
96419.8770368594,-0.07526725906119214
96450.62267692435,-0.06561280920204049
96481.3683169893,-0.05040120502436381
96512.11395705427,-0.029628880678665058
96542.85959711924,-0.0019079288514276746
96573.60523718421,0.03263371554610281
96604.35087724918,0.07283497388067825
96635.09651731413,0.1152369537458333
96665.84215737908,0.15273944011550675
96696.58779744405,0.17441278977925953
96727.33343750902,0.16796548465921401
96758.07907757399,0.1266683813642961
96788.82471763896,0.056136407567624544
96819.57035770391,-0.024326485104932023
96850.31599776886,-0.09293949262803969
96881.06163783383,-0.13593532092285449
96911.8072778988,-0.15159793169684152
96942.55291796377,-0.14590428030605934
96973.29855802873,-0.12671047731072202
97004.04419809369,-0.10076680706366796
97034.78983815864,-0.0728496990372381
97065.53547822361,-0.045829084229446405
97096.28111828858,-0.02106316809869708
97127.02675835355,0.0005429860094893768
97157.77239841851,0.01899133297618743
97188.51803848347,0.034222277931929015
97219.26367854842,0.04644593036056453
97250.00931861339,0.055908952227231926
97280.75495867836,0.06291028024807421
97311.50059874333,0.0677228970991735
97342.2462388083,0.0706020814212099
97372.99187887325,0.07177959403301916
97403.7375189382,0.07145274579816914
97434.48315900317,0.06980794461334508
97465.22879906814,0.067016021275456
97495.9744391331,0.06321605167818786
97526.72007919807,0.05856078917676632
97557.46571926303,0.05318303785814804
97588.21135932798,0.04719110271030397
97618.95699939295,0.0406563596618625
97680.44827952288,0.02650167889958723
97803.43083978273,-0.003900512569003924
97837.75220102337,-0.012335249252961422
97872.073562264,-0.020557577778719485
97906.39492350465,-0.028460520808047462
97940.71628474529,-0.035930780430839804
97975.03764598593,-0.042892932140609616
98009.35900722657,-0.049184314978371134
98043.6803684672,-0.054755671507495315
98078.00172970784,-0.059516415013297144
98112.32309094848,-0.06323895534342151
98146.64445218912,-0.06590110091338246
98180.96581342976,-0.06733279920266275
98215.2871746704,-0.06740448330062414
98249.60853591104,-0.06599973475385724
98283.92989715168,-0.06276859938730266
98318.25125839232,-0.057956217196668255
98352.57261963296,-0.05081456976605576
98386.8939808736,-0.04190283692368255
98421.21534211424,-0.030126473245497234
98455.53670335488,-0.016331743055516452
98489.85806459552,0.0003341401797876675
98524.17942583616,0.019794395486705838
98558.5007870768,0.04123420522095107
98627.14350955808,0.08922822548166032
98661.46487079872,0.1120286382633173
98695.78623203936,0.12988570916281425
98730.10759328,0.13695327802757068
98764.42895452064,0.12567918177301968
98798.75031576128,0.08828303309495285
98833.07167700192,0.022103207737580066
98867.39303824256,-0.06258839220359738
98901.7143994832,-0.14072818336910878
98936.03576072384,-0.1830344519437369
98970.35712196448,-0.17751141807361176
99004.67848320512,-0.13506648096108026
99038.99984444576,-0.07683897134386275
99073.3212056864,-0.02013503815682796
99107.64256692704,0.02600166936859967
99141.96392816768,0.05926397989560616
99176.28528940832,0.08069690714829086
99210.60665064896,0.09214380226771911
99244.9280118896,0.09608404900207161
99279.24937313024,0.09441390254493322
99313.57073437088,0.08875327726109501
99347.89209561152,0.08032467187891502
99382.21345685216,0.0700640490743806
99416.5348180928,0.05867378981555025
99450.85617933344,0.04667526307166628
99485.17754057408,0.034480067376771346
99519.49890181472,0.022429249582664602
99553.82026305536,0.010726914449020408
99588.141624296,-0.0005449525838618352
99622.46298553664,-0.01112244101363264
99656.78434677728,-0.020905819123081724
99691.10570801792,-0.029812626558459766
99725.42706925856,-0.03779018983416019
99759.7484304992,-0.04477791823608711
99794.06979173984,-0.05070388031366007
99828.39115298048,-0.055574903268397605
99862.71251422112,-0.059316933010937406
99897.03387546176,-0.06194431107442101
99931.3552367024,-0.06341785883484354
99965.67659794303,-0.06373282580522371
99999.99795918367,-0.06288265875555736
