0.002040816326530612,-0.19329967071550513
30.671792055962676,-0.17631633891650103
61.341543295598825,-0.13286834126023186
92.01129453523498,-0.0791582726332234
122.68104577487112,-0.028994586786291375
153.35079701450726,0.010809508866285247
184.02054825414342,0.03920083410856259
214.69029949377955,0.05782544872272699
245.3600507334157,0.06901395200561869
276.02980197305186,0.0749873645393897
306.699553212688,0.0773139199111831
337.3693044523242,0.07719824147345695
368.0390556919603,0.07548233569225556
398.7088069315964,0.07274812765130081
429.3785581712326,0.06938018886749037
460.04830941086874,0.06562438683438579
490.71806065050487,0.06168755952431071
521.387811890141,0.05765226880237791
552.0575631297772,0.053603824059422864
613.3970656090495,0.04578592263345726
644.0668168486857,0.04194257044550957
674.7365680883217,0.03826439850373826
736.0760705675941,0.03137128066345542
766.7458218072302,0.02802785850605316
797.4155730468664,0.02485289397808947
858.7550755261386,0.018960830725457012
981.4340804846832,0.00839567350173941
1012.1038317243194,0.006037710899119281
1042.7735829639555,0.0038148916276878
1104.1130854432279,-0.00045557950026670936
1134.782836682864,-0.0024118381038278833
1165.4525879225002,-0.00433277478145461
1226.7920904017724,-0.007848147402621963
1257.4618416414087,-0.009521967892609798
1288.1315928810448,-0.011066881963303448
1349.4710953603171,-0.013993401656727815
1380.1408465999532,-0.015343109415540072
1410.8105978395893,-0.016627954577078354
1472.1501003188616,-0.018986631825626078
1502.8198515584977,-0.020048698928077237
1533.489602798134,-0.02108341087583642
1564.15935403777,-0.02202194477376164
1594.8291052774061,-0.022930582452559006
1625.4988565170424,-0.02375730121839787
1656.1686077566785,-0.024539074652502248
1717.5081102359509,-0.025918739542271925
1748.177861475587,-0.02652845913927144
1778.847612715223,-0.027074848716481605
1809.5173639548593,-0.02758614659981873
1840.1871151944954,-0.02803216053022702
1870.8568664341315,-0.028421873548777694
1901.5266176737678,-0.028778641194137568
1932.1963689134038,-0.02907663040291412
1962.86612015304,-0.029319955202859
1996.1156449716777,-0.0295438469113175
2029.3651697903158,-0.029706704753288894
2062.614694608954,-0.029811725096068605
2095.8642194275917,-0.02987253821714642
2129.1137442462295,-0.029877462958526505
2162.3632690648674,-0.029830199738302834
2195.612793883505,-0.029737679461571506
2228.862318702143,-0.029594266127725095
2262.111843520781,-0.02940355044889877
2295.3613683394187,-0.02916713746173496
2328.6108931580566,-0.02888468694593052
2361.8604179766944,-0.028558697507993062
2395.1099427953322,-0.02818831300998994
2428.35946761397,-0.027775973677320754
2461.608992432608,-0.027323294369316218
2494.858517251246,-0.02682846354492468
2528.1080420698845,-0.026295342171809573
2561.3575668885223,-0.025725616018978426
2627.856616525798,-0.02446923330639497
2661.106141344436,-0.023789686870172667
2694.3556661630737,-0.023077968415162377
2760.8547158003494,-0.0215481122362204
2794.104240618987,-0.020737772065014808
2827.353765437625,-0.01989880147127867
2893.8528150749007,-0.018131540038925892
3026.8509143494525,-0.014288605688861202
3060.100439168091,-0.013269950869513339
3093.3499639867287,-0.012229850458835023
3159.8490136240043,-0.010090755543629697
3292.8471128985557,-0.005612201847432984
3558.843311447659,0.003863276536865028
3592.092836266297,0.0050684854176061694
3625.342361084935,0.006270141638122115
3691.8414107222106,0.008688889476814052
3824.839509996762,0.013442845383774736
3858.0890348154,0.014621704218258497
3891.3385596340377,0.015796117272446297
3957.8376092713133,0.018055320490581166
4090.835708545865,0.022415854292254924
4121.8818436781985,0.023366515084372392
4152.927978810532,0.024289793079146638
4215.020249075199,0.02609470753297842
4246.066384207532,0.02696581614246988
4277.112519339866,0.027791494354058612
4339.204789604533,0.029335287436769185
4370.250924736867,0.030067612230248383
4401.2970598692,0.03076264521558715
4432.343195001533,0.03140200879255151
4463.389330133867,0.031999439915909776
4494.4354652662005,0.03255796499592731
4525.481600398534,0.033065866110422996
4556.527735530868,0.033514604107084775
4587.573870663201,0.03391703334046495
4618.620005795534,0.034261407541228556
4649.666140927868,0.03453132937079094
4680.7122760602015,0.03473492110015747
4711.758411192535,0.034889534614951055
4742.804546324869,0.0349519217260818
4773.850681457202,0.034900460634080664
4804.896816589535,0.03483714714582995
4835.942951721869,0.03465086536693722
4866.9890868542025,0.034312622040115086
4898.035221986536,0.03394394600793204
4929.08135711887,0.03346782946488985
4960.127492251203,0.03278566567334499
4991.173627383536,0.032017503654070675
5022.21976251587,0.031163116592484323
5053.2658976482035,0.030018156530486558
5084.312032780537,0.02885473309856569
5115.358167912871,0.0274574822849206
5146.404303045205,0.025708390241920877
5177.450438177539,0.024016026131575306
5208.496573309872,0.02178930122439944
5239.5427084422045,0.019598438859066068
5270.588843574538,0.016815054151374416
5301.634978706872,0.013966495814585287
5332.681113839206,0.010522284379764053
5363.72724897154,0.006817139817047763
5394.773384103873,0.002437986595894316
5425.819519236205,-0.0021458654077103206
5456.865654368539,-0.007836119610484811
5487.911789500873,-0.01365064480998596
5518.957924633207,-0.02042182138308323
5550.004059765541,-0.028408537579768495
5581.050194897874,-0.03685459544273216
5612.096330030206,-0.0464560235674702
5643.14246516254,-0.057599280128984305
5674.188600294874,-0.06950365975359409
5705.234735427208,-0.08245194367998414
5736.280870559542,-0.09621657906369334
5767.327005691875,-0.1097280864042586
5798.373140824207,-0.12140965459599129
5829.419275956541,-0.12833904647861957
5860.465411088875,-0.12586167708592266
5891.511546221209,-0.10774458440627761
5922.557681353543,-0.06824220211788153
5953.6038164858755,-0.007013232557407968
5984.649951618208,0.06531234613627564
6015.696086750542,0.12864374672190038
6046.742221882876,0.16528117762027372
6077.78835701521,0.17120905708082818
6108.225490216341,0.1549726473180547
6138.662623417473,0.1276918423667736
6169.099756618603,0.09764699034723966
6199.536889819735,0.06946277112440652
6229.974023020866,0.045018070254563135
6260.411156221997,0.02475158654368964
6290.848289423128,0.00836314642190563
6321.28542262426,-0.0048952780942247
6351.72255582539,-0.015274956147602659
6382.159689026522,-0.023512442270249193
6412.596822227653,-0.029943289845657042
6443.033955428784,-0.034995336691425724
6473.471088629915,-0.03875726284221007
6503.908221831047,-0.04155619274540442
6534.345355032177,-0.04376811530189437
6564.782488233309,-0.045316566893826404
6595.21962143444,-0.046311100748634544
6625.656754635571,-0.04686725951597768
6656.093887836702,-0.04708136675473126
6686.531021037834,-0.047050657311181784
6716.968154238964,-0.04675531377044963
6747.405287440096,-0.04624666252626375
6777.842420641227,-0.04556391185487786
6808.279553842358,-0.04474035674212787
6838.716687043489,-0.04379424444730233
6869.153820244621,-0.042742554086776366
6930.028086646883,-0.040377880259021955
6960.465219848014,-0.03909915822385633
6990.902353049145,-0.037762699514915635
7051.776619451408,-0.0349546836120773
7082.2137526525385,-0.033499025564905235
7112.65088585367,-0.032009948714649114
7173.525152255932,-0.02897979181490943
7295.273685060457,-0.022796440003029037
7538.770750669506,-0.010519988027376533
7569.2078838706375,-0.009027357136344201
7599.645017071769,-0.007567438486104419
7660.519283474031,-0.004661447762895214
7782.267816278556,0.00088068538492868
7812.704949479687,0.002225618949376041
7843.142082680818,0.003527836983839138
7904.01634908308,0.006071355048311532
8025.764881887605,0.010819290198475523
8058.7817886677385,0.012025399625097324
8091.798695447871,0.013204942283584487
8157.832509008136,0.015438734565608368
8190.84941578827,0.01650338344515512
8223.866322568403,0.01752131345480413
8289.900136128668,0.019457296097195386
8322.9170429088,0.02035921439701889
8355.933949688933,0.021215327581889654
8388.950856469066,0.02204214679365276
8421.9677632492,0.02282366324658906
8454.984670029335,0.023558806081995776
8488.001576809467,0.024248284125049646
8554.035390369732,0.02550917726854341
8587.052297149865,0.026070040692692843
8620.069203929997,0.026585084140597973
8653.08611071013,0.027059159825775343
8686.103017490264,0.027486227300973245
8719.119924270399,0.02786683519608365
8752.136831050531,0.028201550712958896
8785.153737830664,0.02849097726519121
8818.170644610796,0.028733592607448538
8851.187551390929,0.028929468583878373
8884.204458171062,0.02907872898527982
8917.221364951194,0.029180954793753062
8950.238271731327,0.029236217560960412
8983.25517851146,0.02924432764332401
9016.272085291592,0.02920497252567015
9049.288992071724,0.02911864421389477
9082.305898851859,0.028985073604709505
9115.322805631993,0.028803793986405347
9148.339712412126,0.02857323975941972
9181.356619192258,0.028298967335911095
9214.37352597239,0.027977537103566427
9247.390432752523,0.027608170774472834
9280.407339532656,0.02719004868011476
9313.424246312788,0.02672232694546349
9346.441153092921,0.026208565535947023
9379.458059873054,0.025656473932024637
9412.474966653186,0.02505611306666544
9445.491873433319,0.02440625819946988
9478.508780213453,0.023705718837062583
9511.525686993587,0.022953368911435124
9544.54259377372,0.022171695923849218
9610.576407333985,0.02047128715193559
9643.593314114118,0.019543053691977785
9676.61022089425,0.01855978230312505
9742.644034454517,0.016525052040658926
9775.660941234652,0.0154271532014708
9808.677848014784,0.014273576169924803
9874.71166157505,0.01188971282133153
9907.728568355182,0.010629666047532202
9940.745475135314,0.009311082205118587
10006.779288695581,0.006614037427034842
10138.846915816113,0.0007344080130025701
10169.660432909943,-0.0007300859110369153
10200.47395000377,-0.002252269435517918
10262.100984191427,-0.005259155212490981
10385.355052566742,-0.011683546172090772
10631.86318931737,-0.025413341034013034
10662.6767064112,-0.027216238920423866
10693.490223505027,-0.02895956310066799
10755.117257692684,-0.03252156641928517
10785.930774786513,-0.03422699743281514
10816.74429188034,-0.03599392704288969
10878.371326067998,-0.03936541099214649
10909.184843161827,-0.040965748525813236
10939.998360255655,-0.0425652961712316
10970.811877349483,-0.044058357149348595
11001.625394443312,-0.04549725326597996
11032.438911537141,-0.04681623618401429
11063.252428630969,-0.04801213086050893
11094.065945724797,-0.0490601162861298
11124.879462818626,-0.04991965931276268
11155.692979912455,-0.05052767960171792
11186.506497006283,-0.050843863735641676
11217.32001410011,-0.05085699914742635
11248.13353119394,-0.05038597787490408
11278.94704828777,-0.0493510452404037
11309.760565381597,-0.04758985135666248
11340.574082475425,-0.044898708131806256
11371.387599569254,-0.04125964679800304
11402.201116663084,-0.03613618247283447
11433.014633756911,-0.02916306464952855
11463.828150850739,-0.01992238561796452
11494.641667944568,-0.007868001549524953
11525.455185038398,0.007809342358596136
11556.268702132225,0.027875619061047505
11587.082219226053,0.05303084817290065
11617.895736319882,0.0832830530332257
11648.709253413712,0.11713690403565419
11679.52277050754,0.1501501283447483
11710.336287601367,0.17375450115331553
11741.149804695197,0.1758181936539093
11771.963321789026,0.14679458107247262
11802.776838882854,0.08880461014269947
11833.590355976681,0.01822722140047216
11864.40387307051,-0.045253613909371125
11895.21739016434,-0.08953210608363786
11926.030907258168,-0.11330516885213654
11956.844424351995,-0.12125162582913768
11987.657941445825,-0.11893819258145356
12018.471458539654,-0.11084388512137287
12049.284975633484,-0.10001624265917841
12080.098492727313,-0.08815857421573903
12110.91200982114,-0.07642336242592522
12144.305300493972,-0.06429188443442173
12177.698591166802,-0.053184414621201895
12211.091881839631,-0.043045001358337394
12244.48517251246,-0.03394991779963577
12277.87846318529,-0.02581120620917695
12311.271753858122,-0.018543606311827148
12344.665044530953,-0.012058416237311905
12378.058335203783,-0.006271209921251117
12411.451625876613,-0.0011050299632029588
12444.844916549444,0.00351544716008945
12478.238207222275,0.00759872594341391
12511.631497895105,0.011229875264431137
12545.024788567935,0.014575533510862658
12578.418079240764,0.01753888267319637
12611.811369913594,0.020156308352674707
12645.204660586425,0.022468540582861362
12678.597951259257,0.02450906503101509
12711.991241932086,0.026333236271133438
12745.384532604916,0.02796950545970149
12778.777823277745,0.02933263120909964
12812.171113950575,0.030565358843738906
12845.564404623407,0.0316033284218818
12878.957695296238,0.03246410966951841
12912.350985969068,0.033213420184766876
12945.744276641897,0.03378710245595461
12979.137567314729,0.03425944488648756
13012.53085798756,0.0345975982743427
13045.92414866039,0.03481829280277216
13079.31743933322,0.0349441209714136
13112.710730006049,0.034951880744638036
13146.104020678878,0.03488861936241831
13179.49731135171,0.03471741493249134
13212.890602024541,0.03447323300617845
13246.28389269737,0.034144554797056983
13279.6771833702,0.033742129993161646
13313.07047404303,0.03326943042114802
13346.46376471586,0.032730408812714336
13379.857055388691,0.0321271640784295
13413.250346061523,0.03146526201854258
13446.643636734352,0.030747877442958954
13480.036927407182,0.029974963832629816
13513.430218080013,0.02915802731762589
13580.216799425674,0.027376409574142863
13613.610090098504,0.026420352784190693
13647.003380771333,0.02542719670664728
13713.789962116995,0.02333256691528358
13747.183252789826,0.022237307397160462
13780.576543462656,0.021123005963896404
13847.363124808315,0.01878445634733663
13980.936287499637,0.013873566596501753
14248.08261288228,0.0034700520114992464
14280.866901623907,0.002169446981077485
14313.651190365534,0.000874685952672434
14379.21976784879,-0.0016992062581598346
14510.356922815303,-0.006759833097784082
14543.141211556931,-0.007997144992224684
14575.92550029856,-0.009219552897023343
14641.494077781816,-0.011614879333313639
14772.631232748327,-0.01616480867545386
14805.415521489955,-0.017246133116503224
14838.199810231581,-0.018297144995344
14903.768387714837,-0.02031289475184391
14936.552676456466,-0.021278787030137178
14969.336965198094,-0.02221418047922456
15034.90554268135,-0.023968436649176743
15067.689831422978,-0.024793310093845583
15100.474120164607,-0.025582683716098946
15133.258408906235,-0.026333938230064035
15166.042697647863,-0.027038911552994784
15198.826986389491,-0.027697563296795475
15231.61127513112,-0.028316130855286642
15264.395563872746,-0.028891270280585885
15297.179852614374,-0.029419371775332548
15329.964141356002,-0.029894598601659775
15362.748430097628,-0.030318098004055615
15395.532718839257,-0.03069318884489166
15428.317007580885,-0.031015163066821748
15461.101296322513,-0.03127904135716808
15493.885585064141,-0.03148204455549474
15526.66987380577,-0.031634425476778506
15559.454162547398,-0.031727580539224906
15592.238451289026,-0.031754883283003396
15625.022740030654,-0.03170950536746625
15657.807028772282,-0.03158999312100013
15690.59131751391,-0.031434881431955115
15723.375606255539,-0.031205178994851448
15756.159894997167,-0.03089161808507222
15788.944183738793,-0.030484955560237045
15821.728472480421,-0.029994131552230026
15854.51276122205,-0.02948374769858048
15887.297049963676,-0.02887227109631737
15920.081338705304,-0.028147508302972468
15952.865627446932,-0.027287038438218846
15985.64991618856,-0.026465412890259582
16018.434204930189,-0.025513085570633642
16051.218493671817,-0.02441488752822233
16084.002782413445,-0.023157217234451417
16116.787071155073,-0.021959339748538503
16149.571359896701,-0.020595115403335713
16182.35564863833,-0.01903700906262174
16215.139937379958,-0.01743670243988834
16247.924226121586,-0.01576533364928511
16280.708514863214,-0.013849660602534394
16346.277092346469,-0.009769890195993497
16376.857991401794,-0.007589615606622446
16407.438890457117,-0.005312940689842524
16468.600688567763,-0.0003777395302802522
16499.181587623087,0.0022874170103002363
16529.76248667841,0.005093003792901209
16590.924284789056,0.011299727826463263
16621.50518384438,0.014825775942834374
16652.086082899703,0.018332967801950657
16713.24788101035,0.02628050981275916
16743.828780065673,0.030415041979658556
16774.409679120996,0.03500262773932708
16835.571477231646,0.044682884287307566
16866.15237628697,0.049972812515139145
16896.733275342296,0.055303747736743895
16957.895073452943,0.06673674887547956
16988.475972508266,0.07240278475504122
17019.05687156359,0.0780086326183077
17049.637770618912,0.08302871767123746
17080.218669674236,0.08710229440182443
17110.79956872956,0.08946767998311356
17141.380467784882,0.08896462691179144
17171.961366840205,0.08402263884464539
17202.54226589553,0.07228824610212171
17233.12316495085,0.050819998826557994
17263.704064006175,0.016644547608750532
17294.2849630615,-0.031719078343491844
17324.86586211682,-0.09008694719201887
17355.446761172145,-0.14736138568965915
17386.027660227468,-0.1855510703490888
17416.60855928279,-0.19092341367958426
17447.189458338114,-0.164036404564876
17477.770357393438,-0.11800490172607386
17508.35125644876,-0.06834553401631849
17538.932155504088,-0.02461119979790108
17569.51305455941,0.009422306802847474
17600.093953614734,0.03393343491318235
17630.67485267006,0.050567194803581905
17661.255751725384,0.06119287665451845
17691.836650780708,0.06745628672151194
17722.41754983603,0.07055600820340965
17752.998448891354,0.07145317017006596
17783.579347946677,0.07090007931297285
17814.160247002,0.0692601633058448
17844.741146057324,0.06690810070122336
17875.322045112647,0.06409544942823883
17905.90294416797,0.060970056937376706
17936.483843223294,0.057647626708541344
18058.807439444587,0.043880606896575455
18089.38833849991,0.04048442594468821
18119.969237555233,0.0371443305478332
18181.13103566588,0.030707930822531974
18303.454631887176,0.018941890821704006
18336.615304521503,0.01595859364099554
18369.775977155827,0.013111152733861764
18436.09732242448,0.00773524003200831
18469.257995058804,0.005213688381162282
18502.41866769313,0.002790891878491705
18568.74001296178,-0.0017707376165821513
18601.900685596105,-0.003960020846405036
18635.061358230432,-0.0059546313609376705
18701.382703499083,-0.009810390227629834
18734.543376133406,-0.01161495694786726
18767.704048767733,-0.013302098508002048
18834.025394036384,-0.016445062583879986
18867.186066670707,-0.01787814384558865
18900.346739305034,-0.019252932013297294
18933.50741193936,-0.020517218994818127
18966.668084573685,-0.02173747112665306
18999.828757208008,-0.022848088128343796
19032.989429842335,-0.023909178341553955
19099.310775110986,-0.025774826796597743
19132.47144774531,-0.02660767162775554
19165.632120379636,-0.02735065850580136
19198.792793013963,-0.028028194092424585
19231.953465648287,-0.028646138775567945
19265.11413828261,-0.029182415324900166
19298.274810916937,-0.029647241757170494
19331.435483551264,-0.030057788381565087
19364.596156185587,-0.030393372525337973
19397.75682881991,-0.030658572729244122
19430.917501454238,-0.030868758252149887
19464.078174088565,-0.031010585377840922
19497.23884672289,-0.031086970837031814
19530.399519357212,-0.031104826028314922
19563.56019199154,-0.031060616211119055
19596.720864625866,-0.030955281049095004
19629.88153726019,-0.030791958473727475
19663.042209894513,-0.030570089855520996
19696.20288252884,-0.03029099826031454
19729.363555163167,-0.02995668554060548
19762.52422779749,-0.029566165414235703
19795.684900431814,-0.029122055491607575
19828.84557306614,-0.028626393073036546
19862.006245700468,-0.02807745292547761
19895.16691833479,-0.027477075828275164
19928.327590969115,-0.02682781516154211
19961.48826360344,-0.02613119377547527
20027.809608872092,-0.024595844984996198
20060.970281506416,-0.02375979594528723
20094.130954140743,-0.02288026815924114
20160.452299409393,-0.02099436961029388
20193.612972043717,-0.01999260502918228
20226.773644678044,-0.018951491705730825
20293.094989946694,-0.016754280122334337
20425.737680484,-0.01196493602458753
20456.69496343202,-0.010770516795206256
20487.652246380043,-0.009561663425279619
20549.566812276084,-0.007079497077227237
20673.395944068165,-0.001869759749663637
20921.054207652334,0.009161434485920225
20952.011490600355,0.010567515136705842
20982.968773548375,0.011943893001545504
21044.88333944442,0.01473807345904233
21168.712471236504,0.020225640708377804
21199.669754184524,0.021577369286869937
21230.627037132545,0.022927349610719964
21292.541603028585,0.02549384091404011
21416.37073482067,0.030370005603776878
21447.32801776869,0.03145866482696964
21478.285300716714,0.032534221230294334
21509.242583664734,0.033579365989443444
21540.199866612755,0.03457544808310412
21571.157149560775,0.03547215483207042
21602.114432508795,0.036335169138386525
21633.071715456816,0.03713762978752934
21664.028998404836,0.037850920335805734
21694.986281352856,0.03848671644676019
21725.943564300876,0.03904230625780822
21756.9008472489,0.03947715596163655
21787.85813019692,0.03982846381459057
21818.81541314494,0.04007370234737766
21849.772696092965,0.04013731896942281
21880.729979040985,0.040094974639773254
21911.687261989005,0.039918257693276234
21942.644544937026,0.03945635763377398
21973.601827885046,0.03895906494510021
22004.55911083307,0.03814749769894287
22035.51639378109,0.037039993910222
22066.47367672911,0.035807263450570635
22097.430959677135,0.03399856834861658
22128.388242625155,0.032209613302318946
22159.345525573175,0.02959118076369183
22190.302808521195,0.02697982839659903
22221.260091469216,0.02338044360990122
22252.217374417236,0.01955636956236291
22283.174657365256,0.01451488278531712
22314.131940313277,0.009298987147549311
22345.089223261297,0.0026270237401984503
22376.04650620932,-0.005141138646859292
22407.00378915734,-0.013887722358674408
22437.352070174158,-0.024214660497333042
22467.70035119098,-0.036568469674498325
22498.048632207796,-0.05001171821624613
22528.396913224613,-0.06577739697770281
22558.745194241434,-0.0836833610132536
22589.09347525825,-0.10270094723788745
22619.441756275068,-0.12172037187185086
22649.79003729189,-0.1380867612189619
22680.13831830871,-0.14697444599521572
22710.486599325526,-0.14124368446684507
22740.834880342343,-0.11349044676541391
22771.183161359164,-0.0599280097303554
22801.531442375985,0.011833923617285545
22831.8797233928,0.08307952707321249
22862.22800440962,0.1346111682755988
22892.57628542644,0.1580643555856055
22922.92456644326,0.15723905191276663
22953.272847460077,0.14122759151250736
22983.621128476894,0.11833708312885412
23013.969409493715,0.0940032010842744
23044.317690510536,0.07117324633031183
23074.665971527353,0.05077673262920423
23105.01425254417,0.0333697104719526
23135.36253356099,0.01877364409706137
23165.71081457781,0.006509179627073751
23196.059095594628,-0.003687980893146578
23226.407376611445,-0.012065017467487116
23256.755657628266,-0.018923593959511816
23287.103938645083,-0.024522527178045667
23317.4522196619,-0.0291174319986471
23347.80050067872,-0.03294042379920517
23378.148781695538,-0.03602779029916905
23408.497062712355,-0.03840608240916507
23438.845343729176,-0.04022188374624864
23469.193624745993,-0.04172787372951802
23499.54190576281,-0.042796928951581346
23529.89018677963,-0.04350205043700058
23560.238467796447,-0.043923675567208914
23590.586748813264,-0.04413672163303649
23620.935029830085,-0.044109725420532805
23651.283310846906,-0.04387490899506402
23681.631591863723,-0.04350136335723879
23711.97987288054,-0.042956983431030785
23742.32815389736,-0.042294674690395107
23772.67643491418,-0.041512438044133085
23803.024715931,-0.040625701039346526
23833.372996947815,-0.039648236815041316
23863.721277964636,-0.03859581389568726
23894.069558981457,-0.0374577823288484
23924.417839998274,-0.036268146383291254
23985.11440203191,-0.03371384457390697
24106.507526099187,-0.02811051045725838
24349.293774233734,-0.01589021947107878
24382.221828829555,-0.01417889988341221
24415.149883425373,-0.012497870825941683
24481.005992617014,-0.009121771944491788
24612.718211000298,-0.0025327936994458695
24645.64626559612,-0.0009041783325450569
24678.57432019194,0.000686727718268229
24744.430429383578,0.0037868088603079737
24876.142647766857,0.009673283116331772
24909.07070236268,0.011063373046126472
24941.9987569585,0.012410263182676117
25007.85486615014,0.01502325167400689
25040.78292074596,0.016261945667531582
25073.710975341783,0.01746608632476067
25139.56708453342,0.019745457075891256
25172.49513912924,0.020816852317072525
25205.42319372506,0.021846798213114253
25271.2793029167,0.02375803445542232
25304.20735751252,0.02464233480818108
25337.135412108342,0.025476578509056994
25402.991521299984,0.026988004055932276
25435.919575895805,0.02766402499745948
25468.847630491626,0.028286314217622163
25501.775685087447,0.028852931421219606
25534.703739683267,0.029363981802832596
25567.63179427909,0.02981842360601125
25600.55984887491,0.03021508569536089
25633.487903470726,0.03055166526075406
25666.415958066547,0.0308294217935007
25699.34401266237,0.031047835176760984
25732.272067258185,0.031205208304442775
25765.200121854006,0.03129970268678306
25798.128176449827,0.03133207686950881
25831.056231045648,0.03130332458477549
25863.98428564147,0.03121072894156099
25896.91234023729,0.031051792052277285
25929.84039483311,0.030823914993164274
25962.76844942893,0.030537112858994367
25995.696504024752,0.030187619391311916
26028.624558620573,0.02976849518840174
26061.552613216394,0.0292763173562339
26094.480667812215,0.0287076794271052
26127.408722408036,0.028090197763035507
26160.336777003853,0.027409023965165775
26193.264831599674,0.026650246980102738
26226.192886195495,0.025809465417016383
26259.120940791312,0.024882537009082564
26292.048995387133,0.023926396267921153
26324.977049982954,0.022905833393509677
26357.905104578775,0.021796094819468315
26390.833159174595,0.020591949286983303
26456.689268366237,0.017989998300289856
26487.413933275755,0.01672017621648767
26518.13859818527,0.015357947143876203
26579.5879280043,0.01233941539264137
26610.31259291382,0.010796342662316235
26641.037257823333,0.009223002564032148
26702.486587642365,0.005733630614635605
26733.211252551882,0.0038281832573205153
26763.935917461396,0.0020474839254182274
26825.38524728043,-0.0019310233571512014
26948.283906918492,-0.010696841639402238
26979.00857182801,-0.013135814460935227
27009.733236737524,-0.015410085057538709
27071.182566556556,-0.020555312293817282
27194.08122619462,-0.03117532137165139
27224.805891104137,-0.033983432996607534
27255.53055601365,-0.03698686823310826
27316.979885832683,-0.04266879156997329
27347.7045507422,-0.045512321040950196
27378.429215651715,-0.04841142059176577
27439.878545470747,-0.0540056968388856
27470.603210380264,-0.05663603968362431
27501.32787528978,-0.05909490567509472
27532.052540199293,-0.061254050953602895
27562.77720510881,-0.06307585067441113
27593.50187001833,-0.06434488077327385
27624.226534927842,-0.06477521955248419
27654.951199837356,-0.06445785213625488
27685.675864746874,-0.06259327697378424
27716.400529656392,-0.05862159750807185
27747.125194565906,-0.052620886760424646
27777.84985947542,-0.04263054032477576
27808.574524384938,-0.027899514036098187
27839.299189294456,-0.007378305588354152
27870.02385420397,0.020822535325745038
27900.748519113484,0.057330477835344396
27931.473184023,0.10070477338330355
27962.19784893252,0.14565025353940717
27992.922513842033,0.18013574677327138
28023.647178751547,0.18958911479277954
28054.371843661065,0.16430396416154078
28085.096508570583,0.10970967028254704
28115.821173480097,0.04377757368823072
28146.54583838961,-0.015254402068853333
28177.27050329913,-0.05856835390049705
28207.995168208647,-0.08527508810312721
28238.71983311816,-0.09866301157323051
28269.444498027675,-0.10286001852798105
28300.169162937193,-0.10121356846995075
28330.89382784671,-0.09612317414382679
28361.618492756228,-0.0891616809500494
28392.343157665746,-0.08137366761126402
28423.06782257526,-0.07322142622952116
28456.372261063778,-0.06449501482401791
28489.676699552292,-0.05617929912066756
28522.98113804081,-0.048278007916608814
28556.285576529328,-0.04083682901511602
28589.590015017846,-0.033940068021481064
28622.894453506364,-0.027574169866078566
28689.5033304834,-0.016242524805186363
28722.807768971918,-0.011241308815763794
28756.112207460435,-0.006638648034017869
28789.416645948953,-0.00240320055769316
28822.72108443747,0.0014936607691739302
28856.02552292599,0.0050608417015948655
28889.329961414507,0.008430480840970313
28922.634399903025,0.01147924562131698
28955.938838391543,0.014222291077550863
28989.24327688006,0.01679971976731663
29022.54771536858,0.019145040343925595
29055.852153857097,0.021245232256388656
29089.156592345615,0.023181473875515328
29122.461030834133,0.024942400097239827
29155.76546932265,0.02649864909264618
29189.06990781117,0.02792546657039067
29222.374346299686,0.0291644645311266
29255.678784788204,0.030283240352203117
29288.983223276722,0.031238674636426926
29322.28766176524,0.03207864432824102
29355.592100253758,0.0327758771360759
29388.896538742276,0.0333630715842329
29422.200977230794,0.03382403621309498
29455.50541571931,0.03418074082480878
29488.80985420783,0.034424811001001324
29522.114292696348,0.03457056840439145
29555.418731184865,0.03461426900267971
29588.723169673383,0.034569053908011085
29622.0276081619,0.03442527478578922
29655.33204665042,0.03420258646212773
29688.636485138937,0.03389296376738689
29721.940923627455,0.03350327989956961
29755.245362115973,0.03303811807021551
29788.54980060449,0.032498095214120046
29821.85423909301,0.0318902019899911
29855.158677581527,0.031210808086851477
29888.463116070045,0.030469729922383917
29921.767554558563,0.029666803407101622
29955.07199304708,0.028801788740650435
30021.680870024113,0.026910977676800053
30054.98530851263,0.025885946466844625
30088.289747001145,0.024818504884510765
30154.89862397818,0.0225312694473362
30288.116377932252,0.017498984319713855
30321.42081642077,0.016160044870429605
30354.72525490929,0.014788558700327966
30421.334131886324,0.011966514828504651
30554.551885840396,0.006086253698788903
30587.24732239771,0.0046079441571355495
30619.942758955025,0.0031178695536825144
30685.333632069658,0.00012171885428025313
30816.11537829892,-0.005887506285263149
30848.810814856235,-0.007384118909803212
30881.50625141355,-0.008870675168355612
30946.89712452818,-0.011783877202917693
31077.67887075744,-0.017470404027960455
31110.374307314756,-0.018805319300195918
31143.069743872074,-0.020120540089687878
31208.460616986704,-0.02268326232933628
31241.15605354402,-0.02392174143381625
31273.851490101333,-0.02511520193633846
31339.242363215963,-0.02733302795104795
31371.937799773277,-0.02838921333448026
31404.633236330592,-0.02940081197538211
31437.32867288791,-0.03035975282832184
31470.024109445225,-0.031235764098445577
31502.71954600254,-0.03205917101587019
31535.414982559858,-0.03282727095816823
31568.110419117173,-0.033528777388008524
31600.805855674487,-0.03414978269012118
31633.501292231802,-0.03469898219857923
31666.196728789117,-0.03517262137159644
31698.892165346435,-0.03555467299917536
31731.58760190375,-0.035843195965692534
31764.283038461064,-0.03605413213697732
31796.978475018383,-0.036156668792476046
31829.673911575697,-0.03612854015840038
31862.369348133012,-0.03603882236333484
31895.064784690327,-0.03581404864441446
31927.76022124764,-0.03542185360588708
31960.45565780496,-0.034947621362361285
31993.151094362274,-0.03434806532906087
32025.84653091959,-0.03352991276934022
32058.541967476907,-0.03257007525211528
32091.237404034222,-0.03150723267544043
32123.932840591537,-0.03014622852865606
32156.62827714885,-0.02871040641836579
32189.323713706166,-0.02700242240762946
32222.019150263484,-0.02499903824774547
32254.7145868208,-0.022902351481856015
32287.410023378114,-0.020326157166264514
32320.105459935432,-0.017727125043822543
32352.800896492747,-0.014465470306212149
32385.49633305006,-0.011277166913887145
32418.191769607376,-0.007260539662104805
32450.88720616469,-0.003248111916837826
32483.582642722005,0.0015445059666678064
32516.27807927932,0.006683630668691123
32548.973515836635,0.012381910568144996
32581.66895239395,0.019027010855762874
32614.364388951268,0.025907238420635872
32647.059825508582,0.033697079889349155
32677.55187237959,0.041853807726017045
32708.043919250602,0.05070236284349024
32769.028012992625,0.07028220141842757
32799.52005986364,0.08100283749814202
32830.01210673465,0.09192804835791264
32860.50415360566,0.10237469671832533
32890.99620047667,0.11112934434742121
32921.48824734768,0.11623644237975922
32951.980294218694,0.11459537696926007
32982.472341089706,0.10178120421980778
33012.96438796072,0.0725755605031494
33043.45643483173,0.023781947706504755
33073.94848170274,-0.04186575056677266
33104.440528573745,-0.11105624654945115
33134.93257544476,-0.16360055132543436
33165.42462231577,-0.18441227258774162
33195.91666918677,-0.17346515428469708
33226.408716057784,-0.14208991147753072
33256.900762928795,-0.10321741543158669
33287.39280979981,-0.06561614476751317
33317.88485667082,-0.03338272893024044
33348.37690354183,-0.007518377510833299
33378.86895041284,0.012290130700316745
33409.36099728385,0.027311008186538366
33439.853044154865,0.03819596903357579
33470.345091025876,0.04609136572366329
33500.83713789689,0.05150069141624236
33531.3291847679,0.05506478865391283
33561.82123163891,0.05721850432764899
33592.31327850992,0.058292565269073275
33622.805325380934,0.058560617948930214
33653.297372251945,0.058153095731290294
33683.78941912296,0.05729518240512743
33714.28146599397,0.05600137785822458
33744.77351286498,0.05440263163997125
33775.26555973599,0.05258251637612828
33805.757606607,0.05058326108540316
33866.74170034902,0.04621382594012535
33897.23374722003,0.043842974205012396
33927.725794091035,0.04149825239303698
33988.70988783306,0.03661804006595843
34110.678075317104,0.026796888202279136
34141.170122188116,0.02438633339017741
34171.66216905913,0.021999938516422797
34232.64626280115,0.017318288376300485
34354.6144502852,0.008377594799205896
34385.10649715621,0.006229019567286555
34415.59854402722,0.00415910965561927
34476.58263776924,0.0001419032605056974
34598.55082525328,-0.007255749128993223
34631.62264570329,-0.009091375824836684
34664.694466153305,-0.010899746149310647
34730.838107053336,-0.014254481774011002
34763.90992750335,-0.015850965454786935
34796.98174795336,-0.017376862384747924
34863.12538885338,-0.020177926114025448
34896.1972093034,-0.021493282489954326
34929.26902975341,-0.022720125437567663
34962.34085020343,-0.02386190759145508
34995.41267065344,-0.024962555604248125
35028.484491103445,-0.02597524163478071
35061.55631155346,-0.026905845066700174
35094.628132003476,-0.027774709305016146
35127.69995245349,-0.028567869961841116
35160.77177290351,-0.02928123200148916
35193.843593353515,-0.029922915851754116
35226.91541380352,-0.030493413257510968
35259.98723425354,-0.03098599725309663
35293.05905470355,-0.03140346252217997
35326.13087515357,-0.031750051319031726
35359.202695603584,-0.0320204052505739
35392.27451605359,-0.0322160103379917
35425.3463365036,-0.03233886638442956
35458.418156953616,-0.032387352617236624
35491.48997740363,-0.03236217752736368
35524.56179785365,-0.032263811500394646
35557.63361830366,-0.032092413574434465
35590.70543875367,-0.031848601213598615
35623.77725920368,-0.031532689484825994
35656.84907965369,-0.03114483454365624
35689.92090010371,-0.030682832401514534
35722.99272055372,-0.030154838300897522
35756.064541003725,-0.029556857628167503
35789.13636145374,-0.02888838797676194
35822.208181903756,-0.028148834311127816
35855.28000235377,-0.02733754735530132
35921.423643253795,-0.025529722547566126
35954.4954637038,-0.024526859251382736
35987.56728415382,-0.023453411562113453
36053.71092505385,-0.021102013220973583
36086.782745503864,-0.019859819321315926
36119.85456595387,-0.018548534108139305
36185.998206853896,-0.0157121145237713
36219.07002730391,-0.014182348781959066
36252.14184775392,-0.012668896580243245
36318.28548865394,-0.009427826714303573
36450.572770454,-0.002303589948678632
36483.644590904005,-0.00041746267237859937
36516.71641135402,0.0015452616404643578
36582.86005225405,0.005610229505321725
36715.1473340541,0.01397321445009678
36746.01576481781,0.016053150245422712
36776.884195581515,0.017971602298167223
36838.62105710893,0.022054886929559182
36962.09478016377,0.030245954294175897
36992.963210927475,0.03233021294331254
37023.831641691184,0.034432270751911256
37085.5685032186,0.03821881966865465
37116.43693398231,0.0401408503422864
37147.30536474602,0.04204532970425528
37209.042226273436,0.04533539948356301
37239.910657037144,0.04690252383509773
37270.77908780085,0.04826390848095647
37301.64751856456,0.04949987602788042
37332.51594932827,0.05051409525309633
37363.38438009198,0.051269913208416326
37394.25281085569,0.05181909672001225
37425.121241619396,0.0518064723346718
37455.989672383104,0.0515994528637335
37486.85810314681,0.05069430845221603
37517.72653391052,0.049218993082201505
37548.59496467423,0.04691685831063215
37579.46339543794,0.043509608338943705
37610.33182620165,0.038942951314578145
37641.200256965356,0.03291818836661723
37672.06868772906,0.0244512906190492
37702.937118492766,0.01437505218494732
37733.805549256474,-0.00024332901342313806
37764.673980020176,-0.016513625060769296
37795.542410783884,-0.03843536105161898
37826.41084154759,-0.06475416240267515
37857.2792723113,-0.09533639054218121
37888.14770307501,-0.12805650274515248
37919.01613383872,-0.15750353073316903
37949.88456460243,-0.17410202233795108
37980.752995366136,-0.16582139528642434
38011.621426129845,-0.12486002019097928
38042.48985689355,-0.057118491178905044
38073.35828765726,0.017619179548857555
38104.22671842097,0.07874711736429782
38135.09514918468,0.11643836166798614
38165.96357994839,0.13198543235810872
38196.832010712096,0.13177584479950522
38227.700441475805,0.12234791041475689
38258.56887223951,0.10847470660827409
38289.43730300322,0.09307072789548584
38320.30573376693,0.0777382853652041
38351.17416453064,0.0634175463434893
38382.04259529435,0.050204212485103684
38412.91102605806,0.03850382466203265
38443.779456821765,0.027985648049080922
38474.647887585474,0.018612112843854396
38505.51631834918,0.010408867102067725
38536.38474911289,0.0032363294619059957
38567.2531798766,-0.0030370806801307583
38598.12161064031,-0.008490470060850474
38628.99004140402,-0.01347036576188227
38659.858472167725,-0.01778844459173752
38690.726902931434,-0.02153374848517018
38724.175107274146,-0.025037293954102938
38757.62331161686,-0.028039427728191797
38791.07151595957,-0.030537455563111944
38824.519720302276,-0.032779337977022524
38857.96792464498,-0.0346084340571956
38891.416128987694,-0.03608900258264957
38924.864333330406,-0.03728068519341232
38958.31253767312,-0.03825062941165367
38991.76074201583,-0.03895939629757771
39025.208946358536,-0.03943562388827414
39058.65715070124,-0.039736202142889504
39092.105355043954,-0.039837248068387746
39125.553559386666,-0.039775593209725485
39159.00176372938,-0.03955855843104548
39192.44996807209,-0.039194626033863436
39225.898172414796,-0.03870307738399241
39259.3463767575,-0.038085124155271016
39292.794581100214,-0.03735620275465359
39326.242785442926,-0.03652323813576647
39359.69098978564,-0.035589304343031786
39393.13919412835,-0.03457365209801103
39426.587398471056,-0.033461778768583854
39493.48380715647,-0.031034114237155797
39526.932011499186,-0.029711765580553502
39560.3802158419,-0.028348089087677053
39627.276624527316,-0.025427399696213094
39761.06944189816,-0.019101232901770862
39794.51764624087,-0.01743752066177505
39827.96585058358,-0.015759517375261437
39894.862259269,-0.0123248711415462
40028.65507663984,-0.005344548377556616
40062.103280982556,-0.003576952043988341
40095.55148532526,-0.0018230366185454944
40162.44789401068,0.0016506723611847147
40296.24071138152,0.0084346276819489
40329.688915724226,0.010076268491833172
40363.13712006694,0.011688869077130216
40430.03352875236,0.014821854075543182
40463.481733095075,0.01633498878927654
40496.92993743778,0.017810440722735313
40563.8263461232,0.020632224295434945
40597.27455046591,0.021974250904028332
40630.72275480862,0.023269275187336853
40697.61916349404,0.02568916570578316
40731.067367836746,0.026812647332134648
40764.51557217946,0.027880544867803544
40831.41198086488,0.029831865087574284
40864.25118327639,0.030686729721947026
40897.0903856879,0.03145882590340064
40929.9295880994,0.03216829080050235
40962.76879051091,0.03280912450183649
40995.60799292242,0.03337472527200834
41028.44719533392,0.0338579560509074
41061.28639774543,0.03425122720285877
41094.12560015694,0.034561014586199465
41126.96480256845,0.03478894070801886
41159.80400497996,0.03492493579909785
41192.64320739147,0.03495859647519639
41225.48240980298,0.034886358506534605
41258.32161221449,0.03474160757765907
41291.160814626,0.034487776948707756
41324.0000170375,0.034110573934838115
41356.83921944901,0.03359568982636481
41389.67842186052,0.033008236603462034
41422.51762427202,0.03231296742456258
41455.35682668353,0.03146257422414716
41488.19602909504,0.030438637169877766
41521.03523150655,0.029393558973203858
41553.874433918056,0.028167287196007675
41586.713636329565,0.026732384628590025
41619.552838741074,0.025201062615078818
41652.39204115258,0.023561104392161344
41685.23124356409,0.021662407495828498
41718.070445975594,0.019650651499943432
41750.9096483871,0.01751026810225155
41783.74885079861,0.015039279697658836
41816.588053210115,0.012517688607235511
41882.26645803313,0.006667752239091095
41915.10566044464,0.003587561638610107
41947.94486285615,-0.000006694247151172589
41980.78406526765,-0.0035745557437371206
42013.62326767916,-0.007577928343468409
42046.46247009067,-0.01186361991392623
42079.30167250217,-0.016352634834317367
42144.98007732519,-0.02640084532502445
42177.8192797367,-0.031827312363560095
42210.65848214821,-0.037839544698995004
42276.33688697123,-0.05032563224004049
42309.17608938274,-0.05730407685151685
42342.01529179425,-0.06416571945564314
42374.85449420575,-0.07120405442705609
42407.69369661726,-0.07813612590509013
42440.53289902877,-0.08457267676187488
42473.37210144027,-0.08984931884502562
42506.21130385178,-0.0930674005583258
42539.05050626329,-0.09267851881462208
42571.8897086748,-0.08622406264615134
42604.728911086306,-0.07063973046653128
42637.568113497815,-0.04179778578819021
42670.407315909324,0.0035424831895225703
42703.24651832083,0.06443876293119366
42736.08572073234,0.1306077115233035
42768.924923143844,0.18080598990410257
42801.76412555535,0.1940293076543802
42834.60332796686,0.1667309522604616
42867.442530378365,0.1149983063651732
42900.281732789874,0.05863909497872632
42933.12093520138,0.010832192835128727
42963.756747926585,-0.02270811685821042
42994.39256065179,-0.04615960789438432
43025.02837337699,-0.06144234536484638
43055.66418610219,-0.07055273921861785
43086.299998827395,-0.07529357730692325
43116.9358115526,-0.07696492331915124
43147.5716242778,-0.07649894314262565
43178.20743700301,-0.07457368996393446
43208.84324972822,-0.07167915439777454
43239.47906245342,-0.06814938459028064
43270.114875178624,-0.06421839375651076
43300.75068790383,-0.0600498784341479
43423.293938804636,-0.04285324886672118
43453.92975152984,-0.03864967803721061
43484.56556425504,-0.03456822634025847
43545.837189705446,-0.02679926913797326
43576.47300243065,-0.02303552412041625
43607.10881515585,-0.01941255781143141
43668.38044060626,-0.012614186599054075
43699.01625333147,-0.009476335977894225
43729.652066056675,-0.006339451941202086
43790.92369150708,-0.0005775701682213738
43821.55950423228,0.0020622923796415043
43852.195316957484,0.004686193126902065
43913.46694240789,0.00946798158163472
43944.10275513309,0.011659451104733546
43974.738567858294,0.013783895729672521
44005.3743805835,0.015741381121436544
44036.0101933087,0.017661422557692603
44066.6460060339,0.019411504158982382
44097.281818759104,0.0210697748251632
44158.553444209516,0.024075988735101576
44189.189256934726,0.025438037281430095
44219.82506965993,0.02669432981804043
44250.46088238513,0.02782325257597328
44281.09669511033,0.028893769955235966
44311.732507835535,0.02984977367935314
44342.36832056074,0.03069982489779418
44373.00413328594,0.03147993400761835
44403.63994601114,0.032152766974564
44434.275758736345,0.03273540936010866
44464.91157146155,0.03323660140406867
44495.54738418675,0.03364130755130182
44526.18319691196,0.03396401364760606
44556.81900963717,0.034201906054465034
44587.45482236237,0.034352142105416913
44618.090635087574,0.03442381978610078
44648.726447812776,0.03441420622666827
44679.36226053798,0.03432240089926418
44709.99807326318,0.03415265040706148
44740.63388598838,0.033907843159802206
44771.269698713586,0.03358592302751831
44801.90551143879,0.03318945694273673
44832.54132416399,0.03272158914842868
44863.17713688919,0.03218332249562242
44893.8129496144,0.03157268601355106
44927.02853591861,0.03083410151531106
44960.24412222281,0.03001867818796718
44993.459708527014,0.02912690695603442
45026.67529483122,0.02815932313973725
45059.89088113543,0.027119922544510643
45093.10646743963,0.026010596142579917
45159.537640048045,0.02359023093579478
45192.75322635225,0.02228313544681939
45225.96881265646,0.020912379366054674
45292.39998526486,0.018002732129737853
45425.26233048168,0.011546391579842405
45458.47791678589,0.009813630371584607
45491.69350309009,0.008029311725781205
45558.124675698506,0.004387376666371304
45690.98702091532,-0.003334774416487246
45956.711711348966,-0.019389031125766135
45989.92729765317,-0.021312244513244455
46023.14288395738,-0.023265537580052217
46089.57405656579,-0.027203896162952962
46122.78964287,-0.029150858479572682
46156.0052291742,-0.03093129061781038
46222.43640178261,-0.03437381557328105
46255.651988086815,-0.036059050286208455
46288.86757439101,-0.03766929271460233
46322.08316069522,-0.03909009368705025
46355.298746999426,-0.040448505407874896
46388.51433330363,-0.04173211220107381
46421.72991960784,-0.04287236074547743
46454.945505912045,-0.04382161875947157
46488.16109221625,-0.04462131527489231
46521.37667852046,-0.04522023771691358
46554.59226482466,-0.04559455553314363
46587.80785112887,-0.045732717741731294
46621.023437433076,-0.04557402995321087
46654.23902373728,-0.04505888075247846
46687.45461004149,-0.04415860540207621
46720.67019634569,-0.042882371335877405
46753.88578264989,-0.040989192258013264
46787.1013689541,-0.03851344800828658
46820.3169552583,-0.03543586165618583
46853.532541562505,-0.03133323426758698
46886.74812786671,-0.026263039834498986
46919.96371417092,-0.02022301249990943
46953.17930047512,-0.012424194742123747
46986.39488677933,-0.0028509845519234245
47019.610473083536,0.008511092508066247
47050.622669701435,0.02118075536824143
47081.634866319335,0.03641261526099163
47112.647062937234,0.05451444038449349
47143.65925955514,0.07536059211145464
47174.67145617305,0.09806800999815435
47205.68365279095,0.12164692587580624
47236.69584940885,0.1427065498538915
47267.708046026746,0.15518572179011972
47298.720242644646,0.15013614862288602
47329.732439262545,0.1183528632524494
47360.744635880445,0.057752420145674326
47391.756832498344,-0.0200859512180143
47422.76902911624,-0.09228329035936735
47453.78122573414,-0.13969186056212446
47484.79342235204,-0.15740527298510124
47515.80561896995,-0.15201291253178567
47546.817815587856,-0.13347903567505492
47577.830012205755,-0.10972686562868565
47608.842208823655,-0.08542525930079875
47639.854405441554,-0.06298747380115664
47670.866602059454,-0.043111064974995346
47701.87879867735,-0.02629949896494451
47732.89099529525,-0.011994230160569448
47763.90319191315,-0.00008662656558783288
47794.91538853105,0.009785985294450517
47825.92758514895,0.01789688410471726
47856.93978176685,0.024537138487444824
47887.95197838476,0.029958243925765994
47918.964175002664,0.03435310725150027
47949.97637162056,0.03787068947849394
47980.98856823846,0.040648054397643164
48012.00076485636,0.042795810783950713
48043.01296147426,0.044457143176304205
48074.02515809216,0.04560211435363046
48105.03735471006,0.04629971637283728
48136.04955132797,0.04673061960873262
48167.061747945874,0.04681454295139409
48198.073944563774,0.04661382532311521
48229.08614118167,0.04620300004709649
48260.09833779957,0.04557588902831487
48291.11053441747,0.044761103673106664
48322.12273103537,0.04378656737463658
48353.13492765327,0.042670185100839725
48384.14712427117,0.04142038249626258
48415.15932088907,0.04006891101961295
48446.17151750697,0.038601209997633744
48508.195910742776,0.0354295897898743
48539.20810736068,0.03375732018728461
48570.22030397858,0.03198625061341774
48632.24469721438,0.02833731889949652
48756.29348368598,0.02063643292437729
49004.39105662919,0.004737444241315253
49034.794251315885,0.002834285790539971
49065.19744600258,0.0009277166346246656
49126.00383537598,-0.002767362803285489
49247.61661412277,-0.009854987754308125
49278.01980880948,-0.011540156759583857
49308.42300349617,-0.013176728352227374
49369.22939286957,-0.016327503830648717
49490.842171616365,-0.022043447233165887
49521.24536630306,-0.023337760451763265
49551.648560989765,-0.024575560251470514
49582.05175567646,-0.025755556296740218
49612.45495036316,-0.026873804520891397
49642.85814504986,-0.027928972016925926
49673.26133973656,-0.028919582872424424
49734.06772910996,-0.030696700860108023
49764.47092379665,-0.03148149805511178
49794.87411848335,-0.03219601152282525
49825.27731317005,-0.032837806962905766
49855.68050785675,-0.03340364118601227
49886.083702543445,-0.03388904794105082
49916.48689723015,-0.034299416625522564
49946.890091916845,-0.03463132038572788
49977.29328660354,-0.0348810232104716
50007.69648129024,-0.035044440161814426
50038.09967597693,-0.03512671853778243
50068.50287066364,-0.03512565753410826
50098.90606535033,-0.035036103075066154
50129.30926003703,-0.034852643882858615
50159.71245472373,-0.03456970309077827
50190.11564941043,-0.03421458490884748
50220.518844097125,-0.0337685960326526
50250.92203878383,-0.033220733345857165
50281.325233470525,-0.03256353390645983
50311.72842815722,-0.03178967182320746
50342.131622843925,-0.030960490202695493
50372.53481753062,-0.030039506790761044
50402.93801221732,-0.028997306701317206
50433.34120690402,-0.027824140445505775
50463.74440159072,-0.026511069650779994
50494.14759627741,-0.02516504469836116
50524.55079096412,-0.02374310656519446
50554.95398565081,-0.022170072317373928
50585.35718033751,-0.020434266611921267
50615.76037502421,-0.018526226245347846
50646.16356971091,-0.01663516528426902
50706.96995908431,-0.012478711566363161
50737.373153771005,-0.0100923109695465
50767.7763484577,-0.007639711553471986
50828.5827378311,-0.0025527614626995043
50858.9859325178,0.0003789030889863494
50889.3891272045,0.003385586875588308
50950.19551657789,0.009557090308942926
50983.17848484359,0.013441134225623031
51016.16145310929,0.016983064288047283
51082.12738964069,0.02537823301476979
51214.05926270349,0.04328911699861867
51247.04223096919,0.04818382308756727
51280.02519923489,0.05300784493949604
51313.00816750059,0.05792311987420354
51345.99113576629,0.06272382101577073
51378.97410403199,0.06728978457266202
51411.95707229769,0.07150889051195436
51444.94004056339,0.07501284127017091
51477.92300882909,0.07737893000363771
51510.90597709479,0.07816949580768484
51543.88894536049,0.07649663816470234
51576.87191362619,0.07060819140719277
51609.85488189189,0.05967013523391857
51642.83785015759,0.04073298581923403
51675.82081842329,0.011298217304163485
51708.80378668899,-0.030701479593080706
51741.78675495469,-0.08424900994645779
51774.769723220394,-0.14152179729262065
51807.752691486094,-0.18486884182600755
51840.735659751794,-0.19340439661911477
51873.718628017494,-0.15905268447188645
51906.701596283194,-0.09604316132221266
51939.684564548894,-0.028608803210320416
51972.667532814594,0.026245644187218878
52005.6505010803,0.06317671920362543
52038.63346934601,0.08440979175964691
52071.61643761171,0.09411336577904006
52104.59940587741,0.09627016148459516
52137.58237414311,0.0936886780360654
52170.56534240881,0.08834523037891291
52203.54831067451,0.08154060258473057
52236.53127894021,0.07396437208551454
52269.51424720591,0.06615891388502468
52302.49721547161,0.05843146176363299
52335.48018373731,0.05095380471236485
52401.44612026871,0.03696335561240218
52434.42908853441,0.03054505810229391
52467.41205680011,0.02450276563805517
52533.37799333151,0.013455299537130955
52566.36096159721,0.008526371948777563
52599.34392986291,0.003968280888782552
52632.32689812861,-0.0002967001897806569
52665.30986639431,-0.004306789115098825
52698.29283466001,-0.00798917294951048
52731.27580292571,-0.011367441322025577
52797.24173945711,-0.017414140118298446
52830.22470772281,-0.02003521372933749
52863.20767598851,-0.02249291633923773
52896.19064425421,-0.024646307884809166
52929.17361251991,-0.02669469619280543
52962.15658078561,-0.028478583287313907
52995.13954905131,-0.03009799694502791
53028.12251731701,-0.03152489246293693
53061.10548558271,-0.032769318197962014
53091.88506416211,-0.033794328943343624
53122.6646427415,-0.03466671948303931
53153.4442213209,-0.035386915403843235
53184.2237999003,-0.03600659093006347
53215.00337847969,-0.036474130242483145
53245.782957059084,-0.03682610680610078
53276.562535638484,-0.037060516239670833
53307.34211421788,-0.037168855299629065
53338.12169279727,-0.037176794316954385
53368.90127137667,-0.03706992776599833
53399.680849956065,-0.03685830265487456
53430.46042853546,-0.03654675316874173
53461.24000711486,-0.03613549081376814
53492.01958569425,-0.0356306527573363
53522.799164273645,-0.035032395185553365
53553.578742853046,-0.034348749279841745
53584.358321432446,-0.03357608341410223
53615.13790001184,-0.03272066368559337
53645.91747859123,-0.031790275946716816
53676.69705717063,-0.030785144638900093
53707.47663575003,-0.02969944319763812
53738.25621432942,-0.02854660473156462
53799.815371488214,-0.0260483423765065
53830.59495006761,-0.024701553116417738
53861.37452864701,-0.02329942912001433
53922.933685805794,-0.02033330126813919
54046.05200012338,-0.01383219832812058
54076.83157870278,-0.01210808238552701
54107.611157282176,-0.010348323441851243
54169.17031444097,-0.006740292816275441
54292.28862875855,0.0007466114209194828
54323.06820733794,0.002637069925239653
54353.84778591734,0.004544953212466889
54415.40694307613,0.00840142696729922
54538.52525739372,0.01599171274314471
54569.30483597311,0.01786025624668704
54600.084414552504,0.01972107059719747
54661.6435717113,0.02331863401809943
54692.42315029069,0.025037167725816448
54723.20272887009,0.026739284448564448
54784.76188602888,0.030048596120376025
54815.54146460828,0.03158538322425862
54846.32104318767,0.0330408691210667
54877.100621767066,0.03445432113668608
54907.880200346466,0.035806123303119275
54938.65977892586,0.03705874045193686
54969.43935750525,0.03820256884366645
55000.21893608465,0.03927017384152569
55030.99851466405,0.0402306925844709
55064.35786682245,0.04111782930193174
55097.71721898085,0.04186932460447021
55131.076571139245,0.04244670447544187
55164.43592329764,0.042836772216065806
55197.79527545604,0.043056141150413826
55231.154627614436,0.04299998239081661
55264.51397977283,0.04274828386366068
55297.87333193123,0.04222574155057224
55331.23268408963,0.04133874666037626
55364.592036248025,0.04025499329516041
55397.95138840642,0.038593325346560944
55431.31074056482,0.03677645767544295
55464.670092723216,0.03423409038482765
55498.02944488161,0.03146402929362966
55531.38879704001,0.02771066117033817
55564.74814919841,0.023781751219439595
55598.107501356804,0.018454177837995786
55631.4668535152,0.012926309286251478
55664.8262056736,0.0060746636117180175
55698.185557831996,-0.0022333429881099265
55731.54490999039,-0.011253661260729336
55764.90426214879,-0.02214514274959273
55798.26361430719,-0.034809557907468466
55831.622966465584,-0.04946653208235996
55864.98231862398,-0.06563951422632153
55898.34167078238,-0.08354025621678839
55931.701022940775,-0.1025192906253097
55965.06037509917,-0.12084297463964727
55998.41972725757,-0.13489924463293806
56031.77907941597,-0.13862473501152567
56065.13843157436,-0.12317080999080016
56098.49778373277,-0.07958968445090701
56131.85713589117,-0.007488799049025607
56165.21648804957,0.07650733728612659
56198.57584020797,0.14362055375256103
56231.93519236636,0.17356508372719553
56265.29454452476,0.16723176665213688
56298.65389668316,0.13918382220421496
56332.013248841555,0.10347872560954488
56365.37260099995,0.06880467787016797
56398.73195315835,0.03883997980178139
56432.091305316746,0.014452180306357192
56465.45065747514,-0.004716200708732458
56498.81000963354,-0.019437570043845324
56532.16936179194,-0.030746641369094604
56565.528713950334,-0.03908620685700252
56598.88806610873,-0.045142208815999244
56632.24741826713,-0.0494068230914043
56665.606770425526,-0.05232137770778736
56698.96612258392,-0.05408818913382301
56732.32547474232,-0.054955252438917
56765.68482690072,-0.055100326606957684
56799.044179059114,-0.054669233753415744
56832.40353121751,-0.053757200433460835
56865.76288337591,-0.05245552052378062
56899.122235534305,-0.05084350880289341
56932.4815876927,-0.04897396367509984
56965.8409398511,-0.046891316924372844
57032.55964416789,-0.042264750941172866
57065.91899632629,-0.03976756394834048
57099.27834848469,-0.037180359899559604
57165.99705280149,-0.03183277861946554
57198.74740302868,-0.029175393934319983
57231.497753255884,-0.02645237586562591
57296.99845371027,-0.02103433509942159
57427.99985461905,-0.010333664166983829
57460.75020484624,-0.007734519779165435
57493.500555073435,-0.005157862771897026
57559.00125552783,-0.0001775378677234202
57690.00265643661,0.009077492114536158
57722.75300666381,0.011256498981747557
57755.503356891,0.01333232393508881
57821.004057345395,0.01727509122896266
57853.75440757259,0.01911227825690037
57886.50475779979,0.020890288422570475
57952.00545825418,0.024148470826804186
57984.75580848137,0.02565481684894108
58017.506158708566,0.027065191847137154
58050.25650893576,0.0283745798673462
58083.00685916295,0.029583939459281686
58115.75720939015,0.030708826497522143
58148.50755961734,0.031725586237638784
58181.25790984454,0.032639019894094276
58214.008260071736,0.033452207928638705
58246.75861029893,0.034158858743985665
58279.50896052613,0.03475913602195044
58312.259310753325,0.035251986417817585
58345.00966098052,0.03563563949876565
58377.76001120771,0.035909343839447556
58410.51036143491,0.03607189134220508
58443.2607116621,0.036121154048377055
58476.011061889294,0.036058421724034104
58508.76141211649,0.03588107680445052
58541.51176234368,0.03558540618247949
58574.26211257088,0.03516828855207971
58607.01246279808,0.03465383374557646
58639.76281302527,0.03402288984580454
58672.51316325247,0.03326951768453181
58705.263513479666,0.03238765735561705
58738.01386370686,0.031371328223150405
58770.76421393405,0.030214847777525925
58803.51456416125,0.028991778516164815
58836.26491438845,0.027663289244019056
58869.01526461564,0.02619689026088703
58901.765614842836,0.024583880040989683
58934.51596507004,0.022816730423116507
59000.016665524425,0.019080691934381763
59032.76701575162,0.017005910966285374
59065.51736597881,0.014759070765117859
59131.0180664332,0.009984550353234815
59163.768416660394,0.007457104373377589
59196.51876688759,0.0047310853559532585
59262.01946734198,-0.000931127712001106
59292.56642788288,-0.0037745209896545657
59323.113388423764,-0.006812224986234787
59384.20730950555,-0.01281721621987145
59506.395151669116,-0.026260588969066998
59536.94211221,-0.029629057353079826
59567.4890727509,-0.03324201028145428
59628.58299383268,-0.04045721851547207
59659.129954373566,-0.044209859299406615
59689.67691491446,-0.04774427854246004
59750.77083599624,-0.054826825355103734
59781.31779653713,-0.05823422778095432
59811.86475707802,-0.06130210782705384
59842.41171761892,-0.06411074834773962
59872.958678159805,-0.0664664000851356
59903.50563870069,-0.06819387831221899
59934.052599241586,-0.06897096737490431
59964.59955978248,-0.06880502730230473
59995.14652032337,-0.06689848991473094
60025.693480864255,-0.06275014634108483
60056.24044140515,-0.05569715375603369
60086.78740194604,-0.044993711459517964
60117.33436248693,-0.029023873644309535
60147.88132302782,-0.006292966934212198
60178.42828356871,0.024318241733868786
60208.975244109606,0.06325269275975957
60239.52220465049,0.10860200350179997
60270.06916519138,0.15344552638232162
60300.616125732275,0.18517624992814719
60331.16308627317,0.18810803552553973
60361.710046814056,0.153928308059534
60392.25700735494,0.09105005583285265
60422.80396789584,0.02017047931391983
60453.35092843673,-0.04023129044073129
60483.89788897762,-0.08136953949211584
60514.444849518506,-0.10428938977018837
60544.9918100594,-0.11308548978719925
60575.538770600295,-0.11265783301900795
60606.08573114118,-0.10668902087678792
60636.63269168207,-0.09771076527140157
60667.17965222296,-0.08730140746882571
60728.273573304745,-0.06589143987403687
60758.82053384563,-0.055716938322263626
60789.367494386526,-0.04616587088543565
60819.91445492742,-0.03724067291105655
60850.46141546831,-0.028967222045923197
60881.008376009195,-0.021422947818548532
60911.55533655009,-0.014483829477728697
60942.10229709098,-0.008148515862822857
60972.64925763187,-0.0023389569192262365
61003.19621817276,0.002948239049865905
61033.74317871365,0.00780505719308041
61064.29013925455,0.012137624070221006
61094.83709979543,0.01598881179757396
61125.38406033632,0.019620941537281122
61155.931020877215,0.022805219962540587
61186.47798141811,0.025613906043805125
61217.024941958996,0.028215568373856068
61250.15167607889,0.030651662568952995
61283.27841019878,0.032740111481646024
61316.405144318676,0.034598403794899056
61349.53187843857,0.036119991253609415
61382.65861255846,0.037418887807741344
61415.785346678356,0.03844860497899316
61448.91208079825,0.0392591923499288
61482.03881491814,0.03984816739250674
61515.16554903803,0.04023039747984334
61548.29228315792,0.04042321557322581
61581.41901727782,0.040426696951734974
61614.54575139771,0.04026301354625016
61647.6724855176,0.039929878587252124
61680.7992196375,0.039445779820888434
61713.92595375739,0.038810524926210524
61747.05268787728,0.03804172530169801
61780.17942199717,0.0371348497779381
61813.30615611706,0.036108101847213345
61846.43289023696,0.03496486988515543
61879.55962435685,0.03370522922997961
61912.68635847674,0.03235223072659757
61945.81309259664,0.030890755581442764
62012.06656083642,0.027713987661393602
62045.19329495631,0.025993793600453792
62078.3200290762,0.024208903997295562
62144.57349731599,0.02043466208415547
62277.08043379556,0.01225425263859015
62310.207167915454,0.01011484878812527
62343.333902035345,0.007931095700306905
62409.587370275134,0.003513555559892313
62542.094306754705,-0.005443172743255487
62575.221040874596,-0.00768277493463147
62608.34777499449,-0.009892951681707781
62674.601243234276,-0.014266617628701548
62807.10817971385,-0.022592676181122463
62840.23491383374,-0.02456196149751186
62873.36164795363,-0.02643692076457107
62939.61511619342,-0.030029954857624663
62972.74185031331,-0.031707037846121916
63005.86858443321,-0.03326318954504676
63038.9953185531,-0.034746382092387285
63072.12205267299,-0.03613703364630655
63105.24878679288,-0.03741293999521355
63138.37552091277,-0.038529947115605666
63171.50225503266,-0.03953937682027395
63204.62898915255,-0.04040963861238867
63237.75572327244,-0.04111241467723441
63270.882457392334,-0.0416670555347385
63304.00919151223,-0.042043956093646535
63337.13592563212,-0.042196121830091124
63368.059270065714,-0.042192970540602455
63398.9826144993,-0.04200337686105161
63429.90595893289,-0.041556446524445
63460.82930336648,-0.04093352220709307
63491.752647800065,-0.040100853028164546
63522.67599223366,-0.03890990324159866
63553.59933666725,-0.03752122219340475
63584.52268110083,-0.03585794068470264
63615.44602553442,-0.03368219032861091
63646.36936996801,-0.03146165671032672
63677.2927144016,-0.02861058724512812
63708.21605883518,-0.025434249007625948
63739.13940326877,-0.021791015423731772
63770.06274770236,-0.017589501838873377
63800.98609213595,-0.012900678041165004
63831.909436569535,-0.0074800870536377816
63862.83278100312,-0.0014388117740399033
63893.75612543671,0.005272992910705376
63924.6794698703,0.0131985470964789
63955.602814303886,0.021448282061026707
63986.52615873747,0.031246473510569424
64017.44950317106,0.04185651844699265
64048.37284760465,0.05342958790525432
64079.29619203824,0.06621682681150379
64110.21953647182,0.08010018572503085
64141.14288090541,0.09403504808849229
64172.066225339004,0.10759138139401639
64202.98956977259,0.11916696753207985
64233.91291420618,0.12584711969967902
64264.83625863977,0.12329466409069258
64295.759603073355,0.10552292732400056
64326.682947506946,0.06666090456150699
64357.60629194054,0.00489036867446159
64388.52963637412,-0.07083452078632338
64419.45298080771,-0.13969408907432027
64450.376325241305,-0.1796818845461961
64481.29966967489,-0.18269916583661824
64512.22301410848,-0.1571176473510859
64543.14635854207,-0.11776225681714801
64574.069702975656,-0.07668341022523523
64604.99304740924,-0.04013833955282129
64635.91639184283,-0.010300980298348347
64666.83973627642,0.012815199378382033
64697.76308071001,0.029953877825405498
64728.68642514359,0.042557971513757106
64759.60976957718,0.051425681658594645
64790.533114010774,0.05739829395447751
64821.45645844436,0.06114318184157459
64852.37980287794,0.06318431776253251
64883.30314731153,0.06390990174340706
64914.226491745125,0.06363063558271863
64945.14983617871,0.06258091325425855
64976.07318061229,0.06093648697150849
65006.996525045884,0.05883413660443712
65037.919869479476,0.05638267257125866
65068.84321391306,0.053645959473026264
65099.766558346644,0.05070370477266871
65130.689902780236,0.04763353963649379
65192.53659164741,0.04115317269044565
65316.22996938177,0.02780246342409093
65346.54431188415,0.024566052738354344
65376.85865438654,0.021334822629681185
65437.487339391315,0.015033143868438403
65467.8016818937,0.011972659752768481
65498.116024396084,0.008958033434114887
65558.74470940085,0.003154609877434829
65589.05905190323,0.0003711933378505606
65619.37339440561,-0.002341509846315445
65680.00207941039,-0.007500765879266224
65710.31642191278,-0.009959428745505983
65740.63076441517,-0.012280717503155406
65801.25944941994,-0.01673147377743725
65831.57379192233,-0.018768133611395878
65861.88813442472,-0.02075672874118759
65892.20247692711,-0.02261684370092488
65922.5168194295,-0.024361884897763118
65952.83116193188,-0.026028355495422383
65983.14550443427,-0.02757152903085562
66043.77418943903,-0.030343471223334924
66074.08853194141,-0.03156113872766714
66104.4028744438,-0.03267175930530969
66134.71721694618,-0.03367406479534871
66165.03155944857,-0.03455948499179981
66195.34590195096,-0.03533629665100584
66225.66024445335,-0.03600004678514596
66255.97458695574,-0.036548126083499916
66286.28892945813,-0.03698218038664956
66316.60327196051,-0.03730540893362154
66346.9176144629,-0.03751247529369164
66377.23195696529,-0.037605139198643986
66407.54629946768,-0.037583640090978684
66437.86064197007,-0.03744707518228233
66468.17498447245,-0.037196918528007925
66498.48932697484,-0.03683286216541431
66528.80366947722,-0.036353719210251975
66559.11801197959,-0.03575720924595237
66589.43235448198,-0.03505514499160611
66619.74669698437,-0.03423873568908422
66650.06103948675,-0.03330538348073685
66680.37538198914,-0.03225009775471922
66710.68972449153,-0.03110772602323315
66741.00406699392,-0.029849216750188264
66771.3184094963,-0.028470656150487897
66801.6327519987,-0.026968435077309637
66831.94709450108,-0.025394962030880146
66892.57577950585,-0.02190250421092718
66922.89012200822,-0.019964815444224276
66953.2044645106,-0.01797467745635057
67013.83314951538,-0.01369466622193127
67044.14749201777,-0.01135258096671265
67074.46183452016,-0.008873308876898137
67135.09051952494,-0.0039190175645849035
67256.34788953447,0.007240689145984872
67289.24200561587,0.010557162048773903
67322.13612169726,0.013880049069935728
67387.92435386003,0.02071987500544519
67519.50081818557,0.034928905876464134
67552.39493426695,0.03851947916175238
67585.28905034834,0.042113858888222916
67618.18316642972,0.04555659489970569
67651.07728251112,0.04905711882888074
67683.97139859252,0.05222654840334487
67716.8655146739,0.05533923117574596
67749.75963075529,0.058089542737081834
67782.65374683667,0.06051227701310635
67815.54786291806,0.062464585047389234
67848.44197899944,0.06376349095338209
67881.33609508083,0.06412718012082212
67914.23021116223,0.06358769537085912
67947.12432724363,0.06138088415077388
67980.01844332501,0.05710900307331719
68012.9125594064,0.05046261161819542
68045.80667548778,0.04046882269464017
68078.70079156916,0.025854264181069772
68111.59490765055,0.005249755176280263
68144.48902373193,-0.022402022943540052
68177.38313981332,-0.05756271384362242
68210.2772558947,-0.09969929928952699
68243.17137197609,-0.1434768276763392
68276.06548805747,-0.1773913909663811
68308.95960413887,-0.18369811595756727
68341.85372022027,-0.14881311353230708
68374.74783630166,-0.07799928260346553
68407.64195238304,0.0036609547253335234
68440.53606846443,0.07013769341647226
68473.43018454581,0.11028748709964524
68506.3243006272,0.12652644812206185
68539.21841670858,0.12639905357436987
68572.11253278996,0.11690334146356246
68605.00664887135,0.1029345042085908
68637.90076495273,0.08744277794031327
68670.79488103412,0.07195031823335338
68703.68899711552,0.05743415662439187
68736.58311319692,0.043914390842935386
68769.4772292783,0.03174983911931344
68802.37134535969,0.020925958776690717
68835.26546144107,0.011345065493536297
68868.15957752246,0.002892345340180947
68901.05369360384,-0.004595426065177245
68933.94780968523,-0.01115039150246934
68966.84192576662,-0.01688309104661026
68999.73604184802,-0.021877448912828217
69032.63015792941,-0.026251708065844398
69065.5242740108,-0.02996790236600122
69098.41839009218,-0.03306481235587739
69131.31250617356,-0.035830098309667706
69164.20662225495,-0.03807761653378519
69197.10073833633,-0.039881110903062546
69229.99485441772,-0.041337748018470274
69262.8889704991,-0.04245583087983915
69295.78308658049,-0.04323427740059344
69328.67720266187,-0.04373219917833826
69361.57131874327,-0.04395139998051628
69392.26204513834,-0.04393374758452536
69422.95277153343,-0.0437079648413787
69453.64349792851,-0.04329665081047446
69484.3342243236,-0.042706060313340455
69515.02495071868,-0.041950511465355875
69545.71567711377,-0.041044095562712955
69576.40640350885,-0.03998800458944918
69607.09712990394,-0.03880753346505783
69637.78785629902,-0.03749028640785102
69668.47858269411,-0.036069259536872185
69729.86003548426,-0.032892880350568365
69760.55076187933,-0.03118480475387666
69791.24148827442,-0.029360969844854288
69852.62294106459,-0.025529868999333273
69883.31366745968,-0.023496299901055184
69914.00439385476,-0.021416239327837244
69975.38584664493,-0.017115816426738217
70098.14875222526,-0.008092884197577466
70343.67456338592,0.01033437408392633
70374.36528978101,0.012574694610156988
70405.0560161761,0.014762635015052894
70466.43746896627,0.019033341182439715
70497.12819536135,0.021104982892859968
70527.81892175644,0.023102241949417044
70589.20037454659,0.026912939959331982
70619.89110094166,0.02872496685258643
70650.58182733675,0.030450079734649332
70681.27255373183,0.03206699838441303
70711.96328012692,0.033608039022758426
70742.654006522,0.035060934935616225
70773.34473291709,0.03641171548746745
70804.03545931217,0.037620654010980956
70834.72618570726,0.038723319839561565
70865.41691210234,0.03971032853449474
70896.10763849743,0.04056113074618399
70926.79836489251,0.04125520592967695
70957.4890912876,0.041810186926560335
70988.17981768269,0.04221406147870003
71018.87054407777,0.042436158132332744
71049.56127047286,0.042444434987408075
71080.25199686793,0.04233003894401843
71110.942723263,0.0420022700547162
71141.63344965808,0.04141758904361244
71172.32417605317,0.04062680891625116
71203.01490244825,0.0396568423081466
71233.70562884334,0.03835343707659034
71264.39635523842,0.03671460601537546
71295.08708163351,0.034981364051158474
71325.7778080286,0.03279662278564616
71359.04830800268,0.030065575223418912
71392.31880797676,0.0270130292206025
71425.58930795084,0.023198861747791448
71458.85980792494,0.01933594823635433
71492.13030789903,0.014519055975159081
71525.40080787311,0.009523031932434593
71558.6713078472,0.003403300584055566
71591.94180782128,-0.0028978036543466784
71625.21230779536,-0.010381250344446591
71658.48280776944,-0.01840562055199599
71691.75330774352,-0.02736082664870421
71725.02380771762,-0.0375758194334193
71758.29430769171,-0.048233975618795735
71791.5648076658,-0.06000855702580748
71858.10580761396,-0.0857495321153271
71891.37630758804,-0.0983211110099104
71924.64680756212,-0.10940877237199013
71957.9173075362,-0.11664900065338302
71991.1878075103,-0.11624821597620998
72024.4583074844,-0.10263821458430253
72057.72880745848,-0.06910629170113837
72090.99930743256,-0.011449362006723439
72124.26980740664,0.06573254570946312
72157.54030738072,0.14131683320945032
72190.8108073548,0.18651848352516642
72224.08130732889,0.18658770279878323
72257.35180730297,0.15097994931416306
72290.62230727705,0.1002871384581216
72323.89280725113,0.050770007738802726
72357.16330722522,0.009912763118461704
72390.43380719931,-0.020655451092680507
72423.70430717341,-0.04207636740945481
72456.97480714749,-0.056056869182511196
72490.24530712157,-0.06507685297382404
72523.51580709565,-0.06990987445758857
72556.78630706973,-0.07197372482881036
72590.05680704382,-0.07192763114994649
72623.3273070179,-0.07039305706361937
72656.59780699198,-0.06781455825273258
72689.86830696606,-0.06450784558074205
72723.13880694014,-0.06068671249655082
72756.40930691423,-0.05651781098333026
72789.67980688832,-0.05212218946819863
72922.76180678466,-0.03380039459390152
72956.03230675875,-0.029217222886011585
72989.30280673283,-0.02474670705539924
73055.843806681,-0.016151388244842663
73089.1143066551,-0.01200300535684014
73122.38480662918,-0.008026472117120868
73188.92580657735,-0.0004599636642137958
73222.19630655143,0.0031141948071441274
73255.46680652551,0.006502715470879995
73322.00780647369,0.012829514564518158
73355.27830644778,0.0157551826004137
73388.54880642187,0.018500494580407346
73455.08980637003,0.0235019187084649
73486.15691665781,0.02560897905843726
73517.2240269456,0.027554112482752982
73548.29113723338,0.029374209977635596
73579.35824752116,0.031019688773450335
73610.42535780894,0.032523187984836575
73641.49246809672,0.03388960676364125
73672.5595783845,0.03509148704563978
73703.62668867227,0.03614709939130807
73734.69379896004,0.037060852960898366
73765.76090924782,0.03781806245992369
73796.8280195356,0.03842863157028985
73827.89512982339,0.03889425861591279
73858.96224011117,0.039209673355797496
73890.02935039895,0.03937980949094082
73921.09646068673,0.039404508029722674
73952.16357097452,0.03928409580570568
73983.2306812623,0.039020524988593444
74014.29779155008,0.03861430560303251
74045.36490183786,0.03806708949052073
74076.43201212565,0.03737626069997242
74107.49912241343,0.036553035218881896
74138.56623270121,0.035593535139200286
74169.633342989,0.034497052733673386
74200.70045327676,0.03326257375432525
74231.76756356453,0.03189208790739341
74262.83467385231,0.030412742445078758
74293.9017841401,0.02880014996709855
74324.96889442788,0.02705162506885643
74356.03600471566,0.025164883378574865
74387.10311500344,0.023186850997672044
74449.237335579,0.018893696090401695
74480.30444586679,0.01654243707648829
74511.37155615457,0.014052470066762942
74573.50577673013,0.008967876495677929
74697.77421788125,-0.0025106349848349743
74728.84132816902,-0.00558649857768
74759.9084384568,-0.00879794179476433
74822.04265903236,-0.015161244476214175
74946.31110018349,-0.02857716046699811
74977.37821047127,-0.03205643897275172
75008.44532075906,-0.03530453412263548
75070.57954133462,-0.04202935188546855
75101.6466516224,-0.045090744943533365
75132.71376191018,-0.048207360387846614
75163.78087219797,-0.05108889077876311
75194.84798248573,-0.05382598705327389
75225.9150927735,-0.05629390043001044
75256.98220306128,-0.05844627761261703
75288.04931334907,-0.06017850184497227
75319.11642363685,-0.06145081219622483
75350.18353392463,-0.062028650938523874
75381.25064421241,-0.061829232087030075
75412.3177545002,-0.060698058067188976
75443.38486478798,-0.05802162069666639
75473.84297314455,-0.05422450675132482
75504.30108150114,-0.04824211475053275
75534.75918985772,-0.039572188757021176
75565.2172982143,-0.02808414192889041
75595.67540657087,-0.012807448891310774
75626.13351492745,0.00744913313513091
75656.59162328404,0.03331000463786679
75687.04973164061,0.06471209438546237
75717.50783999718,0.10100445696480267
75747.96594835377,0.13848686289841874
75778.42405671036,0.16935412577492842
75808.88216506693,0.181117692082223
75839.3402734235,0.16084114230314323
75869.79838178007,0.10513685181476748
75900.25649013664,0.027746521432132267
75930.71459849323,-0.04754968046300766
75961.17270684981,-0.10228314854594361
75991.63081520639,-0.1311894008625209
76022.08892356296,-0.13872821075694447
76052.54703191953,-0.13234243351422248
76083.0051402761,-0.11838113349751808
76113.46324863269,-0.10115846999054987
76174.37946534585,-0.06597820569825222
76204.83757370242,-0.050125815550142554
76235.295682059,-0.035762044992405984
76265.75379041559,-0.022988316295207256
76296.21189877216,-0.0117570256924319
76326.67000712873,-0.0019439671322561553
76357.12811548532,0.006600163044723675
76387.5862238419,0.013998228889163453
76418.04433219848,0.02037548426101042
76448.50244055505,0.025843906567266598
76478.96054891164,0.030503953600077745
76509.41865726822,0.03444391573567487
76539.8767656248,0.03772626599197413
76570.33487398137,0.0404820198168091
76600.79298233795,0.042701377809169494
76631.25109069454,0.04437595843033039
76661.70919905111,0.04573958426532175
76692.16730740768,0.04665655013735523
76722.62541576427,0.04721751782019154
76753.08352412086,0.04748326281070059
76783.54163247743,0.047435400039186115
76813.999740834,0.04712836093751716
76844.45784919057,0.0465772761255369
76874.91595754714,0.04579488456338189
76905.37406590373,0.04481349088833805
76935.83217426031,0.043636333549714086
76966.29028261689,0.042295568034341285
76996.74839097346,0.040783075536221194
77027.20649933003,0.03914768520034416
77057.6646076866,0.03734990544440509
77088.12271604319,0.03545674255466226
77149.03893275635,0.03132938654816808
77179.49704111292,0.029128374372535352
77209.9551494695,0.02684960520641189
77270.87136618266,0.022087711968582713
77392.70379960898,0.012022950789825427
77425.74168154456,0.009223895410530442
77458.77956348014,0.006391429983991473
77524.8553273513,0.000745918341155379
77657.00685509361,-0.010339977927692026
77690.0447370292,-0.01301378021596889
77723.08261896478,-0.015635503342644515
77789.15838283594,-0.02067148933276168
77822.19626477153,-0.02308589746794641
77855.23414670711,-0.025382567820618953
77921.30991057826,-0.029710105929739845
77954.34779251384,-0.0317190856803459
77987.38567444941,-0.033586033782086355
78020.423556385,-0.03531008083720259
78053.46143832058,-0.03691064954660136
78086.49932025616,-0.03836992150475404
78119.53720219174,-0.039667587847155926
78152.57508412733,-0.04076769389516464
78185.61296606291,-0.041704784147292576
78218.65084799849,-0.04246223494411034
78251.68872993407,-0.04300919616061582
78284.72661186964,-0.04332056009800567
78317.76449380523,-0.04344066209788185
78350.80237574081,-0.0433215600660705
78383.84025767638,-0.0429166246076131
78416.87813961196,-0.042265403049987486
78449.91602154754,-0.04137799611950778
78482.95390348313,-0.040128592744415194
78515.99178541871,-0.03850047971836601
78549.02966735428,-0.03671735286260784
78582.06754928986,-0.03445439855039927
78615.10543122544,-0.03179358675366485
78648.14331316101,-0.028870248550870718
78681.1811950966,-0.025273707534934638
78714.21907703218,-0.021450554800772393
78747.25695896776,-0.017002299812881802
78780.29484090334,-0.012056528379633245
78813.33272283891,-0.006557117763192625
78846.37060477449,-0.00033607233643232967
78879.40848671008,0.006418370871643833
78912.44636864564,0.013882481126848745
78945.48425058123,0.022292314953672135
78978.52213251681,0.031103137272592982
79011.56001445239,0.04133215661842658
79044.59789638798,0.05162637751460124
79077.63577832354,0.06286474464413314
79110.67366025913,0.07478008695909669
79143.71154219471,0.08668181339656514
79176.74942413028,0.09784346895632344
79209.78730606586,0.10720436384077382
79242.82518800144,0.11252687228835112
79275.86306993703,0.11048430875477
79308.90095187261,0.0960113689617008
79341.93883380819,0.06321639544139232
79374.97671574377,0.007890496670877767
79408.01459767936,-0.06636076152329222
79441.05247961494,-0.1414753177887392
79474.09036155051,-0.18909911342684935
79507.12824348609,-0.19077205849991175
79537.96273573537,-0.1565143502349251
79568.79722798464,-0.10542857901936341
79599.63172023391,-0.053546564131949206
79630.46621248318,-0.009654449910843244
79661.30070473245,0.02374397756521701
79692.13519698173,0.047307987908893886
79722.96968923102,0.06290520561448049
79753.80418148029,0.07231701716746611
79784.63867372955,0.07733220786539337
79815.47316597884,0.07911392318794229
79846.30765822812,0.07856313835835364
79877.14215047739,0.07637954389130931
79907.97664272666,0.07306854964386597
79938.81113497594,0.06899277266503287
79969.64562722523,0.06433881706807892
80000.4801194745,0.05947618129080735
80031.31461172376,0.05425421350869121
80062.14910397305,0.049058010678994526
80123.8180884716,0.038536301088470705
80154.65258072087,0.03344939363915961
80185.48707297015,0.028316370930859255
80247.1560574687,0.018616030416635315
80277.99054971797,0.01402809332503513
80308.82504196725,0.009552323228528913
80370.4940264658,0.0011605567015303755
80401.32851871508,-0.0027439953465451562
80432.16301096436,-0.0064917559453309525
80493.83199546291,-0.013387464040453727
80524.66648771218,-0.01652335459820589
80555.50097996146,-0.01951560087482309
80586.33547221075,-0.022267258760302666
80617.16996446002,-0.024874844030782876
80648.00445670928,-0.02724472689292747
80678.83894895857,-0.029467538178136177
80709.67344120785,-0.03145906213458213
80740.50793345712,-0.03329914599260022
80771.34242570639,-0.034921258463391024
80802.17691795567,-0.0363772992288569
80833.01141020496,-0.03764140266022075
80863.84590245422,-0.038706472042833374
80894.6803947035,-0.0396019224118867
80925.51488695278,-0.04031650529182714
80956.34937920206,-0.04084376453225548
80987.18387145133,-0.04119539462876099
81018.0183637006,-0.04137331963057819
81048.85285594988,-0.041373920615142765
81079.68734819916,-0.041203447220775465
81110.52184044843,-0.04086266530933919
81141.3563326977,-0.040353507752261215
81172.19082494699,-0.039679925339796446
81203.02531719627,-0.038842863007245584
81233.85980944554,-0.03784592514225956
81264.6943016948,-0.03669079041288436
81295.52879394409,-0.03538065467131188
81326.36328619337,-0.033923130634317414
81357.19777844264,-0.0323133949569188
81388.03227069191,-0.030552109443478834
81418.86676294118,-0.02866709179794629
81480.53574743973,-0.024456049821370666
81513.95001326801,-0.021962570774158956
81547.36427909628,-0.019357630371111607
81614.19281075284,-0.013647916252030807
81747.84987406596,-0.0007973103463492347
81781.26413989424,0.0027462845953288052
81814.67840572252,0.006294058264382726
81881.50693737906,0.013578696331300993
82015.16400069217,0.028813868519806315
82048.57826652045,0.03258196305458738
82081.99253234873,0.036299451314947245
82148.82106400529,0.043594754608992925
82182.23532983357,0.04704324476640848
82215.64959566185,0.050316616601384076
82249.06386149011,0.05331177672382084
82282.47812731839,0.05605868060699981
82315.89239314667,0.05835520020263869
82349.30665897494,0.06017053937635546
82382.72092480322,0.061433490789358176
82416.1351906315,0.06182994468988322
82449.54945645978,0.06133680605591045
82482.96372228806,0.05964961221671673
82516.37798811634,0.056140748772545906
82549.79225394462,0.05106337153145267
82583.2065197729,0.043323559791641084
82616.62078560118,0.03227069256820836
82650.03505142944,0.016964554562211263
82683.44931725772,-0.002788248517506267
82716.863583086,-0.028474096151120364
82750.27784891427,-0.06081492638462927
82783.69211474255,-0.09867424751984247
82817.10638057083,-0.13798493140692208
82850.5206463991,-0.16942349950329905
82883.93491222739,-0.1771109161786639
82917.34917805567,-0.14497694494865396
82950.76344388395,-0.07249039239639302
82984.17770971222,0.017221573896457926
83017.5919755405,0.09191183271264117
83051.00624136877,0.13441268896599154
83084.42050719705,0.14615434437210797
83117.83477302533,0.13772883927892754
83151.2490388536,0.11903447515801287
83184.66330468188,0.0966185696065284
83218.07757051016,0.07426322502824415
83251.49183633843,0.053416530748961896
83284.90610216671,0.035080316176621454
83318.320367995,0.019054414987764966
83351.73463382327,0.005464156972339415
83385.14889965155,-0.005984270159771734
83418.56316547983,-0.01581927687221943
83451.9774313081,-0.023976874639336846
83485.39169713638,-0.030689249838717077
83518.80596296466,-0.03615389441245741
83552.22022879292,-0.040546419565164374
83585.6344946212,-0.04396382529373219
83619.04876044948,-0.04658635640063289
83651.85402434657,-0.04852225296732667
83684.65928824364,-0.04980766412627597
83717.46455214071,-0.050534213459135884
83750.26981603779,-0.050783270411041796
83783.07507993486,-0.050616749838184684
83815.88034383193,-0.05005565448003109
83848.68560772901,-0.04914144321068795
83881.49087162608,-0.0479255496436453
83914.29613552315,-0.046432936944376835
83947.10139942024,-0.044681991955689365
83979.9066633173,-0.04272898726382122
84012.71192721438,-0.04054794026897873
84045.51719111146,-0.038218424007832874
84078.32245500853,-0.03570794510298998
84143.93298280268,-0.030318940524175476
84176.73824669977,-0.02746766607902576
84209.54351059684,-0.024508477790333598
84275.15403839099,-0.0184206687395417
84406.37509397928,-0.005793844397223242
84439.18035787635,-0.002618566802747367
84471.98562177343,0.0005486491813077882
84537.59614956757,0.006778541795624877
84668.81720515588,0.018582431471580563
84701.62246905296,0.021343865369392707
84734.42773295003,0.02398768922744277
84767.2329968471,0.026529553298456705
84800.03826074419,0.02895941244893076
84832.84352464126,0.031267157979431734
84865.64878853832,0.03340445088407244
84898.45405243541,0.03540749899207746
84931.25931633248,0.03726078836639496
84964.06458022955,0.038947268264372836
84996.86984412663,0.04041888563662024
85029.6751080237,0.04171862429814972
85062.48037192077,0.04282178847893565
85095.28563581785,0.04370064702976159
85128.09089971492,0.044345532813492176
85160.896163612,0.04476784609134453
85193.70142750908,0.0449296739615602
85226.50669140616,0.044789615874311337
85259.31195530323,0.044423447029934816
85292.1172192003,0.043757516274248266
85324.92248309738,0.04272666960681221
85357.72774699447,0.041403683456586654
85390.53301089154,0.03978375304954218
85423.3382747886,0.03769451922415737
85456.14353868569,0.03521995969269643
85488.94880258277,0.03247044037329658
85521.75406647984,0.02909331244202956
85554.55933037691,0.025431918611136906
85587.364594274,0.02120772239652471
85620.16985817107,0.016281846317209192
85652.97512206814,0.011146878055733752
85685.78038596522,0.0049750935242363105
85718.58564986229,-0.0012875858135424668
85749.18752407306,-0.00830178042471938
85779.78939828384,-0.015336634672576106
85810.39127249461,-0.02356969921262508
85840.99314670538,-0.03190174009524423
85871.59502091615,-0.04131542731031595
85902.19689512692,-0.05107122152409167
85963.40064354846,-0.07244312502346821
85994.00251775923,-0.08314455323186146
86024.60439197,-0.09354254836730161
86055.20626618077,-0.1027625939709921
86085.80814039154,-0.10933013014032075
86116.41001460231,-0.11117222977530544
86147.01188881308,-0.10515247726125088
86177.61376302385,-0.0871318273851622
86208.21563723462,-0.052585330038829044
86238.81751144539,0.0010790150502065637
86269.41938565616,0.07039322025935886
86300.02125986693,0.14017544498087
86330.6231340777,0.18793504483776075
86361.22500828847,0.19595813146097904
86391.82688249924,0.16564090110323762
86422.42875671001,0.11339928195501177
86453.03063092078,0.057725444840276904
86483.63250513155,0.009548357360593111
86514.23437934232,-0.027297392242609443
86544.83625355309,-0.05286516765878347
86575.43812776386,-0.06945499315566817
86606.04000197463,-0.07898234460116892
86636.6418761854,-0.08348600033962027
86667.24375039617,-0.08446495731334044
86697.84562460694,-0.08290115041510729
86728.44749881771,-0.079602735021508
86759.04937302848,-0.07514031335174627
86789.65124723925,-0.06991461841141404
86820.25312145002,-0.06423250319286408
86850.85499566079,-0.05828062157860589
86881.45686987156,-0.05220946385687893
86942.6606182931,-0.040013981075564246
86973.26249250387,-0.03401713893962481
87003.86436671464,-0.028247441676479926
87065.06811513618,-0.01715518591378832
87095.66998934695,-0.011966761508868114
87126.27186355772,-0.006977577834985002
87187.47561197927,0.0023238348973327813
87218.07748619004,0.006613870285429625
87248.67936040083,0.010690939830787831
87279.2812346116,0.01446317272771042
87309.88310882237,0.018052890496581642
87340.48498303314,0.02136457114676472
87371.0868572439,0.024451603649106635
87401.68873145468,0.02729532644432993
87432.29060566545,0.029894725762491765
87462.89247987622,0.03227092956057026
87493.49435408699,0.0343956680154666
87524.09622829776,0.036308048558195305
87554.69810250853,0.0379704652730771
87585.2999767193,0.03942546053536039
87615.90185093007,0.0406354036018105
87646.50372514084,0.041645177993186844
87677.1055993516,0.04242090913732972
87710.28724714139,0.04301321090837057
87743.46889493115,0.04337057849555409
87776.65054272092,0.04347060628314402
87809.8321905107,0.04333051555391643
87843.01383830047,0.04295017266266642
87876.19548609023,0.04233612686909109
87909.37713388001,0.04149248282154059
87942.55878166978,0.04042330639382438
87975.74042945955,0.03913525785192002
88008.92207724933,0.03763061542321959
88042.1037250391,0.03591946733313153
88075.28537282886,0.03400109551650973
88108.46702061864,0.03188769104947489
88141.64866840841,0.029585362885721292
88208.01196398796,0.024410516165457648
88241.19361177774,0.021607276298271333
88274.3752595675,0.018619166282778783
88340.73855514705,0.012085721878280999
88473.46514630615,-0.0023773820997908725
88506.64679409593,-0.006290941966930417
88539.8284418857,-0.010171998076986596
88606.19173746524,-0.018384823364161286
88738.91832862432,-0.034711962064873536
88772.09997641409,-0.03866325556791142
88805.28162420387,-0.042638099576741265
88838.46327199363,-0.04630704395655859
88871.6449197834,-0.04989494037151673
88904.82656757318,-0.0532197086280126
88938.00821536295,-0.056191180763580595
88971.18986315271,-0.058795598867861926
89004.3715109425,-0.06090073578288978
89037.55315873228,-0.06233175974669987
89070.73480652204,-0.06307706629279629
89103.91645431181,-0.06276984656743986
89137.09810210159,-0.06124920176345693
89170.27974989137,-0.05832104361839277
89203.46139768114,-0.052981892536656576
89236.6430454709,-0.04586588009212338
89269.82469326069,-0.03549187098721461
89303.00634105047,-0.021069489179711208
89336.18798884023,-0.0015434358562257874
89369.36963663,0.02278067261414888
89402.55128441978,0.053655520655984376
89435.73293220955,0.09033567703990775
89468.91457999931,0.12959678767895363
89502.0962277891,0.16336095758973648
89535.27787557886,0.17763972354112578
89568.45952336863,0.15552625740505355
89601.64117115841,0.09067347074739626
89634.82281894817,0.0006043380007713095
89668.00446673794,-0.08187218400536947
89701.18611452772,-0.13295435318001247
89734.36776231749,-0.1504751453996406
89767.54941010725,-0.14394885965225465
89800.73105789704,-0.1246177826253376
89831.7093160005,-0.10210217550909662
89862.68757410397,-0.0790946115430547
89893.66583220744,-0.0575309157061948
89924.6440903109,-0.03809898188143121
89955.62234841437,-0.021144481586896982
89986.60060651784,-0.006598692751084129
90017.5788646213,0.005734216997124807
90048.55712272477,0.01616388694567024
90079.53538082824,0.024865091751873618
90110.5136389317,0.03207640162909753
90141.49189703517,0.037939148310673486
90172.47015513864,0.04264563152222652
90203.4484132421,0.04634753790476869
90234.42667134557,0.049161148656872974
90265.40492944905,0.051284492616115084
90296.38318755252,0.052675541184716665
90327.36144565599,0.05342020885124647
90358.33970375947,0.05370348064869228
90389.31796186294,0.053479209103984404
90420.2962199664,0.05282342619695586
90451.27447806987,0.05180384103279109
90482.25273617334,0.050444281188700764
90513.2309942768,0.04878810309521092
90544.20925238027,0.04685108708229238
90575.18751048374,0.044702914870079616
90606.1657685872,0.042312129723905995
90668.12228479414,0.037029168543060834
90699.1005428976,0.034168882290537564
90730.07880100107,0.031176964742352736
90792.035317208,0.02490620016308339
90823.01357531147,0.021649742918536156
90853.99183341494,0.018350170291665493
90915.94834962187,0.011631807339235967
91039.86138203576,-0.0018868891567381477
91070.83964013922,-0.005199484698279545
91101.8178982427,-0.008452653847320565
91163.77441444964,-0.014811008312565573
91194.7526725531,-0.01786239672633881
91225.73093065657,-0.020829464116593838
91287.6874468635,-0.02643587531601162
91318.66570496697,-0.029054746695795542
91349.64396307044,-0.03153802373354194
91380.62222117391,-0.03388348422903192
91411.60047927737,-0.03606169262139041
91442.57873738084,-0.03807357095983949
91473.55699548431,-0.0399169355570108
91504.53525358778,-0.04156365542235163
91535.51351169124,-0.0429948135922975
91566.49176979471,-0.04423393673188535
91597.47002789818,-0.045254693989264884
91628.44828600164,-0.04602773389105826
91659.42654410511,-0.04653674791622883
91690.40480220858,-0.046807343345265824
91721.38306031204,-0.04680284773877749
91752.36131841553,-0.046479038775497444
91783.33957651899,-0.04586413848246892
91813.70883269125,-0.04500126375050789
91844.07808886352,-0.04377319442030884
91874.44734503579,-0.0421217657527027
91904.81660120806,-0.040231647331276155
91935.18585738033,-0.037978503699953606
91965.55511355259,-0.035197320854894826
91995.92436972485,-0.03212464028593065
92026.29362589712,-0.028624033605847733
92056.66288206939,-0.024425977123640027
92087.03213824164,-0.0200355157101332
92117.4013944139,-0.014983838568427731
92147.77065058617,-0.009336465507729444
92178.13990675844,-0.003286761974259981
92208.50916293071,0.0037718305047244258
92269.24767527524,0.019225611158816047
92299.6169314475,0.027751513551364022
92329.98618761977,0.03736325633125105
92390.72469996431,0.058008230482176404
92421.09395613658,0.06918969681420356
92451.46321230884,0.0802980283619783
92481.8324684811,0.09127422622237821
92512.20172465337,0.10126274404087868
92542.57098082564,0.1088723399801265
92572.94023699789,0.11230722450029917
92603.30949317015,0.1087642403798053
92633.67874934242,0.09437225715112851
92664.04800551469,0.0645379171661532
92694.41726168696,0.015569125321865135
92724.78651785923,-0.0504731451678469
92755.15577403149,-0.12278111555092917
92785.52503020375,-0.17946016199687612
92815.89428637602,-0.19944865567386047
92846.26354254829,-0.1778651890191945
92876.63279872056,-0.1282334789182289
92907.00205489283,-0.07011220187691117
92937.37131106509,-0.01765398976133869
92967.74056723734,0.023353478514088144
92998.10982340961,0.05240932284105644
93028.47907958188,0.07113262146800994
93058.84833575414,0.08202045719722074
93089.2175919264,0.0871184260096064
93119.58684809867,0.08809072484276922
93149.95610427094,0.08623086576750401
93180.32536044321,0.0824480688555314
93210.69461661548,0.07738991896210218
93241.06387278774,0.07148418482559366
93271.43312896,0.06506105248032833
93301.80238513227,0.058341655009083004
93362.5408974768,0.044755066656546424
93392.91015364908,0.03807517909682409
93423.27940982133,0.031569301441826805
93484.01792216586,0.019025911276654293
93514.38717833813,0.013233196474204284
93544.75643451039,0.00753461301272791
93605.49494685492,-0.002818108897809087
93635.86420302719,-0.007630704691378786
93666.23345919946,-0.012092926967404813
93726.97197154399,-0.0202128670165712
93759.92100129524,-0.02409197305274377
93792.8700310465,-0.027685764328212396
93825.81906079777,-0.030904107851704266
93858.76809054904,-0.03381841233192571
93891.71712030031,-0.03638160101709458
93924.66615005158,-0.038634663394965324
93957.61517980284,-0.040554753171974336
93990.56420955411,-0.04216487396261215
94023.51323930538,-0.04345654664247037
94056.46226905665,-0.04444310453746654
94089.41129880791,-0.045123513429235915
94122.36032855918,-0.04550688565491467
94155.30935831045,-0.045595231307825175
94188.25838806172,-0.04539508381476438
94221.20741781298,-0.04491453712660884
94254.15644756425,-0.04415493249798276
94287.10547731552,-0.04312744155196406
94320.05450706679,-0.041832708442261175
94353.00353681805,-0.04028218867539497
94385.95256656932,-0.03848066014243233
94418.90159632059,-0.03643345017413053
94451.85062607186,-0.034155678378638935
94484.79965582312,-0.03164118202918452
94517.74868557439,-0.02891262073417481
94550.69771532566,-0.025979825634166606
94583.64674507693,-0.02282322325312593
94649.54480457946,-0.015992232835084292
94682.49383433073,-0.0122771652467181
94715.442864082,-0.0084431492767106
94781.34092358453,-0.0003561412479729763
94814.2899533358,0.003971949449620192
94847.23898308707,0.008251917899848239
94913.1370425896,0.017184726218900666
94946.08607234087,0.021725084528612562
94979.03510209214,0.026193024667963367
95044.93316159467,0.035342464201957156
95077.88219134594,0.039666584874361005
95110.8312210972,0.04403090300396981
95143.78025084847,0.04811427044787021
95176.72928059974,0.05202534696637506
95209.67831035101,0.055672817976256
95242.62734010228,0.05885532097160661
95275.57636985354,0.06160891826144753
95308.52539960481,0.0637486966183764
95341.47442935608,0.06506106259552416
95374.42345910735,0.06553455059069974
95407.37248885861,0.06470812105824814
95440.32151860988,0.062355965912442544
95473.27054836115,0.05827363955985349
95506.21957811242,0.05134379276301198
95539.16860786368,0.041809261839508956
95572.11763761495,0.028473320293408738
95605.06666736622,0.010256312248084286
95638.01569711749,-0.013905795098170741
95670.96472686875,-0.044034443179076954
95703.91375662002,-0.08034469214618101
95736.86278637129,-0.12041456176045515
95769.81181612256,-0.15746238990778255
95802.76084587383,-0.17830834073209678
95835.70987562509,-0.16566720652037736
95866.45551569006,-0.11423299937439296
95897.20115575501,-0.03334785647128648
95927.94679581997,0.05128428927741589
95958.69243588494,0.11453591883864535
95989.4380759499,0.14684895128019165
96020.18371601487,0.1521912110956285
96050.92935607984,0.1400748386121048
96081.6749961448,0.11910081137432532
96112.42063620975,0.09512927272297259
96143.16627627471,0.07137834713412788
96173.91191633968,0.049572361734173204
96204.65755640465,0.03017760260754663
96235.40319646962,0.013374542911946216
96266.14883653457,-0.000962857284111697
96296.89447659953,-0.013053274285249813
96327.6401166645,-0.023261707350368494
96358.38575672946,-0.031599192996451475
96389.13139679443,-0.03838426039934657
96419.8770368594,-0.043816035999104885
96450.62267692435,-0.04806782670003604
96481.3683169893,-0.05129326696049674
96512.11395705427,-0.05360918289264571
96542.85959711924,-0.055120991805597236
96573.60523718421,-0.05593378271871552
96604.35087724918,-0.056141883976969745
96635.09651731413,-0.055807765979096806
96665.84215737908,-0.05498556183099173
96696.58779744405,-0.053727511575347026
96727.33343750902,-0.05209034351249344
96758.07907757399,-0.050130015464712525
96788.82471763896,-0.047841433354629384
96819.57035770391,-0.04531921401770595
96850.31599776886,-0.042535958565081716
96881.06163783383,-0.03957607498946913
96942.55291796377,-0.03312663828805301
97065.53547822361,-0.018888058269728867
97096.28111828858,-0.015127057853332598
97127.02675835355,-0.011368605126881499
97188.51803848347,-0.0038194240553691946
97311.50059874333,0.010914468138339673
97342.2462388083,0.014449894687226324
97372.99187887325,0.017884708795935327
97434.48315900317,0.024425182642415954
97465.22879906814,0.027504682006028465
97495.9744391331,0.03044179387112302
97557.46571926303,0.03579883296542086
97588.21135932798,0.038220445786402595
97618.95699939295,0.04043642093973658
97649.70263945792,0.04241272793428571
97680.44827952288,0.04418144941555568
97711.19391958785,0.04571529820147689
97741.9395596528,0.04698208314624596
97772.68519971776,0.04796042606324962
97803.43083978273,0.0486723417953773
97837.75220102337,0.04909873356164361
97872.073562264,0.04908851472735688
97906.39492350465,0.04870623337749343
97940.71628474529,0.047844116021684875
97975.03764598593,0.0464242225276087
98009.35900722657,0.04465064112193028
98043.6803684672,0.04223372051569376
98078.00172970784,0.03912733891416454
98112.32309094848,0.035659025061303654
98146.64445218912,0.031290493286316196
98180.96581342976,0.026431109251453484
98215.2871746704,0.02067614963623346
98249.60853591104,0.014136045226272745
98283.92989715168,0.006810106817256918
98318.25125839232,-0.001416703767570613
98352.57261963296,-0.010713965903417052
98386.8939808736,-0.020768475160047616
98421.21534211424,-0.03221236157140515
98489.85806459552,-0.05711570663913008
98524.17942583616,-0.0711462608696933
98558.5007870768,-0.0847743685182745
98592.82214831744,-0.09790860407270358
98627.14350955808,-0.10893285635051315
98661.46487079872,-0.11525259322723079
98695.78623203936,-0.11286869396971144
98730.10759328,-0.09585954617633866
98764.42895452064,-0.05723523526107048
98798.75031576128,0.006897230482874946
98833.07167700192,0.08953358957047693
98867.39303824256,0.16532612047229606
98901.7143994832,0.20001888652736097
98936.03576072384,0.17992192962049108
98970.35712196448,0.12239496969267047
99004.67848320512,0.055753602787559656
99038.99984444576,-0.0009661337901406067
99073.3212056864,-0.041883266872788545
99107.64256692704,-0.06810955586359548
99141.96392816768,-0.08273861400112198
99176.28528940832,-0.0891719164663553
99210.60665064896,-0.08999266117640711
99244.9280118896,-0.08710550150934715
99279.24937313024,-0.08180641409661558
99313.57073437088,-0.0750205009807369
99347.89209561152,-0.0673592270259416
99382.21345685216,-0.059238236085737125
99450.85617933344,-0.042672753890964366
99485.17754057408,-0.03459495728811235
99519.49890181472,-0.02661104887772888
99588.141624296,-0.01180583960417916
99622.46298553664,-0.004992372681761805
99656.78434677728,0.0014849939595583048
99725.42706925856,0.013155897280641963
99759.7484304992,0.018298177319616426
99794.06979173984,0.02311581669479639
99828.39115298048,0.027384479000472917
99862.71251422112,0.03133525115264722
99897.03387546176,0.03476287465456353
99931.3552367024,0.03785347421095647
99965.67659794303,0.040459586977647705
99999.99795918367,0.04270030798194992
