0.002040816326530612,-0.12937050761931448
30.671792055962676,-0.12440213534347375
61.341543295598825,-0.11016906176511904
92.01129453523498,-0.0884855241732584
122.68104577487112,-0.061891048228722156
153.35079701450726,-0.03315378241688368
184.02054825414342,-0.004777488914688547
214.69029949377955,0.021184247219480347
245.3600507334157,0.04345422356253127
276.02980197305186,0.06131788623717851
306.699553212688,0.07455501113492052
337.3693044523242,0.08333325611894642
368.0390556919603,0.08805586313266714
398.7088069315964,0.08924710814254538
429.3785581712326,0.08747146004677755
460.04830941086874,0.08328877592107858
490.71806065050487,0.07722004387786564
521.387811890141,0.06972425036238114
552.0575631297772,0.06120115964468016
613.3970656090495,0.042422908394927086
644.0668168486857,0.03269788001694547
674.7365680883217,0.023024629504447273
736.0760705675941,0.004390723212560664
766.7458218072302,-0.004320416601145604
797.4155730468664,-0.012510422870782929
828.0853242865026,-0.02010321247641788
858.7550755261386,-0.027108198392960196
889.4248267657748,-0.033425471339756437
920.094578005411,-0.03905028127545533
950.7643292450471,-0.043985816661302614
981.4340804846832,-0.04819014226077113
1012.1038317243194,-0.05167307069628394
1042.7735829639555,-0.05443737086707901
1073.4433342035918,-0.05647591444244518
1104.1130854432279,-0.05780218276798557
1134.782836682864,-0.05842475149125682
1165.4525879225002,-0.05835482886035063
1196.1223391621363,-0.05760642147891344
1226.7920904017724,-0.056197337910751516
1257.4618416414087,-0.05414702045957635
1288.1315928810448,-0.051477023516744366
1318.8013441206808,-0.04820928150813144
1349.4710953603171,-0.04435918974257868
1380.1408465999532,-0.03998667094103474
1410.8105978395893,-0.03509110377739499
1441.4803490792256,-0.02969530216381528
1472.1501003188616,-0.023897551372518165
1502.8198515584977,-0.017680634128656593
1533.489602798134,-0.01106783234934677
1594.8291052774061,0.0029045662864632133
1625.4988565170424,0.01027670873658527
1656.1686077566785,0.017667377826257876
1717.5081102359509,0.03262695560044384
1748.177861475587,0.03985865058627394
1778.847612715223,0.046873011092886274
1809.5173639548593,0.053566057621114396
1840.1871151944954,0.05963275634560342
1870.8568664341315,0.06505384052406658
1901.5266176737678,0.0696430901711093
1932.1963689134038,0.07311232947836115
1962.86612015304,0.07532757931559711
1996.1156449716777,0.07598085160955083
2029.3651697903158,0.07453343522536096
2062.614694608954,0.0706093497988695
2095.8642194275917,0.06388042553529774
2129.1137442462295,0.05408221976130677
2162.3632690648674,0.04093700920633477
2195.612793883505,0.024385255190652023
2228.862318702143,0.004593386492086127
2262.111843520781,-0.018064099660354688
2295.3613683394187,-0.04260691212716346
2328.6108931580566,-0.06756493715034276
2361.8604179766944,-0.09087613688677498
2395.1099427953322,-0.11001669151105356
2428.35946761397,-0.12229506946500984
2461.608992432608,-0.1252328927027219
2494.858517251246,-0.11730199283330298
2528.1080420698845,-0.09845117339736845
2561.3575668885223,-0.07036225119563859
2594.60709170716,-0.036228265677095715
2627.856616525798,-0.00008669969759474497
2661.106141344436,0.03405548060872632
2694.3556661630737,0.06298629678307485
2727.6051909817115,0.08471519632914581
2760.8547158003494,0.0985156598058759
2794.104240618987,0.10466744763690851
2827.353765437625,0.10420305194509766
2860.603290256263,0.0983770906447916
2893.8528150749007,0.08855317031811036
2927.1023398935386,0.07600808942279802
2960.3518647121764,0.06182854528817253
3026.8509143494525,0.03196630983501754
3060.100439168091,0.017452791149521446
3093.3499639867287,0.003781521480382549
3126.5994888053665,-0.008789006299497203
3159.8490136240043,-0.02009757463484954
3193.098538442642,-0.030055348362370924
3226.34806326128,-0.03866126901893879
3259.597588079918,-0.04587373840247556
3292.8471128985557,-0.051714806720027845
3326.0966377171935,-0.056231413353046565
3359.3461625358314,-0.05947754193574638
3392.595687354469,-0.061547297628980764
3425.845212173107,-0.06247011796453353
3459.094736991745,-0.06233815706960944
3492.3442618103827,-0.061224581071409885
3525.5937866290205,-0.05920036618572383
3558.843311447659,-0.056342165328713785
3592.092836266297,-0.05273022018103099
3625.342361084935,-0.048421148326609126
3658.591885903573,-0.04351094001902104
3691.8414107222106,-0.038047217703578294
3725.0909355408485,-0.03212219480372626
3758.3404603594863,-0.02579476254340018
3824.839509996762,-0.01223420033413636
3858.0890348154,-0.005144398218109275
3891.3385596340377,0.0020571089368297346
3957.8376092713133,0.016473078562612885
3991.087134089951,0.02353759465084612
4024.336658908589,0.03038107643765251
4090.835708545865,0.04310601099423732
4121.8818436781985,0.04844617196732798
4152.927978810532,0.053264337701265284
4183.974113942866,0.057497607767875
4215.020249075199,0.0610482803633359
4246.066384207532,0.06382113994123492
4277.112519339866,0.06571178452766592
4308.1586544721995,0.06662331649174433
4339.204789604533,0.06642493509829175
4370.250924736867,0.06504391980502003
4401.2970598692,0.06229834207680638
4432.343195001533,0.05818202603323092
4463.389330133867,0.052437896461938555
4494.4354652662005,0.0451794950445862
4525.481600398534,0.03609459284298511
4556.527735530868,0.025397469083901354
4587.573870663201,0.012892205683136405
4618.620005795534,-0.0012165918999704137
4649.666140927868,-0.016768561473111718
4711.758411192535,-0.05078443258605515
4742.804546324869,-0.06803890568838812
4773.850681457202,-0.0842849046025905
4804.896816589535,-0.09833719088475329
4835.942951721869,-0.10880055312770795
4866.9890868542025,-0.11415188420345927
4898.035221986536,-0.11288421566611996
4929.08135711887,-0.1038710057936129
4960.127492251203,-0.08660683257472952
4991.173627383536,-0.061564569376870874
5022.21976251587,-0.03036506932820412
5053.2658976482035,0.00429090311598846
5084.312032780537,0.038995635316056806
5115.358167912871,0.07024038977608452
5146.404303045205,0.09508471114089317
5177.450438177539,0.11161332776523408
5208.496573309872,0.11915549300077287
5239.5427084422045,0.11819771125445057
5270.588843574538,0.11006288581467717
5301.634978706872,0.09645471658527088
5332.681113839206,0.07919973298891972
5363.72724897154,0.05996199420792027
5394.773384103873,0.04013031138663696
5425.819519236205,0.020779905148356773
5456.865654368539,0.002679076361561384
5487.911789500873,-0.013668807087385739
5518.957924633207,-0.027972322745525427
5550.004059765541,-0.040100414377313584
5581.050194897874,-0.05001455453698041
5612.096330030206,-0.0578708848091916
5643.14246516254,-0.06361369881415466
5674.188600294874,-0.06758435016707434
5705.234735427208,-0.06979680574051626
5736.280870559542,-0.07048042858321818
5767.327005691875,-0.06978627034130963
5798.373140824207,-0.06787489566803195
5829.419275956541,-0.06489972167159931
5860.465411088875,-0.061019359273726356
5891.511546221209,-0.05633391295209237
5922.557681353543,-0.05100851488014109
5953.6038164858755,-0.04513355461682457
5984.649951618208,-0.0388220627583742
6015.696086750542,-0.032194174279789115
6077.78835701521,-0.01827529565797279
6108.225490216341,-0.01127773859258174
6138.662623417473,-0.004315043677576827
6199.536889819735,0.009382607844621823
6229.974023020866,0.015960806618463882
6260.411156221997,0.022314009545696505
6321.28542262426,0.03404767285771181
6351.72255582539,0.03933024266889902
6382.159689026522,0.04416320079545365
6412.596822227653,0.04849177643410554
6443.033955428784,0.05226882921727609
6473.471088629915,0.0554598099729981
6503.908221831047,0.05799920514394603
6534.345355032177,0.05986327498564961
6564.782488233309,0.06099800173714161
6595.21962143444,0.06136584583761611
6625.656754635571,0.06092574760412296
6656.093887836702,0.05962290794847107
6686.531021037834,0.05747931084541144
6716.968154238964,0.054396351869998034
6747.405287440096,0.050304570644264954
6777.842420641227,0.045369816748988566
6808.279553842358,0.039430425301135386
6838.716687043489,0.03240939021486225
6869.153820244621,0.024454201229579406
6899.590953445751,0.015675739999898044
6930.028086646883,0.005858059501945664
6960.465219848014,-0.004863957435718243
6990.902353049145,-0.01607010171403766
7051.776619451408,-0.04020744280132664
7082.2137526525385,-0.05245284677331401
7112.65088585367,-0.06447729781721978
7143.088019054801,-0.07564373879357295
7173.525152255932,-0.0855091348896434
7203.962285457063,-0.09336317518357357
7234.399418658195,-0.09843028382814423
7264.8365518593255,-0.09986389229319816
7295.273685060457,-0.09678776849779182
7325.710818261588,-0.08841640837126366
7356.147951462719,-0.07419322273292164
7386.5850846638505,-0.05397973646668709
7417.022217864982,-0.02823890339187572
7447.4593510661125,0.0017085867038406331
7477.896484267244,0.03386432599194955
7508.333617468375,0.06537075289363721
7538.770750669506,0.09313434704058414
7569.2078838706375,0.11418247600905687
7599.645017071769,0.12633159678603062
7630.0821502728995,0.12858435590828107
7660.519283474031,0.12125738507027622
7690.9564166751625,0.10582032771210582
7721.393549876293,0.08447040376606706
7751.8306830774245,0.05969827948823139
7782.267816278556,0.03374499481096561
7812.704949479687,0.008541792291061003
7843.142082680818,-0.014446171958917307
7873.5792158819495,-0.03441037489251589
7904.01634908308,-0.05084300440834254
7934.4534822842115,-0.06361990393830654
7964.890615485343,-0.0728700628855081
7995.327748686474,-0.07884163008360845
8025.764881887605,-0.08187313711561844
8058.7817886677385,-0.08227848992488908
8091.798695447871,-0.0801551736329557
8124.815602228004,-0.07596143143369166
8157.832509008136,-0.07011898381720594
8190.84941578827,-0.06300132715794426
8223.866322568403,-0.05496389542670391
8289.900136128668,-0.037133487783821036
8322.9170429088,-0.027840759644026138
8355.933949688933,-0.01851150717972755
8421.9677632492,-0.0003840352182810144
8454.984670029335,0.00818628651686885
8488.001576809467,0.016293458351568216
8521.0184835896,0.023839686582444817
8554.035390369732,0.030814385475936713
8587.052297149865,0.037110584972277046
8620.069203929997,0.0427067141834753
8653.08611071013,0.047561851290229315
8686.103017490264,0.05163537726318854
8719.119924270399,0.05490887117308306
8752.136831050531,0.057358443585184334
8785.153737830664,0.05896661657043058
8818.170644610796,0.05972210659811999
8851.187551390929,0.059616253167225484
8884.204458171062,0.05864721462762652
8917.221364951194,0.05680756477816279
8950.238271731327,0.05412016736753933
8983.25517851146,0.05056999114188217
9016.272085291592,0.046192889589976235
9049.288992071724,0.0410044513443177
9082.305898851859,0.03499331345499876
9115.322805631993,0.028299166761308496
9148.339712412126,0.020835694659471313
9214.37352597239,0.004112831748217253
9247.390432752523,-0.00509285384052662
9280.407339532656,-0.014584340240960645
9346.441153092921,-0.034283701742883275
9379.458059873054,-0.044159962230444695
9412.474966653186,-0.05359743540821849
9445.491873433319,-0.06256110758925901
9478.508780213453,-0.07052088934227176
9511.525686993587,-0.07726682097268489
9544.54259377372,-0.08224560569728225
9577.559500553853,-0.08502764407263093
9610.576407333985,-0.08504787173408691
9643.593314114118,-0.08172280554353198
9676.61022089425,-0.07450364532695353
9709.627127674383,-0.06289230699122082
9742.644034454517,-0.04656905006194535
9775.660941234652,-0.025509585405230475
9808.677848014784,-0.0001882624815682729
9841.694754794917,0.02827024544242646
9874.71166157505,0.05795526504782762
9907.728568355182,0.08617750709913641
9940.745475135314,0.1096854814038425
9973.762381915447,0.12522054312724853
10006.779288695581,0.13013274043394227
10039.796195475716,0.12313235051608783
10072.813102255848,0.10476652445391195
10105.83000903598,0.07737802409217355
10138.846915816113,0.04450980139709731
10169.660432909943,0.012373437442107893
10200.47395000377,-0.018184595283904047
10231.287467097598,-0.044939238623473626
10262.100984191427,-0.06650024172653235
10292.914501285257,-0.08226221982889123
10323.728018379084,-0.09226027104772708
10354.541535472912,-0.09698248874083079
10385.355052566742,-0.09713174464157391
10416.168569660571,-0.09350437217717511
10446.982086754399,-0.08691693710654698
10477.795603848226,-0.07812093676553776
10508.609120942056,-0.06778432862695954
10539.422638035885,-0.05647657488805409
10570.236155129713,-0.04464605356826707
10631.86318931737,-0.02089738390684715
10662.6767064112,-0.009524585017454998
10693.490223505027,0.001250201454032221
10724.303740598854,0.01132396401733212
10755.117257692684,0.020585944352725184
10785.930774786513,0.028930295755976748
10816.74429188034,0.03637321365047616
10847.557808974168,0.04285507431773647
10878.371326067998,0.04835032356662217
10909.184843161827,0.05290054811416166
10939.998360255655,0.056484780039418155
10970.811877349483,0.059118826900570375
11001.625394443312,0.06085019507020356
11032.438911537141,0.06167486694359728
11063.252428630969,0.06164690861312966
11094.065945724797,0.060785387704972646
11124.879462818626,0.05913796608946413
11155.692979912455,0.05673058764684965
11186.506497006283,0.05361375194960814
11217.32001410011,0.049829056227626366
11248.13353119394,0.04541668833939825
11278.94704828777,0.04042831486816896
11309.760565381597,0.03491157117411422
11371.387599569254,0.022494240049875682
11402.201116663084,0.015722657257113973
11433.014633756911,0.008623045450198798
11494.641667944568,-0.006175840198645434
11617.895736319882,-0.03621268326286605
11648.709253413712,-0.04330115236855823
11679.52277050754,-0.04989648315072976
11710.336287601367,-0.05605175562334542
11741.149804695197,-0.061577570525077875
11771.963321789026,-0.06620308442572062
11802.776838882854,-0.06992179199087113
11833.590355976681,-0.07248517287931436
11864.40387307051,-0.07368613531676442
11895.21739016434,-0.07339473437059706
11926.030907258168,-0.07129977585039617
11956.844424351995,-0.06727668807826624
11987.657941445825,-0.06108897493526452
12018.471458539654,-0.05256980579399247
12049.284975633484,-0.04156477253983483
12080.098492727313,-0.0280095643240304
12110.91200982114,-0.011949980803014317
12144.305300493972,0.008023535903584948
12177.698591166802,0.03012306881047667
12211.091881839631,0.05337796662928408
12244.48517251246,0.07633179972975945
12277.87846318529,0.09710168316337474
12311.271753858122,0.11320727812390236
12344.665044530953,0.12213732905423917
12378.058335203783,0.121583811298552
12411.451625876613,0.11005166996698781
12444.844916549444,0.08759543557743205
12478.238207222275,0.05604413985024307
12511.631497895105,0.01883907180974819
12545.024788567935,-0.01953051143568107
12578.418079240764,-0.05455907115959371
12611.811369913594,-0.08281800378839906
12645.204660586425,-0.10206540602390009
12678.597951259257,-0.11182415606136506
12711.991241932086,-0.11277729599780748
12745.384532604916,-0.10642956643115095
12778.777823277745,-0.09458758355843329
12812.171113950575,-0.07905805259924777
12845.564404623407,-0.061458970375769834
12912.350985969068,-0.02494936312212751
12945.744276641897,-0.00776061231296956
12979.137567314729,0.007986486123039965
13012.53085798756,0.021988959090841937
13045.92414866039,0.03409751551901419
13079.31743933322,0.04423957851702629
13112.710730006049,0.05242945965369479
13146.104020678878,0.058731722293511736
13179.49731135171,0.06324770522227759
13212.890602024541,0.06609488400232724
13246.28389269737,0.06738498084082309
13279.6771833702,0.0672550310512344
13313.07047404303,0.0658210822740747
13346.46376471586,0.06324701633226237
13379.857055388691,0.05961714496922165
13413.250346061523,0.05508886138312643
13446.643636734352,0.04976398290093298
13480.036927407182,0.04375759833047686
13513.430218080013,0.03719477262806365
13580.216799425674,0.022769968191541527
13713.789962116995,-0.008442106047322422
13747.183252789826,-0.01617720903767725
13780.576543462656,-0.023694242411927705
13813.969834135485,-0.030917555930781555
13847.363124808315,-0.03771116233484496
13880.756415481144,-0.04403527343293321
13914.149706153976,-0.049751223871410996
13947.542996826807,-0.054772702716895515
13980.936287499637,-0.05902362380658426
14014.329578172466,-0.06234590870560426
14047.722868845298,-0.06469093930396334
14081.11615951813,-0.06591464384081083
14114.509450190959,-0.06593585799221324
14147.902740863788,-0.06461091653662925
14181.296031536618,-0.06189503662854728
14214.689322209448,-0.05761314308917189
14248.08261288228,-0.051747473623412615
14280.866901623907,-0.04433093913716224
14313.651190365534,-0.03521481237979725
14346.435479107162,-0.024482362580956676
14379.21976784879,-0.011968032232316211
14412.004056590418,0.001894719947089632
14444.788345332046,0.01725326511558503
14510.356922815303,0.05035722957294428
14543.141211556931,0.06700567752045557
14575.92550029856,0.08260434908901171
14608.709789040187,0.09595450672044314
14641.494077781816,0.10566419621780102
14674.278366523444,0.11018047806113146
14707.062655265072,0.10796128882220629
14739.846944006698,0.09765271248102914
14772.631232748327,0.07862191196307367
14805.415521489955,0.05129118641267719
14838.199810231581,0.017405857608248105
14870.98409897321,-0.019974528811802124
14903.768387714837,-0.05673668607445058
14936.552676456466,-0.08854989685102053
14969.336965198094,-0.11171102331338006
15002.121253939722,-0.12405238385430552
15034.90554268135,-0.12517728564069688
15067.689831422978,-0.11623618545038274
15100.474120164607,-0.09947477420794285
15133.258408906235,-0.07754480008857292
15166.042697647863,-0.05307829064313205
15198.826986389491,-0.02828036128845381
15231.61127513112,-0.004742108113376459
15264.395563872746,0.016392546839800112
15297.179852614374,0.034484996618652175
15329.964141356002,0.04926773066997421
15362.748430097628,0.06070251120813859
15395.532718839257,0.06893042801938745
15428.317007580885,0.07421980865480497
15461.101296322513,0.0768454376968275
15493.885585064141,0.0771304899568108
15526.66987380577,0.07539795001711902
15559.454162547398,0.07196127085602318
15592.238451289026,0.06708647395115527
15625.022740030654,0.061063375526649796
15657.807028772282,0.05412851480085515
15690.59131751391,0.04645816732089577
15723.375606255539,0.038304955670297125
15756.159894997167,0.02979791758435292
15821.728472480421,0.012380379937802511
15854.51276122205,0.00370951618025157
15887.297049963676,-0.004755425137613902
15920.081338705304,-0.01292549229691229
15952.865627446932,-0.020723000364694058
15985.64991618856,-0.028047885078700447
16018.434204930189,-0.03483782143351274
16051.218493671817,-0.04101035543696017
16084.002782413445,-0.04651395927670904
16116.787071155073,-0.05128053299091244
16149.571359896701,-0.05526068637169252
16182.35564863833,-0.05840417030540939
16215.139937379958,-0.06065984157270097
16247.924226121586,-0.06199498114472588
16280.708514863214,-0.062360526343505425
16313.49280360484,-0.06173643190587776
16346.277092346469,-0.060081079030763956
16376.857991401794,-0.05757986390330797
16407.438890457117,-0.0541842356187895
16438.01978951244,-0.04982034145037418
16468.600688567763,-0.044510442423766165
16499.181587623087,-0.03833572217219605
16529.76248667841,-0.031176689539572394
16560.343385733733,-0.023150636401606445
16590.924284789056,-0.014341130576891447
16621.50518384438,-0.004648107408021469
16652.086082899703,0.005568784273678792
16713.24788101035,0.02770832248613729
16743.828780065673,0.039159465667531625
16774.409679120996,0.050639191842761624
16804.990578176323,0.06163719847019752
16835.571477231646,0.07199635073766043
16866.15237628697,0.08109434099728928
16896.733275342296,0.08847451054270626
16927.31417439762,0.09346677124768119
16957.895073452943,0.09540197455054683
16988.475972508266,0.09353787930189994
17019.05687156359,0.0871555303676355
17049.637770618912,0.07566257377945548
17080.218669674236,0.05875065237018362
17110.79956872956,0.03651069648364348
17141.380467784882,0.009339164129991535
17171.961366840205,-0.021130826515229396
17202.54226589553,-0.05266429094336689
17233.12316495085,-0.08250333979517525
17263.704064006175,-0.10750921313521522
17294.2849630615,-0.12466503241376212
17324.86586211682,-0.13184217289814149
17355.446761172145,-0.12823836799638996
17386.027660227468,-0.11453011467965483
17416.60855928279,-0.09267357710867634
17447.189458338114,-0.06541126888113044
17477.770357393438,-0.03574045498556313
17508.35125644876,-0.006349185959984922
17538.932155504088,0.020635227642373927
17569.51305455941,0.04377994464909385
17600.093953614734,0.06228879297574231
17630.67485267006,0.07597377723457398
17661.255751725384,0.08500192481240743
17691.836650780708,0.08977645887697815
17722.41754983603,0.09082494607066963
17752.998448891354,0.08873607236182002
17783.579347946677,0.08408991099286048
17814.160247002,0.07743116740918031
17844.741146057324,0.06925274171283483
17875.322045112647,0.059989654536115114
17936.483843223294,0.039592194181894344
17967.064742278617,0.02904765161343538
17997.64564133394,0.018590981978882697
18058.807439444587,-0.0014635877239828291
18089.38833849991,-0.010765336265742923
18119.969237555233,-0.01941494311593936
18150.550136610556,-0.02747947568933348
18181.13103566588,-0.03471854655375162
18211.711934721203,-0.04117188839233639
18242.292833776526,-0.046829273602587464
18272.873732831853,-0.05159378526043079
18303.454631887176,-0.05551688830161472
18336.615304521503,-0.05876966110570085
18369.775977155827,-0.06097476667764649
18402.936649790154,-0.06215977615247148
18436.09732242448,-0.06231064118311294
18469.257995058804,-0.061453666432885336
18502.41866769313,-0.05960613725934085
18535.57934032746,-0.056796406863946346
18568.74001296178,-0.05305427583460824
18601.900685596105,-0.04842157961538098
18635.061358230432,-0.042923718767599
18668.22203086476,-0.03665927236620811
18701.382703499083,-0.02962378587085101
18734.543376133406,-0.021932994021910245
18767.704048767733,-0.013653474624740414
18834.025394036384,0.004342366724406339
18867.186066670707,0.013858627115133278
18900.346739305034,0.023506576084197005
18933.50741193936,0.03311620057293987
18966.668084573685,0.04264051654831166
18999.828757208008,0.05163856654197406
19032.989429842335,0.06009119601302426
19066.150102476662,0.06762730235404621
19099.310775110986,0.07390623834178113
19132.47144774531,0.07865721520755159
19165.632120379636,0.08139630120075496
19198.792793013963,0.08177654570633763
19231.953465648287,0.07926687335386978
19265.11413828261,0.0734849002630016
19298.274810916937,0.06395356283623942
19331.435483551264,0.0504106383164159
19364.596156185587,0.03264013843974069
19397.75682881991,0.010848054685459827
19430.917501454238,-0.014361122653132077
19464.078174088565,-0.041774219056620265
19497.23884672289,-0.06961011240480973
19530.399519357212,-0.09531849494464387
19563.56019199154,-0.1156911593472293
19596.720864625866,-0.12755058675845735
19629.88153726019,-0.12836144419915047
19663.042209894513,-0.11688411939419888
19696.20288252884,-0.09378253576182906
19729.363555163167,-0.0616743971634914
19762.52422779749,-0.024610671451405518
19795.684900431814,0.012813348020830752
19828.84557306614,0.046631476218059346
19862.006245700468,0.0738323252339969
19895.16691833479,0.09293369525784696
19928.327590969115,0.10363571363703399
19961.48826360344,0.10670380397606985
19994.64893623777,0.10333795040633312
20027.809608872092,0.09494293957249189
20060.970281506416,0.08298673711567861
20094.130954140743,0.06869044074570532
20127.29162677507,0.05314101573615232
20160.452299409393,0.037190937882099255
20193.612972043717,0.021497936903785028
20226.773644678044,0.0065467179161416734
20259.93431731237,-0.0073093305085046405
20293.094989946694,-0.0199065937117194
20326.25566258102,-0.031019521266860466
20359.41633521535,-0.04057934727885984
20392.57700784967,-0.04856220473441983
20425.737680484,-0.055020456702589406
20456.69496343202,-0.059655258348843866
20487.652246380043,-0.06299171395038283
20518.609529328063,-0.06509625932711327
20549.566812276084,-0.06602082935576149
20580.524095224104,-0.06583109768087975
20611.481378172124,-0.06459693972454393
20642.438661120144,-0.06238675907476484
20673.395944068165,-0.059274288039084695
20704.353227016185,-0.05533476042909623
20735.310509964205,-0.050639349727041635
20766.26779291223,-0.04526479928726853
20797.22507586025,-0.0392941564869675
20828.18235880827,-0.03279215953280932
20859.139641756294,-0.02584536395921943
20921.054207652334,-0.010930644006608163
20952.011490600355,-0.003120290466091505
20982.968773548375,0.004792109495303322
21044.88333944442,0.020623265695533875
21075.84062239244,0.02836473014818773
21106.797905340463,0.0358018442181024
21137.755188288484,0.042889920677334936
21168.712471236504,0.049536822415690504
21199.669754184524,0.05552709875492646
21230.627037132545,0.060808775052729205
21261.584320080565,0.06526022226081861
21292.541603028585,0.06867142301617064
21323.498885976605,0.07097035080670624
21354.456168924626,0.07194559552191002
21385.41345187265,0.0714983062688514
21416.37073482067,0.06941644465831834
21447.32801776869,0.06553670166768284
21478.285300716714,0.059815831627419
21509.242583664734,0.051941126501399704
21540.199866612755,0.04198858823282689
21571.157149560775,0.029865322775120863
21602.114432508795,0.015459319894560904
21633.071715456816,-0.0008431205844007215
21664.028998404836,-0.018923802268170947
21694.986281352856,-0.03824616020765347
21725.943564300876,-0.0580854560145119
21756.9008472489,-0.07739484954900956
21787.85813019692,-0.09485900738745989
21818.81541314494,-0.10884553191643277
21849.772696092965,-0.117554797142529
21880.729979040985,-0.11916789168474702
21911.687261989005,-0.11221404791619181
21942.644544937026,-0.0959103963366574
21973.601827885046,-0.07076283743452
22004.55911083307,-0.038403049409873526
22035.51639378109,-0.0018355293348113451
22066.47367672911,0.03512614499694949
22097.430959677135,0.06855448127474756
22128.388242625155,0.0951608544307813
22159.345525573175,0.1128487848333441
22190.302808521195,0.12091394766742543
22221.260091469216,0.11989801467388603
22252.217374417236,0.11122402632761344
22283.174657365256,0.09675852142775213
22314.131940313277,0.07846424466922636
22345.089223261297,0.058133103214640824
22407.00378915734,0.016980426962127416
22437.352070174158,-0.0015537023111670163
22467.70035119098,-0.018238765556953623
22498.048632207796,-0.03277268316899408
22528.396913224613,-0.04502010668358812
22558.745194241434,-0.0549596953695849
22589.09347525825,-0.06264837042452143
22619.441756275068,-0.06819880929616223
22649.79003729189,-0.07177448689691006
22680.13831830871,-0.0735138761258834
22710.486599325526,-0.07359798130443983
22740.834880342343,-0.0722079942217845
22771.183161359164,-0.06950893730116117
22801.531442375985,-0.0656707626755735
22831.8797233928,-0.06083897577324028
22862.22800440962,-0.055172043477640195
22892.57628542644,-0.0487855761459214
22922.92456644326,-0.04188883946680939
22953.272847460077,-0.03449951021861384
23013.969409493715,-0.018884465568329248
23044.317690510536,-0.010841911549385826
23074.665971527353,-0.0027768737357103126
23135.36253356099,0.013017727282889252
23165.71081457781,0.020583178632581807
23196.059095594628,0.027827887877287696
23226.407376611445,0.034661814940123804
23256.755657628266,0.04101640903643
23287.103938645083,0.046810101977890435
23317.4522196619,0.05198040197224397
23347.80050067872,0.05645231857595792
23378.148781695538,0.060150415376404136
23408.497062712355,0.06302490673311809
23438.845343729176,0.06498726677846636
23469.193624745993,0.06599595530237123
23499.54190576281,0.06596704442107582
23529.89018677963,0.06487906941582489
23560.238467796447,0.06264003033148836
23590.586748813264,0.05918270859766861
23620.935029830085,0.054584187244985496
23651.283310846906,0.04867350173270238
23681.631591863723,0.04143929603791306
23711.97987288054,0.03306274922413199
23742.32815389736,0.023322215835945168
23772.67643491418,0.0124543509105792
23803.024715931,0.0004847582623554378
23863.721277964636,-0.02614726290646395
23894.069558981457,-0.040341618452000384
23924.417839998274,-0.05455724681506177
23954.76612101509,-0.06837323373829585
23985.11440203191,-0.08113318183016507
24015.462683048732,-0.0920723944629113
24045.81096406555,-0.1003111190040157
24076.159245082366,-0.10480809866017245
24106.507526099187,-0.10452829142338567
24136.855807116008,-0.09841534372615682
24167.204088132825,-0.08571502796706681
24197.552369149642,-0.06618839825250618
24227.900650166463,-0.04016102567202229
24258.24893118328,-0.008654346393098032
24288.597212200097,0.025695546832309287
24318.945493216917,0.0599335426657299
24349.293774233734,0.09049430020668885
24382.221828829555,0.11559675298926428
24415.149883425373,0.12928071689344495
24448.077938021193,0.13029633463956883
24481.005992617014,0.11943011002387799
24513.934047212835,0.09908542220960595
24546.862101808656,0.07254752103145994
24579.790156404477,0.04318601845973527
24612.718211000298,0.013942355365130226
24645.64626559612,-0.012917899396559063
24678.57432019194,-0.03606061595542307
24711.502374787757,-0.05479125918726603
24744.430429383578,-0.06880876406979
24777.3584839794,-0.07834879433408017
24810.286538575216,-0.08375747993295925
24843.214593171037,-0.08552875603521598
24876.142647766857,-0.08419739861316736
24909.07070236268,-0.08029573894923085
24941.9987569585,-0.07431764007824657
24974.92681155432,-0.06671352901632015
25007.85486615014,-0.05791376659039396
25040.78292074596,-0.04826719156961998
25073.710975341783,-0.03803954172300595
25139.56708453342,-0.017059037791462627
25172.49513912924,-0.006646304385080872
25205.42319372506,0.0034101268251393937
25238.35124832088,0.013033168020615701
25271.2793029167,0.022041920461891094
25304.20735751252,0.030389189855757046
25337.135412108342,0.03791329864979577
25370.063466704163,0.04465742896542049
25402.991521299984,0.05045381596902601
25435.919575895805,0.05528683013117327
25468.847630491626,0.05910588715796891
25501.775685087447,0.0618799693253745
25534.703739683267,0.06357665636136092
25567.63179427909,0.06417558253476775
25600.55984887491,0.06366174770087382
25633.487903470726,0.06203012819429253
25666.415958066547,0.05927739699755032
25699.34401266237,0.05541454145046316
25732.272067258185,0.050450962251204684
25765.200121854006,0.04445736354025338
25798.128176449827,0.037387179638402816
25831.056231045648,0.029329842730382864
25863.98428564147,0.0204529885015337
25896.91234023729,0.01066445307373712
25929.84039483311,0.00021812987567622517
25962.76844942893,-0.010772230260765363
25995.696504024752,-0.02228582533090291
26028.624558620573,-0.033806650576749205
26061.552613216394,-0.04535297117657519
26094.480667812215,-0.056571644376589826
26127.408722408036,-0.06687422892780433
26160.336777003853,-0.07609282510478053
26193.264831599674,-0.08353018345030429
26226.192886195495,-0.0886540007188141
26259.120940791312,-0.09077508789023243
26292.048995387133,-0.08918571111199984
26324.977049982954,-0.08317036350984848
26357.905104578775,-0.07209288830509661
26390.833159174595,-0.05552076911667152
26423.761213770416,-0.03338773770093442
26456.689268366237,-0.006218420603933215
26487.413933275755,0.02254685929411775
26518.13859818527,0.052765010574998605
26548.863263094783,0.08192817964436912
26579.5879280043,0.10702612574055534
26610.31259291382,0.12494446808109942
26641.037257823333,0.13310031062696043
26671.761922732847,0.12996892006598204
26702.486587642365,0.11560733617624741
26733.211252551882,0.09168332543136046
26763.935917461396,0.06111881936518754
26794.66058237091,0.02744754924571798
26825.38524728043,-0.005879361774248044
26856.109912189946,-0.03603063742364587
26886.83457709946,-0.06106566938362183
26917.559242008974,-0.07998865710441296
26948.283906918492,-0.09256826534082149
26979.00857182801,-0.09914859286794482
27009.733236737524,-0.10042766535959552
27040.457901647038,-0.09727611558250006
27071.182566556556,-0.0906053117231333
27101.907231466073,-0.08128169050324686
27132.631896375588,-0.0700729812967838
27163.3565612851,-0.057678532920377
27194.08122619462,-0.0446437204527619
27224.805891104137,-0.03140528729775431
27255.53055601365,-0.01841133250438124
27286.255220923165,-0.005821508839183217
27316.979885832683,0.006027852238463291
27347.7045507422,0.01700445441834404
27378.429215651715,0.027028943137398627
27409.15388056123,0.03593387092845865
27439.878545470747,0.04374504289620745
27470.603210380264,0.05037272759155323
27501.32787528978,0.05582979102345707
27532.052540199293,0.060066514459098046
27562.77720510881,0.06319192234587478
27593.50187001833,0.0651334369529839
27624.226534927842,0.06596807267502262
27654.951199837356,0.06571369470128882
27685.675864746874,0.0644237084549011
27716.400529656392,0.06213109210773893
27747.125194565906,0.05889870958412854
27777.84985947542,0.05477686140554936
27808.574524384938,0.04982483943056876
27839.299189294456,0.04410803236251294
27870.02385420397,0.03769079621014532
27900.748519113484,0.030647834435898656
27931.473184023,0.023040579746547583
27962.19784893252,0.015007085631252554
27992.922513842033,0.006565433035349393
28054.371843661065,-0.011020964317279919
28085.096508570583,-0.01998110040179979
28115.821173480097,-0.02892404144851595
28177.27050329913,-0.04588757769034714
28207.995168208647,-0.05377499700308165
28238.71983311816,-0.060844333690850606
28269.444498027675,-0.0671112122625539
28300.169162937193,-0.07229947966544606
28330.89382784671,-0.07609781352441272
28361.618492756228,-0.07836715086000993
28392.343157665746,-0.07876832307861066
28423.06782257526,-0.07711070222283697
28456.372261063778,-0.0725607575617761
28489.676699552292,-0.0649545154133076
28522.98113804081,-0.053943417589197275
28556.285576529328,-0.03936004439578526
28589.590015017846,-0.021227044899371036
28622.894453506364,0.00021371586733947429
28656.19889199488,0.024312918805335447
28689.5033304834,0.04994661157296685
28722.807768971918,0.07553691779046007
28756.112207460435,0.09863798788405617
28789.416645948953,0.11644621470427902
28822.72108443747,0.12611062937416795
28856.02552292599,0.12495150041895295
28889.329961414507,0.11150142974680763
28922.634399903025,0.0861411557986119
28955.938838391543,0.05128295042462805
28989.24327688006,0.011129166003248174
29022.54771536858,-0.029194763747200484
29055.852153857097,-0.06477814942065356
29089.156592345615,-0.09204481322061667
29122.461030834133,-0.10922325756450912
29155.76546932265,-0.1161139806237057
29189.06990781117,-0.11386387716877484
29222.374346299686,-0.10427016565144083
29255.678784788204,-0.08939211278909015
29288.983223276722,-0.07125051735580537
29322.28766176524,-0.05150384601164573
29355.592100253758,-0.03148789814404362
29388.896538742276,-0.012201988292843153
29422.200977230794,0.005643291969017125
29455.50541571931,0.021597448349550703
29488.80985420783,0.0353969388310887
29522.114292696348,0.046923960977887806
29555.418731184865,0.056133694041262984
29588.723169673383,0.0631240887585966
29622.0276081619,0.06796861812929883
29655.33204665042,0.07078657412986956
29688.636485138937,0.07173595594339749
29721.940923627455,0.07098294528135492
29755.245362115973,0.06868204454081234
29788.54980060449,0.06500874679764176
29821.85423909301,0.06008792484575212
29855.158677581527,0.05413937625865866
29888.463116070045,0.04726013758865306
29921.767554558563,0.03963012835815928
29955.07199304708,0.03141103095339692
30021.680870024113,0.013685313400825063
30054.98530851263,0.00446974911992016
30088.289747001145,-0.004788265602512857
30154.89862397818,-0.02291597572977058
30188.2030624667,-0.031520746685683436
30221.507500955217,-0.039634815031820085
30254.811939443734,-0.04710772325375226
30288.116377932252,-0.05384370504332705
30321.42081642077,-0.059627782776271405
30354.72525490929,-0.06438284702256927
30388.029693397806,-0.06796400686229993
30421.334131886324,-0.07016267900250439
30454.638570374842,-0.07088563168099665
30487.94300886336,-0.06996598858161295
30521.247447351878,-0.06725759536273643
30554.551885840396,-0.062679809140689
30587.24732239771,-0.056116372869180364
30619.942758955025,-0.0476562782387597
30652.638195512343,-0.037061389167316085
30685.333632069658,-0.024289811075937497
30718.029068626973,-0.009771052680549386
30750.72450518429,0.006684333618404129
30816.11537829892,0.04329300095519767
30848.810814856235,0.06219869265458311
30881.50625141355,0.08016776272228385
30914.201687970864,0.09596744133705201
30946.89712452818,0.10788132655026711
30979.592561085494,0.11411464031872683
31012.28799764281,0.1128717825038251
31044.983434200127,0.102556682935657
31077.67887075744,0.08246156101536359
31110.374307314756,0.053165964964273504
31143.069743872074,0.016712805182981877
31175.76518042939,-0.02331076312499951
31208.460616986704,-0.06213565988661859
31241.15605354402,-0.09488331988084237
31273.851490101333,-0.1176536269712181
31306.546926658648,-0.12831877677189144
31339.242363215963,-0.12678421931751346
31371.937799773277,-0.11467745712128227
31404.633236330592,-0.0946910168443417
31437.32867288791,-0.06987042090670639
31470.024109445225,-0.04305768238160711
31502.71954600254,-0.016569124873194323
31535.414982559858,0.007876131190597987
31568.110419117173,0.029388376172494037
31600.805855674487,0.04707180398987125
31633.501292231802,0.06098329284643333
31666.196728789117,0.0711058727530551
31698.892165346435,0.07767972542908907
31731.58760190375,0.08102072197381541
31764.283038461064,0.08150354231102522
31796.978475018383,0.07951902375102125
31829.673911575697,0.07544655870844272
31862.369348133012,0.06963688979920632
31895.064784690327,0.06245398116043695
31927.76022124764,0.0541267077886554
31960.45565780496,0.045016783314907646
31993.151094362274,0.035357034951500194
32123.932840591537,-0.004909049552499992
32156.62827714885,-0.014461776083038103
32189.323713706166,-0.02357293270787406
32222.019150263484,-0.032041514204416414
32254.7145868208,-0.03983571115728775
32287.410023378114,-0.046799323921470515
32320.105459935432,-0.05286595235725003
32352.800896492747,-0.05794484296638544
32385.49633305006,-0.061964856968200505
32418.191769607376,-0.06485312231705337
32450.88720616469,-0.0665529532483285
32483.582642722005,-0.06700697796279971
32516.27807927932,-0.0661658809714236
32548.973515836635,-0.06399614825868082
32581.66895239395,-0.06050441820336009
32614.364388951268,-0.05560405010874422
32647.059825508582,-0.049245680209137103
32677.55187237959,-0.04224043678968599
32708.043919250602,-0.03403337915612405
32738.535966121613,-0.024622589614398616
32769.028012992625,-0.014326010925335468
32799.52005986364,-0.003051552884552531
32830.01210673465,0.009138424331359519
32890.99620047667,0.03474930997136742
32921.48824734768,0.047948547252669026
32951.980294218694,0.06063977251643571
32982.472341089706,0.07261396234081285
33012.96438796072,0.08328003375578656
33043.45643483173,0.09185879719997532
33073.94848170274,0.09767184525983187
33104.440528573745,0.09986234985434157
33134.93257544476,0.09756873693131006
33165.42462231577,0.0899746604457206
33195.91666918677,0.07644484898334898
33226.408716057784,0.05670830842035436
33256.900762928795,0.031054262167466404
33287.39280979981,0.0005436212800267841
33317.88485667082,-0.032864663242399755
33348.37690354183,-0.06634025032583986
33378.86895041284,-0.09647402878006227
33409.36099728385,-0.11963263116713346
33439.853044154865,-0.13281408982930573
33470.345091025876,-0.13434676525568667
33500.83713789689,-0.12421846046287605
33531.3291847679,-0.10403382001848942
33561.82123163891,-0.07659052389059515
33592.31327850992,-0.04523852382033447
33622.805325380934,-0.013237588799150065
33653.297372251945,0.01671420165763512
33683.78941912296,0.04267180285854401
33714.28146599397,0.06359932911286818
33744.77351286498,0.07908588600467426
33775.26555973599,0.08920487433605921
33805.757606607,0.0943870312132208
33836.24965347801,0.09521774025263322
33866.74170034902,0.09239968316812563
33897.23374722003,0.08662064516926792
33927.725794091035,0.0785457267830466
33958.21784096205,0.06875525066934567
33988.70988783306,0.057774835262587934
34019.20193470407,0.04606450299373005
34049.69398157508,0.03403798182455246
34110.678075317104,0.010067492028815388
34141.170122188116,-0.001422156240218615
34171.66216905913,-0.012206700981923741
34202.15421593014,-0.022307438057315845
34232.64626280115,-0.03148998839580664
34263.13830967216,-0.03974971377261369
34293.63035654317,-0.046973169878416376
34324.122403414185,-0.053131970614237425
34354.6144502852,-0.05818902319151216
34385.10649715621,-0.062113862004925434
34415.59854402722,-0.06490739872134137
34446.09059089823,-0.06655458516635711
34476.58263776924,-0.06707066881718574
34507.074684640254,-0.06646621718791602
34537.566731511266,-0.06476311236493516
34568.05877838227,-0.06198875073653818
34598.55082525328,-0.058174587531789945
34631.62264570329,-0.05292373524069423
34664.694466153305,-0.04655098365739559
34697.76628660332,-0.039174336108796254
34730.838107053336,-0.03081929655896017
34763.90992750335,-0.02166850687591781
34796.98174795336,-0.011739813862644792
34863.12538885338,0.009625443912819137
34896.1972093034,0.020883377968364883
34929.26902975341,0.032000513521949256
34962.34085020343,0.04302026507154591
34995.41267065344,0.05364437327628342
35028.484491103445,0.06328886889335424
35061.55631155346,0.07189397881106419
35094.628132003476,0.07888238482259961
35127.69995245349,0.08385492595180388
35160.77177290351,0.08627182675605172
35193.843593353515,0.08563169464911613
35226.91541380352,0.08136215045746877
35259.98723425354,0.07294349915348314
35293.05905470355,0.05997099619081642
35326.13087515357,0.04220486313039774
35359.202695603584,0.01976829796533146
35392.27451605359,-0.006731004526066658
35425.3463365036,-0.03619354821164736
35458.418156953616,-0.06629568490148878
35491.48997740363,-0.09443737830940724
35524.56179785365,-0.11701778199562364
35557.63361830366,-0.13038723612905773
35590.70543875367,-0.13162783739307335
35623.77725920368,-0.11930203612490085
35656.84907965369,-0.09419045853804206
35689.92090010371,-0.05936086024689759
35722.99272055372,-0.019438034352266795
35756.064541003725,0.02040625624726028
35789.13636145374,0.055637772880965455
35822.208181903756,0.08310004873480341
35855.28000235377,0.10124154177243197
35888.35182280379,0.11005637284085219
35921.423643253795,0.11051053719100842
35954.4954637038,0.10411666635669801
35987.56728415382,0.09255953097388217
36020.63910460383,0.07751121646716148
36053.71092505385,0.06036921330156912
36086.782745503864,0.04236444965140304
36119.85456595387,0.02440753243088164
36152.92638640388,0.007203167662038365
36185.998206853896,-0.008774410232717286
36219.07002730391,-0.023185409179009256
36252.14184775392,-0.035791135026185625
36285.21366820393,-0.046434118790402365
36318.28548865394,-0.05518488045599881
36351.35730910396,-0.0619337644088184
36384.42912955397,-0.06676334095618004
36417.50095000399,-0.06976196031035338
36450.572770454,-0.07099364351380692
36483.644590904005,-0.07057823494521412
36516.71641135402,-0.06863032660196154
36549.788231804036,-0.06526409206421535
36582.86005225405,-0.06061299392364983
36615.931872704066,-0.05481089348138806
36649.003693154074,-0.047990089854942256
36682.07551360408,-0.04027252726324055
36715.1473340541,-0.031822778998974635
36746.01576481781,-0.023368482593141702
36776.884195581515,-0.014512248863364047
36838.62105710893,0.003944547408308446
36869.48948787264,0.013317925006864142
36900.35791863635,0.02254662432728297
36962.09478016377,0.04023459450913183
36992.963210927475,0.0482946161001979
37023.831641691184,0.05573467487755513
37054.70007245489,0.06235205704631509
37085.5685032186,0.06787807849746566
37116.43693398231,0.07218178885950918
37147.30536474602,0.07512356225414513
37178.17379550973,0.07643488483681649
37209.042226273436,0.07598888508894304
37239.910657037144,0.07352919090149801
37270.77908780085,0.0688494691597974
37301.64751856456,0.061935538138644296
37332.51594932827,0.052448431579470385
37363.38438009198,0.0404084083168951
37394.25281085569,0.025878110914913106
37425.121241619396,0.008863889231716354
37455.989672383104,-0.010276640133418457
37486.85810314681,-0.031038393718761582
37517.72653391052,-0.05263673247648144
37548.59496467423,-0.07395078935681212
37579.46339543794,-0.09350382646960281
37610.33182620165,-0.10953370181077807
37641.200256965356,-0.11989659293817544
37672.06868772906,-0.12261460503892613
37702.937118492766,-0.1160222314148836
37733.805549256474,-0.09915893599725975
37764.673980020176,-0.07242234482453498
37795.542410783884,-0.037805935098392536
37826.41084154759,0.0013277812518939173
37857.2792723113,0.040611076883206955
37888.14770307501,0.07565474710318701
37919.01613383872,0.10275544449315654
37949.88456460243,0.11968555722499716
37980.752995366136,0.12584685347930896
38011.621426129845,0.12202520273067499
38042.48985689355,0.11000943807778592
38073.35828765726,0.09208724773296412
38104.22671842097,0.07052531992986558
38135.09514918468,0.047347092880045176
38165.96357994839,0.024137990466175027
38196.832010712096,0.0022570382902133215
38227.700441475805,-0.017565582465145148
38258.56887223951,-0.03477737587603863
38289.43730300322,-0.04916062935065188
38320.30573376693,-0.060587686484322605
38351.17416453064,-0.06912582258905331
38382.04259529435,-0.07492051117576987
38412.91102605806,-0.07819614806424872
38443.779456821765,-0.07915812316128566
38474.647887585474,-0.07804189062103283
38505.51631834918,-0.07511060488763872
38536.38474911289,-0.0706054444571815
38567.2531798766,-0.06473650411326716
38598.12161064031,-0.057778764867977596
38628.99004140402,-0.04985391465975532
38659.858472167725,-0.041262626931827834
38690.726902931434,-0.03209141227682365
38724.175107274146,-0.02179297023438161
38757.62331161686,-0.011254432137066117
38824.519720302276,0.009671854587640654
38857.96792464498,0.01971934187447709
38891.416128987694,0.029277913243246956
38924.864333330406,0.038180213600647786
38958.31253767312,0.04629073971028426
38991.76074201583,0.05346483218419145
39025.208946358536,0.05956007492897633
39058.65715070124,0.0644601030125843
39092.105355043954,0.06802939585228658
39125.553559386666,0.07016184573218537
39159.00176372938,0.07073040005292887
39192.44996807209,0.06967283743878143
39225.898172414796,0.06686245199154493
39259.3463767575,0.06218803770790909
39292.794581100214,0.055744074117234
39326.242785442926,0.04732189509781731
39359.69098978564,0.03704370175722007
39393.13919412835,0.024977348628064607
39426.587398471056,0.011037185089607524
39460.03560281376,-0.00417032889665157
39493.48380715647,-0.020719920361785254
39526.932011499186,-0.03802376295114673
39560.3802158419,-0.0554157529704508
39593.82842018461,-0.07218254997838917
39627.276624527316,-0.08722719773187443
39660.72482887002,-0.09928738538375875
39694.17303321273,-0.10687781296427827
39727.621237555446,-0.10840963990461645
39761.06944189816,-0.1022644201156202
39794.51764624087,-0.08738319919048879
39827.96585058358,-0.06314374049593671
39861.414054926296,-0.030507094478045706
39894.862259269,0.00830029662280053
39928.310463611706,0.04908315972398622
39961.75866795442,0.08666038378324953
39995.20687229713,0.11584233310214047
40028.65507663984,0.1323625441385972
40062.103280982556,0.1342894138923764
40095.55148532526,0.12228409957238277
40128.999689667966,0.09914378039264396
40162.44789401068,0.0688572714660275
40195.89609835339,0.035644464425991895
40229.3443026961,0.003201089473227399
40262.792507038816,-0.025929239169619814
40296.24071138152,-0.05013382555852507
40329.688915724226,-0.06865961877221172
40363.13712006694,-0.08150732219145314
40396.58532440965,-0.08884139276128647
40430.03352875236,-0.09140674280853722
40463.481733095075,-0.08985718195869073
40496.92993743778,-0.0849259865884961
40530.378141780486,-0.07731463407221924
40563.8263461232,-0.06768232491641533
40597.27455046591,-0.05655104820173203
40630.72275480862,-0.04449873879177789
40697.61916349404,-0.019164116900315185
40731.067367836746,-0.0066296406861102095
40764.51557217946,0.005560433179671408
40797.96377652217,0.01704312893964406
40831.41198086488,0.02771334323112211
40864.25118327639,0.03721892806067223
40897.0903856879,0.045643266219904555
40929.9295880994,0.05288957757719062
40962.76879051091,0.058864648113245474
40995.60799292242,0.06350643631092773
41028.44719533392,0.06679641284105181
41061.28639774543,0.068654790253747
41094.12560015694,0.06907413632777362
41126.96480256845,0.0680422914272343
41159.80400497996,0.06555319204372585
41192.64320739147,0.06164024645945415
41225.48240980298,0.05629970292072889
41258.32161221449,0.04961954938106667
41291.160814626,0.041619122131281314
41324.0000170375,0.0323805732849016
41356.83921944901,0.022112604946241402
41389.67842186052,0.010768839012207038
41422.51762427202,-0.001408060337139548
41488.19602909504,-0.027196970068608942
41521.03523150655,-0.040311519991718454
41553.874433918056,-0.05311096566759558
41586.713636329565,-0.06525420675183291
41619.552838741074,-0.07596366831766833
41652.39204115258,-0.08489119339911286
41685.23124356409,-0.09121905408551982
41718.070445975594,-0.09421711491098766
41750.9096483871,-0.09306138261075571
41783.74885079861,-0.08696795888888133
41816.588053210115,-0.0752252068443512
41849.427255621624,-0.05740313854827468
41882.26645803313,-0.033471209711882235
41915.10566044464,-0.0040906938387183685
41947.94486285615,0.029117585356763884
41980.78406526765,0.06346674209065857
42013.62326767916,0.09530084992434745
42046.46247009067,0.12035296586369218
42079.30167250217,0.13454963349652946
42112.14087491368,0.1350227322309489
42144.98007732519,0.12101323764181077
42177.8192797367,0.09425667372035226
42210.65848214821,0.05862042145107609
42243.49768455972,0.019113797517179315
42276.33688697123,-0.01931085735316771
42309.17608938274,-0.05268881885479911
42342.01529179425,-0.07857764363754902
42374.85449420575,-0.09596549270711113
42407.69369661726,-0.1049806797082074
42440.53289902877,-0.1065107403376932
42473.37210144027,-0.1018462436088913
42506.21130385178,-0.09238016546960745
42539.05050626329,-0.0794946706993058
42571.8897086748,-0.06436173553058516
42604.728911086306,-0.04803812559950034
42670.407315909324,-0.01492381652700624
42703.24651832083,0.000703430702036538
42736.08572073234,0.015106015608165041
42768.924923143844,0.028285176514066448
42801.76412555535,0.03971823534631969
42834.60332796686,0.049475379926185545
42867.442530378365,0.05742414127692999
42900.281732789874,0.06360223995859451
42933.12093520138,0.06794944024246515
42963.756747926585,0.07044461765335022
42994.39256065179,0.07143059942663872
43025.02837337699,0.07098582908893511
43055.66418610219,0.0691716872056512
43086.299998827395,0.06605422853404326
43116.9358115526,0.061729165781423054
43147.5716242778,0.05627254806047263
43178.20743700301,0.04978100818355241
43208.84324972822,0.04237819157500562
43239.47906245342,0.03415704659101092
43300.75068790383,0.01571852033147054
43331.38650062903,0.005760138986113676
43362.02231335423,-0.004469853359018094
43423.293938804636,-0.025226842612787438
43453.92975152984,-0.03541356134832126
43484.56556425504,-0.04517060947472073
43515.20137698024,-0.05433197599620926
43545.837189705446,-0.06268427576339729
43576.47300243065,-0.06988821846368684
43607.10881515585,-0.07580892961640721
43637.74462788105,-0.0800605212753432
43668.38044060626,-0.08240153992090325
43699.01625333147,-0.08250436750098243
43729.652066056675,-0.08003320235222043
43760.28787878188,-0.07478542718121467
43790.92369150708,-0.06635546672919586
43821.55950423228,-0.054661219350250076
43852.195316957484,-0.039557523396848496
43882.83112968269,-0.021097148440223198
43913.46694240789,0.00030851643960187053
43944.10275513309,0.02422603165495739
43974.738567858294,0.049468368716314465
44005.3743805835,0.07456398068889618
44036.0101933087,0.0975261662363325
44066.6460060339,0.11595708838901254
44097.281818759104,0.12726675589208017
44127.917631484306,0.12903830855036794
44158.553444209516,0.11967723809871444
44189.189256934726,0.09880158489941399
44219.82506965993,0.06787026992266318
44250.46088238513,0.029885915328703903
44281.09669511033,-0.010736820600706732
44311.732507835535,-0.04937315429245533
44342.36832056074,-0.08192779146451262
44373.00413328594,-0.1054967910484904
44403.63994601114,-0.11889381002698879
44434.275758736345,-0.12230691100078538
44464.91157146155,-0.11697791539263964
44495.54738418675,-0.10474026510410712
44526.18319691196,-0.08761903474159241
44556.81900963717,-0.06753612146024901
44587.45482236237,-0.04613068267462182
44648.726447812776,-0.0043850598391902106
44679.36226053798,0.014260150974020128
44709.99807326318,0.030740583420361133
44740.63388598838,0.04479142611490862
44771.269698713586,0.056281261771568364
44801.90551143879,0.06524848501626095
44832.54132416399,0.07173251553069955
44863.17713688919,0.07584661377020976
44893.8129496144,0.07775732817792134
44927.02853591861,0.07755089836630963
44960.24412222281,0.07519713696037689
44993.459708527014,0.07095426910605494
45026.67529483122,0.06502975024218359
45059.89088113543,0.05774337266487569
45093.10646743963,0.04923137267790907
45126.32205374384,0.0398027782640627
45159.537640048045,0.02966012538980426
45192.75322635225,0.018994003362307513
45225.96881265646,0.008066685974777605
45292.39998526486,-0.013900538790994923
45325.61557156907,-0.024518265611467818
45358.83115787327,-0.03461310452120098
45392.046744177474,-0.044030537096324825
45425.26233048168,-0.05253920071122002
45458.47791678589,-0.05998168043380646
45491.69350309009,-0.06617876394481555
45524.9090893943,-0.07085129403563457
45558.124675698506,-0.07394867128363442
45591.34026200271,-0.07521833378539661
45624.55584830692,-0.07444101470440381
45657.77143461112,-0.07158103634547743
45690.98702091532,-0.06638830360491305
45724.20260721953,-0.05876271835421212
45757.41819352373,-0.04876619313108964
45790.633779827935,-0.03614612294281552
45823.84936613214,-0.02121329614149889
45857.06495243635,-0.004114628025321462
45890.28053874055,0.014986424628291691
45956.711711348966,0.05598741521042884
45989.92729765317,0.07606008987344906
46023.14288395738,0.09400232415559036
46056.358470261584,0.10794640186336033
46089.57405656579,0.11584303113825345
46122.78964287,0.11556317163870548
46156.0052291742,0.1053111770975676
46189.2208154784,0.0841789674060705
46222.43640178261,0.05252777769242002
46255.651988086815,0.012850387129199614
46288.86757439101,-0.030595689069916863
46322.08316069522,-0.07211566673501446
46355.298746999426,-0.10589442565274211
46388.51433330363,-0.12737653848505867
46421.72991960784,-0.13288580213782536
46454.945505912045,-0.12718854784979788
46488.16109221625,-0.10841799709052054
46521.37667852046,-0.08176444481397459
46554.59226482466,-0.05116306349422668
46587.80785112887,-0.019978083234534455
46621.023437433076,0.00915376674703076
46654.23902373728,0.034496109932958714
46687.45461004149,0.05509197551990923
46720.67019634569,0.0706506869823682
46753.88578264989,0.0811444017556017
46787.1013689541,0.08701906757880455
46820.3169552583,0.08873370709606454
46853.532541562505,0.0868633726450638
46886.74812786671,0.0819891469345982
46919.96371417092,0.07469513436822964
46953.17930047512,0.06542467516886438
46986.39488677933,0.0548020956716682
47019.610473083536,0.04309711569733146
47050.622669701435,0.031674522336720086
47081.634866319335,0.019953071874689088
47143.65925955514,-0.003229368227615912
47174.67145617305,-0.014308453787839674
47205.68365279095,-0.024769317996003196
47236.69584940885,-0.03451401747319103
47267.708046026746,-0.04333727490136663
47298.720242644646,-0.05118369853008264
47329.732439262545,-0.05788230245238913
47360.744635880445,-0.06338867746811305
47391.756832498344,-0.06757986054426626
47422.76902911624,-0.07040942428615679
47453.78122573414,-0.07180188026249733
47484.79342235204,-0.07171716575789316
47515.80561896995,-0.07009723128350603
47546.817815587856,-0.06696229486006675
47577.830012205755,-0.06227820821624304
47608.842208823655,-0.05601148939128011
47639.854405441554,-0.048298892840325444
47670.866602059454,-0.039107608941026946
47701.87879867735,-0.028483021593538094
47732.89099529525,-0.016676660454531273
47763.90319191315,-0.003777880031301223
47794.91538853105,0.010010678175106176
47825.92758514895,0.024475530290860383
47856.93978176685,0.039145252337561054
47887.95197838476,0.053686786314699475
47918.964175002664,0.06758044496254868
47949.97637162056,0.0801266393280958
47980.98856823846,0.09064079371862055
48012.00076485636,0.09825292445950755
48043.01296147426,0.10201200537876275
48074.02515809216,0.1009426731471949
48105.03735471006,0.09409954767604915
48136.04955132797,0.0807888649635137
48167.061747945874,0.06050643179743811
48198.073944563774,0.03358715172706326
48229.08614118167,0.0011157151100108856
48260.09833779957,-0.034709143160909735
48291.11053441747,-0.07060984624101506
48322.12273103537,-0.10250787760383306
48353.13492765327,-0.1261623264958818
48384.14712427117,-0.13806466826720074
48415.15932088907,-0.13632863041474597
48446.17151750697,-0.12120589595199989
48477.18371412487,-0.09499560816592696
48508.195910742776,-0.061436855788736915
48539.20810736068,-0.02482317533790155
48570.22030397858,0.01071838032731761
48601.23250059648,0.04222598227627878
48632.24469721438,0.0677368335607364
48663.25689383228,0.08629133504769025
48694.26909045018,0.09782156534634262
48725.28128706808,0.10283175975729077
48756.29348368598,0.10221260619593
48787.30568030388,0.09693398550142031
48818.31787692178,0.08800759353949639
48849.33007353968,0.07638861221353369
48880.342270157584,0.06292934599326216
48911.35446677549,0.04838011793621884
48942.36666339339,0.033363015893832296
48973.37886001129,0.018343000955082886
49004.39105662919,0.003768995182989777
50950.19551657789,-0.032525685199061016
50983.17848484359,-0.046767746645171394
51016.16145310929,-0.058293995762352
51049.14442137499,-0.06708395436438999
51082.12738964069,-0.07322049145255675
51115.11035790639,-0.07673691709397988
51148.09332617209,-0.07785974076456553
51181.07629443779,-0.0767133595995891
51214.05926270349,-0.0735232526358324
51247.04223096919,-0.06849117104005423
51280.02519923489,-0.06181624208265147
51313.00816750059,-0.05374807846878969
51345.99113576629,-0.04446265977086142
51378.97410403199,-0.03423099603489185
51411.95707229769,-0.023238113353338523
51477.92300882909,0.00004915890234384081
51510.90597709479,0.01188313150278329
51543.88894536049,0.02355954650016641
51576.87191362619,0.0347980230839305
51609.85488189189,0.045357242170097734
51642.83785015759,0.0550419057473446
51675.82081842329,0.06348401372999546
51708.80378668899,0.07053297747369137
51741.78675495469,0.07583016739477491
51774.769723220394,0.07916442437149682
51807.752691486094,0.08021358939792148
51840.735659751794,0.0787714059804901
51873.718628017494,0.07450985408436261
51906.701596283194,0.06731213982349196
51939.684564548894,0.05695417873009666
51972.667532814594,0.043313813207380356
52005.6505010803,0.026632315840798327
52038.63346934601,0.006889299407884408
52071.61643761171,-0.015223134857802887
52104.59940587741,-0.039020220840597516
52137.58237414311,-0.06323803346349093
52170.56534240881,-0.08621281593138805
52203.54831067451,-0.1057204632283266
52236.53127894021,-0.11928889672370468
52269.51424720591,-0.12413443569769361
52302.49721547161,-0.11789482192889854
52335.48018373731,-0.09925770433016413
52368.46315200301,-0.06824210738173526
52401.44612026871,-0.02771683320024225
52434.42908853441,0.01765392149250194
52467.41205680011,0.06169213413566958
52500.39502506581,0.0982482731531178
52533.37799333151,0.1226449347091396
52566.36096159721,0.13265909552915464
52599.34392986291,0.12865595773561142
52632.32689812861,0.11300419793099714
52665.30986639431,0.0891499620665142
52698.29283466001,0.06073712518583427
52731.27580292571,0.030996661496202865
52764.25877119141,0.0024458752784171367
52797.24173945711,-0.023165193292935364
52830.22470772281,-0.04478780319969031
52863.20767598851,-0.06195069082960659
52896.19064425421,-0.07449551335200041
52929.17361251991,-0.08261283929363494
52962.15658078561,-0.0866372493244824
52995.13954905131,-0.08700900624150458
53028.12251731701,-0.08419254958997648
53061.10548558271,-0.07868340797640577
53091.88506416211,-0.07149237230429507
53122.6646427415,-0.06276537117558245
53153.4442213209,-0.05276478223572445
53184.2237999003,-0.04188943961745382
53215.00337847969,-0.030363093282947264
53245.782957059084,-0.018524558542974467
53307.34211421788,0.005216366278873503
53338.12169279727,0.016660853281422833
53368.90127137667,0.027543914266856935
53399.680849956065,0.037695922316568146
53430.46042853546,0.046934230445945004
53461.24000711486,0.05511568650613567
53492.01958569425,0.06209138815389284
53522.799164273645,0.06771679466502561
53553.578742853046,0.07190040255711763
53584.358321432446,0.07449528363397524
53615.13790001184,0.07543311881896622
53645.91747859123,0.07461313502180537
53676.69705717063,0.07198649726084055
53707.47663575003,0.06745966297310672
53738.25621432942,0.061099070230395944
53769.03579290882,0.0527882681255923
53799.815371488214,0.042673565748862274
53830.59495006761,0.03077287574586353
53861.37452864701,0.01714649634715625
53892.1541072264,0.002281267750261041
53922.933685805794,-0.0138879745263495
53953.713264385195,-0.030861917355858907
53984.49284296459,-0.047908694170466774
54015.27242154398,-0.0646993058838901
54046.05200012338,-0.08027413403838299
54076.83157870278,-0.09366031003588983
54107.611157282176,-0.10372387608582621
54138.39073586157,-0.10919553361847019
54169.17031444097,-0.1087658973380591
54199.94989302036,-0.10120877852735231
54230.729471599756,-0.08568036222450907
54261.50905017916,-0.06179872831468352
54292.28862875855,-0.03040573535506659
54323.06820733794,0.006667242283397375
54353.84778591734,0.04611103779276811
54384.62736449674,0.08364444583861057
54415.40694307613,0.11445521203519035
54446.18652165553,0.13427319027982948
54476.966100234924,0.14041217808040118
54507.74567881432,0.13233989495356016
54538.52525739372,0.11181437686975214
54569.30483597311,0.08223752599134143
54600.084414552504,0.04758322945248841
54630.863993131905,0.012077073929823434
54661.6435717113,-0.02098307293737975
54692.42315029069,-0.04933504896248903
54723.20272887009,-0.07166309516403406
54753.982307449485,-0.08748533845761906
54784.76188602888,-0.09699099670429438
54815.54146460828,-0.1006605304473333
54846.32104318767,-0.09932317607346457
54877.100621767066,-0.09382734424280259
54907.880200346466,-0.0850488268695414
54938.65977892586,-0.07381059777336538
54969.43935750525,-0.06078311913751218
55030.99851466405,-0.0320678329677235
55064.35786682245,-0.01609867294452981
55097.71721898085,-0.0006227299961401971
55131.076571139245,0.014128441555878248
55164.43592329764,0.027667472252331758
55197.79527545604,0.039836388996429606
55231.154627614436,0.05038214270894573
55264.51397977283,0.05916434660191938
55297.87333193123,0.06607992762298642
55331.23268408963,0.07102891313627481
55364.592036248025,0.07399184131097522
55397.95138840642,0.07492890104733564
55431.31074056482,0.07385310195080724
55464.670092723216,0.0708073558767586
55498.02944488161,0.06583082050565893
55531.38879704001,0.05902064683500643
55564.74814919841,0.05046090595050548
55598.107501356804,0.04033679419944823
55631.4668535152,0.028725636693278933
55664.8262056736,0.015979486351627492
55698.185557831996,0.0021728832203671763
55731.54490999039,-0.012246111559503167
55764.90426214879,-0.02704977647424428
55831.622966465584,-0.05589163698125236
55864.98231862398,-0.06900728561730855
55898.34167078238,-0.08024090580156175
55931.701022940775,-0.08906341577696948
55965.06037509917,-0.09458950513931492
55998.41972725757,-0.09596913993760275
56031.77907941597,-0.0923454606330585
56065.13843157436,-0.08290364276964396
56098.49778373277,-0.06707006588220081
56131.85713589117,-0.04460973242566248
56165.21648804957,-0.015946452143012175
56198.57584020797,0.01758962002485342
56231.93519236636,0.05353575866951953
56265.29454452476,0.08830552634089787
56298.65389668316,0.11723448813132838
56332.013248841555,0.13536297080928267
56365.37260099995,0.13871352803994652
56398.73195315835,0.1254430530365715
56432.091305316746,0.0967321737954655
56465.45065747514,0.056742107878087325
56498.81000963354,0.011600696295025168
56532.16936179194,-0.032188306200869626
56565.528713950334,-0.06924938611756548
56598.88806610873,-0.09618606080477149
56632.24741826713,-0.11182611433446296
56665.606770425526,-0.11665907925188676
56698.96612258392,-0.11222995851089301
56732.32547474232,-0.10059715245897789
56765.68482690072,-0.08390543870455061
56799.044179059114,-0.064126453642673
56832.40353121751,-0.042927679721687415
56899.122235534305,-0.0012423336092105691
56932.4815876927,0.017500180248205394
56965.8409398511,0.034086080160788415
56999.2002920095,0.04819427715526901
57032.55964416789,0.05962755902034854
57065.91899632629,0.06841188854937784
57099.27834848469,0.07441623839926548
57132.637700643085,0.07782359045878756
57165.99705280149,0.0786797370991783
57198.74740302868,0.07721162770602208
57231.497753255884,0.073625893648242
57264.24810348308,0.06807968633389737
57296.99845371027,0.06081485128078588
57329.748803937466,0.05199008636078356
57362.49915416466,0.041874359679093774
57395.24950439185,0.03067844807883638
57427.99985461905,0.018647264899855295
57460.75020484624,0.006046958902653806
57493.500555073435,-0.006863520445856093
57526.250905300636,-0.019810890029648493
57559.00125552783,-0.03248727480549312
57591.751605755024,-0.044603433607981774
57624.501955982225,-0.05577694151716714
57657.25230620942,-0.06575900472857307
57690.00265643661,-0.07405473941013109
57722.75300666381,-0.08041563291253215
57755.503356891,-0.08436213496963102
57788.2537071182,-0.08556245948443227
57821.004057345395,-0.08352303852897398
57853.75440757259,-0.0781064892926425
57886.50475779979,-0.06884321627758358
57919.255108026984,-0.05541661223025196
57952.00545825418,-0.03805116258160185
57984.75580848137,-0.01677311335470071
58017.506158708566,0.007842671675382063
58050.25650893576,0.034791322155666146
58083.00685916295,0.06259021609662588
58115.75720939015,0.08903184115042174
58148.50755961734,0.11130223126482976
58181.25790984454,0.1261447654475106
58214.008260071736,0.13030036033895465
58246.75861029893,0.12119793034813979
58279.50896052613,0.09797265797613516
58312.259310753325,0.062006856524395346
58345.00966098052,0.017365892675192677
58377.76001120771,-0.029912038281657755
58410.51036143491,-0.07305988758914318
58443.2607116621,-0.10630596357983237
58476.011061889294,-0.12608329638222132
58508.76141211649,-0.13147721527153095
58541.51176234368,-0.12386818659375863
58574.26211257088,-0.10610757677624064
58607.01246279808,-0.08164269297692409
58639.76281302527,-0.053761240250705056
58672.51316325247,-0.025236323425944063
58705.263513479666,0.001834712812240201
58738.01386370686,0.026015063194029995
58770.76421393405,0.04643550600688986
58803.51456416125,0.06267478229386675
58836.26491438845,0.07462169682164449
58869.01526461564,0.08239275923131362
58901.765614842836,0.08630334084018926
58934.51596507004,0.08666489949543339
58967.26631529723,0.08389626679630717
59000.016665524425,0.07841029096612458
59032.76701575162,0.0706461712695788
59065.51736597881,0.06102366779922028
59098.267716206006,0.04991687722770402
59131.0180664332,0.03772114199786758
59163.768416660394,0.024803010921646697
59196.51876688759,0.011526644452660642
59262.01946734198,-0.014951305144817819
59292.56642788288,-0.026717012497934622
59323.113388423764,-0.03778322893464739
59353.66034896466,-0.04795064384001728
59384.20730950555,-0.057015399815611136
59414.75427004644,-0.0647826722015712
59445.301230587334,-0.07108279082110389
59475.84819112823,-0.07570672870644767
59506.395151669116,-0.07853758179695551
59536.94211221,-0.07939164731557014
59567.4890727509,-0.07817415641951277
59598.03603329179,-0.0747434541125391
59628.58299383268,-0.06900057130792447
59659.129954373566,-0.06101770295681072
59689.67691491446,-0.05062003062810219
59720.223875455355,-0.03785971467218042
59750.77083599624,-0.02318613187182145
59781.31779653713,-0.006451880825764315
59811.86475707802,0.01199178487382058
59842.41171761892,0.03125244341154186
59872.958678159805,0.05104665554306204
59903.50563870069,0.07034569317406555
59934.052599241586,0.08802539951805292
59964.59955978248,0.10272454340073406
59995.14652032337,0.11288008371020557
60025.693480864255,0.11682166098613575
60056.24044140515,0.11296338841514032
60086.78740194604,0.09988980815527114
60117.33436248693,0.07725821942762445
60147.88132302782,0.045512384841203
60178.42828356871,0.006746018731437719
60208.975244109606,-0.03541201446354611
60239.52220465049,-0.0760904195109454
60270.06916519138,-0.11003989611713065
60300.616125732275,-0.13270145974750044
60331.16308627317,-0.14125594805137662
60361.710046814056,-0.13523975838901633
60392.25700735494,-0.11646967483372794
60422.80396789584,-0.08840814685259077
60453.35092843673,-0.05492305566691621
60483.89788897762,-0.020144442890427376
60514.444849518506,0.012802867602430448
60544.9918100594,0.04155781192450728
60575.538770600295,0.06482092346930687
60606.08573114118,0.0820117662778044
60636.63269168207,0.09316383014946157
60667.17965222296,0.09863200702924561
60697.72661276386,0.09908290779980242
60728.273573304745,0.09525915923565573
60758.82053384563,0.0879223018798575
60789.367494386526,0.0778388273087576
60819.91445492742,0.06571399927810204
60850.46141546831,0.05215571585640824
60881.008376009195,0.0377279991247981
60911.55533655009,0.022957064919321445
60972.64925763187,-0.006072165855427695
61003.19621817276,-0.019626713629698943
61033.74317871365,-0.032201541369100056
61064.29013925455,-0.043527059294991816
61094.83709979543,-0.05347448333435749
61125.38406033632,-0.06183420528524147
61155.931020877215,-0.06853625927114661
61186.47798141811,-0.07344217769942492
61217.024941958996,-0.07650552859360252
61250.15167607889,-0.07767939137382344
61283.27841019878,-0.07658680700626556
61316.405144318676,-0.07324218449467754
61349.53187843857,-0.06765821110643665
61382.65861255846,-0.05992704790871601
61415.785346678356,-0.05010665190053833
61448.91208079825,-0.0384488698212403
61482.03881491814,-0.02500445786079101
61515.16554903803,-0.0102178490500365
61548.29228315792,0.005758088109044015
61581.41901727782,0.02241045327739353
61614.54575139771,0.039252933155658164
61647.6724855176,0.0558592077749124
61680.7992196375,0.07101719399511408
61713.92595375739,0.08439601303206765
61747.05268787728,0.09485898731215663
61780.17942199717,0.10118870504001462
61813.30615611706,0.10233504484727354
61846.43289023696,0.09713784518592325
61879.55962435685,0.08461748622234937
61912.68635847674,0.06419644036174604
61945.81309259664,0.03601252653537233
61978.93982671653,0.000938536701152147
62012.06656083642,-0.03801214154737784
62045.19329495631,-0.07734651338380842
62078.3200290762,-0.11147263091800756
62111.4467631961,-0.13483244265606764
62144.57349731599,-0.14281345150895255
62177.70023143588,-0.13308956169902875
62210.82696555578,-0.10669912892032536
62243.95369967567,-0.05498927243346316
62277.08043379556,-0.02302332759086913
62310.207167915454,0.021409188156553457
62343.333902035345,0.05991832442810613
62376.46063615524,0.08894844887617015
62409.587370275134,0.10711822213602723
62442.714104395025,0.11467068991544664
62475.84083851492,0.11289003097927189
62508.967572634814,0.10363701987394466
62542.094306754705,0.08883595164247975
62575.221040874596,0.07046209994607215
62608.34777499449,0.05007166094349898
62641.474509114385,0.02904406686287645
62674.601243234276,0.008445455452395865
62707.72797735417,-0.010913733638137232
62740.854711474065,-0.028438247436141116
62773.981445593956,-0.043735165338799224
62807.10817971385,-0.05645204008997697
62840.23491383374,-0.0665409798826772
62873.36164795363,-0.07384806831807583
62906.48838207353,-0.07842273916734654
62939.61511619342,-0.08029978067898845
62972.74185031331,-0.07959960902592024
63005.86858443321,-0.07644286952880738
63038.9953185531,-0.07102683591230165
63072.12205267299,-0.06351058614440373
63105.24878679288,-0.05415164216630695
63138.37552091277,-0.043176231552659934
63171.50225503266,-0.030820584707958506
63204.62898915255,-0.017468738404534178
63237.75572327244,-0.0033354049371083945
63270.882457392334,0.011197721622925013
63337.13592563212,0.03999924388381326
63368.059270065714,0.0525298198278106
63398.9826144993,0.0640579646111197
63429.90595893289,0.07402162055811803
63460.82930336648,0.08213496102470438
63491.752647800065,0.08786513434236812
63522.67599223366,0.09077631678754297
63553.59933666725,0.09038387767100359
63584.52268110083,0.08625548024439408
63615.44602553442,0.0780298971524533
63646.36936996801,0.06531833919961719
63677.2927144016,0.04812183506736549
63708.21605883518,0.026494661145100733
63739.13940326877,0.0009467090106583462
63770.06274770236,-0.027433634816910635
63800.98609213595,-0.05724743935475533
63831.909436569535,-0.08609325064951447
63862.83278100312,-0.1109856250995726
63893.75612543671,-0.1286708311778096
63924.6794698703,-0.13584744382129252
63955.602814303886,-0.1298989483720118
63986.52615873747,-0.10979828482791668
64017.44950317106,-0.07668390856238388
64048.37284760465,-0.034222326162235736
64079.29619203824,0.012098665085251644
64110.21953647182,0.05616346581928415
64141.14288090541,0.09251270813293899
64172.066225339004,0.11743246671581538
64202.98956977259,0.12940070803868686
64233.91291420618,0.12891579439409398
64264.83625863977,0.11791801193221926
64295.759603073355,0.09909327155667974
64326.682947506946,0.07527738059790223
64357.60629194054,0.049040800015253835
64388.52963637412,0.022550290165544044
64419.45298080771,-0.002608019456300417
64450.376325241305,-0.025288342267355695
64481.29966967489,-0.04475432628988339
64512.22301410848,-0.06065142831241566
64543.14635854207,-0.0727849902238969
64574.069702975656,-0.08119111763907516
64604.99304740924,-0.08603201140448472
64635.91639184283,-0.08756659721049914
64666.83973627642,-0.08608234486968513
64697.76308071001,-0.08187357288756861
64728.68642514359,-0.0753455542612697
64759.60976957718,-0.06677088784699091
64790.533114010774,-0.05658523408436912
64821.45645844436,-0.045026773362828336
64852.37980287794,-0.03254155336111044
64883.30314731153,-0.019349586979000216
64945.14983617871,0.007685674919540511
64976.07318061229,0.020932166005533978
65006.996525045884,0.03364112535764174
65037.919869479476,0.0454849003745012
65068.84321391306,0.05619434297130657
65099.766558346644,0.06552806513793996
65130.689902780236,0.07317029253410312
65161.61324721383,0.07890460286284676
65192.53659164741,0.08249592313537883
65223.459936081,0.08369045933059421
65254.383280514594,0.08231364933087901
65285.30662494818,0.07813677990631432
65316.22996938177,0.07114232065439989
65346.54431188415,0.061330214348995216
65376.85865438654,0.04869184102950742
65407.17299688893,0.03334542343454225
65437.487339391315,0.015322818463482605
65467.8016818937,-0.004730337576276259
65498.116024396084,-0.02640056540125492
65528.430366898465,-0.04888149797903513
65558.74470940085,-0.07098366074927885
65589.05905190323,-0.09132046895241959
65619.37339440561,-0.10811998244828393
65649.687736908,-0.11941058267255235
65680.00207941039,-0.12311960775355056
65710.31642191278,-0.11736143149255981
65740.63076441517,-0.10086491421715801
65770.94510691756,-0.07346414147490646
65801.25944941994,-0.03655959213068991
65831.57379192233,0.006519529074171772
65861.88813442472,0.04823778810525081
65892.20247692711,0.09138490115663249
65922.5168194295,0.1219545521807788
65952.83116193188,0.13906516646090733
65983.14550443427,0.14104174458787358
66013.45984693666,0.12889470060405253
66043.77418943903,0.10549020669492781
66074.08853194141,0.07478455361431365
66104.4028744438,0.04070020609653268
66134.71721694618,0.006771734814533062
66165.03155944857,-0.02430216115822264
66195.34590195096,-0.050632455951851535
66225.66024445335,-0.0714221613641163
66255.97458695574,-0.08628483602376634
66286.28892945813,-0.0953493855674815
66316.60327196051,-0.09910591186391521
66346.9176144629,-0.09814050535747305
66377.23195696529,-0.09316730069397047
66407.54629946768,-0.08490321143323877
66437.86064197007,-0.0740483713748588
66468.17498447245,-0.06128535603210597
66498.48932697484,-0.04710942219108245
66528.80366947722,-0.03224217098173598
66559.11801197959,-0.016958084936889776
66589.43235448198,-0.0018461001703367324
66619.74669698437,0.012781745875700995
66650.06103948675,0.026586152575651657
66680.37538198914,0.039293036495081264
66710.68972449153,0.05064326779656129
66741.00406699392,0.06042503621652063
66771.3184094963,0.06846270521135145
66801.6327519987,0.07459937340527426
66831.94709450108,0.07871970807248044
66862.26143700347,0.08072397846473706
66892.57577950585,0.08054445994805942
66922.89012200822,0.07815799070426638
66953.2044645106,0.07353836829779277
66983.518807013,0.06667526402009609
67013.83314951538,0.057765613599318255
67044.14749201777,0.046782447398613126
67074.46183452016,0.033862025706374387
67104.77617702255,0.019414404863111225
67135.09051952494,0.0034690028114092337
67165.40486202732,-0.013503911371216254
67195.71920452971,-0.03093001157883178
67226.0335470321,-0.04851346497097625
67256.34788953447,-0.0653886465628645
67289.24200561587,-0.0819691056454163
67322.13612169726,-0.09571083650756909
67355.03023777864,-0.10512068498910906
67387.92435386003,-0.10877927895073826
67420.81846994141,-0.10517424635559802
67453.7125860228,-0.09312992230436135
67486.60670210418,-0.07171621424328029
67519.50081818557,-0.04112447220275557
67552.39493426695,-0.0029261527484796025
67585.28905034834,0.039567159404464966
67618.18316642972,0.08181443629342855
67651.07728251112,0.1173586581974218
67683.97139859252,0.13995028948252342
67716.8655146739,0.1451982574404877
67749.75963075529,0.13165543255809778
67782.65374683667,0.10160141594589614
67815.54786291806,0.06034041295193727
67848.44197899944,0.01464302698329478
67881.33609508083,-0.02901057424720225
67914.23021116223,-0.06569538798023081
67947.12432724363,-0.09254621871080577
67980.01844332501,-0.10862251318096834
68012.9125594064,-0.11443087168073557
68045.80667548778,-0.11136085456329664
68078.70079156916,-0.10121999583255757
68111.59490765055,-0.08590804779491562
68144.48902373193,-0.06718327002470462
68177.38313981332,-0.046590864473135124
68210.2772558947,-0.025420994291386674
68243.17137197609,-0.004722107670618061
68276.06548805747,0.014764056848215525
68308.95960413887,0.03238282043395948
68341.85372022027,0.047686472183483784
68374.74783630166,0.06038170736770658
68407.64195238304,0.07031728310589493
68440.53606846443,0.07734858993417035
68473.43018454581,0.08145698189567306
68506.3243006272,0.08269147036076904
68539.21841670858,0.08112234834054169
68572.11253278996,0.0769018439721722
68605.00664887135,0.0701846910466903
68637.90076495273,0.06119427887051548
68670.79488103412,0.0501471287536618
68703.68899711552,0.03738835194231416
68736.58311319692,0.023163284884963668
68769.4772292783,0.00782401081911609
68835.26546144107,-0.024334124029357154
68868.15957752246,-0.0403339839512146
68901.05369360384,-0.05540556461946729
68933.94780968523,-0.06919161758561855
68966.84192576662,-0.08088596251582314
68999.73604184802,-0.08974974619440129
69032.63015792941,-0.0951730711828668
69065.5242740108,-0.0962440233850848
69098.41839009218,-0.09236602847074553
69131.31250617356,-0.08281509216674374
69164.20662225495,-0.06712171591532713
69197.10073833633,-0.04521263017179136
69229.99485441772,-0.01748779067239558
69262.8889704991,0.015084040470639359
69295.78308658049,0.050142393778392955
69328.67720266187,0.08460222785740767
69361.57131874327,0.11424304326446243
69392.26204513834,0.13346227730049912
69422.95277153343,0.1405058908961424
69453.64349792851,0.13281751429840452
69484.3342243236,0.10978692816869169
69515.02495071868,0.07345996815263599
69545.71567711377,0.028353223703653146
69576.40640350885,-0.019316637986228742
69607.09712990394,-0.0631708775488159
69637.78785629902,-0.09791891727045826
69668.47858269411,-0.12054373212824833
69699.1693090892,-0.1300656063809825
69729.86003548426,-0.127469935717466
69760.55076187933,-0.1149261289385645
69791.24148827442,-0.09515233032485411
69821.9322146695,-0.07087256118042659
69852.62294106459,-0.044540726029240016
69883.31366745968,-0.018164060971628607
69914.00439385476,0.006778374195558198
69944.69512024985,0.029170520662640583
69975.38584664493,0.048338765927317257
70006.07657304002,0.06388330957805136
70036.7672994351,0.07566469828667624
70067.45802583019,0.08368815387405035
70098.14875222526,0.08807322555151996
70128.83947862033,0.08905308043051702
70159.53020501541,0.08690959169162879
70190.2209314105,0.08195941757869062
70220.91165780558,0.07454667488875262
70251.60238420067,0.06500890890358643
70282.29311059575,0.053742929784136445
70312.98383699084,0.04105751281272812
70343.67456338592,0.02739016154018146
70374.36528978101,0.013054494062987592
70405.0560161761,-0.0015690525526063353
70435.74674257118,-0.01612288557004899
70466.43746896627,-0.030264091173962705
70497.12819536135,-0.04362312417976269
70527.81892175644,-0.05584350559913902
70558.50964815152,-0.06662287162714942
70589.20037454659,-0.07555304309126214
70619.89110094166,-0.08231615715587538
70650.58182733675,-0.08663789711552289
70681.27255373183,-0.08812752119832754
70711.96328012692,-0.08659006049297482
70742.654006522,-0.08176162048793514
70773.34473291709,-0.07334612791739814
70804.03545931217,-0.06146135845215803
70834.72618570726,-0.04604765369125169
70865.41691210234,-0.02712599366296881
70896.10763849743,-0.005277641545740813
70926.79836489251,0.018902896484941825
70957.4890912876,0.044403798153636445
70988.17981768269,0.06981201813320023
71018.87054407777,0.09332157062609259
71049.56127047286,0.11266189361855221
71080.25199686793,0.12527246590008997
71110.942723263,0.12852110424938923
71141.63344965808,0.1202020118542386
71172.32417605317,0.09915755386761889
71203.01490244825,0.06590369342436159
71233.70562884334,0.023069020795810784
71264.39635523842,-0.024715264582130463
71295.08708163351,-0.07089994314713031
71325.7778080286,-0.10901786829829875
71359.04830800268,-0.13534091374496815
71392.31880797676,-0.14293737233811013
71425.58930795084,-0.1323843967236945
71458.85980792494,-0.10735179232163784
71492.13030789903,-0.0731127000406912
71525.40080787311,-0.03514059917768485
71558.6713078472,0.0018711776319260826
71591.94180782128,0.034811667820926456
71625.21230779536,0.061613783806021186
71658.48280776944,0.08134353587369049
71691.75330774352,0.09387660214672562
71725.02380771762,0.09962962201776016
71758.29430769171,0.09934068414201519
71791.5648076658,0.09390813118805705
71824.83530763988,0.08429549695496977
71858.10580761396,0.07143083755100016
71891.37630758804,0.056189409339297655
71924.64680756212,0.039423925225083645
71991.1878075103,0.004177617347984361
72024.4583074844,-0.013066326827695212
72057.72880745848,-0.02928985568898395
72090.99930743256,-0.044109002833020924
72124.26980740664,-0.05704567573215765
72157.54030738072,-0.06783349690959724
72190.8108073548,-0.07611790369533757
72224.08130732889,-0.08167703643757208
72257.35180730297,-0.08431419195109299
72290.62230727705,-0.08388405638263839
72323.89280725113,-0.0802876393653016
72357.16330722522,-0.07353786590766476
72390.43380719931,-0.06355736803220195
72423.70430717341,-0.05074032842676681
72456.97480714749,-0.035059648428108256
72490.24530712157,-0.016792228735087115
72523.51580709565,0.003179796157515487
72556.78630706973,0.024502475945538886
72590.05680704382,0.04639735318481625
72623.3273070179,0.06744052226019853
72656.59780699198,0.0864851416722207
72689.86830696606,0.10189260924176945
72723.13880694014,0.11179102113900449
72756.40930691423,0.11424153564912291
72789.67980688832,0.1074164520306267
72822.95030686242,0.08990913126136298
72856.2208068365,0.06128158669409625
72889.49130681058,0.022615347136134497
72922.76180678466,-0.022863555382246065
72956.03230675875,-0.06970779954255785
72989.30280673283,-0.1107787484939362
73022.57330670691,-0.13440597789986936
73055.843806681,-0.148238732466098
73089.1143066551,-0.13702934747071602
73122.38480662918,-0.10745229079798507
73155.65530660326,-0.06522178078304694
73188.92580657735,-0.01811977434550931
73222.19630655143,0.02714838175111361
73255.46680652551,0.06521354643566789
73288.73730649959,0.09290061875557143
73322.00780647369,0.10934710856446501
73355.27830644778,0.11505830700220641
73388.54880642187,0.11154907835167337
73421.81930639595,0.10061917024143732
73455.08980637003,0.08433491431538842
73486.15691665781,0.0659294494714914
73517.2240269456,0.04576708194477765
73548.29113723338,0.025023327803960944
73579.35824752116,0.0046045924547338125
73610.42535780894,-0.014740849714119332
73641.49246809672,-0.03240777469480266
73672.5595783845,-0.0479518288941432
73703.62668867227,-0.061037082786689054
73734.69379896004,-0.07146017480991888
73765.76090924782,-0.0790576583259239
73796.8280195356,-0.08377272470515292
73827.89512982339,-0.08558861323557974
73858.96224011117,-0.08456259341748956
73890.02935039895,-0.08077630316788767
73921.09646068673,-0.07439079773656436
73952.16357097452,-0.0655569684562632
73983.2306812623,-0.054551194491701475
74014.29779155008,-0.04158732931918685
74045.36490183786,-0.026960521301159824
74076.43201212565,-0.01117482185360523
74107.49912241343,0.005538160032375367
74138.56623270121,0.022638672131449253
74169.633342989,0.03956988506106947
74200.70045327676,0.055880610165527714
74231.76756356453,0.07069885395774762
74262.83467385231,0.08351534397758964
74293.9017841401,0.09348346432771375
74324.96889442788,0.09974051415023628
74356.03600471566,0.10153953415289116
74387.10311500344,0.09800809039397002
74418.17022529122,0.0885001276996629
74449.237335579,0.07246446414412891
74480.30444586679,0.04988400049280613
74511.37155615457,0.021151584652239878
74542.43866644235,-0.012533961021272851
74573.50577673013,-0.048952579261896126
74604.57288701792,-0.08479521919919686
74635.6399973057,-0.1157823647830244
74666.70710759348,-0.1371558666909351
74697.77421788125,-0.14454135247856092
74728.84132816902,-0.13511154654951074
74759.9084384568,-0.10867757756735812
74790.97554874458,-0.06823370158972858
74822.04265903236,-0.01953102396351579
74853.10976932014,0.030088843136733594
74884.17687960793,0.0738153832806585
74915.24398989571,0.10657932638649059
74946.31110018349,0.1257917941305884
74977.37821047127,0.13125508138853056
75008.44532075906,0.12457243700844127
75039.51243104684,0.10837961670716549
75070.57954133462,0.0856584297115486
75101.6466516224,0.0592665039784437
75132.71376191018,0.03158648320643573
75163.78087219797,0.00464120636238435
75194.84798248573,-0.02017879508144596
75225.9150927735,-0.04194583519668168
75256.98220306128,-0.05996864821022604
75288.04931334907,-0.07393857096787149
75319.11642363685,-0.08379608181190426
75350.18353392463,-0.08958793067398027
75381.25064421241,-0.09149755770539222
75412.3177545002,-0.08980931005967997
75443.38486478798,-0.08484127233852243
75473.84297314455,-0.0771701622214488
75504.30108150114,-0.06709120654960454
75534.75918985772,-0.05501556132324498
75565.2172982143,-0.041324249079665795
75595.67540657087,-0.02647959450774066
75626.13351492745,-0.010849210021841355
75687.04973164061,0.02094009251773828
75717.50783999718,0.036224673254138307
75747.96594835377,0.05057893174196372
75778.42405671036,0.0634737186389172
75808.88216506693,0.07455053311840774
75839.3402734235,0.08335375793938204
75869.79838178007,0.0894022137425397
75900.25649013664,0.09237878032299252
75930.71459849323,0.09184012138866868
75961.17270684981,0.08752254345784705
75991.63081520639,0.07905752384952418
76022.08892356296,0.06648216670063252
76052.54703191953,0.04964783052847484
76083.0051402761,0.028797097940707707
76113.46324863269,0.0045131008783606055
76143.92135698927,-0.02243011780447768
76174.37946534585,-0.05068292961310926
76204.83757370242,-0.07839963829303187
76235.295682059,-0.10321010200698862
76265.75379041559,-0.12231252739434283
76296.21189877216,-0.1326206794982185
76326.67000712873,-0.13129226086289902
76357.12811548532,-0.11633660657698788
76387.5862238419,-0.08739022126017376
76418.04433219848,-0.04634395017977199
76448.50244055505,0.0022920324101257444
76478.96054891164,0.05205528555828838
76509.41865726822,0.09583051399147323
76539.8767656248,0.12744936058802292
76570.33487398137,0.14310431744786992
76600.79298233795,0.14198675198055957
76631.25109069454,0.12602892031661672
76661.70919905111,0.09899652694452957
76692.16730740768,0.06544261777874232
76722.62541576427,0.029560869366565524
76753.08352412086,-0.005114600964037212
76783.54163247743,-0.0360234518695368
76813.999740834,-0.061548889814760255
76844.45784919057,-0.08088731038260095
76874.91595754714,-0.09389742461217314
76905.37406590373,-0.10075191155272223
76935.83217426031,-0.10200701323643266
76966.29028261689,-0.09835437928134638
76996.74839097346,-0.09054842344198467
77027.20649933003,-0.07937454070834088
77057.6646076866,-0.06557330896453234
77088.12271604319,-0.04995418431404297
77149.03893275635,-0.015642351516260554
77179.49704111292,0.0017729308313534893
77209.9551494695,0.018643286988096475
77240.41325782609,0.034520225780800176
77270.87136618266,0.048977641658083534
77301.32947453923,0.06161577721603399
77331.78758289582,0.07213718310374889
77362.2456912524,0.08021966554894183
77392.70379960898,0.08564687892682492
77425.74168154456,0.08827660649858636
77458.77956348014,0.08733229324204986
77491.81744541571,0.08272784964594958
77524.8553273513,0.07437688797577255
77557.89320928688,0.0623667705141543
77590.93109122245,0.046947443968505316
77623.96897315803,0.02823453547816021
77657.00685509361,0.007114699856082318
77690.0447370292,-0.016081638244006893
77723.08261896478,-0.04016566809894144
77756.12050090036,-0.06390041249985197
77789.15838283594,-0.08577944475233984
77822.19626477153,-0.10378323196780423
77855.23414670711,-0.11577905005473926
77888.27202864268,-0.1194073646507672
77921.30991057826,-0.11252850616097498
77954.34779251384,-0.09357377349208822
77987.38567444941,-0.06218697835862466
78020.423556385,-0.01978900755449684
78053.46143832058,0.029257371362215918
78086.49932025616,0.07835219496838905
78119.53720219174,0.11967558524976525
78152.57508412733,0.14526853990409108
78185.61296606291,0.150017189049232
78218.65084799849,0.13310050864596185
78251.68872993407,0.09847178680071166
78284.72661186964,0.05267942032146767
78317.76449380523,0.004159566763550072
78350.80237574081,-0.04049529028618509
78383.84025767638,-0.0764789071452315
78416.87813961196,-0.10119559115422619
78449.91602154754,-0.1142505242814196
78482.95390348313,-0.11657552403980309
78515.99178541871,-0.10986151043937849
78549.02966735428,-0.09608550740790428
78582.06754928986,-0.07740119535045137
78615.10543122544,-0.055598333109422624
78648.14331316101,-0.03237520772025129
78681.1811950966,-0.009087118208426458
78714.21907703218,0.013164143974809571
78747.25695896776,0.03349127320744291
78780.29484090334,0.051237134835437834
78813.33272283891,0.06585222614253948
78846.37060477449,0.07709666509033843
78879.40848671008,0.08466261439313867
78912.44636864564,0.0885283259243409
78945.48425058123,0.08864010649882777
78978.52213251681,0.08509866221065475
79011.56001445239,0.07807556089196203
79044.59789638798,0.06779113570375761
79077.63577832354,0.05458592762852147
79110.67366025913,0.038856557942405806
79143.71154219471,0.021025171037737354
79176.74942413028,0.001795082189559898
79242.82518800144,-0.03848200635697782
79275.86306993703,-0.05789670462542233
79308.90095187261,-0.07541893285986652
79341.93883380819,-0.09012554052283546
79374.97671574377,-0.10070996636984811
79408.01459767936,-0.10600453016711414
79441.05247961494,-0.10472902540721286
79474.09036155051,-0.09582352244990495
79507.12824348609,-0.07845321003592601
79537.96273573537,-0.05452037237919481
79568.79722798464,-0.023478198453103394
79599.63172023391,0.012949829646059122
79630.46621248318,0.05219584641514978
79661.30070473245,0.0904569853603183
79692.13519698173,0.1224623999012348
79722.96968923102,0.14303897478887226
79753.80418148029,0.1476602980240939
79784.63867372955,0.1337882469414284
79815.47316597884,0.10224427497281868
79846.30765822812,0.05723359562584932
79877.14215047739,0.0056591731917918775
79907.97664272666,-0.044658621834914945
79938.81113497594,-0.08674555598709294
79969.64562722523,-0.11617796982308295
80000.4801194745,-0.13111150361570484
80031.31461172376,-0.13207383144906187
80062.14910397305,-0.12121100659030967
80092.98359622233,-0.101488293072116
80123.8180884716,-0.07602357729834669
80154.65258072087,-0.04770356427745149
80185.48707297015,-0.01889763722164132
80216.32156521943,0.008485940703652151
80247.1560574687,0.03311677825331847
80277.99054971797,0.05407995148881398
80308.82504196725,0.07085715986734507
80339.65953421654,0.08318258109982105
80370.4940264658,0.09099488153938172
80401.32851871508,0.094444482550852
80432.16301096436,0.09378135365265033
80462.99750321364,0.08933807946043992
80493.83199546291,0.08151100942777512
80524.66648771218,0.07074662831991892
80555.50097996146,0.057535310994156826
80586.33547221075,0.04236528870913815
80617.16996446002,0.02575925971441173
80648.00445670928,0.008278500177045376
80678.83894895857,-0.009551198867065196
80740.50793345712,-0.04401622365642843
80771.34242570639,-0.059454910502810654
80802.17691795567,-0.0730250816612162
80833.01141020496,-0.08409551188726629
80863.84590245422,-0.09198226906763123
80894.6803947035,-0.09632569247839304
80925.51488695278,-0.09655903433674687
80956.34937920206,-0.09211005032991458
80987.18387145133,-0.08285212117616601
81018.0183637006,-0.06859712017778426
81048.85285594988,-0.04921728125520716
81079.68734819916,-0.025043430319485173
81110.52184044843,0.002857818330307599
81141.3563326977,0.03347187532028817
81172.19082494699,0.0647767369247488
81203.02531719627,0.09429471659347673
81233.85980944554,0.11859702345014599
81264.6943016948,0.13412280758252937
81295.52879394409,0.13734436411132026
81326.36328619337,0.12545417190586283
81357.19777844264,0.09774645600372704
81388.03227069191,0.05569777459762526
81418.86676294118,0.004422183557851102
81449.70125519045,-0.04886465773927583
81480.53574743973,-0.09592389093632367
81513.95001326801,-0.13172679107525506
81547.36427909628,-0.14665557216798544
81580.77854492456,-0.1403316165965018
81614.19281075284,-0.11640443494621855
81647.60707658112,-0.08081468151394193
81681.0213424094,-0.039978211259278584
81714.43560823768,0.0005337793446330494
81747.84987406596,0.03671787290853176
81781.26413989424,0.06602487922120703
81814.67840572252,0.0872345550134233
81848.09267155078,0.10013200103383388
81881.50693737906,0.105126822857914
81914.92120320734,0.10308430757244477
81948.3354690356,0.09507458535002966
81981.74973486389,0.08226124867316952
82015.16400069217,0.06578200958716399
82048.57826652045,0.04679341903576839
82081.99253234873,0.026299966593459637
82115.406798177,0.00537370877042848
82148.82106400529,-0.015221999922509406
82182.23532983357,-0.034604843153066056
82215.64959566185,-0.05212427926023125
82249.06386149011,-0.06708998329357267
82282.47812731839,-0.07900256738759477
82315.89239314667,-0.08735477611856152
82349.30665897494,-0.09178483757585361
82382.72092480322,-0.09200151567400579
82416.1351906315,-0.08778710664269634
82449.54945645978,-0.0791260740121027
82482.96372228806,-0.06596356998871983
82516.37798811634,-0.048698179147227384
82549.79225394462,-0.027662136193680267
82583.2065197729,-0.003501383964981508
82616.62078560118,0.02265944305619738
82650.03505142944,0.04962437818472257
82683.44931725772,0.07548050609256013
82716.863583086,0.09819711502244434
82750.27784891427,0.11513005397612418
82783.69211474255,0.12349124099832835
82817.10638057083,0.12051582664439053
82850.5206463991,0.10403715032096046
82883.93491222739,0.07327089724568336
82917.34917805567,0.029613220711373334
82950.76344388395,-0.022541122350395078
82984.17770971222,-0.07576918914309477
83017.5919755405,-0.1206814188369051
83051.00624136877,-0.14822347548231418
83084.42050719705,-0.15261203075468288
83117.83477302533,-0.13325961167992417
83151.2490388536,-0.09481846508746199
83184.66330468188,-0.04541827840946966
83218.07757051016,0.005970675910475391
83251.49183633843,0.05179572994812149
83284.90610216671,0.08710412424723696
83318.320367995,0.10965926257958748
83351.73463382327,0.11940530949130622
83385.14889965155,0.11771833266640797
83418.56316547983,0.10673040517404261
83451.9774313081,0.08883133257651055
83485.39169713638,0.06634337358709533
83518.80596296466,0.04138286948388389
83552.22022879292,0.015753867937533878
83585.6344946212,-0.009109847473377945
83619.04876044948,-0.032007882635077894
83651.85402434657,-0.05168026611439574
83684.65928824364,-0.06793530233782182
83717.46455214071,-0.0803400731970788
83750.26981603779,-0.08860975505434206
83783.07507993486,-0.09258170173059158
83815.88034383193,-0.09226135224892834
83848.68560772901,-0.0877371186006075
83881.49087162608,-0.07921322908299466
83914.29613552315,-0.06699745707532108
83947.10139942024,-0.05151430224627036
83979.9066633173,-0.033252285017992995
84012.71192721438,-0.01289269481980709
84045.51719111146,0.008886068996865691
84078.32245500853,0.03111750079020734
84111.1277189056,0.052888671924248634
84143.93298280268,0.07295056431298991
84176.73824669977,0.0900511158675053
84209.54351059684,0.10289373879863209
84242.3487744939,0.10984162209314646
84275.15403839099,0.10955374434199076
84307.95930228806,0.10071295757423791
84340.76456618513,0.0824234467712682
84373.56983008221,0.0545033615873539
84406.37509397928,0.017848092569119622
84439.18035787635,-0.02507109903843966
84471.98562177343,-0.06994739970514094
84504.7908856705,-0.1106939642413808
84537.59614956757,-0.14019503376265383
84570.40141346466,-0.15162525391083018
84603.20667736173,-0.140694201188822
84636.0119412588,-0.10763249941198401
84668.81720515588,-0.05755818712566535
84701.62246905296,0.0002842656107163305
84734.42773295003,0.055539695482221964
84767.2329968471,0.09948758041086456
84800.03826074419,0.1269128959127922
84832.84352464126,0.1364563920610895
84865.64878853832,0.12983296009864295
84898.45405243541,0.11058609136382613
84931.25931633248,0.08291782132180398
84964.06458022955,0.050887269333424245
84996.86984412663,0.017898614791448032
85029.6751080237,-0.013336592022731159
85062.48037192077,-0.040952472680418725
85095.28563581785,-0.06370898072081901
85128.09089971492,-0.08091131624916073
85160.896163612,-0.09230426003032102
85193.70142750908,-0.09792789451855448
85226.50669140616,-0.09805243118800792
85259.31195530323,-0.09313240394121913
85292.1172192003,-0.0837223405690774
85324.92248309738,-0.07048962036873133
85357.72774699447,-0.05414992663235014
85390.53301089154,-0.035455124539517394
85456.14353868569,0.005757858724928107
85488.94880258277,0.026625870977398068
85521.75406647984,0.04655748691582927
85554.55933037691,0.06456701896024011
85587.364594274,0.0798669386334184
85620.16985817107,0.0916729536473472
85652.97512206814,0.09903025080133981
85685.78038596522,0.10112039856465746
85718.58564986229,0.09748951540006565
85749.18752407306,0.0883420302945133
85779.78939828384,0.0732878412108279
85810.39127249461,0.05272252332259697
85840.99314670538,0.026816990831531752
85871.59502091615,-0.0034273342943721696
85902.19689512692,-0.036455615786879836
85932.79876933769,-0.06997167516697547
85963.40064354846,-0.10090067075929748
85994.00251775923,-0.12545895808516094
86024.60439197,-0.1395895731448919
86055.20626618077,-0.13946867890177952
86085.80814039154,-0.12253448955653054
86116.41001460231,-0.08865937903727047
86147.01188881308,-0.04090940352935426
86177.61376302385,0.014446718219256909
86208.21563723462,0.0689325482791943
86238.81751144539,0.11361647240237382
86269.41938565616,0.1417964594937156
86300.02125986693,0.15031779899191935
86330.6231340777,0.1398708051456773
86361.22500828847,0.11409841867128336
86391.82688249924,0.07837916334080594
86422.42875671001,0.03823530269727842
86453.03063092078,-0.0015229537157368037
86483.63250513155,-0.037302840527579165
86514.23437934232,-0.06675348668214905
86544.83625355309,-0.08864218352456806
86575.43812776386,-0.10260515374693213
86606.04000197463,-0.10892327651386763
86636.6418761854,-0.10826710912887244
86667.24375039617,-0.10156327244315305
86697.84562460694,-0.08986339207133072
86728.44749881771,-0.07422773677876866
86759.04937302848,-0.055742526719054684
86789.65124723925,-0.035461254716663046
86820.25312145002,-0.014249425105918541
86850.85499566079,0.006864562955463382
86881.45686987156,0.027248138952580124
86912.05874408233,0.045995160219209325
86942.6606182931,0.06261252102116795
86973.26249250387,0.0764275027171862
87003.86436671464,0.08694844818300619
87034.46624092541,0.09379874382502154
87065.06811513618,0.09661872920812457
87095.66998934695,0.0951821010606131
87126.27186355772,0.08934537117904452
87156.8737377685,0.07913850383564214
87187.47561197927,0.06460528118356577
87218.07748619004,0.046124185945465496
87248.67936040083,0.024163157557193775
87279.2812346116,-0.0005102420522626033
87309.88310882237,-0.026998779891312063
87340.48498303314,-0.053827944215692335
87371.0868572439,-0.07943942379861474
87401.68873145468,-0.10174072312500233
87432.29060566545,-0.11843963468858369
87462.89247987622,-0.12703667803503144
87493.49435408699,-0.12510131579245604
87524.09622829776,-0.11071761837926233
87554.69810250853,-0.08310718322116922
87585.2999767193,-0.04311486749475525
87615.90185093007,0.005976614251591565
87646.50372514084,0.057869722965944254
87677.1055993516,0.10590107360182253
87710.28724714139,0.1430182120178317
87743.46889493115,0.15721558070222436
87776.65054272092,0.1454269576575364
87809.8321905107,0.1107908026795252
87843.01383830047,0.06108173470934156
87876.19548609023,0.006396931290706754
87909.37713388001,-0.04447948538833102
87942.55878166978,-0.08461279804678541
87975.74042945955,-0.11114501946048255
88008.92207724933,-0.12337172916929429
88042.1037250391,-0.12252727686206959
88075.28537282886,-0.1109712011978596
88108.46702061864,-0.09145599611265354
88141.64866840841,-0.06668557176713734
88174.83031619817,-0.039181400443761755
88208.01196398796,-0.011069861287399892
88241.19361177774,0.015913730385345243
88274.3752595675,0.040361459394690706
88307.55690735727,0.0612418839322838
88340.73855514705,0.0777584656646627
88373.92020293683,0.08941725359404236
88407.1018507266,0.0959563650858782
88440.28349851636,0.09726829154262305
88473.46514630615,0.0934219246389216
88506.64679409593,0.08468173186959714
88539.8284418857,0.07138851222177202
88573.01008967546,0.05415823007365892
88606.19173746524,0.03359325993470476
88639.373385255,0.010589570521954639
88672.55503304477,-0.013912421854499157
88705.73668083455,-0.03862266716578515
88738.91832862432,-0.062399315204659994
88772.09997641409,-0.08346298864197413
88805.28162420387,-0.10039355452146256
88838.46327199363,-0.11130905355856596
88871.6449197834,-0.11447387640875235
88904.82656757318,-0.10824886152446499
88938.00821536295,-0.09150276306781124
88971.18986315271,-0.06373196889383966
89004.3715109425,-0.025759696495757885
89037.55315873228,0.019711888543906327
89070.73480652204,0.06795645680377799
89103.91645431181,0.11197072994577399
89137.09810210159,0.14350480331880466
89170.27974989137,0.15483043867130752
89203.46139768114,0.14115385788647983
89236.6430454709,0.10315137486724832
89269.82469326069,0.04737953764380697
89303.00634105047,-0.015070838332302662
89336.18798884023,-0.07221750808135642
89369.36963663,-0.11460190835714269
89402.55128441978,-0.1372667394744102
89435.73293220955,-0.13983979606004726
89468.91457999931,-0.12531699160151483
89502.0962277891,-0.09844537633094794
89535.27787557886,-0.06435224481305786
89568.45952336863,-0.027651397922912616
89601.64117115841,0.007929028264605419
89634.82281894817,0.039656766275156255
89668.00446673794,0.06577777521547412
89701.18611452772,0.08527140739898245
89734.36776231749,0.09773128568671935
89767.54941010725,0.10320785917743948
89800.73105789704,0.10207588211675601
89831.7093160005,0.09558284601210357
89862.68757410397,0.08449846735665906
89893.66583220744,0.06953362095567352
89924.6440903109,0.051513459583466426
89955.62234841437,0.031214382167608367
89986.60060651784,0.009595162240287019
90048.55712272477,-0.03421690234950362
90079.53538082824,-0.054578279360562525
90110.5136389317,-0.07268430775387855
90141.49189703517,-0.08752019550002464
90172.47015513864,-0.09837396929260436
90203.4484132421,-0.10434543783958933
90234.42667134557,-0.10471606341043203
90265.40492944905,-0.09886931755656098
90296.38318755252,-0.08645829452404866
90327.36144565599,-0.06735076205789822
90358.33970375947,-0.041849180294474896
90389.31796186294,-0.010913801443048706
90420.2962199664,0.024013068548719513
90451.27447806987,0.060311006713499586
90482.25273617334,0.09489564309218941
90513.2309942768,0.12335836573120904
90544.20925238027,0.1410598858491562
90575.18751048374,0.14347953934130306
90606.1657685872,0.12742845115674703
90637.14402669067,0.09256997581845751
90668.12228479414,0.0416110077321872
90699.1005428976,-0.01766236800618546
90730.07880100107,-0.07561086502831343
90761.05705910454,-0.1219838173773785
90792.035317208,-0.14915104889457054
90823.01357531147,-0.1538602196479127
90853.99183341494,-0.13754594893044259
90884.97009151841,-0.10514463708393987
90915.94834962187,-0.06325362652256564
90946.92660772534,-0.018435628212487915
90977.90486582881,0.023873997712053823
91008.88312393229,0.059878705757116346
91039.86138203576,0.08732390166557014
91070.83964013922,0.10531975404020257
91101.8178982427,0.11391749816221902
91132.79615634617,0.11389068529814465
91163.77441444964,0.10638337738903389
91194.7526725531,0.09275912320777566
91225.73093065657,0.07443129150660319
91256.70918876004,0.05282248065255091
91287.6874468635,0.029310337745731555
91318.66570496697,0.005138645813876827
91349.64396307044,-0.018571511501288558
91380.62222117391,-0.040745236054042136
91411.60047927737,-0.06048361529100214
91442.57873738084,-0.0770076241896164
91473.55699548431,-0.08962740858558285
91504.53525358778,-0.09779188342980039
91535.51351169124,-0.10110090769867208
91566.49176979471,-0.09922517513787374
91597.47002789818,-0.09212030887073855
91628.44828600164,-0.07977270130429313
91659.42654410511,-0.06233352890861796
91690.40480220858,-0.04058102404689347
91721.38306031204,-0.015045603156816714
91752.36131841553,0.013272964533162863
91783.33957651899,0.04260810949110825
91813.70883269125,0.07077902262972204
91844.07808886352,0.09616765282386414
91874.44734503579,0.11631101260844003
91904.81660120806,0.12845064044593882
91935.18585738033,0.12992920326640106
91965.55511355259,0.11851289234395962
91995.92436972485,0.09297288705235926
92026.29362589712,0.05386452746912011
92056.66288206939,0.004173628972052763
92087.03213824164,-0.05034809797078926
92117.4013944139,-0.10164296398216403
92147.77065058617,-0.14068342661975253
92178.13990675844,-0.15988535293036393
92208.50916293071,-0.1553264194653215
92238.87841910298,-0.12799519131007195
92269.24767527524,-0.08347121384973823
92299.6169314475,-0.030200582976923317
92329.98618761977,0.023024364388335897
92360.35544379204,0.06908982536815544
92390.72469996431,0.10334364900083318
92421.09395613658,0.12375969615789809
92451.46321230884,0.1304665023500523
92481.8324684811,0.12505224600997275
92512.20172465337,0.10990758993006558
92542.57098082564,0.08765959305341728
92572.94023699789,0.060980556281762466
92603.30949317015,0.03219626792130741
92633.67874934242,0.003344817961902535
92664.04800551469,-0.02397957291879333
92694.41726168696,-0.04840076670788801
92724.78651785923,-0.06894417969258049
92755.15577403149,-0.08492944704809283
92785.52503020375,-0.09591512961329181
92815.89428637602,-0.10163536651093215
92846.26354254829,-0.10208275178556901
92876.63279872056,-0.09735929952962
92907.00205489283,-0.08778437773643515
92937.37131106509,-0.0737394742253536
92967.74056723734,-0.055876595914057955
92998.10982340961,-0.034786266129359415
93028.47907958188,-0.01147228673713141
93058.84833575414,0.013279125323076388
93089.2175919264,0.03814013086624689
93119.58684809867,0.061976305411878055
93149.95610427094,0.0833955808015801
93180.32536044321,0.10089476810926185
93210.69461661548,0.112929219499268
93241.06387278774,0.11792923458076823
93271.43312896,0.11450286050253307
93301.80238513227,0.10157737828640204
93332.17164130454,0.07853603154207094
93362.5408974768,0.05538085917539118
93392.91015364908,0.0049762666672267045
93423.27940982133,-0.04080086082475259
93453.64866599359,-0.086511333294263
93484.01792216586,-0.12573270271182202
93514.38717833813,-0.1513668081521217
93544.75643451039,-0.15726031415985572
93575.12569068265,-0.140057100290386
93605.49494685492,-0.10087087773892936
93635.86420302719,-0.045820634105630635
93666.23345919946,0.015472806494118849
93696.60271537173,0.07234856386547227
93726.97197154399,0.1159805608085322
93759.92100129524,0.14240993568486585
93792.8700310465,0.14591953112297693
93825.81906079777,0.12958699582751246
93858.76809054904,0.09903940961352553
93891.71712030031,0.06044475374162922
93924.66615005158,0.01942553898987026
93957.61517980284,-0.019540887779473506
93990.56420955411,-0.05327464398714889
94023.51323930538,-0.07975730534718424
94056.46226905665,-0.09797344023756298
94089.41129880791,-0.10764007365540929
94122.36032855918,-0.10912368804350137
94155.30935831045,-0.10308347764070486
94188.25838806172,-0.09051701266813636
94221.20741781298,-0.07249534816036661
94254.15644756425,-0.050420471439860406
94287.10547731552,-0.025538695410060673
94320.05450706679,0.0006622619064649599
94353.00353681805,0.026860440458937693
94385.95256656932,0.05155274337039703
94418.90159632059,0.07345552488412341
94451.85062607186,0.09110738487852386
94484.79965582312,0.10337297374796763
94517.74868557439,0.10901780944173277
94550.69771532566,0.10717556528104898
94583.64674507693,0.09711101088253211
94616.5957748282,0.07861398728913176
94649.54480457946,0.05186906883568601
94682.49383433073,0.018074810471825718
94715.442864082,-0.02089244885324544
94748.39189383326,-0.061794780733575236
94781.34092358453,-0.10013108903743363
94814.2899533358,-0.13028537314666572
94847.23898308707,-0.14607964677794907
94880.18801283833,-0.14188017449862245
94913.1370425896,-0.11453658937506682
94946.08607234087,-0.065345119943902
94979.03510209214,-0.0012587895382817722
95011.9841318434,0.06563649528200206
95044.93316159467,0.12130363286793977
95077.88219134594,0.15410922597090515
95110.8312210972,0.15850225163116158
95143.78025084847,0.136136135823368
95176.72928059974,0.09423099166785721
95209.67831035101,0.04248031648220584
95242.62734010228,-0.009819037828799993
95275.57636985354,-0.05559685152543853
95308.52539960481,-0.09045349918027644
95341.47442935608,-0.1124500295641362
95374.42345910735,-0.12150857232052044
95407.37248885861,-0.118818955629242
95440.32151860988,-0.1063010953961954
95473.27054836115,-0.08617915130974621
95506.21957811242,-0.06080566709798374
95539.16860786368,-0.032420730586305624
95572.11763761495,-0.003116658826136577
95605.06666736622,0.025356211004325266
95638.01569711749,0.05126089212764396
95670.96472686875,0.07328858283084738
95703.91375662002,0.0902916455633582
95736.86278637129,0.10138217778907407
95769.81181612256,0.10593634943988475
95802.76084587383,0.10357557542093372
95835.70987562509,0.09419512241196919
95866.45551569006,0.07923282433302999
95897.20115575501,0.05893172694138601
95927.94679581997,0.03381957686806154
95958.69243588494,0.005058686890172762
95989.4380759499,-0.025861878686310857
96020.18371601487,-0.057105852713240694
96050.92935607984,-0.08626018442554409
96081.6749961448,-0.11072087111503323
96112.42063620975,-0.1274278261015467
96143.16627627471,-0.13330751659550516
96173.91191633968,-0.12565413565692807
96204.65755640465,-0.10272047830861818
96235.40319646962,-0.0645578655722821
96266.14883653457,-0.013845411063963302
96296.89447659953,0.04370206395961264
96327.6401166645,0.09912178899490488
96358.38575672946,0.14223545285971695
96389.13139679443,0.16386407360638422
96419.8770368594,0.15874386494469292
96450.62267692435,0.1275924063643762
96481.3683169893,0.07699703848896314
96512.11395705427,0.017210476352804836
96542.85959711924,-0.04098549625485112
96573.60523718421,-0.08892575100747563
96604.35087724918,-0.12139701059654974
96635.09651731413,-0.1366789120126917
96665.84215737908,-0.13577254325401256
96696.58779744405,-0.12140078529244454
96727.33343750902,-0.0970754944704956
96758.07907757399,-0.06644975112832763
96788.82471763896,-0.03290206085931899
96819.57035770391,0.0006789931200614878
96850.31599776886,0.03199450687266289
96881.06163783383,0.059246792817695085
96911.8072778988,0.08114599893100381
96942.55291796377,0.09688653863911449
96973.29855802873,0.10604122919612562
97004.04419809369,0.10847198056894608
97034.78983815864,0.10435317875348442
97065.53547822361,0.09409267793600615
97096.28111828858,0.07832403833619722
97127.02675835355,0.057840040010662265
97157.77239841851,0.03375394796708814
97188.51803848347,0.00713143083995014
97219.26367854842,-0.02072098348386291
97250.00931861339,-0.04802787886283624
97280.75495867836,-0.0734655150237849
97311.50059874333,-0.09520094967980067
97342.2462388083,-0.11123256319694644
97372.99187887325,-0.12002176436395245
97403.7375189382,-0.11977111512049839
97434.48315900317,-0.10919547722276945
97465.22879906814,-0.0875329614234286
97495.9744391331,-0.055049130212390066
97526.72007919807,-0.013214355334075147
97557.46571926303,0.03453218237293489
97588.21135932798,0.08313622729282837
97618.95699939295,0.12539480472128314
97649.70263945792,0.15343592248552046
97680.44827952288,0.1599599918390345
97711.19391958785,0.1409032465127041
97741.9395596528,0.0973755241550314
97772.68519971776,0.03638525760663492
97803.43083978273,-0.030537741574855132
97837.75220102337,-0.09665843452801053
97872.073562264,-0.14018725072199406
97906.39492350465,-0.15473924061997596
97940.71628474529,-0.14175934971487558
97975.03764598593,-0.10796950295360713
98009.35900722657,-0.062250825523694944
98043.6803684672,-0.013121849347279052
98078.00172970784,0.0326435129438002
98112.32309094848,0.07039047868906947
98146.64445218912,0.09745891585849252
98180.96581342976,0.11286227241676922
98215.2871746704,0.11677536141269815
98249.60853591104,0.11020857658397258
98283.92989715168,0.09470326178425306
98318.25125839232,0.07215131591974908
98352.57261963296,0.04455590525321365
98386.8939808736,0.01417139980006065
98421.21534211424,-0.016945833569775505
98455.53670335488,-0.04665384220325914
98489.85806459552,-0.07297909203051332
98524.17942583616,-0.09394303375423506
98558.5007870768,-0.1079168714792223
98592.82214831744,-0.11344883625657867
98627.14350955808,-0.10942302716862656
98661.46487079872,-0.09520002512198307
98695.78623203936,-0.07092191867765413
98730.10759328,-0.03736229226407476
98764.42895452064,0.0033217967821472377
98798.75031576128,0.0477655641232553
98833.07167700192,0.09095482325972713
98867.39303824256,0.12641315834118633
98901.7143994832,0.14675346158389252
98936.03576072384,0.14496908599308553
98970.35712196448,0.11676334733524375
99004.67848320512,0.06301999812095113
99038.99984444576,-0.00812925679067271
99073.3212056864,-0.0810926161004426
99107.64256692704,-0.1382857268554975
99141.96392816768,-0.16540366010225918
99176.28528940832,-0.1570539301647868
99210.60665064896,-0.11802788589477158
99244.9280118896,-0.06036603424085987
99279.24937313024,0.0022707144980900866
99313.57073437088,0.05820907526998636
99347.89209561152,0.0999216716633311
99382.21345685216,0.12400514239019582
99416.5348180928,0.13052407521273432
99450.85617933344,0.1216162229566794
99485.17754057408,0.10057393503812506
99519.49890181472,0.07113860073307879
99553.82026305536,0.03696614390241433
99588.141624296,0.0014295144056537968
99622.46298553664,-0.03253458302078776
99656.78434677728,-0.06247887431387738
99691.10570801792,-0.08641838372407022
99725.42706925856,-0.10291055912874848
99759.7484304992,-0.11091113568604259
99794.06979173984,-0.10991548291082935
99828.39115298048,-0.09985240458596373
99862.71251422112,-0.0811367051743832
99897.03387546176,-0.054816092232801775
99931.3552367024,-0.022294485532655867
99965.67659794303,0.014005487781960792
99999.99795918367,0.051507587258863646
