0.002040816326530612,-0.11540012633649548
30.671792055962676,-0.11194957805902926
61.341543295598825,-0.10191903252477597
92.01129453523498,-0.08618127763792666
122.68104577487112,-0.06604411584422408
153.35079701450726,-0.04307887603116138
184.02054825414342,-0.018913008053732958
214.69029949377955,0.004889866494828192
245.3600507334157,0.02705208289929296
276.02980197305186,0.046578466478536175
306.699553212688,0.06275378767073504
337.3693044523242,0.07523639016581468
368.0390556919603,0.08390058242504381
398.7088069315964,0.08885387483009052
429.3785581712326,0.090344328792664
460.04830941086874,0.0887306485855076
490.71806065050487,0.0844288130915677
521.387811890141,0.07787716838257298
552.0575631297772,0.06952164294307471
582.7273143694133,0.059778561613485964
613.3970656090495,0.0490503828227514
644.0668168486857,0.03768968718396359
674.7365680883217,0.02602181511387054
736.0760705675941,0.002851739881988471
766.7458218072302,-0.00818955679960143
797.4155730468664,-0.018632217971632933
828.0853242865026,-0.02831156964564733
858.7550755261386,-0.03710236812390189
889.4248267657748,-0.04492615442215797
920.094578005411,-0.05168989590713569
950.7643292450471,-0.05733410880018402
981.4340804846832,-0.06182705021017195
1012.1038317243194,-0.06513467214424541
1042.7735829639555,-0.0672441341597655
1073.4433342035918,-0.06815708767259623
1104.1130854432279,-0.06788311884078752
1134.782836682864,-0.0664427277646387
1165.4525879225002,-0.06386891628416036
1196.1223391621363,-0.06020346156362916
1226.7920904017724,-0.055495973866596666
1257.4618416414087,-0.04980668697899757
1288.1315928810448,-0.0432130407646181
1318.8013441206808,-0.0357788155059028
1349.4710953603171,-0.027624155124801167
1380.1408465999532,-0.01882485136715869
1410.8105978395893,-0.009498686422011331
1472.1501003188616,0.010175041960391172
1502.8198515584977,0.02021849936985547
1533.489602798134,0.03020266585644915
1564.15935403777,0.03994658545836239
1594.8291052774061,0.049187489479124935
1625.4988565170424,0.05778664110235873
1656.1686077566785,0.0654518578855259
1686.8383589963146,0.07196950981726456
1717.5081102359509,0.07706091236066488
1748.177861475587,0.08047507621722391
1778.847612715223,0.08193769928148514
1809.5173639548593,0.0811960779490657
1840.1871151944954,0.07801561708697978
1870.8568664341315,0.07219825995736928
1901.5266176737678,0.06361386114062989
1932.1963689134038,0.05221679454377044
1962.86612015304,0.038060479708921444
1996.1156449716777,0.019868887839802046
2029.3651697903158,-0.0007694630679187728
2062.614694608954,-0.02303624696269215
2095.8642194275917,-0.04582905254352301
2129.1137442462295,-0.0676944230094214
2162.3632690648674,-0.08703915969290477
2195.612793883505,-0.10212885872105372
2228.862318702143,-0.11132981679383505
2262.111843520781,-0.11340078607407397
2295.3613683394187,-0.10765956645828999
2328.6108931580566,-0.09419681560992574
2361.8604179766944,-0.0739278165174932
2395.1099427953322,-0.04851153667900257
2428.35946761397,-0.020127592629189416
2461.608992432608,0.008831851367153136
2494.858517251246,0.0360911180884223
2528.1080420698845,0.05974544092808838
2561.3575668885223,0.07840194125923547
2594.60709170716,0.09135799083081401
2627.856616525798,0.09844077191194726
2661.106141344436,0.09991967012644731
2694.3556661630737,0.09641056243581828
2727.6051909817115,0.08873793939634841
2760.8547158003494,0.07780113776278466
2794.104240618987,0.06450232330006914
2827.353765437625,0.04968881787044708
2893.8528150749007,0.01843887813335169
2927.1023398935386,0.00318542332838378
2960.3518647121764,-0.011214367008564905
2993.6013895308142,-0.024418195194835946
3026.8509143494525,-0.03619551347487656
3060.100439168091,-0.04637553755363108
3093.3499639867287,-0.05483493258291493
3126.5994888053665,-0.0615274095808386
3159.8490136240043,-0.06644364762419026
3193.098538442642,-0.06959180413555037
3226.34806326128,-0.0710245860179797
3259.597588079918,-0.07081457518912268
3292.8471128985557,-0.06904815886687221
3326.0966377171935,-0.06582563916479692
3359.3461625358314,-0.06126642878692237
3392.595687354469,-0.055495384145182076
3425.845212173107,-0.04863884801877951
3459.094736991745,-0.04084630674279754
3492.3442618103827,-0.03225936690557235
3558.843311447659,-0.013310796286815856
3592.092836266297,-0.0033029630856078445
3625.342361084935,0.006862758378725684
3691.8414107222106,0.026963634170083663
3725.0909355408485,0.03646982894239778
3758.3404603594863,0.0454209794304647
3791.589985178124,0.053607865148126974
3824.839509996762,0.060769556535627864
3858.0890348154,0.06675621335975773
3891.3385596340377,0.07134669158634417
3924.5880844526755,0.07434184595049698
3957.8376092713133,0.0755451900170725
3991.087134089951,0.07477269221617219
4024.336658908589,0.07185848762453577
4057.586183727227,0.06667499971575286
4090.835708545865,0.059124167817268
4121.8818436781985,0.049902251865526125
4152.927978810532,0.03862975073840603
4183.974113942866,0.02540065492030708
4215.020249075199,0.010422652240068695
4246.066384207532,-0.005992072338729802
4277.112519339866,-0.023400723013109383
4339.204789604533,-0.05870931349370809
4370.250924736867,-0.0750015895231504
4401.2970598692,-0.08909433262721547
4432.343195001533,-0.09993098952977254
4463.389330133867,-0.10647201295108262
4494.4354652662005,-0.10778670251928095
4525.481600398534,-0.10319199934566227
4556.527735530868,-0.0924203762341908
4587.573870663201,-0.07567584167440582
4618.620005795534,-0.053738111737709676
4649.666140927868,-0.027920142272956014
4680.7122760602015,-0.00001875259112451861
4711.758411192535,0.027936004281136243
4742.804546324869,0.053902065426166365
4773.850681457202,0.07606165888507285
4804.896816589535,0.0930274952203584
4835.942951721869,0.1039610212781064
4866.9890868542025,0.10860075885938886
4898.035221986536,0.10720724213772037
4929.08135711887,0.1004492052978643
4960.127492251203,0.08925420980266291
4991.173627383536,0.07475666658440622
5022.21976251587,0.058010308282644335
5084.312032780537,0.02177751400702055
5115.358167912871,0.0040113302275840215
5146.404303045205,-0.01267837172885883
5177.450438177539,-0.027836493913075147
5208.496573309872,-0.04113390098209801
5239.5427084422045,-0.052377078340624814
5270.588843574538,-0.06144885578197478
5301.634978706872,-0.06834790054595875
5332.681113839206,-0.07308457227054442
5363.72724897154,-0.07576725304777901
5394.773384103873,-0.07649902626034158
5425.819519236205,-0.07542726843500033
5456.865654368539,-0.07271259681246554
5487.911789500873,-0.06852866742153965
5518.957924633207,-0.06303941464645539
5550.004059765541,-0.056436215988150545
5581.050194897874,-0.04889179111916767
5612.096330030206,-0.04057380528430118
5643.14246516254,-0.03167084656740913
5705.234735427208,-0.012731541969977474
5736.280870559542,-0.0030214352095142955
5767.327005691875,0.006634513017170626
5829.419275956541,0.02523396929820202
5860.465411088875,0.033892047127714084
5891.511546221209,0.041943016879078546
5922.557681353543,0.04926385083561622
5953.6038164858755,0.05572366910225181
5984.649951618208,0.061221528683967665
6015.696086750542,0.06563029614706638
6046.742221882876,0.06886377118324391
6077.78835701521,0.07081632859512281
6108.225490216341,0.07141297216594993
6138.662623417473,0.07061999097786671
6169.099756618603,0.06841065814346518
6199.536889819735,0.06472462058860491
6229.974023020866,0.059510079169386665
6260.411156221997,0.05281414099987833
6290.848289423128,0.04466036963445344
6321.28542262426,0.03504601942087177
6351.72255582539,0.024116121914343695
6382.159689026522,0.011995521104158212
6443.033955428784,-0.014994363269700547
6473.471088629915,-0.029302723536834503
6503.908221831047,-0.04365943335335675
6534.345355032177,-0.057596408652353714
6564.782488233309,-0.07056582075046995
6595.21962143444,-0.08196589184818409
6625.656754635571,-0.09112020408331918
6656.093887836702,-0.09732485504404426
6686.531021037834,-0.09989694822127308
6716.968154238964,-0.09822490957757252
6747.405287440096,-0.09180284470496429
6777.842420641227,-0.08053816494170153
6808.279553842358,-0.06419256801235243
6838.716687043489,-0.04358371058482896
6869.153820244621,-0.019422580056538484
6899.590953445751,0.006927061278635251
6930.028086646883,0.03379708866756386
6960.465219848014,0.05930005776217151
6990.902353049145,0.0815733694458854
7021.339486250276,0.09897059683831556
7051.776619451408,0.11026087585252577
7082.2137526525385,0.11479763575686149
7112.65088585367,0.11253064043620772
7143.088019054801,0.10398680245945682
7173.525152255932,0.0901624253302693
7203.962285457063,0.07233393355729513
7234.399418658195,0.051901758267408275
7295.273685060457,0.008631601008947965
7325.710818261588,-0.011887988694427414
7356.147951462719,-0.03052453876234678
7386.5850846638505,-0.046707007662241576
7417.022217864982,-0.06007559489992711
7447.4593510661125,-0.07046397105422124
7477.896484267244,-0.0778415902550102
7508.333617468375,-0.0823231079040133
7538.770750669506,-0.08408713397311827
7569.2078838706375,-0.08336898427089147
7599.645017071769,-0.08044053876265583
7630.0821502728995,-0.07559773377217767
7660.519283474031,-0.06912629552309364
7690.9564166751625,-0.06132265559756229
7721.393549876293,-0.05246336837742923
7782.267816278556,-0.032623585583850576
7812.704949479687,-0.022115134007195853
7843.142082680818,-0.011505155898521795
7904.01634908308,0.009258288992868458
7934.4534822842115,0.019086744574869235
7964.890615485343,0.028339377197026366
7995.327748686474,0.03691490260293957
8025.764881887605,0.044666783643904646
8058.7817886677385,0.05206209297741427
8091.798695447871,0.05827299472492907
8124.815602228004,0.06321598387703244
8157.832509008136,0.06680963846617147
8190.84941578827,0.06899311185959936
8223.866322568403,0.0697206303728784
8256.883229348536,0.06896021948261816
8289.900136128668,0.06670468385988448
8322.9170429088,0.06294726237332769
8355.933949688933,0.05773068072841856
8388.950856469066,0.05107630183253206
8421.9677632492,0.043076827312651285
8454.984670029335,0.0338059250523355
8488.001576809467,0.023363251582596667
8521.0184835896,0.01203340134978036
8554.035390369732,-0.00014001167641145874
8587.052297149865,-0.012926034744821248
8620.069203929997,-0.0259316270431785
8653.08611071013,-0.03889511259264774
8686.103017490264,-0.05143797739057749
8719.119924270399,-0.06311072639522766
8752.136831050531,-0.07343724694062492
8785.153737830664,-0.08189008356817569
8818.170644610796,-0.08790091343882375
8851.187551390929,-0.0908972942719211
8884.204458171062,-0.09032558870945454
8917.221364951194,-0.08569658481836565
8950.238271731327,-0.0766566631103013
8983.25517851146,-0.0630536392644419
9016.272085291592,-0.04502169328744945
9049.288992071724,-0.02306715353540218
9082.305898851859,0.0018578730471881626
9115.322805631993,0.028451593618037816
9148.339712412126,0.054806684562246355
9181.356619192258,0.07880580460601787
9214.37352597239,0.0983583653377112
9247.390432752523,0.11152566455764522
9280.407339532656,0.11691237204991783
9313.424246312788,0.11388650175171228
9346.441153092921,0.1027042209007399
9379.458059873054,0.08448635193065769
9412.474966653186,0.061006346063079364
9445.491873433319,0.03441175972913383
9478.508780213453,0.0069395007305124165
9511.525686993587,-0.019357228409227642
9544.54259377372,-0.04284460765557707
9577.559500553853,-0.06236212190401835
9610.576407333985,-0.07723291152268401
9643.593314114118,-0.08721513236681727
9676.61022089425,-0.09241422684790386
9709.627127674383,-0.09319990229346625
9742.644034454517,-0.09007977250213688
9775.660941234652,-0.08368392659405023
9808.677848014784,-0.07464818024705072
9841.694754794917,-0.06361444512338593
9874.71166157505,-0.05117725006000459
9907.728568355182,-0.037875896307679076
9940.745475135314,-0.024190130114737876
9973.762381915447,-0.010546117417217001
10006.779288695581,0.002697573030284601
10039.796195475716,0.015260254169492109
10072.813102255848,0.02688917211591447
10105.83000903598,0.037379014313732827
10138.846915816113,0.046573440031327906
10169.660432909943,0.05391385983824751
10200.47395000377,0.0599395985996414
10231.287467097598,0.06464372353574181
10262.100984191427,0.06797024236039366
10292.914501285257,0.06992963075391515
10323.728018379084,0.07051686546792973
10354.541535472912,0.06975769749194871
10385.355052566742,0.06768729714393155
10416.168569660571,0.064350296362369
10446.982086754399,0.05980974161479352
10477.795603848226,0.05413604273050388
10508.609120942056,0.047410402113052266
10539.422638035885,0.039726957813570433
10570.236155129713,0.03122542450110956
10631.86318931737,0.012123778202261126
10662.6767064112,0.001792352647442228
10693.490223505027,-0.008742040973792132
10755.117257692684,-0.029954693711451805
10785.930774786513,-0.040278509707888085
10816.74429188034,-0.050092635608165986
10847.557808974168,-0.05902806638026768
10878.371326067998,-0.06698309444762719
10909.184843161827,-0.07367621888531041
10939.998360255655,-0.07879124475247941
10970.811877349483,-0.08202442508469183
11001.625394443312,-0.08312965029985073
11032.438911537141,-0.0818314372820261
11063.252428630969,-0.07789449646603212
11094.065945724797,-0.07113325663133
11124.879462818626,-0.06143240389081877
11155.692979912455,-0.048785400759721945
11186.506497006283,-0.03332137261584136
11217.32001410011,-0.015346136276723215
11248.13353119394,0.004687724917090413
11278.94704828777,0.025967854025204982
11309.760565381597,0.04757201934914056
11340.574082475425,0.06827724834655921
11371.387599569254,0.08675548080668476
11402.201116663084,0.1015354890498927
11433.014633756911,0.11124082726680595
11463.828150850739,0.11473548358323762
11494.641667944568,0.11130148963901702
11525.455185038398,0.10078617100673734
11556.268702132225,0.08368300502304729
11587.082219226053,0.06114539000462937
11617.895736319882,0.03484405881471744
11648.709253413712,0.006777399722766678
11679.52277050754,-0.020960214573541157
11710.336287601367,-0.04646259670666582
11741.149804695197,-0.0681522830380224
11771.963321789026,-0.08497086331049088
11802.776838882854,-0.09634177618993278
11833.590355976681,-0.10217302375075814
11864.40387307051,-0.10275340474559773
11895.21739016434,-0.09865699923582974
11926.030907258168,-0.09062559320799896
11956.844424351995,-0.07948223527462626
11987.657941445825,-0.06606346215704889
12018.471458539654,-0.05116470823590335
12049.284975633484,-0.035503446409832586
12110.91200982114,-0.004278939643831713
12144.305300493972,0.011533206494344295
12177.698591166802,0.02598256430226121
12211.091881839631,0.03875245441605622
12244.48517251246,0.049679590676870194
12277.87846318529,0.05859602922182837
12311.271753858122,0.06545416634114312
12344.665044530953,0.07025336684964263
12378.058335203783,0.07301808948829275
12411.451625876613,0.07382883824991406
12444.844916549444,0.07278297305486214
12478.238207222275,0.07000238964255583
12511.631497895105,0.06562323086018695
12545.024788567935,0.059798724808431944
12578.418079240764,0.052697645385882085
12611.811369913594,0.044478332573859226
12645.204660586425,0.03534123355570156
12678.597951259257,0.02545192494428216
12711.991241932086,0.015016500981963676
12778.777823277745,-0.006708505573249718
12812.171113950575,-0.017595279613664055
12845.564404623407,-0.028201889192616923
12878.957695296238,-0.038324665886554955
12912.350985969068,-0.04775570509313439
12945.744276641897,-0.056225069256396705
12979.137567314729,-0.06356587231570267
13012.53085798756,-0.0695087386909179
13045.92414866039,-0.07385743908743544
13079.31743933322,-0.07638660364186048
13112.710730006049,-0.07688891676724116
13146.104020678878,-0.07520647989718589
13179.49731135171,-0.07113845172725794
13212.890602024541,-0.06461023957225441
13246.28389269737,-0.05554863919814075
13279.6771833702,-0.043972046662227565
13313.07047404303,-0.029993508003534685
13346.46376471586,-0.013849608570836095
13379.857055388691,0.004077366550288709
13446.643636734352,0.04283484098304586
13480.036927407182,0.061939028307910676
13513.430218080013,0.07942771721191626
13546.823508752845,0.09391852967810801
13580.216799425674,0.10409583335565188
13613.610090098504,0.10862100732373102
13647.003380771333,0.10641618292152444
13680.396671444163,0.09686283959437682
13713.789962116995,0.0799587925008814
13747.183252789826,0.056490189771260024
13780.576543462656,0.02806260653006998
13813.969834135485,-0.0030311766212405547
13847.363124808315,-0.03409918808972927
13880.756415481144,-0.062411664485237245
13914.149706153976,-0.08556459361463124
13947.542996826807,-0.1018255933888178
13980.936287499637,-0.11031082457769464
14014.329578172466,-0.11098605749885306
14047.722868845298,-0.10453432876288228
14081.11615951813,-0.09216292492305106
14114.509450190959,-0.07536279819967594
14147.902740863788,-0.055701500432837836
14181.296031536618,-0.03465182208813153
14214.689322209448,-0.01351318940908033
14248.08261288228,0.006665239018073737
14280.866901623907,0.024738477982860125
14313.651190365534,0.04058336716056614
14346.435479107162,0.05385381911830579
14379.21976784879,0.06436778339022389
14412.004056590418,0.07208241621015407
14444.788345332046,0.0770457315211739
14477.572634073675,0.0793829360536418
14510.356922815303,0.07928852704025467
14543.141211556931,0.07697133989831234
14575.92550029856,0.07266823843090868
14608.709789040187,0.06664102315835452
14641.494077781816,0.05914521540224871
14674.278366523444,0.050431420520843456
14707.062655265072,0.040777329340224766
14772.631232748327,0.01955272885464643
14805.415521489955,0.008462268143701462
14838.199810231581,-0.0026285633028649037
14870.98409897321,-0.013542076593674464
14903.768387714837,-0.024048020914047254
14936.552676456466,-0.033974667295869315
14969.336965198094,-0.043129806569410234
15002.121253939722,-0.05134504851426362
15034.90554268135,-0.058459405689123625
15067.689831422978,-0.06432372984584639
15100.474120164607,-0.06879554745759538
15133.258408906235,-0.07175585306233122
15166.042697647863,-0.07308685088883159
15198.826986389491,-0.07269783677217007
15231.61127513112,-0.07051888434370389
15264.395563872746,-0.06649010980603105
15297.179852614374,-0.0605785395366621
15329.964141356002,-0.05286687311480352
15362.748430097628,-0.04331910729749859
15395.532718839257,-0.03201175921136158
15428.317007580885,-0.019229079167230524
15461.101296322513,-0.005104410988904892
15493.885585064141,0.010047842267082307
15559.454162547398,0.04172990536860349
15592.238451289026,0.05718872039262269
15625.022740030654,0.07146769391700271
15657.807028772282,0.08381555516784475
15690.59131751391,0.0933305562407742
15723.375606255539,0.09912186732383894
15756.159894997167,0.1003239212201792
15788.944183738793,0.09619366162338037
15821.728472480421,0.08625433470238653
15854.51276122205,0.07039408019108305
15887.297049963676,0.04901407146833789
15920.081338705304,0.023002910280178184
15952.865627446932,-0.005961309657902531
15985.64991618856,-0.03572886619317531
16018.434204930189,-0.06384166881295648
16051.218493671817,-0.08782252905290426
16084.002782413445,-0.10551029420063644
16116.787071155073,-0.1153540863382244
16149.571359896701,-0.11669308496282846
16182.35564863833,-0.10977233870585634
16215.139937379958,-0.09563356497968055
16247.924226121586,-0.07590137968068722
16280.708514863214,-0.05251432475291493
16346.277092346469,-0.002664137534325435
16376.857991401794,0.01910493976460349
16407.438890457117,0.038562494568997116
16438.01978951244,0.05506901233191017
16468.600688567763,0.0682382324683119
16499.181587623087,0.07794818367821583
16529.76248667841,0.08424334795380455
16560.343385733733,0.08728032259586951
16590.924284789056,0.08731597208091321
16621.50518384438,0.08467320868201475
16652.086082899703,0.07970548302339603
16682.666981955026,0.07277214149821756
16713.24788101035,0.06424254077801475
16743.828780065673,0.05447255684449939
16774.409679120996,0.04377346486796748
16835.571477231646,0.02086736040462602
16866.15237628697,0.009198832923035385
16896.733275342296,-0.002293948886744562
16927.31417439762,-0.0134057869152507
16957.895073452943,-0.023928399604905438
16988.475972508266,-0.03373084104993281
17019.05687156359,-0.042630439017365476
17049.637770618912,-0.050526746433319975
17080.218669674236,-0.05730016283458764
17110.79956872956,-0.06286196181003474
17141.380467784882,-0.06714025288265231
17171.961366840205,-0.07007286310519555
17202.54226589553,-0.07161887825745065
17233.12316495085,-0.07174892042507518
17263.704064006175,-0.07044954839204429
17294.2849630615,-0.06772583441821282
17324.86586211682,-0.06359073504407069
17355.446761172145,-0.058095116117239845
17386.027660227468,-0.05126838465921761
17416.60855928279,-0.0432121907198696
17447.189458338114,-0.03404993202389164
17477.770357393438,-0.023835282731857074
17508.35125644876,-0.01270432667543301
17569.51305455941,0.011331634260445471
17600.093953614734,0.02384366311471669
17630.67485267006,0.03636479078442473
17661.255751725384,0.048495108140989965
17691.836650780708,0.05991719405093589
17722.41754983603,0.07026188564558673
17752.998448891354,0.0790611233730635
17783.579347946677,0.08588806882058905
17814.160247002,0.0902684433927978
17844.741146057324,0.09174008484501898
17875.322045112647,0.0898737459446963
17905.90294416797,0.08430885312306578
17936.483843223294,0.07480737577351988
17967.064742278617,0.06129337344043838
17997.64564133394,0.04393018472667392
18028.226540389263,0.02303510182324801
18058.807439444587,-0.0004748485347788496
18089.38833849991,-0.025317159933937967
18119.969237555233,-0.05045744158765787
18150.550136610556,-0.07392390734943854
18181.13103566588,-0.09396015657464017
18211.711934721203,-0.10884713092877914
18242.292833776526,-0.11716116619177967
18272.873732831853,-0.1180292667945798
18303.454631887176,-0.11123464315791204
18336.615304521503,-0.0958169699141553
18369.775977155827,-0.07352687366323198
18402.936649790154,-0.046554142286619644
18436.09732242448,-0.017405134007600784
18469.257995058804,0.01145571535724442
18502.41866769313,0.03789876867339001
18535.57934032746,0.06027518260509708
18568.74001296178,0.07766385895246672
18601.900685596105,0.08950910806009967
18635.061358230432,0.09583449844992578
18668.22203086476,0.09700311970762993
18701.382703499083,0.09361344317311623
18734.543376133406,0.08640186668983463
18767.704048767733,0.07614877483508414
18800.86472140206,0.06363559809181112
18834.025394036384,0.049599062855023864
18867.186066670707,0.034699109272938275
18900.346739305034,0.019523147677591446
18933.50741193936,0.0045683365233157025
18966.668084573685,-0.009753742748690048
18999.828757208008,-0.023095796713124353
19032.989429842335,-0.03516593799773666
19066.150102476662,-0.045792744601317985
19099.310775110986,-0.054786389528197935
19132.47144774531,-0.062045029729979606
19165.632120379636,-0.0675116427106946
19198.792793013963,-0.0711386679326227
19231.953465648287,-0.07293403508339086
19265.11413828261,-0.07292135514132395
19298.274810916937,-0.07115191841064258
19331.435483551264,-0.06769821288214886
19364.596156185587,-0.06265516639760108
19397.75682881991,-0.05613968415670172
19430.917501454238,-0.04827708554300403
19464.078174088565,-0.039225185351622546
19497.23884672289,-0.02913666995701593
19530.399519357212,-0.018231167671834414
19563.56019199154,-0.006689275416911497
19629.88153726019,0.017372479362654233
19663.042209894513,0.02937066649665756
19696.20288252884,0.04100890085866771
19729.363555163167,0.05188004577111316
19762.52422779749,0.06175002550846687
19795.684900431814,0.07026527947244354
19828.84557306614,0.07700238298547511
19862.006245700468,0.08166697925541896
19895.16691833479,0.08387005685825687
19928.327590969115,0.08327097244321988
19961.48826360344,0.07956587230245626
19994.64893623777,0.07251391346174299
20027.809608872092,0.06199144561585776
20060.970281506416,0.047955858323991046
20094.130954140743,0.030646336780636538
20127.29162677507,0.010426579761679933
20160.452299409393,-0.011973728778103196
20193.612972043717,-0.035419471286008884
20226.773644678044,-0.05882304365214106
20259.93431731237,-0.0802962414082968
20293.094989946694,-0.09805836895418205
20326.25566258102,-0.11038688392233575
20359.41633521535,-0.11554682838915012
20392.57700784967,-0.1124859154707363
20425.737680484,-0.10081197396344825
20456.69496343202,-0.08265792633277404
20487.652246380043,-0.05873329845555243
20518.609529328063,-0.03082206316153158
20549.566812276084,-0.0011781492827415418
20580.524095224104,0.02788148969654715
20611.481378172124,0.05426712329114977
20642.438661120144,0.07626111019932036
20673.395944068165,0.09258990886067071
20704.353227016185,0.10275753085104514
20735.310509964205,0.10674874579273153
20766.26779291223,0.10498154613872689
20797.22507586025,0.09819842030250531
20828.18235880827,0.08733264002582261
20859.139641756294,0.07339687993933
20890.096924704314,0.05741345337209858
20921.054207652334,0.04020716799850063
20952.011490600355,0.022723625765896045
20982.968773548375,0.005552275531447284
21013.9260564964,-0.010740481523314175
21044.88333944442,-0.025694323962331372
21075.84062239244,-0.03900744454362065
21106.797905340463,-0.050458110864485574
21137.755188288484,-0.05989456606513147
21168.712471236504,-0.06726131692027838
21199.669754184524,-0.0725409709239908
21230.627037132545,-0.07575853036121495
21261.584320080565,-0.07700142755519487
21292.541603028585,-0.07635473029303072
21323.498885976605,-0.07394272016517335
21354.456168924626,-0.06991308802639036
21385.41345187265,-0.06440414289361174
21416.37073482067,-0.05759858631586283
21447.32801776869,-0.04964719699320674
21478.285300716714,-0.0407492129441831
21540.199866612755,-0.020806958125195753
21571.157149560775,-0.010138424525861531
21602.114432508795,0.0007359898853641208
21664.028998404836,0.022310914585219395
21694.986281352856,0.03263481857360583
21725.943564300876,0.042378787687398625
21756.9008472489,0.05134356722323687
21787.85813019692,0.0593532905790686
21818.81541314494,0.0661724943238668
21849.772696092965,0.07164800707403607
21880.729979040985,0.07558730402130981
21911.687261989005,0.07779610888306163
21942.644544937026,0.07814104058117029
21973.601827885046,0.07644773634145019
22004.55911083307,0.0726401092113708
22035.51639378109,0.06660890991084806
22066.47367672911,0.05829687160580778
22097.430959677135,0.04777966820550406
22128.388242625155,0.03509289215068932
22159.345525573175,0.020442649349619167
22190.302808521195,0.004119408113223401
22221.260091469216,-0.0134994370641487
22252.217374417236,-0.0318286832426137
22283.174657365256,-0.050217369784095744
22314.131940313277,-0.06772667483102834
22345.089223261297,-0.08352217811600167
22376.04650620932,-0.09637465454459943
22407.00378915734,-0.10523442292036703
22437.352070174158,-0.10901402176423322
22467.70035119098,-0.10707028536044214
22498.048632207796,-0.0988949778484689
22528.396913224613,-0.08445047795239655
22558.745194241434,-0.0640277691957439
22589.09347525825,-0.038830850413126373
22619.441756275068,-0.01042083369296307
22649.79003729189,0.019249417718236968
22680.13831830871,0.04784773608749955
22710.486599325526,0.07322684189795912
22740.834880342343,0.09353237364118652
22771.183161359164,0.10738843640231038
22801.531442375985,0.11417771873729257
22831.8797233928,0.1139038445346803
22862.22800440962,0.10711998067932903
22892.57628542644,0.0948496562375386
22922.92456644326,0.07836254672931661
22953.272847460077,0.05902867017286588
22983.621128476894,0.03819372117036085
23013.969409493715,0.017098891084946506
23044.317690510536,-0.0032958646718884987
23074.665971527353,-0.022178215797125436
23105.01425254417,-0.038971844980125944
23135.36253356099,-0.0532438032105115
23165.71081457781,-0.06479322132713838
23196.059095594628,-0.07351568942667737
23226.407376611445,-0.07943343761074251
23256.755657628266,-0.0826585843793533
23287.103938645083,-0.08334776243569834
23317.4522196619,-0.08171189969183458
23347.80050067872,-0.07798780684839722
23378.148781695538,-0.07243356297863018
23408.497062712355,-0.06530219735172257
23438.845343729176,-0.05686339518290768
23469.193624745993,-0.04737030694014198
23499.54190576281,-0.03708762604726526
23529.89018677963,-0.026237242903611256
23560.238467796447,-0.015083862811595052
23620.935029830085,0.007330743517976044
23651.283310846906,0.018186167911684436
23681.631591863723,0.028521248785657857
23711.97987288054,0.03820576484594065
23742.32815389736,0.04704840326354229
23772.67643491418,0.054896718168210165
23803.024715931,0.061624496544600775
23833.372996947815,0.06709955220586718
23863.721277964636,0.07119867906977055
23894.069558981457,0.07383651029703688
23924.417839998274,0.0749161518221689
23954.76612101509,0.07437618836609823
23985.11440203191,0.07215105417275688
24015.462683048732,0.06824034253601294
24045.81096406555,0.06260888599346903
24076.159245082366,0.05528826037438172
24106.507526099187,0.046357527581379836
24136.855807116008,0.035851431184333524
24167.204088132825,0.023985428775113813
24197.552369149642,0.010885603204864478
24227.900650166463,-0.003213119951190238
24258.24893118328,-0.01793621811979018
24288.597212200097,-0.032985735250187116
24318.945493216917,-0.047880961532963916
24349.293774233734,-0.06209809651369417
24382.221828829555,-0.0760670107978433
24415.149883425373,-0.08769375133664888
24448.077938021193,-0.0960750222270737
24481.005992617014,-0.10029500233931478
24513.934047212835,-0.09950557443086878
24546.862101808656,-0.0930268297907556
24579.790156404477,-0.08048460865605611
24612.718211000298,-0.061920331712302705
24645.64626559612,-0.03788077582077507
24678.57432019194,-0.009805614674183366
24711.502374787757,0.02061814603528829
24744.430429383578,0.05087455947176639
24777.3584839794,0.07819655505788785
24810.286538575216,0.10008565569220643
24843.214593171037,0.11434054058379543
24876.142647766857,0.11965896265167766
24909.07070236268,0.11572806558404045
24941.9987569585,0.1032546876169924
24974.92681155432,0.08377470146660798
25007.85486615014,0.05939784744397126
25040.78292074596,0.03252461342517346
25073.710975341783,0.005267805494805303
25106.6390299376,-0.020484091055500607
25139.56708453342,-0.04326097655699118
25172.49513912924,-0.062058018518842274
25205.42319372506,-0.07630784774446167
25238.35124832088,-0.08589386731246695
25271.2793029167,-0.09094533846686977
25304.20735751252,-0.09175368672823198
25337.135412108342,-0.08882060779656534
25370.063466704163,-0.08267632133311037
25402.991521299984,-0.07390486396382005
25435.919575895805,-0.06308099917942936
25468.847630491626,-0.05074489460556034
25534.703739683267,-0.02358078015137917
25567.63179427909,-0.00963618042180715
25600.55984887491,0.004039351308920998
25633.487903470726,0.017100870438442634
25666.415958066547,0.029293772131837585
25699.34401266237,0.040351362279936874
25732.272067258185,0.05009476211262377
25765.200121854006,0.05834031916820553
25798.128176449827,0.06496656352730813
25831.056231045648,0.06986492004911857
25863.98428564147,0.07296548743234214
25896.91234023729,0.0742214097411633
25929.84039483311,0.07361604922660801
25962.76844942893,0.07115692173612723
25995.696504024752,0.06687556813295824
26028.624558620573,0.06084859660260635
26061.552613216394,0.053137210117312914
26094.480667812215,0.043913130506897366
26127.408722408036,0.03327518747312989
26160.336777003853,0.02144986118738477
26193.264831599674,0.008651430270685306
26226.192886195495,-0.004880445617707698
26259.120940791312,-0.018757834394232453
26292.048995387133,-0.032722980001567474
26324.977049982954,-0.046278054284773565
26357.905104578775,-0.059030563538598875
26390.833159174595,-0.07046046637187507
26423.761213770416,-0.08000789694591434
26456.689268366237,-0.08712829822793138
26487.413933275755,-0.09105334522049165
26518.13859818527,-0.09188722996675977
26548.863263094783,-0.08921028643227173
26579.5879280043,-0.08268672970308637
26610.31259291382,-0.0721040568119567
26641.037257823333,-0.05743678921492357
26671.761922732847,-0.03890202416042696
26702.486587642365,-0.017019460079870888
26733.211252551882,0.00730601375482605
26763.935917461396,0.03299611641334349
26794.66058237091,0.05828429900794532
26825.38524728043,0.08141096397375472
26856.109912189946,0.10056404727623332
26886.83457709946,0.11380724506771212
26917.559242008974,0.11982799285835666
26948.283906918492,0.11777181567629924
26979.00857182801,0.10758537686580077
27009.733236737524,0.09001773272442025
27040.457901647038,0.06654320275649142
27071.182566556556,0.039221296461471454
27101.907231466073,0.010256162054288611
27132.631896375588,-0.018161578051965558
27163.3565612851,-0.04410118418713269
27194.08122619462,-0.06600962354235283
27224.805891104137,-0.08293541391016482
27255.53055601365,-0.09445515599393307
27286.255220923165,-0.10052566876716382
27316.979885832683,-0.10145474790556588
27347.7045507422,-0.09780360563787051
27378.429215651715,-0.09028940166964301
27409.15388056123,-0.07966266005738681
27439.878545470747,-0.06671299138191171
27470.603210380264,-0.0521961603665033
27501.32787528978,-0.03677464497358062
27532.052540199293,-0.021039640556780828
27562.77720510881,-0.005535949537648344
27593.50187001833,0.009315099231846227
27624.226534927842,0.023182240290695152
27654.951199837356,0.03575726209643764
27685.675864746874,0.046828550558723266
27716.400529656392,0.056255155298096465
27747.125194565906,0.06389402758915765
27777.84985947542,0.06973603018847076
27808.574524384938,0.07369768154194639
27839.299189294456,0.07581479022749295
27870.02385420397,0.0761132210274814
27900.748519113484,0.07465681861385527
27931.473184023,0.07151825080960318
27962.19784893252,0.06680923062114323
27992.922513842033,0.060631628142191175
28023.647178751547,0.053137050094369864
28054.371843661065,0.04445667324191707
28085.096508570583,0.03475742597441413
28115.821173480097,0.02424102094867319
28177.27050329913,0.0014585438829293603
28207.995168208647,-0.010372324428663838
28238.71983311816,-0.022216496679385897
28269.444498027675,-0.03376155281082289
28300.169162937193,-0.04479864582925221
28330.89382784671,-0.05507801257740645
28361.618492756228,-0.06425472584760221
28392.343157665746,-0.07208787093945516
28423.06782257526,-0.07828162684929164
28456.372261063778,-0.08276478342671434
28489.676699552292,-0.08462167656694754
28522.98113804081,-0.08348915147942049
28556.285576529328,-0.07910330682721972
28589.590015017846,-0.07123762731470273
28622.894453506364,-0.05979620778898241
28656.19889199488,-0.04485934549300716
28689.5033304834,-0.0265990831932829
28722.807768971918,-0.005605238471736641
28756.112207460435,0.017398945373780783
28789.416645948953,0.04129062465973741
28822.72108443747,0.06451389999291515
28856.02552292599,0.08558020193890352
28889.329961414507,0.10235462182476894
28922.634399903025,0.11305672577226918
28955.938838391543,0.11607389858715904
28989.24327688006,0.11033389638243732
29022.54771536858,0.09559268865080287
29055.852153857097,0.07269092592327281
29089.156592345615,0.043474510014652995
29122.461030834133,0.010584669274485078
29155.76546932265,-0.02288254588082441
29189.06990781117,-0.053734734267157504
29222.374346299686,-0.07936918801358384
29255.678784788204,-0.09794728921478707
29288.983223276722,-0.10852895867713627
29322.28766176524,-0.11105825235900955
29355.592100253758,-0.1062242790644328
29388.896538742276,-0.0952368623051079
29422.200977230794,-0.079543155551537
29455.50541571931,-0.0606699031618054
29488.80985420783,-0.04007319558099802
29522.114292696348,-0.019067642861829166
29555.418731184865,0.001396255084464535
29588.723169673383,0.020270418461699843
29622.0276081619,0.037105409695643826
29655.33204665042,0.05144573564042583
29688.636485138937,0.06299727123578847
29721.940923627455,0.0716567589085607
29755.245362115973,0.07742463588141885
29788.54980060449,0.08036510100752428
29821.85423909301,0.08062089806839579
29855.158677581527,0.07838511962431184
29888.463116070045,0.07389517621177483
29921.767554558563,0.06736914123816765
29955.07199304708,0.059115222186722306
29988.376431535595,0.049399636358309004
30021.680870024113,0.03850766404900325
30054.98530851263,0.026740062120536395
30088.289747001145,0.014371410686708448
30154.89862397818,-0.01094260723066256
30188.2030624667,-0.0233088614260853
30221.507500955217,-0.03512091954474561
30254.811939443734,-0.046069753019096646
30288.116377932252,-0.055907930688325634
30321.42081642077,-0.06435022863845183
30354.72525490929,-0.07114781260411077
30388.029693397806,-0.07607315794413451
30421.334131886324,-0.0788734529022256
30454.638570374842,-0.07938256313492642
30487.94300886336,-0.07740870344404521
30521.247447351878,-0.07284444351173099
30554.551885840396,-0.0655934220352428
30587.24732239771,-0.05586911804608323
30619.942758955025,-0.04364078785713804
30652.638195512343,-0.02904528664016476
30685.333632069658,-0.012422060350777427
30718.029068626973,0.005838870279193517
30750.72450518429,0.02515419057952655
30783.419941741606,0.04475598939604774
30816.11537829892,0.0636842058987829
30848.810814856235,0.08084134881078162
30881.50625141355,0.09497072565345233
30914.201687970864,0.1047532801348311
30946.89712452818,0.10891728914962101
30979.592561085494,0.10639018331856288
31012.28799764281,0.09649871630818292
31044.983434200127,0.07915381768966981
31077.67887075744,0.054919573848963676
31110.374307314756,0.025454676866590076
31143.069743872074,-0.007048491336338945
31175.76518042939,-0.03978507999791132
31208.460616986704,-0.06969377377995296
31241.15605354402,-0.09396935267063442
31273.851490101333,-0.11048666160728203
31306.546926658648,-0.11806198515160675
31339.242363215963,-0.1165382028599176
31371.937799773277,-0.1066935173245891
31404.633236330592,-0.09010206586743882
31437.32867288791,-0.06863158148285044
31470.024109445225,-0.04429684142383159
31502.71954600254,-0.019039162467961727
31535.414982559858,0.005387929322009988
31568.110419117173,0.027783717556070536
31600.805855674487,0.047198524554382476
31633.501292231802,0.06302556889212085
31666.196728789117,0.07496622491696528
31698.892165346435,0.08296675364327448
31731.58760190375,0.0871555752106332
31764.283038461064,0.08778442752346174
31796.978475018383,0.08520206153754653
31829.673911575697,0.07980699629260458
31862.369348133012,0.07202620602497103
31895.064784690327,0.06228649269450863
31927.76022124764,0.051034745099020035
31960.45565780496,0.03867642599178299
31993.151094362274,0.025607148048518893
32025.84653091959,0.012194032010769396
32058.541967476907,-0.0011736257348529885
32123.932840591537,-0.026653149735256128
32156.62827714885,-0.038197687760054534
32189.323713706166,-0.04858560511146349
32222.019150263484,-0.05761425406776064
32254.7145868208,-0.06509698295860078
32287.410023378114,-0.07085628301221024
32320.105459935432,-0.07476303693145528
32352.800896492747,-0.07669373777923436
32385.49633305006,-0.07656725081637003
32418.191769607376,-0.0743297755789364
32450.88720616469,-0.06996407618939067
32483.582642722005,-0.06345722382020706
32516.27807927932,-0.054926068502453754
32548.973515836635,-0.04444506595283378
32581.66895239395,-0.03213515559722015
32614.364388951268,-0.018322314351981075
32647.059825508582,-0.003194140158465548
32677.55187237959,0.011698735436337801
32708.043919250602,0.027003955144826855
32738.535966121613,0.04229870453027109
32769.028012992625,0.05701827340017797
32799.52005986364,0.07062211170734875
32830.01210673465,0.08246187452494128
32860.50415360566,0.09182862694418453
32890.99620047667,0.09801392132642615
32921.48824734768,0.10032044017314884
32951.980294218694,0.09811699681594804
32982.472341089706,0.09091123487159952
33012.96438796072,0.07844939754838873
33043.45643483173,0.06079735474689537
33073.94848170274,0.03844043733434005
33104.440528573745,0.012370561604102437
33134.93257544476,-0.016038145452403046
33165.42462231577,-0.04483858360588832
33195.91666918677,-0.0718352979056991
33226.408716057784,-0.09477045188146604
33256.900762928795,-0.11160219770248925
33287.39280979981,-0.12074869250155407
33317.88485667082,-0.12139648042212405
33348.37690354183,-0.11357915651070445
33378.86895041284,-0.09815282805890577
33409.36099728385,-0.0766501372017623
33439.853044154865,-0.051068860507520575
33470.345091025876,-0.023596308671924582
33500.83713789689,0.0037927225748392995
33531.3291847679,0.02934708533153723
33561.82123163891,0.0517403701978079
33592.31327850992,0.06993417764040274
33622.805325380934,0.08352710041678124
33653.297372251945,0.09236242763034314
33683.78941912296,0.0965704059112791
33714.28146599397,0.09650023032604069
33744.77351286498,0.09264543523163922
33775.26555973599,0.08557062999386536
33805.757606607,0.0758812218767002
33836.24965347801,0.0641682145248566
33866.74170034902,0.05099954072301399
33897.23374722003,0.036923332942517206
33927.725794091035,0.022422212922560816
33958.21784096205,0.007913643569364533
33988.70988783306,-0.006215790726635929
34019.20193470407,-0.019624593809019843
34049.69398157508,-0.03207464395982299
34080.18602844609,-0.04327263978582177
34110.678075317104,-0.0531052556068384
34141.170122188116,-0.06135520645781731
34171.66216905913,-0.06794478254813147
34202.15421593014,-0.07277521582609993
34232.64626280115,-0.0757989089962173
34263.13830967216,-0.07699270294737881
34293.63035654317,-0.07635790263560154
34324.122403414185,-0.07392126546963644
34354.6144502852,-0.06973402269217753
34385.10649715621,-0.06388128006940572
34415.59854402722,-0.056452778661929534
34446.09059089823,-0.04757522731980756
34476.58263776924,-0.037423351522034305
34507.074684640254,-0.02613448981030584
34537.566731511266,-0.013953502723953749
34598.55082525328,0.01220697263881049
34631.62264570329,0.026698342795597685
34664.694466153305,0.04095266517960075
34697.76628660332,0.05442124087184727
34730.838107053336,0.06665461279103914
34763.90992750335,0.0770956373592765
34796.98174795336,0.08516108412997841
34830.05356840337,0.09029861411574312
34863.12538885338,0.09192639107864956
34896.1972093034,0.08955487877080336
34929.26902975341,0.0827374487767289
34962.34085020343,0.07123854872727668
34995.41267065344,0.05509647742367153
35028.484491103445,0.034469251970791606
35061.55631155346,0.010144598159711485
35094.628132003476,-0.016733184019345402
35127.69995245349,-0.04450810311931832
35160.77177290351,-0.07109581573722827
35193.843593353515,-0.09412395133021369
35226.91541380352,-0.1112674860299929
35259.98723425354,-0.12028121317399859
35293.05905470355,-0.11972979015096838
35326.13087515357,-0.10919893143379691
35359.202695603584,-0.08937543596396624
35392.27451605359,-0.06214813222647935
35425.3463365036,-0.030199451175658844
35458.418156953616,0.0032982437451512837
35491.48997740363,0.03526674544191105
35524.56179785365,0.06296421732379245
35557.63361830366,0.08455208777043442
35590.70543875367,0.09902149769796761
35623.77725920368,0.10610271326571005
35656.84907965369,0.1061843506494787
35689.92090010371,0.10012999284423489
35722.99272055372,0.08906649741294555
35756.064541003725,0.07422563381712073
35789.13636145374,0.05683864211027022
35822.208181903756,0.03803931357323512
35855.28000235377,0.018849809770340002
35888.35182280379,0.00009468497568478583
35921.423643253795,-0.01753407664868408
35954.4954637038,-0.033508198319296564
35987.56728415382,-0.04743164327668045
36020.63910460383,-0.05900081324938475
36053.71092505385,-0.06810735493904463
36086.782745503864,-0.07460806107257201
36119.85456595387,-0.07851311265574094
36152.92638640388,-0.0798704437403127
36185.998206853896,-0.07877577967651289
36219.07002730391,-0.07537062481124449
36252.14184775392,-0.06983390113645419
36285.21366820393,-0.062360793173755036
36318.28548865394,-0.05318991253879536
36351.35730910396,-0.042566010550369245
36384.42912955397,-0.030766029375617072
36450.572770454,-0.004788745081496139
36483.644590904005,0.008776800391604465
36516.71641135402,0.02224589884074548
36549.788231804036,0.03533182641726038
36582.86005225405,0.047638622222696735
36615.931872704066,0.05880785070831121
36649.003693154074,0.06849645510113224
36682.07551360408,0.0762736069730422
36715.1473340541,0.08183181666949765
36746.01576481781,0.08467672394871763
36776.884195581515,0.08500474872678639
36807.752626345224,0.08257873066901808
36838.62105710893,0.07721184138046888
36869.48948787264,0.0688107844641061
36900.35791863635,0.05733022356170839
36931.22634940006,0.04286620642399483
36962.09478016377,0.025668499262904643
36992.963210927475,0.006206997934356591
37023.831641691184,-0.015054595835237751
37054.70007245489,-0.03704993100863556
37085.5685032186,-0.058881530372161345
37116.43693398231,-0.07905993583294994
37147.30536474602,-0.09628439461451144
37178.17379550973,-0.10888925461356969
37209.042226273436,-0.11552585517948366
37239.910657037144,-0.11491794856232579
37270.77908780085,-0.10648492635249311
37301.64751856456,-0.09014541952687391
37332.51594932827,-0.06671378425742015
37363.38438009198,-0.03781045995322981
37394.25281085569,-0.0057090865444606445
37425.121241619396,0.026865762486440795
37455.989672383104,0.05714264756260351
37486.85810314681,0.08265562469745621
37517.72653391052,0.10153182480481215
37548.59496467423,0.11273348957360188
37579.46339543794,0.11600472959536097
37610.33182620165,0.11180617345858732
37641.200256965356,0.10117993442993324
37672.06868772906,0.08547410340363265
37702.937118492766,0.06619191910125387
37733.805549256474,0.0448234186666585
37764.673980020176,0.022804319723192683
37795.542410783884,0.0012065882197710657
37826.41084154759,-0.019018485534791817
37857.2792723113,-0.037102439335376644
37888.14770307501,-0.05260732221794501
37919.01613383872,-0.06521681506072927
37949.88456460243,-0.07476488513416031
37980.752995366136,-0.08123373807434196
38011.621426129845,-0.08470967216248736
38042.48985689355,-0.08533599819123719
38073.35828765726,-0.08332420156288915
38104.22671842097,-0.0789229890665479
38135.09514918468,-0.07242366629931944
38165.96357994839,-0.06408533980509085
38196.832010712096,-0.05424960891406538
38227.700441475805,-0.04319641455250276
38258.56887223951,-0.03124888325748939
38320.30573376693,-0.0058517109739838775
38351.17416453064,0.007005465079502851
38382.04259529435,0.019599499719836107
38412.91102605806,0.0316575466919061
38443.779456821765,0.04290131426434342
38474.647887585474,0.053104215192737086
38505.51631834918,0.06203117704013946
38536.38474911289,0.06944334353896807
38567.2531798766,0.07515071581439159
38598.12161064031,0.07897386298756817
38628.99004140402,0.08072893171977247
38659.858472167725,0.08030371051186351
38690.726902931434,0.07758443295494669
38724.175107274146,0.07194054209723473
38757.62331161686,0.0635585051928843
38791.07151595957,0.052418243847113924
38824.519720302276,0.0386569600757012
38857.96792464498,0.02262930030643172
38891.416128987694,0.00464190118546217
38958.31253767312,-0.03472537003211508
38991.76074201583,-0.05449593397111809
39025.208946358536,-0.0729476082031219
39058.65715070124,-0.08882152696745349
39092.105355043954,-0.10076585020120878
39125.553559386666,-0.10741643619998142
39159.00176372938,-0.10752061874620751
39192.44996807209,-0.10013697201896239
39225.898172414796,-0.08484504570657893
39259.3463767575,-0.06196597384666602
39292.794581100214,-0.03279094019034991
39326.242785442926,0.0007576446850681828
39359.69098978564,0.03541946812429777
39393.13919412835,0.06790837617628254
39426.587398471056,0.09485978778338944
39460.03560281376,0.11342891999646444
39493.48380715647,0.1218698675364906
39526.932011499186,0.11972536033488132
39560.3802158419,0.10780144724847461
39593.82842018461,0.08791105178134312
39627.276624527316,0.06248859220614686
39660.72482887002,0.03417522321512888
39694.17303321273,0.0054610165851224236
39727.621237555446,-0.02152744046627632
39761.06944189816,-0.045215264125131896
39794.51764624087,-0.06458237861575926
39827.96585058358,-0.07905249597557462
39861.414054926296,-0.08845097269527138
39894.862259269,-0.09292440416937403
39928.310463611706,-0.09284884653286501
39961.75866795442,-0.08873872708062852
39995.20687229713,-0.08119419764625706
40028.65507663984,-0.07084178666420818
40062.103280982556,-0.05833810254464866
40095.55148532526,-0.04427599459316246
40162.44789401068,-0.013824539419830788
40195.89609835339,0.0015327700662893387
40229.3443026961,0.016387759047322342
40262.792507038816,0.030323393038348627
40296.24071138152,0.0430114501204909
40329.688915724226,0.054139989828361226
40363.13712006694,0.0634616717657103
40396.58532440965,0.0707614667650669
40430.03352875236,0.07587138891720298
40463.481733095075,0.07866403298477395
40496.92993743778,0.07905549481902445
40530.378141780486,0.07700494762202134
40563.8263461232,0.07250757732557919
40597.27455046591,0.06564168535764575
40630.72275480862,0.056474625891143646
40664.170959151335,0.04518367905100564
40697.61916349404,0.03202819858477144
40731.067367836746,0.01722069516178268
40764.51557217946,0.0011907496315522858
40831.41198086488,-0.03269072104846649
40864.25118327639,-0.049083260222192976
40897.0903856879,-0.06443635964484064
40929.9295880994,-0.07800587879224245
40962.76879051091,-0.08894093233413372
40995.60799292242,-0.09640917111767043
41028.44719533392,-0.09956928761311229
41061.28639774543,-0.09765014987266193
41094.12560015694,-0.09001129088893363
41126.96480256845,-0.07640245657175851
41159.80400497996,-0.05681480014526347
41192.64320739147,-0.03190291207990406
41225.48240980298,-0.002977340562021964
41258.32161221449,0.028286336072113533
41291.160814626,0.059003199536696756
41324.0000170375,0.08678552863701942
41356.83921944901,0.10836510201892029
41389.67842186052,0.12287892440982015
41422.51762427202,0.12409488674434241
41455.35682668353,0.11615916873684357
41488.19602909504,0.09837968937103787
41521.03523150655,0.07272310118013167
41553.874433918056,0.04195360863400158
41586.713636329565,0.009391659897423113
41619.552838741074,-0.022272859535613462
41652.39204115258,-0.05040328805356101
41685.23124356409,-0.07326351851094352
41718.070445975594,-0.08980128957696258
41750.9096483871,-0.09967463666018511
41783.74885079861,-0.10306641905976008
41816.588053210115,-0.10061669243368404
41849.427255621624,-0.09315882059345391
41882.26645803313,-0.08167804336751383
41915.10566044464,-0.06720704865776811
41947.94486285615,-0.05070588660180271
42013.62326767916,-0.015134059784109234
42046.46247009067,0.0024472881185925617
42079.30167250217,0.019069025960046497
42112.14087491368,0.034275700712798673
42144.98007732519,0.04768387317201396
42177.8192797367,0.05900084605743427
42210.65848214821,0.06803875475145213
42243.49768455972,0.07463784420233271
42276.33688697123,0.07874934509855916
42309.17608938274,0.08034054572629812
42342.01529179425,0.07944978919757624
42374.85449420575,0.07615748677600108
42407.69369661726,0.07058511977627051
42440.53289902877,0.06289171141938328
42473.37210144027,0.05328075693890189
42506.21130385178,0.04197559793705161
42539.05050626329,0.029271920130797956
42571.8897086748,0.015453220180647789
42604.728911086306,0.0008415970613859622
42670.407315909324,-0.02903356866656135
42703.24651832083,-0.04350899584415066
42736.08572073234,-0.05696528737304011
42768.924923143844,-0.06898849999439735
42801.76412555535,-0.0789915502933866
42834.60332796686,-0.0864231660256013
42867.442530378365,-0.09078061877113275
42900.281732789874,-0.0915277043995831
42933.12093520138,-0.0882310695292451
42963.756747926585,-0.08120365203957586
42994.39256065179,-0.07020058738418068
43025.02837337699,-0.05529906974511935
43055.66418610219,-0.03658055940929486
43086.299998827395,-0.014740468648715742
43116.9358115526,0.009575162824535056
43147.5716242778,0.03506325982535305
43178.20743700301,0.06030168520881048
43208.84324972822,0.08352146727953233
43239.47906245342,0.10268040678049074
43270.114875178624,0.11602732217919907
43300.75068790383,0.12176333630312068
43331.38650062903,0.11886210640787001
43362.02231335423,0.10699770164241257
43392.658126079434,0.08677508648362985
43423.293938804636,0.05971330851259361
43453.92975152984,0.028192517397934953
43484.56556425504,-0.005073220761289833
43515.20137698024,-0.03711567457792225
43545.837189705446,-0.06538608273156848
43576.47300243065,-0.0879723601762243
43607.10881515585,-0.1035492485474543
43637.74462788105,-0.11162597763295341
43668.38044060626,-0.11246068960298636
43699.01625333147,-0.10675269222474737
43729.652066056675,-0.09561233743561053
43760.28787878188,-0.08025614994364573
43790.92369150708,-0.06198658019365897
43821.55950423228,-0.042072175136982345
43852.195316957484,-0.021607345512789766
43882.83112968269,-0.0014984009317248609
43913.46694240789,0.017402557878178272
43944.10275513309,0.034569076675756774
43974.738567858294,0.04950634658106097
44005.3743805835,0.06193972216447388
44036.0101933087,0.0716821593703288
44066.6460060339,0.07864445733502738
44097.281818759104,0.08284896496118496
44127.917631484306,0.08435065002790582
44158.553444209516,0.0832880610518766
44189.189256934726,0.07983995025852501
44219.82506965993,0.0741834336336245
44250.46088238513,0.06656739775498811
44281.09669511033,0.0572669836288244
44311.732507835535,0.046525126484667424
44342.36832056074,0.03464293938326915
44403.63994601114,0.008621568017905068
44434.275758736345,-0.004888169494297883
44464.91157146155,-0.018341552585666963
44495.54738418675,-0.03139302320264068
44526.18319691196,-0.04374216947281395
44556.81900963717,-0.05508280445948708
44587.45482236237,-0.06505696670917697
44618.090635087574,-0.07341711159891287
44648.726447812776,-0.07982424737538321
44679.36226053798,-0.08403217782990914
44709.99807326318,-0.08577577839423517
44740.63388598838,-0.0848228563349394
44771.269698713586,-0.08103212278338179
44801.90551143879,-0.07425162026187668
44832.54132416399,-0.06445876671806688
44863.17713688919,-0.051703804411193335
44893.8129496144,-0.03615636787264591
44927.02853591861,-0.01654770894425627
44960.24412222281,0.00532630819991459
44993.459708527014,0.02856165600933898
45026.67529483122,0.05197215457549714
45059.89088113543,0.07402045866496615
45093.10646743963,0.0931300484429078
45126.32205374384,0.10728718211753094
45159.537640048045,0.11481950526266578
45192.75322635225,0.11413706804942801
45225.96881265646,0.10422098162444997
45259.18439896066,0.08505920479306468
45292.39998526486,0.05764677444432443
45325.61557156907,0.024025938851366592
45358.83115787327,-0.012541208729489566
45392.046744177474,-0.04836911475868052
45425.26233048168,-0.07975893828864833
45458.47791678589,-0.10347598890973629
45491.69350309009,-0.11750482977974278
45524.9090893943,-0.12106413919307116
45558.124675698506,-0.11461495832063937
45591.34026200271,-0.09966125143499927
45624.55584830692,-0.07835151623369181
45657.77143461112,-0.053018912659283005
45690.98702091532,-0.02598169643919984
45724.20260721953,0.0007118245222196007
45757.41819352373,0.025394738734718703
45790.633779827935,0.04689021891613314
45823.84936613214,0.06442919620444078
45857.06495243635,0.07760192497474287
45890.28053874055,0.0862451108542389
45923.49612504476,0.09049572335613636
45956.711711348966,0.09063148973705863
45989.92729765317,0.08703925064462234
46023.14288395738,0.08018726403367682
46056.358470261584,0.07059082430435117
46089.57405656579,0.05879303845536661
46122.78964287,0.04529798859079735
46156.0052291742,0.030679916143507645
46222.43640178261,-0.00008816564943223224
46255.651988086815,-0.015250191992705473
46288.86757439101,-0.029711237641392947
46322.08316069522,-0.04305879425106335
46355.298746999426,-0.05495853739532184
46388.51433330363,-0.06505274305189995
46421.72991960784,-0.07308058164430971
46454.945505912045,-0.07876867515922488
46488.16109221625,-0.08192177396901999
46521.37667852046,-0.08236381250917446
46554.59226482466,-0.07999285252606742
46587.80785112887,-0.07472747986227365
46621.023437433076,-0.06663543184907693
46654.23902373728,-0.05574846073930908
46687.45461004149,-0.042241416546051194
46720.67019634569,-0.026488203343642845
46753.88578264989,-0.008781331487215601
46787.1013689541,0.010298193007876507
46820.3169552583,0.03007302926372482
46853.532541562505,0.049710655902082096
46886.74812786671,0.06819920737492324
46919.96371417092,0.08444141466821774
46953.17930047512,0.09716384606473387
46986.39488677933,0.10511623363664362
47019.610473083536,0.1070659274228347
47050.622669701435,0.10254817670844747
47081.634866319335,0.09148847530626955
47112.647062937234,0.07357449350577278
47143.65925955514,0.04964668382785372
47174.67145617305,0.02054256360462178
47205.68365279095,-0.011502255554394433
47236.69584940885,-0.04423879588045457
47267.708046026746,-0.07462930931775007
47298.720242644646,-0.09981848805199627
47329.732439262545,-0.11735046197374208
47360.744635880445,-0.12545962258163199
47391.756832498344,-0.1234993363554009
47422.76902911624,-0.11191092967265506
47453.78122573414,-0.09222429624951375
47484.79342235204,-0.06656501930032045
47515.80561896995,-0.03742841784421335
47546.817815587856,-0.007351168821014416
47577.830012205755,0.021230454792535682
47608.842208823655,0.0467238397625513
47639.854405441554,0.0678226359787777
47670.866602059454,0.0837537471082135
47701.87879867735,0.09420800918998395
47732.89099529525,0.09932252934259252
47763.90319191315,0.09945057052528249
47794.91538853105,0.09514396425185664
47825.92758514895,0.08706751031291386
47856.93978176685,0.07592927907100797
47887.95197838476,0.062471282991279665
47918.964175002664,0.04737635660241897
47949.97637162056,0.031307527186901864
48012.00076485636,-0.0014120181650194592
48043.01296147426,-0.017043536027211703
48074.02515809216,-0.03164033286601306
48105.03735471006,-0.04481583379605083
48136.04955132797,-0.05635011775380912
48167.061747945874,-0.0659283119846238
48198.073944563774,-0.07338184315154583
48229.08614118167,-0.07860688484434065
48260.09833779957,-0.08149001980331994
48291.11053441747,-0.0819950407600128
48322.12273103537,-0.08011106904194179
48353.13492765327,-0.07588780596732886
48384.14712427117,-0.06940039369046079
48415.15932088907,-0.060780198316460726
48446.17151750697,-0.050204178748590095
48477.18371412487,-0.03785975803252217
48508.195910742776,-0.024084079893192598
48539.20810736068,-0.009112374242250459
48570.22030397858,0.006626031359075687
48601.23250059648,0.022701323590124202
48632.24469721438,0.03869445728953723
48663.25689383228,0.0540314156837174
48694.26909045018,0.06803512620552381
48725.28128706808,0.08018717781139655
48756.29348368598,0.08979476675709346
48787.30568030388,0.09615750158590125
48818.31787692178,0.09863025927563884
48849.33007353968,0.09662596313197862
48880.342270157584,0.08966152023607948
48911.35446677549,0.07754184000076147
48942.36666339339,0.060193715068877204
48973.37886001129,0.038052934752490095
49004.39105662919,0.011941134412792823
49034.794251315885,-0.016237020441125953
49065.19744600258,-0.045243338660645234
49095.600640689285,-0.07289548985444286
49126.00383537598,-0.09679998769265818
49156.40703006268,-0.11473044045315581
49186.81022474938,-0.12460060659176513
49217.21341943608,-0.12507920375919715
49247.61661412277,-0.115773070178588
49278.01980880948,-0.09733627859121241
49308.42300349617,-0.07142513845148396
49338.82619818287,-0.04046190133149717
49369.22939286957,-0.007323702880369664
49399.63258755627,0.02501964440777698
49430.035782242965,0.05415217173595019
49460.43897692967,0.07811920344378598
49490.842171616365,0.09567940139114714
49521.24536630306,0.10629179714624248
49551.648560989765,0.1100222979224327
49582.05175567646,0.10743779138156041
49612.45495036316,0.09940134990034305
49642.85814504986,0.0869646703034466
49673.26133973656,0.07126182886093324
49703.66453442325,0.05335382362728873
49734.06772910996,0.03426573614885042
49764.47092379665,0.014909908190357993
49794.87411848335,-0.003956489193815809
49825.27731317005,-0.0216808369559588
49855.68050785675,-0.037776786981469336
49886.083702543445,-0.05180400387288979
49916.48689723015,-0.06354899952113385
49946.890091916845,-0.07274905577473711
49977.29328660354,-0.07934927472739679
50007.69648129024,-0.08327870357764001
50038.09967597693,-0.08458341595195022
50068.50287066364,-0.08333036569464451
50098.90606535033,-0.07965254839109463
50129.30926003703,-0.07370641803856096
50159.71245472373,-0.06570048021470723
50190.11564941043,-0.055857889615916895
50220.518844097125,-0.044444832838804474
50250.92203878383,-0.03174164657447046
50281.325233470525,-0.018057638558106225
50342.131622843925,0.010885534996603902
50372.53481753062,0.025445728867253832
50402.93801221732,0.03954927115832024
50433.34120690402,0.05273699905331017
50463.74440159072,0.06468190308771497
50494.14759627741,0.07494102880047078
50524.55079096412,0.08303790870310523
50554.95398565081,0.08863231457026478
50585.35718033751,0.09131902586060042
50615.76037502421,0.09073416705011259
50646.16356971091,0.08661640963593589
50676.566764397605,0.07875308878543576
50706.96995908431,0.06706238695487331
50737.373153771005,0.05166082974761266
50767.7763484577,0.03279635051730217
50798.179543144404,0.01097725548489014
50828.5827378311,-0.012946521437185297
50858.9859325178,-0.03789128272176076
50889.3891272045,-0.06245656136682592
50919.7923218912,-0.08492556836480541
50950.19551657789,-0.10352446703477876
50983.17848484359,-0.11705512797989609
51016.16145310929,-0.12176233108437093
51049.14442137499,-0.11616163281066312
51082.12738964069,-0.09982519474453756
51115.11035790639,-0.07379426413866602
51148.09332617209,-0.040319477888556984
51181.07629443779,-0.0027511511923837364
51214.05926270349,0.0348313512871019
51247.04223096919,0.06854881564888357
51280.02519923489,0.09512918241915752
51313.00816750059,0.11229175508618262
51345.99113576629,0.11929051411593988
51378.97410403199,0.11642926034433376
51411.95707229769,0.10499908023782673
51444.94004056339,0.08688324274282566
51477.92300882909,0.0641797796554669
51510.90597709479,0.039017365858417835
51543.88894536049,0.013359917664700934
51576.87191362619,-0.011252255534352659
51609.85488189189,-0.03357537939878127
51642.83785015759,-0.05273135058308806
51675.82081842329,-0.06811039806777251
51708.80378668899,-0.07944320515571016
51741.78675495469,-0.08663193598112856
51774.769723220394,-0.08977135189593842
51807.752691486094,-0.08909150205532872
51840.735659751794,-0.0849130944118664
51873.718628017494,-0.07762769065577094
51906.701596283194,-0.0676725868816217
51939.684564548894,-0.055550028334794915
51972.667532814594,-0.041674814166841455
52005.6505010803,-0.026608695089876403
52038.63346934601,-0.010851947891542082
52071.61643761171,0.005145815130726094
52104.59940587741,0.02085749424592446
52137.58237414311,0.035856025156463814
52170.56534240881,0.049652642241935836
52203.54831067451,0.061835312700948136
52236.53127894021,0.07199968153761868
52269.51424720591,0.07974104347897813
52302.49721547161,0.08475645551924516
52335.48018373731,0.08673043504731237
52368.46315200301,0.0854411964139026
52401.44612026871,0.08071355746353222
52434.42908853441,0.07250392210538815
52467.41205680011,0.06079418298041195
52500.39502506581,0.04578911018517055
52533.37799333151,0.027844531857149468
52566.36096159721,0.007423180366348189
52599.34392986291,-0.014751707902982258
52632.32689812861,-0.037658304509537895
52665.30986639431,-0.0601021762203979
52698.29283466001,-0.08066080543645532
52731.27580292571,-0.09766016628731913
52764.25877119141,-0.10940771899729643
52797.24173945711,-0.11424109995192742
52830.22470772281,-0.11078829267467057
52863.20767598851,-0.09824352643496868
52896.19064425421,-0.07666208834589311
52929.17361251991,-0.04709022918130462
52962.15658078561,-0.011843968439249904
52995.13954905131,0.024786023568387446
53028.12251731701,0.062013094942902504
53061.10548558271,0.09271057535976576
53091.88506416211,0.11342043947760326
53122.6646427415,0.12456751732480283
53153.4442213209,0.12546025700597177
53184.2237999003,0.11653100722779278
53215.00337847969,0.09927849653252731
53245.782957059084,0.07571092035129275
53276.562535638484,0.04827271252989845
53307.34211421788,0.019346559861647468
53338.12169279727,-0.008899553130347754
53368.90127137667,-0.03474602270912779
53399.680849956065,-0.056865146539679494
53430.46042853546,-0.07450015255681638
53461.24000711486,-0.08722260623638232
53492.01958569425,-0.09494795191105673
53522.799164273645,-0.09789034903244861
53553.578742853046,-0.09637666129138732
53584.358321432446,-0.09095199543805924
53615.13790001184,-0.08217651759066094
53645.91747859123,-0.07067916521890544
53676.69705717063,-0.05708508216994019
53707.47663575003,-0.041994618643080885
53738.25621432942,-0.026009215049408098
53799.815371488214,0.006508360995234901
53830.59495006761,0.02207137547687594
53861.37452864701,0.03660959934667056
53892.1541072264,0.04971670986817215
53922.933685805794,0.061138451567937145
53953.713264385195,0.07054474366421834
53984.49284296459,0.0777110915941201
54015.27242154398,0.08247729287329028
54046.05200012338,0.08468662375010311
54076.83157870278,0.08426628955023657
54107.611157282176,0.08116905249600914
54138.39073586157,0.07542358069819854
54169.17031444097,0.06710324177930581
54199.94989302036,0.05631579189098203
54230.729471599756,0.043341120699481005
54261.50905017916,0.028406837898063406
54292.28862875855,0.011841791488745756
54323.06820733794,-0.005818825118580279
54353.84778591734,-0.024068219369042607
54384.62736449674,-0.04231532398370723
54415.40694307613,-0.059782455774966936
54446.18652165553,-0.07566174335925703
54476.966100234924,-0.08906040382077411
54507.74567881432,-0.09903429612213863
54538.52525739372,-0.10467897763237491
54569.30483597311,-0.10510063539083189
54600.084414552504,-0.09961446342644797
54630.863993131905,-0.08778037598018136
54661.6435717113,-0.0695156512014813
54692.42315029069,-0.04543414285318029
54723.20272887009,-0.01637277338416066
54753.982307449485,0.015437817873663842
54784.76188602888,0.04825712729291714
54815.54146460828,0.07861190997479908
54846.32104318767,0.10387666152228996
54877.100621767066,0.12124911168486137
54907.880200346466,0.1287239297622107
54938.65977892586,0.12539692695843208
54969.43935750525,0.11158945043760844
55000.21893608465,0.08877844758837583
55030.99851466405,0.05947360342235844
55064.35786682245,0.02385617525699145
55097.71721898085,-0.012101404177937428
55131.076571139245,-0.04497745538299672
55164.43592329764,-0.07203209810438768
55197.79527545604,-0.09181788823905032
55231.154627614436,-0.10367207286017675
55264.51397977283,-0.10769555835119163
55297.87333193123,-0.10459101862426726
55331.23268408963,-0.09543978174652785
55364.592036248025,-0.08150577575068665
55397.95138840642,-0.0640902426849468
55431.31074056482,-0.04449717475351283
55464.670092723216,-0.02386318609494697
55498.02944488161,-0.0032440458910528974
55531.38879704001,0.016479948008050752
55564.74814919841,0.03460803701922066
55598.107501356804,0.05053424480674226
55631.4668535152,0.06381298992245622
55664.8262056736,0.07414534157240821
55698.185557831996,0.08129538122529664
55731.54490999039,0.08517944881876865
55764.90426214879,0.08575421099689469
55798.26361430719,0.08310248880505496
55831.622966465584,0.0773522078776152
55864.98231862398,0.06872987290695802
55898.34167078238,0.05749056702349265
55931.701022940775,0.04400520411405316
55965.06037509917,0.028652313964777923
55998.41972725757,0.011919931694899534
56031.77907941597,-0.005669631126053568
56098.49778373277,-0.041008039857541055
56131.85713589117,-0.05743758976812151
56165.21648804957,-0.07199557544472351
56198.57584020797,-0.0839965249342135
56231.93519236636,-0.0926207427431241
56265.29454452476,-0.09710667014564388
56298.65389668316,-0.09679336077304798
56332.013248841555,-0.09109123502698732
56365.37260099995,-0.07965980972069928
56398.73195315835,-0.06244913163556623
56432.091305316746,-0.03981930505909287
56465.45065747514,-0.012614222874019376
56498.81000963354,0.017665577438243475
56532.16936179194,0.04891972995580166
56565.528713950334,0.07846996669074024
56598.88806610873,0.10326434817530933
56632.24741826713,0.12023124073605085
56665.606770425526,0.12675737159824152
56698.96612258392,0.12122906894263094
56732.32547474232,0.10350212798530785
56765.68482690072,0.0750911110537441
56799.044179059114,0.039063383841895144
56832.40353121751,-0.0003786021770924037
56865.76288337591,-0.038830971339893855
56899.122235534305,-0.07229188506802639
56932.4815876927,-0.0973632308576181
56965.8409398511,-0.11271403563933043
56999.2002920095,-0.1177751694498599
57032.55964416789,-0.11326879648661853
57065.91899632629,-0.1007158556655872
57099.27834848469,-0.08204101733350976
57132.637700643085,-0.05930713565122865
57165.99705280149,-0.034501549327595554
57198.74740302868,-0.009845200721334806
57231.497753255884,0.013736425000313818
57264.24810348308,0.03512949862748656
57296.99845371027,0.0535641026862125
57329.748803937466,0.06846777227992452
57362.49915416466,0.0795302552696074
57395.24950439185,0.08664838624199017
57427.99985461905,0.08982158203420293
57460.75020484624,0.08921263751996943
57493.500555073435,0.08507501645192193
57526.250905300636,0.0777543214137344
57559.00125552783,0.06759820936786205
57591.751605755024,0.05507675146274329
57624.501955982225,0.040686777839220575
57657.25230620942,0.024886173461337955
57690.00265643661,0.008225436835669843
57722.75300666381,-0.00874698359589806
57755.503356891,-0.025519047641468284
57788.2537071182,-0.04148095163226675
57821.004057345395,-0.05614500496744076
57853.75440757259,-0.06891151741140766
57886.50475779979,-0.0793002285100273
57919.255108026984,-0.08678012030135357
57952.00545825418,-0.09091707207913655
57984.75580848137,-0.09129626048268887
58017.506158708566,-0.08763221769219218
58050.25650893576,-0.07970420946056221
58083.00685916295,-0.0674607679217745
58115.75720939015,-0.05108149974442472
58148.50755961734,-0.030918962988611833
58181.25790984454,-0.007593366079501264
58214.008260071736,0.017843975438832455
58246.75861029893,0.04407977717996437
58279.50896052613,0.06939089463504397
58312.259310753325,0.09177526378588577
58345.00966098052,0.1090337963276504
58377.76001120771,0.11898485786651328
58410.51036143491,0.11975701037237894
58443.2607116621,0.11018082814126062
58476.011061889294,0.08995357126699297
58508.76141211649,0.06039293583301214
58541.51176234368,0.023974938326200852
58574.26211257088,-0.015738783843037247
58607.01246279808,-0.05423925970190303
58639.76281302527,-0.08728449568787905
58672.51316325247,-0.1113528223233863
58705.263513479666,-0.12416050023421246
58738.01386370686,-0.1251289252781182
58770.76421393405,-0.1150564959639778
58803.51456416125,-0.09595693603357519
58836.26491438845,-0.07043984969379725
58869.01526461564,-0.0412950234706871
58901.765614842836,-0.011222414177956835
58934.51596507004,0.01740565198001173
58967.26631529723,0.04292282403358692
59000.016665524425,0.0640948416215571
59032.76701575162,0.08018613762562356
59065.51736597881,0.09087814039017142
59098.267716206006,0.09622566882101889
59131.0180664332,0.096522932722834
59163.768416660394,0.09223742085400702
59196.51876688759,0.0839612746264978
59229.26911711479,0.07236246762026179
59262.01946734198,0.05815209494681974
59292.56642788288,0.04314596631743392
59323.113388423764,0.02705711062576976
59384.20730950555,-0.006232346864201365
59414.75427004644,-0.02242140287250284
59445.301230587334,-0.037638157260895824
59475.84819112823,-0.05152775413622095
59506.395151669116,-0.06365435552188695
59536.94211221,-0.07366053698287361
59567.4890727509,-0.08128138302481126
59598.03603329179,-0.08623702552417634
59628.58299383268,-0.08832416879656621
59659.129954373566,-0.087405641748736
59689.67691491446,-0.08338786397622587
59720.223875455355,-0.07627946505168583
59750.77083599624,-0.06611274532632194
59781.31779653713,-0.053093285339740906
59811.86475707802,-0.03749092466537575
59842.41171761892,-0.019635308972880395
59872.958678159805,-0.0000839974918093768
59903.50563870069,0.020491714345611808
59934.052599241586,0.04133680840492529
59964.59955978248,0.06146546149675363
59995.14652032337,0.07977463631405757
60025.693480864255,0.09513109587893823
60056.24044140515,0.10621184149846649
60086.78740194604,0.11183951456312723
60117.33436248693,0.11090246282707644
60147.88132302782,0.10260482756041378
60178.42828356871,0.08668766695980867
60208.975244109606,0.06329023366059085
60239.52220465049,0.033803449195177596
60270.06916519138,-0.00025448072537181607
60300.616125732275,-0.03567460612001492
60331.16308627317,-0.06968506890638354
60361.710046814056,-0.09855467019193491
60392.25700735494,-0.11934147348607056
60422.80396789584,-0.12982445368514134
60453.35092843673,-0.12897481983999226
60483.89788897762,-0.11710588425894854
60514.444849518506,-0.0958971138229463
60544.9918100594,-0.06771783399431683
60575.538770600295,-0.035510119372472906
60606.08573114118,-0.0025522238802146817
60636.63269168207,0.02872739684941734
60667.17965222296,0.056156293324081216
60697.72661276386,0.07811484006471672
60728.273573304745,0.09388390825989161
60758.82053384563,0.10319720521251982
60789.367494386526,0.10623297004266379
60819.91445492742,0.10353683194801915
60850.46141546831,0.09587237946074978
60881.008376009195,0.08411380055537551
60911.55533655009,0.0692095113715896
60942.10229709098,0.05206394497803798
60972.64925763187,0.033587275023406804
61003.19621817276,0.014576919345208404
61033.74317871365,-0.004231490974680636
61064.29013925455,-0.022172262501078507
61094.83709979543,-0.0387367888175768
61125.38406033632,-0.0534100934178849
61155.931020877215,-0.06584058229080426
61186.47798141811,-0.07571349960330676
61217.024941958996,-0.08282012160945544
61250.15167607889,-0.08720902368315957
61283.27841019878,-0.08807799827356891
61316.405144318676,-0.08540208485893475
61349.53187843857,-0.07929349589837387
61382.65861255846,-0.06990841491572473
61415.785346678356,-0.05754437638631734
61448.91208079825,-0.0425505818996239
61482.03881491814,-0.025357476281536482
61515.16554903803,-0.006636445096315965
61548.29228315792,0.01309320156630287
61581.41901727782,0.03296738924444824
61614.54575139771,0.0521709766014211
61647.6724855176,0.0697887102319584
61680.7992196375,0.0847402847997885
61713.92595375739,0.09601671796652256
61747.05268787728,0.10256417875520726
61780.17942199717,0.1034051773360348
61813.30615611706,0.09776547811163913
61846.43289023696,0.08512799098930766
61879.55962435685,0.06544143572580817
61912.68635847674,0.03937029766257717
61945.81309259664,0.007968044739194578
61978.93982671653,-0.026219544212431767
62012.06656083642,-0.06077776199836238
62045.19329495631,-0.09170322711000009
62078.3200290762,-0.11552706835753136
62111.4467631961,-0.1288423496573638
62144.57349731599,-0.12938336462776595
62177.70023143588,-0.11647240571066095
62210.82696555578,-0.09135913991130311
62243.95369967567,-0.05700379305367642
62277.08043379556,-0.017543038285340748
62310.207167915454,0.0222286155952536
62343.333902035345,0.058090928642491955
62376.46063615524,0.08677335261754557
62409.587370275134,0.10618791748030167
62442.714104395025,0.11551366808732957
62475.84083851492,0.11520438774531755
62508.967572634814,0.10643370705498356
62542.094306754705,0.09088047449854621
62575.221040874596,0.07046877147166743
62608.34777499449,0.04707108989105262
62641.474509114385,0.022439370186155376
62674.601243234276,-0.0019295970656367373
62707.72797735417,-0.024738048229196216
62740.854711474065,-0.04502590602806385
62773.981445593956,-0.062105847408749214
62807.10817971385,-0.07543412600032515
62840.23491383374,-0.08474976236474435
62873.36164795363,-0.0899363412046821
62906.48838207353,-0.09102639294184983
62939.61511619342,-0.08818393656727283
62972.74185031331,-0.08168213644212009
63005.86858443321,-0.07186079199064098
63038.9953185531,-0.059182316755180105
63072.12205267299,-0.04410612615896774
63105.24878679288,-0.027202845662085345
63138.37552091277,-0.009115568694612872
63171.50225503266,0.009579015033411784
63204.62898915255,0.02812649133762111
63237.75572327244,0.045879097555530046
63270.882457392334,0.06206660212602951
63304.00919151223,0.0759655719947965
63337.13592563212,0.0868633416663049
63368.059270065714,0.09367047838474896
63398.9826144993,0.09674470097921202
63429.90595893289,0.09560655806566484
63460.82930336648,0.08993489642030911
63491.752647800065,0.0795382366559892
63522.67599223366,0.06439690449734034
63553.59933666725,0.044826441042881984
63584.52268110083,0.021367004214914595
63615.44602553442,-0.005037519241026005
63646.36936996801,-0.03303121522203477
63677.2927144016,-0.06082039785992231
63708.21605883518,-0.08640381394888531
63739.13940326877,-0.10728026137640997
63770.06274770236,-0.12128720321655062
63800.98609213595,-0.12619402786836986
63831.909436569535,-0.12067049889345667
63862.83278100312,-0.10435482728782902
63893.75612543671,-0.07791940164301572
63924.6794698703,-0.04374331533637733
63955.602814303886,-0.005059209418911287
63986.52615873747,0.03412986679942149
64017.44950317106,0.0697210076902166
64048.37284760465,0.09828088380676488
64079.29619203824,0.11726044135139715
64110.21953647182,0.12551859278967847
64141.14288090541,0.12319793470596653
64172.066225339004,0.1114674491089912
64202.98956977259,0.09227352713626334
64233.91291420618,0.06782758829049337
64264.83625863977,0.04047592730673423
64295.759603073355,0.012467125782423616
64326.682947506946,-0.014451590843317963
64357.60629194054,-0.03881576033731044
64388.52963637412,-0.05955463042641152
64419.45298080771,-0.07597869856521432
64450.376325241305,-0.08775051752113701
64481.29966967489,-0.09475162814488301
64512.22301410848,-0.09711997864567996
64543.14635854207,-0.09514143279582907
64574.069702975656,-0.08922477476199221
64604.99304740924,-0.07985935327109284
64635.91639184283,-0.06760371432867467
64666.83973627642,-0.053051795241950396
64697.76308071001,-0.036792274125938544
64728.68642514359,-0.019471168063926306
64759.60976957718,-0.001645944776610033
64821.45645844436,0.033038395785974006
64852.37980287794,0.04880765833312198
64883.30314731153,0.06279789988317476
64914.226491745125,0.07457129307242241
64945.14983617871,0.08367587759673634
64976.07318061229,0.08971324749238702
65006.996525045884,0.09239217933982849
65037.919869479476,0.09144848372509808
65068.84321391306,0.08673863990287448
65099.766558346644,0.07817466568279832
65130.689902780236,0.0658994609857881
65161.61324721383,0.05007163587128556
65192.53659164741,0.031075885219389573
65223.459936081,0.009548052915991648
65254.383280514594,-0.013741948137430241
65285.30662494818,-0.03779635405510608
65316.22996938177,-0.06125489404237143
65346.54431188415,-0.08236302010175853
65376.85865438654,-0.09992664810076625
65407.17299688893,-0.11243524422613814
65437.487339391315,-0.11826581583486687
65467.8016818937,-0.11616142079388317
65498.116024396084,-0.10536615971543427
65528.430366898465,-0.085526589946984
65558.74470940085,-0.05784733709526489
65589.05905190323,-0.02355878600211822
65619.37339440561,0.01396864387731412
65649.687736908,0.05155625070911501
65680.00207941039,0.08527423243869296
65710.31642191278,0.11155030010173698
65740.63076441517,0.12769553785801296
65770.94510691756,0.13220698636013847
65801.25944941994,0.12505468132359424
65831.57379192233,0.1075418131476078
65861.88813442472,0.08204346916881936
65892.20247692711,0.0513472322103697
65922.5168194295,0.018480019790603548
65952.83116193188,-0.013546518392440927
65983.14550443427,-0.042694157454097645
66013.45984693666,-0.06721360642763509
66043.77418943903,-0.0859686304635666
66074.08853194141,-0.09851638124260426
66104.4028744438,-0.10482871518575189
66134.71721694618,-0.10523179038769603
66165.03155944857,-0.10032120956312365
66195.34590195096,-0.09084281344078927
66225.66024445335,-0.0776733774072763
66255.97458695574,-0.061686029906232884
66286.28892945813,-0.043733408403743707
66316.60327196051,-0.02469714550422094
66346.9176144629,-0.005330198000520939
66377.23195696529,0.013631315876710643
66407.54629946768,0.031547745579775965
66437.86064197007,0.04786535207947524
66468.17498447245,0.062072420872793486
66498.48932697484,0.07380561748641863
66528.80366947722,0.08269703660519448
66559.11801197959,0.0885081365556738
66589.43235448198,0.09107323734422161
66619.74669698437,0.09029051602116232
66650.06103948675,0.08615812815391276
66680.37538198914,0.07872878588430467
66710.68972449153,0.06819840231027159
66741.00406699392,0.054777255819511976
66771.3184094963,0.0388339869134566
66801.6327519987,0.020828943529431473
66831.94709450108,0.0012692462627380795
66862.26143700347,-0.0190917385278881
66892.57577950585,-0.03953658236109589
66922.89012200822,-0.05920053078456143
66953.2044645106,-0.07701349645879468
66983.518807013,-0.09198504607168463
67013.83314951538,-0.10304168155103553
67044.14749201777,-0.10907205934051005
67074.46183452016,-0.10913543088256848
67104.77617702255,-0.10247211359723675
67135.09051952494,-0.0886777049294372
67165.40486202732,-0.0678252304180297
67195.71920452971,-0.040623112301272885
67226.0335470321,-0.008512047117662761
67256.34788953447,0.026303091307065495
67289.24200561587,0.06373954460632289
67322.13612169726,0.09687668756058403
67355.03023777864,0.12115167055924711
67387.92435386003,0.1331904685766636
67420.81846994141,0.13101669083528603
67453.7125860228,0.11464245551434578
67486.60670210418,0.08617157926649119
67519.50081818557,0.04928906316276923
67552.39493426695,0.008696143063772036
67585.28905034834,-0.030894543266114162
67618.18316642972,-0.06532587290655786
67651.07728251112,-0.09180052671359393
67683.97139859252,-0.10867980139804174
67716.8655146739,-0.11571076480671068
67749.75963075529,-0.1134604856401075
67782.65374683667,-0.10323282140395257
67815.54786291806,-0.08670397921324355
67848.44197899944,-0.06573607048597793
67881.33609508083,-0.04201693842848795
67914.23021116223,-0.017286379793028328
67947.12432724363,0.006958652341601394
67980.01844332501,0.029645330615765745
68012.9125594064,0.04970952652566241
68045.80667548778,0.06644690912384778
68078.70079156916,0.07935624178550198
68111.59490765055,0.0880957262860646
68144.48902373193,0.09251974931049409
68177.38313981332,0.09263365455900496
68210.2772558947,0.08857650731899917
68243.17137197609,0.08060671013822111
68276.06548805747,0.06909724530776408
68308.95960413887,0.05451364123497118
68341.85372022027,0.03741458532349557
68374.74783630166,0.018454776658342123
68407.64195238304,-0.0016758828484119258
68440.53606846443,-0.02212649015966272
68473.43018454581,-0.04211526860653663
68506.3243006272,-0.06067087965041692
68539.21841670858,-0.07690825091989972
68572.11253278996,-0.08984404747016689
68605.00664887135,-0.09856667804441713
68637.90076495273,-0.10220976496918764
68670.79488103412,-0.10004410512211172
68703.68899711552,-0.09155183597342802
68736.58311319692,-0.0764829144389833
68769.4772292783,-0.055135550093674934
68802.37134535969,-0.02805551439181164
68835.26546144107,0.00313507008214327
68868.15957752246,0.036608134316292444
68901.05369360384,0.06937432334756324
68933.94780968523,0.09819891380526181
68966.84192576662,0.11962317019947839
68999.73604184802,0.13027152842164164
69032.63015792941,0.12793721143080825
69065.5242740108,0.11178629236065825
69098.41839009218,0.08293182616427465
69131.31250617356,0.04447736775186284
69164.20662225495,0.0011380917549059493
69197.10073833633,-0.0417672261407308
69229.99485441772,-0.07908008383348432
69262.8889704991,-0.10672092016382365
69295.78308658049,-0.12244836059399523
69328.67720266187,-0.12567179600474773
69361.57131874327,-0.11733510052720694
69392.26204513834,-0.10099435763891636
69422.95277153343,-0.07853971278250796
69453.64349792851,-0.05225956779569179
69484.3342243236,-0.02439269160452621
69515.02495071868,0.003148427082297244
69545.71567711377,0.028803866411239408
69576.40640350885,0.05133803445375674
69607.09712990394,0.06988871630556343
69637.78785629902,0.08393994265674425
69668.47858269411,0.09322612265154591
69699.1693090892,0.09773398738305919
69729.86003548426,0.09763334795078737
69760.55076187933,0.09324256102786121
69791.24148827442,0.08498987328665417
69821.9322146695,0.07339183216380626
69852.62294106459,0.059037563462011916
69883.31366745968,0.0425289456362104
69914.00439385476,0.024540455569237785
69975.38584664493,-0.013249265580603057
70006.07657304002,-0.03170059296460953
70036.7672994351,-0.04898224702726962
70067.45802583019,-0.06445284970064469
70098.14875222526,-0.07752358255170812
70128.83947862033,-0.08759823691435449
70159.53020501541,-0.09422560409369486
70190.2209314105,-0.09694209841154666
70220.91165780558,-0.09539593748755673
70251.60238420067,-0.08941976194907493
70282.29311059575,-0.07890561260574992
70312.98383699084,-0.06393694748463939
70343.67456338592,-0.04489103589960916
70374.36528978101,-0.022316795802271708
70405.0560161761,0.0029353519077255016
70435.74674257118,0.029632751092307192
70466.43746896627,0.05624472026077975
70497.12819536135,0.08113505683482412
70527.81892175644,0.10205319221021628
70558.50964815152,0.11700239371297452
70589.20037454659,0.12394047070418177
70619.89110094166,0.12121111934192813
70650.58182733675,0.10800214044791312
70681.27255373183,0.08441079859586731
70711.96328012692,0.05183803267958843
70742.654006522,0.013135625355426698
70773.34473291709,-0.028049764907394737
70804.03545931217,-0.06712947195592325
70834.72618570726,-0.09982041232862132
70865.41691210234,-0.12250848075509672
70896.10763849743,-0.1330037570246565
70926.79836489251,-0.13074440482333682
70957.4890912876,-0.11674172743026145
70988.17981768269,-0.09329359177962873
71018.87054407777,-0.06333137635869376
71049.56127047286,-0.03009649894571869
71080.25199686793,0.0032334178612300063
71110.942723263,0.0341666917480601
71141.63344965808,0.06077292226907282
71172.32417605317,0.08172089492941685
71203.01490244825,0.09629839585225529
71233.70562884334,0.1043713759067627
71264.39635523842,0.10615929118994451
71295.08708163351,0.10219114367266413
71325.7778080286,0.09320187164104897
71359.04830800268,0.07879552161209025
71392.31880797676,0.06068467368435571
71425.58930795084,0.040077240483898297
71458.85980792494,0.018091275602523806
71492.13030789903,-0.004108413463183335
71525.40080787311,-0.02555070888004728
71558.6713078472,-0.04529629661325523
71591.94180782128,-0.06254875078101257
71625.21230779536,-0.07661883667673965
71658.48280776944,-0.08693672836561143
71691.75330774352,-0.09306330254451911
71725.02380771762,-0.09469347399419616
71758.29430769171,-0.0916681036140376
71791.5648076658,-0.08395768629278236
71824.83530763988,-0.07179099772166478
71858.10580761396,-0.055453136043605813
71891.37630758804,-0.03545812938963739
71924.64680756212,-0.01266881637604652
71957.9173075362,0.011969734428389
71991.1878075103,0.03724906561305949
72024.4583074844,0.06165554624344825
72057.72880745848,0.08351517339191146
72090.99930743256,0.10104111883153587
72124.26980740664,0.1123011595979003
72157.54030738072,0.11561494139726172
72190.8108073548,0.10955010688251006
72224.08130732889,0.09327802523987071
72257.35180730297,0.06715648203579454
72290.62230727705,0.03240661488336888
72323.89280725113,-0.008006523593033492
72357.16330722522,-0.04982549199924059
72390.43380719931,-0.08832050628341805
72423.70430717341,-0.11791923276267553
72456.97480714749,-0.1344902841459526
72490.24530712157,-0.13539722451532854
72523.51580709565,-0.12049110987245737
72556.78630706973,-0.0920184486583222
72590.05680704382,-0.05415784422193405
72623.3273070179,-0.012088480575730904
72656.59780699198,0.02882249367935136
72689.86830696606,0.06456050825159074
72723.13880694014,0.09189692767003826
72756.40930691423,0.10916486572475415
72789.67980688832,0.11613774965168637
72822.95030686242,0.1134688972033388
72856.2208068365,0.10252008198850367
72889.49130681058,0.08505675636106359
72922.76180678466,0.06298987271593615
72956.03230675875,0.03822087383930786
72989.30280673283,0.012443679222188433
73022.57330670691,-0.012713665766154455
73055.843806681,-0.036014132764905935
73089.1143066551,-0.05638712382023206
73122.38480662918,-0.07303370056117746
73155.65530660326,-0.08536592820979925
73188.92580657735,-0.09301339481594528
73222.19630655143,-0.09581666598253406
73255.46680652551,-0.09375887891933529
73288.73730649959,-0.08703872081123389
73322.00780647369,-0.07597526485705235
73355.27830644778,-0.06105517136200851
73388.54880642187,-0.04288201163648592
73421.81930639595,-0.022184887078142874
73455.08980637003,0.00007193102417047195
73486.15691665781,0.021491380494148934
73517.2240269456,0.04251563691364787
73548.29113723338,0.062250593456098055
73579.35824752116,0.07964141001792785
73610.42535780894,0.09364882545457004
73641.49246809672,0.10326341224504504
73672.5595783845,0.10749631721962231
73703.62668867227,0.10556975889748654
73734.69379896004,0.0968630624720595
73765.76090924782,0.08117191981797894
73796.8280195356,0.058680016996982054
73827.89512982339,0.03025791409441681
73858.96224011117,-0.002572611371053451
73890.02935039895,-0.03753159755270247
73921.09646068673,-0.07164501920186875
73952.16357097452,-0.10146274642875779
73983.2306812623,-0.12348860729906157
74014.29779155008,-0.134494684432439
74045.36490183786,-0.13235113729649192
74076.43201212565,-0.11647499040202747
74107.49912241343,-0.08814505109544722
74138.56623270121,-0.0504866695454822
74169.633342989,-0.007840778305958666
74200.70045327676,0.034677667167760405
74231.76756356453,0.07238950652793763
74262.83467385231,0.10163130370704639
74293.9017841401,0.12000791109965883
74324.96889442788,0.12672116986333298
74356.03600471566,0.1223823834277881
74387.10311500344,0.10853037165322889
74418.17022529122,0.0874062959846031
74449.237335579,0.061383051075456316
74480.30444586679,0.03286022918337922
74511.37155615457,0.004025537446298678
74542.43866644235,-0.023274022920954374
74573.50577673013,-0.04766449625705806
74604.57288701792,-0.06799327137729641
74635.6399973057,-0.08361729586375448
74666.70710759348,-0.09417580454556372
74697.77421788125,-0.09950791660076179
74728.84132816902,-0.09975370005644038
74759.9084384568,-0.09520234632717864
74790.97554874458,-0.08629171081705556
74822.04265903236,-0.07359460171825785
74853.10976932014,-0.05774869365626332
74884.17687960793,-0.03948914217362043
74915.24398989571,-0.019561692940185126
74946.31110018349,0.001189565997364134
74977.37821047127,0.021976886718526146
75008.44532075906,0.04195241049411953
75039.51243104684,0.0602372681581673
75070.57954133462,0.07608784208752634
75101.6466516224,0.08868160782095612
75132.71376191018,0.09733446507684125
75163.78087219797,0.10141037457098322
75194.84798248573,0.10040893815388986
75225.9150927735,0.09399169325383999
75256.98220306128,0.08201474085999105
75288.04931334907,0.06464668851050749
75319.11642363685,0.04230944374627109
75350.18353392463,0.015871628005474536
75381.25064421241,-0.013414012316404746
75412.3177545002,-0.04373950372655656
75443.38486478798,-0.07303366349798227
75473.84297314455,-0.09819799245855665
75504.30108150114,-0.11731097415144262
75534.75918985772,-0.12791336267662476
75565.2172982143,-0.1279416917359807
75595.67540657087,-0.11624074882656255
75626.13351492745,-0.09277149303879074
75656.59162328404,-0.05921881265623155
75687.04973164061,-0.01866116736057628
75717.50783999718,0.024796899344637965
75747.96594835377,0.06598820961967522
75778.42405671036,0.10028829921425131
75808.88216506693,0.12392611323979866
75839.3402734235,0.1346964775459136
75869.79838178007,0.13216301626117383
75900.25649013664,0.11753146620077058
75930.71459849323,0.09329161219178322
75961.17270684981,0.06260993302481203
75991.63081520639,0.028770444690215603
76022.08892356296,-0.0051177667276811
76052.54703191953,-0.03644261334481529
76083.0051402761,-0.06319188331667783
76113.46324863269,-0.0841350294144442
76143.92135698927,-0.09855401827978524
76174.37946534585,-0.10630499075122976
76204.83757370242,-0.1075320710345405
76235.295682059,-0.10283238801153154
76265.75379041559,-0.09292908400744679
76296.21189877216,-0.07871470556025759
76326.67000712873,-0.06115073290268125
76357.12811548532,-0.041225414656328715
76418.04433219848,0.0017608474307430188
76448.50244055505,0.02297137293176505
76478.96054891164,0.042838108868942855
76509.41865726822,0.060608267578328295
76539.8767656248,0.07559061214274657
76570.33487398137,0.08720270273217486
76600.79298233795,0.09496508307200201
76631.25109069454,0.09849896950196085
76661.70919905111,0.09756668701527312
76692.16730740768,0.09204535116529389
76722.62541576427,0.08199928237459139
76753.08352412086,0.06760449283374273
76783.54163247743,0.04930728090026041
76813.999740834,0.02767328094203188
76844.45784919057,0.0035393654573075434
76905.37406590373,-0.04771636753298916
76935.83217426031,-0.07200593094556737
76966.29028261689,-0.09321963777709578
76996.74839097346,-0.109541640376104
77027.20649933003,-0.11917883903850149
77057.6646076866,-0.12053345135090447
77088.12271604319,-0.11243967749531633
77118.58082439977,-0.0943857333557406
77149.03893275635,-0.06688567886284104
77179.49704111292,-0.03142319146874701
77209.9551494695,0.008795232264864195
77240.41325782609,0.05036717158992045
77270.87136618266,0.08818648071332175
77301.32947453923,0.11789050997174655
77331.78758289582,0.13571834965478108
77362.2456912524,0.13936035283009077
77392.70379960898,0.1284937456842784
77425.74168154456,0.10222463807566837
77458.77956348014,0.064975505221937
77491.81744541571,0.022410807714544227
77524.8553273513,-0.020371850956656487
77557.89320928688,-0.05836297607382901
77590.93109122245,-0.08820280725796403
77623.96897315803,-0.10794190173818667
77657.00685509361,-0.11699467988326324
77690.0447370292,-0.11586882267707178
77723.08261896478,-0.10588357844565005
77756.12050090036,-0.08878411177843436
77789.15838283594,-0.06642479736328259
77822.19626477153,-0.04096054172868753
77855.23414670711,-0.014194876785459465
77888.27202864268,0.012260087027621828
77921.30991057826,0.036845508443780026
77954.34779251384,0.058415532544377965
77987.38567444941,0.07600921402904676
78020.423556385,0.08893750626979882
78053.46143832058,0.0967227354663904
78086.49932025616,0.09913067471576702
78119.53720219174,0.09613680796800735
78152.57508412733,0.0879181685900504
78185.61296606291,0.07485969892930884
78218.65084799849,0.05751681188417136
78251.68872993407,0.03666080099578786
78284.72661186964,0.013218053850231986
78317.76449380523,-0.011701604167749804
78350.80237574081,-0.03679500350266583
78383.84025767638,-0.060687011813310564
78416.87813961196,-0.08177871399990919
78449.91602154754,-0.09853128760810373
78482.95390348313,-0.10934423618049674
78515.99178541871,-0.11278000726874134
78549.02966735428,-0.1076672301504866
78582.06754928986,-0.09338300953797703
78615.10543122544,-0.06982910788950357
78648.14331316101,-0.03806772451318751
78681.1811950966,-0.00023925415744706358
78714.21907703218,0.04046817543937939
78747.25695896776,0.07966824207135909
78780.29484090334,0.11222407524433062
78813.33272283891,0.13327045232990847
78846.37060477449,0.13902684691566564
78879.40848671008,0.12764196748385603
78912.44636864564,0.1000074661565384
78945.48425058123,0.059786669013901096
78978.52213251681,0.012665479926384629
79011.56001445239,-0.03472058534907018
79044.59789638798,-0.07616447270975021
79077.63577832354,-0.10695385242588809
79110.67366025913,-0.12441316770643919
79143.71154219471,-0.12802627639247888
79176.74942413028,-0.11898431642926015
79209.78730606586,-0.09964628096541983
79242.82518800144,-0.07299974143222693
79275.86306993703,-0.04217735005233589
79308.90095187261,-0.01013238937101834
79341.93883380819,0.02065477918748812
79374.97671574377,0.048238997391149015
79408.01459767936,0.07094104232441832
79441.05247961494,0.08796316995962902
79474.09036155051,0.09869111753500649
79507.12824348609,0.102984405591761
79537.96273573537,0.10133115407043479
79568.79722798464,0.09456692551963201
79599.63172023391,0.08320916394753494
79630.46621248318,0.067904317180032
79661.30070473245,0.04942415212660208
79692.13519698173,0.028609869898568514
79753.80418148029,-0.0162756725937668
79784.63867372955,-0.03839433290018817
79815.47316597884,-0.058927449246002704
79846.30765822812,-0.07690111230034442
79877.14215047739,-0.09133342442899779
79907.97664272666,-0.1013200396324483
79938.81113497594,-0.10607569299738234
79969.64562722523,-0.10494753657892014
80000.4801194745,-0.0975200258392214
80031.31461172376,-0.08362570436529913
80062.14910397305,-0.06351270852758244
80092.98359622233,-0.03780669310596544
80123.8180884716,-0.007714141660384366
80154.65258072087,0.025030878698220665
80185.48707297015,0.05806516178547175
80216.32156521943,0.0886490369060615
80247.1560574687,0.1135087178888428
80277.99054971797,0.129470319550233
80308.82504196725,0.1338611367766166
80339.65953421654,0.12488104484026823
80370.4940264658,0.10230082980830457
80401.32851871508,0.06760193396850434
80432.16301096436,0.02451824785806436
80462.99750321364,-0.022097494948468285
80493.83199546291,-0.0663239874306744
80524.66648771218,-0.10277195894272512
80555.50097996146,-0.12718793627903913
80586.33547221075,-0.13728991637358137
80617.16996446002,-0.1328726586237072
80648.00445670928,-0.11558320840754503
80678.83894895857,-0.08836568283456042
80709.67344120785,-0.05490493692691538
80740.50793345712,-0.0189506995341069
80771.34242570639,0.016230035120869707
80802.17691795567,0.04789843353435489
80833.01141020496,0.07406455824191395
80863.84590245422,0.09344142121991193
80894.6803947035,0.10551249499240227
80925.51488695278,0.11025658876626676
80956.34937920206,0.10798598192880722
80987.18387145133,0.09951639672012678
81018.0183637006,0.08571943749571641
81048.85285594988,0.06770527494903496
81079.68734819916,0.04662069399396726
81110.52184044843,0.023631933134558164
81141.3563326977,-0.00008187160508715385
81172.19082494699,-0.023406075989290773
81203.02531719627,-0.04528890251647948
81233.85980944554,-0.0647514271654374
81264.6943016948,-0.08092967122034952
81295.52879394409,-0.09307188608408883
81326.36328619337,-0.10055208838225531
81357.19777844264,-0.1029212220539809
81388.03227069191,-0.09987550573111746
81418.86676294118,-0.09134415540646408
81449.70125519045,-0.0774233046720257
81480.53574743973,-0.058568576833099475
81513.95001326801,-0.03329490515673729
81547.36427909628,-0.004237564480453919
81580.77854492456,0.026833952386034973
81614.19281075284,0.05778480521420558
81647.60707658112,0.0860237171073217
81681.0213424094,0.10863935424604439
81714.43560823768,0.12271563263598013
81747.84987406596,0.12562122805568368
81781.26413989424,0.11544907613047502
81814.67840572252,0.09161753278112794
81848.09267155078,0.055373187422913805
81881.50693737906,0.010092312849977837
81914.92120320734,-0.038793108037099566
81948.3354690356,-0.08454370197891893
81981.74973486389,-0.12017932532937563
82015.16400069217,-0.13996067962826703
82048.57826652045,-0.14093634648234396
82081.99253234873,-0.12333678456443056
82115.406798177,-0.09051580031949749
82148.82106400529,-0.04797562085656912
82182.23532983357,-0.002067342124709751
82215.64959566185,0.04127964254872451
82249.06386149011,0.07734966156596071
82282.47812731839,0.10307790621432214
82315.89239314667,0.1171872826171178
82349.30665897494,0.11975820277721992
82382.72092480322,0.11191848097198862
82416.1351906315,0.09549376866950089
82449.54945645978,0.07267482369152138
82482.96372228806,0.045700272340532325
82549.79225394462,-0.011837776165432433
82583.2065197729,-0.03863471710433242
82616.62078560118,-0.06203645416400165
82650.03505142944,-0.08086865571322792
82683.44931725772,-0.09424463642887126
82716.863583086,-0.10158654015705826
82750.27784891427,-0.10260836249266415
82783.69211474255,-0.09730697399269324
82817.10638057083,-0.08594948807115683
82850.5206463991,-0.06909309655062543
82883.93491222739,-0.047538795727596055
82917.34917805567,-0.022370510778954144
82950.76344388395,0.005061462813914687
82984.17770971222,0.03321618842993085
83017.5919755405,0.06023038626850081
83051.00624136877,0.08420156038029951
83084.42050719705,0.10304434320570124
83117.83477302533,0.11473384106684287
83151.2490388536,0.11746367833253714
83184.66330468188,0.10983976184205707
83218.07757051016,0.09122423649406698
83251.49183633843,0.061981509198599
83284.90610216671,0.02390446255368545
83318.320367995,-0.01972126984785182
83351.73463382327,-0.06406901528718717
83385.14889965155,-0.10330600539673096
83418.56316547983,-0.13129783634284772
83451.9774313081,-0.1429435409384945
83485.39169713638,-0.13542499739904715
83518.80596296466,-0.10916289356061971
83552.22022879292,-0.06792051925134401
83585.6344946212,-0.018100433569659992
83619.04876044948,0.0326662784029718
83651.85402434657,0.07630994380645797
83684.65928824364,0.10873144667293996
83717.46455214071,0.127017083325984
83750.26981603779,0.1305383913942865
83783.07507993486,0.12057472599754449
83815.88034383193,0.09971155145756923
83848.68560772901,0.07125367716615391
83881.49087162608,0.03853082611285809
83914.29613552315,0.004733823151007038
83947.10139942024,-0.02737768709326639
83979.9066633173,-0.055718588859567736
84012.71192721438,-0.0785598028340216
84045.51719111146,-0.09494364899965287
84078.32245500853,-0.10431616226441529
84111.1277189056,-0.10655689515353609
84143.93298280268,-0.10192911948252519
84176.73824669977,-0.09099851599023395
84209.54351059684,-0.07460832895157588
84242.3487744939,-0.053745226805516154
84275.15403839099,-0.029637344627241928
84307.95930228806,-0.0036603569150494997
84340.76456618513,0.02282068136537077
84373.56983008221,0.048271821220685684
84406.37509397928,0.07121516608834011
84439.18035787635,0.09012381913063507
84471.98562177343,0.10361691595864049
84504.7908856705,0.1104283522520438
84537.59614956757,0.10955801742504266
84570.40141346466,0.10034494014792525
84603.20667736173,0.0826427378532188
84636.0119412588,0.05697955247976489
84668.81720515588,0.02443636335118663
84701.62246905296,-0.012679616908689396
84734.42773295003,-0.051322925838024384
84767.2329968471,-0.08754417201521467
84800.03826074419,-0.11684631873813427
84832.84352464126,-0.13472667511999759
84865.64878853832,-0.13742388955687762
84898.45405243541,-0.12299724064149539
84931.25931633248,-0.09165645967826806
84964.06458022955,-0.047093391603399794
84996.86984412663,0.004717773339915432
85029.6751080237,0.05620738658772073
85062.48037192077,0.09955809467187499
85095.28563581785,0.128741005107173
85128.09089971492,0.14037933205618283
85160.896163612,0.13416776292551694
85193.70142750908,0.11248369031800616
85226.50669140616,0.07952428045988363
85259.31195530323,0.04034489799115144
85292.1172192003,-0.0002384505349661177
85324.92248309738,-0.038033406269593124
85357.72774699447,-0.06988658286767231
85390.53301089154,-0.09368734244962815
85423.3382747886,-0.10837968782944535
85456.14353868569,-0.11379202533587389
85488.94880258277,-0.11040911632131176
85521.75406647984,-0.09922386761477317
85554.55933037691,-0.0815734780527051
85587.364594274,-0.05899727730693578
85620.16985817107,-0.03316466404572019
85652.97512206814,-0.005770490328049623
85685.78038596522,0.021555680742623706
85718.58564986229,0.04720961846199723
85749.18752407306,0.06836570069867212
85779.78939828384,0.08575510403442095
85810.39127249461,0.09847070452325635
85840.99314670538,0.10577183774986701
85871.59502091615,0.10712263632491983
85902.19689512692,0.10220919170972738
85932.79876933769,0.09099236272434134
85963.40064354846,0.0737199069317001
85994.00251775923,0.05102857568706563
86024.60439197,0.02386427443108495
86055.20626618077,-0.006398528622808413
86085.80814039154,-0.037872180770571404
86116.41001460231,-0.06848805103696086
86147.01188881308,-0.09558548142892802
86177.61376302385,-0.11651459086335095
86208.21563723462,-0.12861179823558538
86238.81751144539,-0.12957984428866615
86269.41938565616,-0.11789308442267699
86300.02125986693,-0.09328549907919706
86330.6231340777,-0.05712141819847177
86361.22500828847,-0.012602959653633969
86391.82688249924,0.03536368746379712
86422.42875671001,0.08082950759912769
86453.03063092078,0.11756786796098267
86483.63250513155,0.14036132242680688
86514.23437934232,0.14610380668764644
86544.83625355309,0.13431538728267547
86575.43812776386,0.10718141370060501
86606.04000197463,0.06903137638545927
86636.6418761854,0.025145150169710664
86667.24375039617,-0.01902819555033975
86697.84562460694,-0.05872820300267237
86728.44749881771,-0.09033174695902092
86759.04937302848,-0.11184232293042219
86789.65124723925,-0.12245508625269594
86820.25312145002,-0.12246649667001679
86850.85499566079,-0.11300959082875464
86881.45686987156,-0.09575440707932023
86912.05874408233,-0.07265983365231576
86942.6606182931,-0.045710010661280415
86973.26249250387,-0.01703957744396757
87003.86436671464,0.011589279813221994
87034.46624092541,0.038512750003580516
87065.06811513618,0.062305827824421435
87095.66998934695,0.081820392400746
87126.27186355772,0.09618635352554174
87156.8737377685,0.10478560770655242
87187.47561197927,0.10727787661776232
87218.07748619004,0.10355998205367498
87248.67936040083,0.09382995393131033
87279.2812346116,0.07852105523249213
87309.88310882237,0.058310700080116906
87340.48498303314,0.03415451130968187
87371.0868572439,0.007195821550042217
87432.29060566545,-0.0491124049786625
87462.89247987622,-0.07507986000313088
87493.49435408699,-0.09705485988979695
87524.09622829776,-0.11314712854185625
87554.69810250853,-0.12149725385189743
87585.2999767193,-0.12059645759902662
87615.90185093007,-0.10941720773724543
87646.50372514084,-0.08767487267979532
87677.1055993516,-0.056184829970162886
87710.28724714139,-0.013415636699147759
87743.46889493115,0.03421110738880259
87776.65054272092,0.08055390986360914
87809.8321905107,0.11869461258779097
87843.01383830047,0.1420570088733252
87876.19548609023,0.1458789089102603
87909.37713388001,0.12851919016697066
87942.55878166978,0.09228731168654276
87975.74042945955,0.043043887116191615
88008.92207724933,-0.011116948833646976
88042.1037250391,-0.06173742311274448
88075.28537282886,-0.1017569239341192
88108.46702061864,-0.12664485724598248
88141.64866840841,-0.1347680013874923
88174.83031619817,-0.12700332313914806
88208.01196398796,-0.10612200081605906
88241.19361177774,-0.07585539010594222
88274.3752595675,-0.04027161833009358
88307.55690735727,-0.0032642915069198333
88340.73855514705,0.0318251236888461
88373.92020293683,0.062301930412966965
88407.1018507266,0.08622885389458215
88440.28349851636,0.10241471434609245
88473.46514630615,0.11025368939717702
88506.64679409593,0.10972758807147062
88539.8284418857,0.10128969232464809
88573.01008967546,0.0857924468310956
88606.19173746524,0.06443017453846236
88639.373385255,0.03861486609160629
88672.55503304477,0.010014967884006125
88705.73668083455,-0.019515151819218375
88738.91832862432,-0.048148865698874777
88772.09997641409,-0.07387105094219258
88805.28162420387,-0.0948364921482876
88838.46327199363,-0.10920864971728436
88871.6449197834,-0.11546907803062385
88904.82656757318,-0.1124095472358498
88938.00821536295,-0.09940660324552102
88971.18986315271,-0.07647419528520714
89004.3715109425,-0.04475195009730293
89037.55315873228,-0.006104026851354702
89070.73480652204,0.03604107722638561
89103.91645431181,0.07726450908592766
89137.09810210159,0.11225452562072748
89170.27974989137,0.13559824349071403
89203.46139768114,0.1423413907702378
89236.6430454709,0.12968874652342915
89269.82469326069,0.09774996919111009
89303.00634105047,0.05029318439174153
89336.18798884023,-0.005630972339861362
89369.36963663,-0.060958480987572776
89402.55128441978,-0.10663354539174362
89435.73293220955,-0.13565840771766657
89468.91457999931,-0.1444810624180329
89502.0962277891,-0.13334776630283002
89535.27787557886,-0.10569065522882054
89568.45952336863,-0.06683685171584823
89601.64117115841,-0.02283494421356231
89634.82281894817,0.020669046879457406
89668.00446673794,0.059070462355483376
89701.18611452772,0.08910763954994017
89734.36776231749,0.10892741882761339
89767.54941010725,0.11781194266348263
89800.73105789704,0.11613055670251184
89831.7093160005,0.10595708881558527
89862.68757410397,0.08877032630452882
89893.66583220744,0.06615060397146989
89924.6440903109,0.03978097507401609
89955.62234841437,0.011398913224699317
89986.60060651784,-0.017227034670375216
90017.5788646213,-0.044441557790890034
90048.55712272477,-0.06868451885722793
90079.53538082824,-0.0885709420069633
90110.5136389317,-0.1028956381230216
90141.49189703517,-0.11072371194503021
90172.47015513864,-0.11137223461139227
90203.4484132421,-0.1045182547559825
90234.42667134557,-0.09017900887176974
90265.40492944905,-0.06886504018278644
90296.38318755252,-0.04150150564515087
90327.36144565599,-0.009560683796424286
90358.33970375947,0.024875972789560205
90389.31796186294,0.059358819262479295
90420.2962199664,0.09075631683288854
90451.27447806987,0.11584440143648968
90482.25273617334,0.13132278765181218
90513.2309942768,0.13432305219811472
90544.20925238027,0.12288977009884144
90575.18751048374,0.09662628354578616
90606.1657685872,0.05717916645124472
90637.14402669067,0.00847472892926001
90668.12228479414,-0.04345934876934832
90699.1005428976,-0.0915234749699411
90730.07880100107,-0.12824515579033788
90761.05705910454,-0.1480040769647601
90792.035317208,-0.14787382037268967
90823.01357531147,-0.12830832787791838
90853.99183341494,-0.0929157855766101
90884.97009151841,-0.047575118217425785
90915.94834962187,0.0011521559440598652
90946.92660772534,0.047015889665465875
90977.90486582881,0.08502213052947302
91008.88312393229,0.11189811680345048
91039.86138203576,0.1261046162343331
91070.83964013922,0.1277452591754872
91101.8178982427,0.11801063478558269
91132.79615634617,0.0988965948779932
91163.77441444964,0.07286624780756035
91194.7526725531,0.0424649217075892
91225.73093065657,0.010253549194433324
91256.70918876004,-0.02141300453682653
91287.6874468635,-0.0504821440561552
91318.66570496697,-0.07524575091473591
91349.64396307044,-0.09433633022865798
91380.62222117391,-0.1067870165938713
91411.60047927737,-0.11199752027874116
91442.57873738084,-0.10974854225032613
91473.55699548431,-0.1001817315439121
91504.53525358778,-0.08379184537753093
91535.51351169124,-0.061503138982007065
91566.49176979471,-0.034448721608701056
91597.47002789818,-0.004247108853722993
91628.44828600164,0.0273055072606
91659.42654410511,0.058078816152224745
91690.40480220858,0.08573519279421882
91721.38306031204,0.10789750540275922
91752.36131841553,0.1222181307420971
91783.33957651899,0.129588151601271
91813.70883269125,0.11972228349454321
91844.07808886352,0.1011221774572934
91874.44734503579,0.07125301555265605
91904.81660120806,0.03184900692819971
91935.18585738033,-0.013697567331236242
91965.55511355259,-0.06055167329067411
91995.92436972485,-0.10284208051398076
92026.29362589712,-0.13442348234674972
92056.66288206939,-0.1500308881707533
92087.03213824164,-0.14638638487179909
92117.4013944139,-0.12329771303523036
92147.77065058617,-0.08378235967500977
92178.13990675844,-0.03362961841099984
92208.50916293071,0.019769600746687432
92238.87841910298,0.06891346891858133
92269.24767527524,0.10749255992821129
92299.6169314475,0.131636246714093
92329.98618761977,0.13980162879669705
92360.35544379204,0.13267108318119228
92390.72469996431,0.11260468646602688
92421.09395613658,0.08305534585298953
92451.46321230884,0.04772824813945964
92481.8324684811,0.010331435082610033
92512.20172465337,-0.025823087705914488
92542.57098082564,-0.0579960570002116
92572.94023699789,-0.08419966890960898
92603.30949317015,-0.10302632747489376
92633.67874934242,-0.11371610076050867
92664.04800551469,-0.1160695832870579
92694.41726168696,-0.11037177489959683
92724.78651785923,-0.09731427379010432
92755.15577403149,-0.07792183725619728
92785.52503020375,-0.05351042878554529
92815.89428637602,-0.025608673107678954
92846.26354254829,0.004119406380321621
92876.63279872056,0.03387389468681173
92907.00205489283,0.061756823804572605
92937.37131106509,0.08600350555547477
92967.74056723734,0.10480860943780265
92998.10982340961,0.11661840459066751
93028.47907958188,0.12010936236954671
93058.84833575414,0.11436870102408568
93089.2175919264,0.09904781416083568
93119.58684809867,0.07439686422047259
93149.95610427094,0.04163803006912434
93180.32536044321,0.002816059362488632
93210.69461661548,-0.03886632767596403
93241.06387278774,-0.07936713247946568
93271.43312896,-0.11395657697342437
93301.80238513227,-0.13775074575265567
93332.17164130454,-0.146465211193672
93362.5408974768,-0.13729014777237442
93392.91015364908,-0.10986677445140812
93423.27940982133,-0.06685254512340674
93453.64866599359,-0.01362082100722525
93484.01792216586,0.04204870400289468
93514.38717833813,0.09188841298992112
93544.75643451039,0.12863020175229464
93575.12569068265,0.14748070480994546
93605.49494685492,0.14682386928616623
93635.86420302719,0.12816327158137106
93666.23345919946,0.09541200236365156
93696.60271537173,0.05384981871292285
93726.97197154399,0.009144237014261421
93759.92100129524,-0.037145151311779784
93792.8700310465,-0.07618146065760162
93825.81906079777,-0.10453630484619639
93858.76809054904,-0.1204857941320197
93891.71712030031,-0.12377868042938116
93924.66615005158,-0.11532280360859501
93957.61517980284,-0.09684138197954092
93990.56420955411,-0.07061614228888073
94023.51323930538,-0.03923268041940648
94056.46226905665,-0.005378257460578471
94089.41129880791,0.028281962915437258
94122.36032855918,0.05923332803835872
94155.30935831045,0.08521548896264775
94188.25838806172,0.10431889020093506
94221.20741781298,0.11500154513896141
94254.15644756425,0.1162364857302992
94287.10547731552,0.10755293820562456
94320.05450706679,0.08914585456202297
94353.00353681805,0.06191437936007327
94385.95256656932,0.02755614170217966
94418.90159632059,-0.011320606741951119
94451.85062607186,-0.05142094983039221
94484.79965582312,-0.08855648677368182
94517.74868557439,-0.1181898310424892
94550.69771532566,-0.13574697660680982
94583.64674507693,-0.13731817605367672
94616.5957748282,-0.12050024937666805
94649.54480457946,-0.0853982480219619
94682.49383433073,-0.03532349594544262
94715.442864082,0.02299770036005218
94748.39189383326,0.08020952594211277
94781.34092358453,0.12597205320784985
94814.2899533358,0.15164224114116095
94847.23898308707,0.1523235020672124
94880.18801283833,0.128250046835316
94913.1370425896,0.08460061616840207
94946.08607234087,0.029955378303868505
94979.03510209214,-0.026206401631683182
95011.9841318434,-0.07537475414637829
95044.93316159467,-0.11141348981986647
95077.88219134594,-0.1310802898938785
95110.8312210972,-0.1338538839417813
95143.78025084847,-0.12135189006142208
95176.72928059974,-0.09663035918149122
95209.67831035101,-0.06342741640913324
95242.62734010228,-0.025758480806225198
95275.57636985354,0.012583378432820123
95308.52539960481,0.04822141079857984
95341.47442935608,0.07833043912436045
95374.42345910735,0.10077808750942632
95407.37248885861,0.11410009485942135
95440.32151860988,0.11751653433802556
95473.27054836115,0.11091700304460256
95506.21957811242,0.09482459088719736
95539.16860786368,0.07040987529218559
95572.11763761495,0.03940074018079256
95605.06666736622,0.004058378242452195
95638.01569711749,-0.032766760709718325
95670.96472686875,-0.06801504904057981
95703.91375662002,-0.09826141351681772
95736.86278637129,-0.12006333420136626
95769.81181612256,-0.13033588041496688
95802.76084587383,-0.12654317656724437
95835.70987562509,-0.10740261823947872
95866.45551569006,-0.0760487743008907
95897.20115575501,-0.033735358710203785
95927.94679581997,0.015565878479045689
95958.69243588494,0.0660963662012247
95989.4380759499,0.11083463496587992
96020.18371601487,0.14254542836994452
96050.92935607984,0.15522430292264985
96081.6749961448,0.14554995242646956
96112.42063620975,0.1141608039144898
96143.16627627471,0.06572584368829294
96173.91191633968,0.00806550740644085
96204.65755640465,-0.04949149259521896
96235.40319646962,-0.09801688400340136
96266.14883653457,-0.1311594049193681
96296.89447659953,-0.14560084771035467
96327.6401166645,-0.14120862974480441
96358.38575672946,-0.1204524119073584
96389.13139679443,-0.08749012512015122
96419.8770368594,-0.04730488714694629
96450.62267692435,-0.004740685569550774
96481.3683169893,0.03584316799243221
96512.11395705427,0.07091624291587845
96542.85959711924,0.09792635407255774
96573.60523718421,0.11529486807512956
96604.35087724918,0.12236109995793165
96635.09651731413,0.11922283013860135
96665.84215737908,0.10664619958993532
96696.58779744405,0.08592571142359531
96727.33343750902,0.05879777809626475
96758.07907757399,0.027299252703781595
96819.57035770391,-0.039643320398518714
96850.31599776886,-0.07031688333148321
96881.06163783383,-0.0959652563901153
96911.8072778988,-0.11440543598892458
96942.55291796377,-0.12384544869483122
96973.29855802873,-0.12290681448541026
97004.04419809369,-0.11083417486849184
97034.78983815864,-0.087740662844024
97065.53547822361,-0.054688901292201754
97096.28111828858,-0.014037105410648397
97127.02675835355,0.03089280107162897
97157.77239841851,0.07534843474401043
97188.51803848347,0.11381288719432119
97219.26367854842,0.1404885467943709
97250.00931861339,0.15028431026697117
97280.75495867836,0.13981313456055103
97311.50059874333,0.1086874249697556
97342.2462388083,0.06007846035875
97372.99187887325,0.0010395315196104291
97403.7375189382,-0.059066283493228594
97434.48315900317,-0.11020618794584762
97465.22879906814,-0.1440450593165275
97495.9744391331,-0.15571699852228404
97526.72007919807,-0.14461133586550726
97557.46571926303,-0.11402515044340714
97588.21135932798,-0.0699725692984313
97618.95699939295,-0.019654821811727535
97649.70263945792,0.029960771705413166
97680.44827952288,0.07297256214371707
97711.19391958785,0.10545909967571862
97741.9395596528,0.12509145576117245
97772.68519971776,0.13121535650552815
97803.43083978273,0.12454210832601832
97837.75220102337,0.10408452945807811
97872.073562264,0.07314019763870722
97906.39492350465,0.03559212037862475
97940.71628474529,-0.004511451225996944
97975.03764598593,-0.043250886633331306
98009.35900722657,-0.07707376754072881
98043.6803684672,-0.10292152936793725
98078.00172970784,-0.11843930181908863
98112.32309094848,-0.12202357690862814
98146.64445218912,-0.11300304620620134
98180.96581342976,-0.09170254758501614
98215.2871746704,-0.0595630111733909
98249.60853591104,-0.019184827766482768
98283.92989715168,0.025586214378075085
98318.25125839232,0.06995057836298997
98352.57261963296,0.10809637208963205
98386.8939808736,0.13407172463047032
98421.21534211424,0.14241589207284153
98455.53670335488,0.1293067763373851
98489.85806459552,0.09399734029985235
98524.17942583616,0.03994852113938973
98558.5007870768,-0.02472178479445434
98592.82214831744,-0.08806057563115313
98627.14350955808,-0.1367335344680739
98661.46487079872,-0.15968586382447042
98695.78623203936,-0.15136592223359138
98730.10759328,-0.113862249925054
98764.42895452064,-0.05600419616408846
98798.75031576128,0.009519376949488567
98833.07167700192,0.06982512646377836
98867.39303824256,0.11483826775485544
98901.7143994832,0.13884983768129475
98936.03576072384,0.14062435467888326
98970.35712196448,0.12253611881942256
99004.67848320512,0.08930873871431017
99038.99984444576,0.04679257474626537
99073.3212056864,0.0009839511589151244
99107.64256692704,-0.04275364198918435
99141.96392816768,-0.07976666359905525
99176.28528940832,-0.10675356417496885
99210.60665064896,-0.12152818356247691
99244.9280118896,-0.12311464168727826
99279.24937313024,-0.1116756652915426
99313.57073437088,-0.08844056221787831
99347.89209561152,-0.05558481221806669
99382.21345685216,-0.01617339956216407
99416.5348180928,0.026052130596992594
99450.85617933344,0.06678292577689415
99485.17754057408,0.10141398733590494
99519.49890181472,0.125441680226795
99553.82026305536,0.1348128222705618
99588.141624296,0.12666326126789196
99622.46298553664,0.09994484532292916
99656.78434677728,0.056151051862420365
99691.10570801792,0.00008510107186396332
99725.42706925856,-0.06022698234887595
99759.7484304992,-0.11410637067399995
99794.06979173984,-0.1501313443737217
99828.39115298048,-0.1589457142776015
99862.71251422112,-0.13641337199807532
99897.03387546176,-0.08579175526319693
99931.3552367024,-0.017560116788673676
99965.67659794303,0.05330694303635878
99999.99795918367,0.11169377659488254
